Date,spy_return,rolling_20d_rms,ewma_rms,ridge_ewma_signal
2015-01-05,-0.018224461160913173,,,
2015-01-06,-0.0094636305190956786,,,
2015-01-07,0.012384051500414007,,,
2015-01-08,0.017589062694336952,,,
2015-01-09,-0.0080454147621019517,,,
2015-01-12,-0.0078645450650593612,,,
2015-01-13,-0.0028164461002185425,,,
2015-01-14,-0.0060552897073193048,,,
2015-01-15,-0.0092030945586578251,,,
2015-01-16,0.013028580636740847,,,
2015-01-20,0.0021307354701243309,,,
2015-01-21,0.0050349888156590349,,,
2015-01-22,0.01476172797139215,,,
2015-01-23,-0.0054977317511622666,,,
2015-01-26,0.0023389096195093905,,,
2015-01-27,-0.013278176653651634,,,
2015-01-28,-0.012907368140182555,,,
2015-01-29,0.0092013385186859083,,,
2015-01-30,-0.012654821311320225,,,
2015-02-02,0.012307931153318893,0.010799885228717469,0.010799885228717467,0.010799885228717467
2015-02-03,0.014357650187762108,0.010504193337372241,0.011599070675946623,0.011206604336262492
2015-02-04,-0.0038150631893855845,0.010324136665879025,0.010513881008661114,0.010699750155423448
2015-02-05,0.0100442781925324,0.01019627076621406,0.010421653418398843,0.010636020895548009
2015-02-06,-0.0027695065562529054,0.0094275494983024118,0.0094033356470778501,0.010128152008041411
2015-02-09,-0.0044856152595019912,0.0093085064226783188,0.0086465210278203457,0.0097125481318664081
2015-02-10,0.010597306283618413,0.0094430335904552905,0.0090703054414608981,0.009804617388726667
2015-02-11,0.00057999031513982554,0.0094229021217976123,0.0081168731907211265,0.0093032848393432947
2015-02-12,0.0095707431171016284,0.0095675343697149574,0.0084277357029102148,0.0093303756785626871
2015-02-13,0.0041079092072322338,0.0093886427318138101,0.0077586317655536858,0.0089463853638376799
2015-02-17,0.0015719435409130833,0.0089321311566741054,0.0069750480140233183,0.0085018310157307878
2015-02-18,9.5272723530938333e-05,0.0089194405184651829,0.0062388180945363607,0.0080656013568253353
2015-02-19,-0.00071419352178114261,0.0088495405057593575,0.0055893018750719017,0.0076550336355339322
2015-02-20,0.0059822571801517004,0.0083191529963380483,0.0056700720061072536,0.0075045536883939961
2015-02-23,-0.00014150395051086635,0.008227882778971388,0.0050718613858380382,0.0071195853666200359
2015-02-24,0.0028365109967704106,0.0082357039678355518,0.0047104332349247723,0.0068135325402327897
2015-02-25,-0.00085001255470756724,0.0076842336736138699,0.0042302540440473761,0.0064694710172815539
2015-02-26,-0.0011821038699040289,0.007126521452528815,0.0038204074826635654,0.0061488524681460391
2015-02-27,-0.0034117704880567276,0.0068655724728342582,0.0037422514933537509,0.0059322479545144231
2015-03-02,0.0062934396289730105,0.0064116479454851298,0.0043732177471871086,0.0059693506724608917
2015-03-03,-0.0041122746386822581,0.005863489664721791,0.0043222895914364293,0.0058104141828378541
2015-03-04,-0.0042242974458889014,0.0049965627733632228,0.0043028696973136955,0.0056717978251737177
2015-03-05,0.0010934516547816513,0.004929268304452109,0.0038795460314213709,0.005391838755453955
2015-03-06,-0.014164310426009434,0.0054115334507923952,0.0072226200160887431,0.0067990809403013939
2015-03-09,0.0041357837759465636,0.0054549446681756352,0.0067196676558979587,0.0065814301039843152
2015-03-10,-0.016355001547057667,0.0064903534495631956,0.0094668031481291871,0.0081075463336754208
2015-03-11,-0.0023444597621352435,0.0060650117440636106,0.0085320330397623996,0.0077271421596248318
2015-03-12,0.012633820597056736,0.0066894109726699756,0.0094952174703374099,0.0083486044131583972
2015-03-13,-0.0061513303811835431,0.0064853840474966206,0.0089272110392269177,0.0081555602277534715
2015-03-16,0.013272199874233953,0.0070727664188676041,0.0099491876779684435,0.0088021006195012561
2015-03-17,-0.0029767568721914949,0.0070953173688621781,0.0089978488905059495,0.008403296134961321
2015-03-18,0.011950054741340118,0.0075817718995190124,0.0096607344125231188,0.0088223708928367346
2015-03-19,-0.0045721782616370025,0.0076487255291203728,0.0088794591233184866,0.0084936026961068851
2015-03-20,0.0087880135639658973,0.0077830001472032825,0.0088612455071641512,0.008523501412179597
2015-03-23,-0.0019502475696087961,0.0077951435780301108,0.007973583301574173,0.0081095878594020631
2015-03-24,-0.0056349957235524162,0.0078708088854060471,0.0075639315104385233,0.0078971001896183772
2015-03-25,-0.014762100942107339,0.0085328475701067757,0.0094527441920680948,0.0088272155681664525
2015-03-26,-0.0023844467932276092,0.0085454021849297214,0.0085217730262245519,0.0084081103625705048
2015-03-27,0.0022872245055912035,0.0085266323601989411,0.0076904337716533306,0.0080093587431296041
2015-03-30,0.012125888533821709,0.0088360029948245725,0.008759089668674629,0.0085110846548485733
2015-03-31,-0.0087778396072286484,0.0090045506383085519,0.0087628428659398249,0.0085381351956280334
2015-04-01,-0.0035426114905645957,0.0089898388506663325,0.0079962460760745757,0.0081770891504402698
2015-04-02,0.0035911952950022051,0.0090223198190501341,0.0073301635572939053,0.0078401515700595847
2015-04-06,0.0067103261737964607,0.0085803434833894472,0.0072104600195196473,0.0077345993246729205
2015-04-07,-0.0026497865524086448,0.0085509138318393147,0.0065571991512488135,0.0073853747988331837
2015-04-08,0.0033711742195875688,0.0077660842359755901,0.0060556132382338377,0.0070870209812866677
2015-04-09,0.0044138986253393448,0.0078109772010417251,0.0057647950152466682,0.0068666971578594431
2015-04-10,0.005442389444428348,0.0073832021396210007,0.0057017725162632794,0.0067378288163518936
2015-04-13,-0.004533162261451883,0.0073244254768557188,0.0054879941581148341,0.0065508365459291474
2015-04-14,0.0019113811628251871,0.0067098668383517475,0.0049824832657544005,0.0062439932175886552
2015-04-15,0.004476777563948227,0.0067513950989746578,0.0048855316052843368,0.0060903907844136601
2015-04-16,-0.0002852208686922004,0.0062004203820067421,0.0043716135970340783,0.005778555962399041
2015-04-17,-0.011570299573825858,0.0066402984738789476,0.0064856126001352826,0.0065908816809534089
2015-04-20,0.0090954988573113838,0.0066609691243350077,0.0070849245960629224,0.0068824820483187445
2015-04-21,-0.0011919375316583715,0.0066520201555749087,0.0063593292288883002,0.0065401662623227243
2015-04-22,0.0049020207093858426,0.0066229301416906479,0.0060958031464413273,0.0063952621500972667
2015-04-23,0.0025130577948533584,0.0057691416540487069,0.0055668792600689519,0.006118903996603261
2015-04-24,0.0023177517841806734,0.00576778248251846,0.0050859129390467559,0.005850990073567883
2015-04-27,-0.0041665042982888074,0.0058201145067842885,0.0049158071516672,0.0057049673236274391
2015-04-28,0.003174026670232013,0.0051986148636453816,0.0046202832188703257,0.0055044919363757411
2015-04-29,-0.0041234570418026261,0.0049013485889888176,0.0045252837715637371,0.0053823580452643776
2015-04-30,-0.010071006057613302,0.0053354448111430077,0.0060553767160300819,0.0060179163018380648
2015-05-01,0.010783535173470372,0.0057996869477829737,0.0072519649686085732,0.0066499810554679593
2015-05-04,0.0028432181911702422,0.005638185817129244,0.0066098089731293315,0.006372473005241735
2015-05-05,-0.011518069718472579,0.0061701999458519032,0.0078412273106273234,0.0070579149885954748
2015-05-06,-0.0041254005879832805,0.0061930665337469829,0.0072520109343415101,0.0068216303468269139
2015-05-07,0.0039819765004959606,0.0061784103845733129,0.0067264074693366193,0.006592934871127205
2015-05-08,0.013080207858184265,0.0067265419509304602,0.0083913058267172606,0.0074986195366055957
2015-05-11,-0.0047844856501824138,0.0067352396958114905,0.00780445202236259,0.0072729289665833365
2015-05-12,-0.0029957469959054819,0.0067549618700425357,0.0071079165096519644,0.0069644379661260494
2015-05-13,0.00019077278707330843,0.0066805129077556176,0.0063580862323346886,0.0066073213930642818
2015-05-14,0.010373429655394742,0.0070714628829022146,0.0073390610430304872,0.0070747318446470276
2015-05-15,0.0010833037792501252,0.0065856414301696409,0.0065821093131525638,0.0067204168259201169
2015-05-18,0.0031018779268410963,0.0063020116159247441,0.0060484427535388461,0.0064505632893571089
2015-05-19,-0.00032846573829194202,0.0062968015007893643,0.0054118855995406627,0.0061204231103024736
2015-05-20,-0.0007043671311262943,0.0062026627702424196,0.0048507763507602266,0.0058106139477471109
2015-05-21,0.0029080214401006692,0.0062112866543206618,0.0045293865703086985,0.0055886107284714732
2015-05-22,-0.0023914716624304404,0.0062126838058200514,0.0041900001796033141,0.0053554856510094947
2015-05-26,-0.010809646873381495,0.0066008995935460252,0.0061167454017231988,0.0061235570100287599
2015-05-27,0.0094471317771414945,0.0068942416638556195,0.0069124032876082134,0.0065324562984403339
2015-05-28,-0.001129097080450264,0.0068369705448917354,0.00620322717719138,0.0062075093865122458
2015-05-29,-0.0062320959889530557,0.0066041546848835415,0.0062090116776006739,0.0062099724272194927
2015-06-01,0.0020344545257091257,0.0061650286147636423,0.0056275449223885284,0.0059263211450158145
2015-06-02,-0.00099302735619930535,0.006136178656397844,0.0050529823024460276,0.0056309647854955918
2015-06-03,0.0026461167392071699,0.005600847140489403,0.0046718830120807478,0.005407141699058155
2015-06-04,-0.0084829328263363677,0.0058409373954330691,0.005643865924176616,0.0057887371811076093
2015-06-05,-0.0017145546673115802,0.0057853891571961972,0.0051059296506616265,0.0055183783947337197
2015-06-08,-0.0061683765252733228,0.0051786657806248909,0.0053353713900264757,0.0055867823469750288
2015-06-09,-0.00014397835750695734,0.0050670554179865308,0.0047725356205162595,0.0053002826594406895
2015-06-10,0.0119219031965435,0.0056862038652479331,0.0068299364685791937,0.0062846538668208541
2015-06-11,0.0032181046329335721,0.0057313963879469694,0.0062761186427253051,0.0060483722228400032
2015-06-12,-0.0076842606682659661,0.0055155140753961806,0.0065818921730474407,0.0062313170432265926
2015-06-15,-0.0042945890000693583,0.0055932452919537096,0.0061923939311062789,0.0060655362789976989
2015-06-16,0.005436763113538242,0.0056816573479881415,0.0060488240765414489,0.0060056220853402465
2015-06-17,0.0016157479545804703,0.0056926591155208482,0.0054582732120794578,0.0057202981665300436
2015-06-18,0.01034567382242051,0.0061427363198128483,0.0067261274544976298,0.0063366337030475398
2015-06-19,-0.0044490704121872005,0.0061887067660839788,0.0063365193863695653,0.0061739012602404116
2015-06-22,0.0051100426023590753,0.0062705471348885869,0.0061109483246591769,0.006075903606367599
2015-06-23,0.00070778036351089291,0.0057881245448459153,0.0054749559039245386,0.005768452086546345
2015-06-24,-0.0072893928307659738,0.0056299851863015607,0.0058827853341915344,0.0059381024167174
2015-06-25,-0.0030448542756596536,0.0056653814580415584,0.0054350674459976833,0.0057150737559792534
2015-06-26,-0.00019051866731810408,0.0054914853102302555,0.0048620187151587934,0.0054221297447510598
2015-06-29,-0.021193419735970515,0.0072393033267619759,0.010428019409756024,0.0084484108495340837
2015-06-30,0.0020910056933498293,0.0072509877072603054,0.0093738643050837352,0.0080420962301650453
2015-07-01,0.0079836602450399762,0.0074440357056086209,0.0091128059229715168,0.0080362717530291696
2015-07-02,-0.00091618546508780011,0.0072012241952248077,0.0081610333042503539,0.007629379850310568
2015-07-06,-0.0028497190971504376,0.0072191890106274668,0.0074098685184691053,0.0072937495915035913
2015-07-07,0.006268681100311542,0.00722350778086086,0.0071961235200822017,0.0071978150203338255
2015-07-08,-0.016919810070572153,0.0081542643330344399,0.0099339493424252558,0.0086750034145625776
2015-07-09,0.001807694475210227,0.0077167885799337014,0.0089218961826193679,0.0082496600990571538
2015-07-10,0.012512868188829717,0.008176772568166556,0.0097465152365835746,0.0087697428472037191
2015-07-13,0.010976741022093181,0.0083625150943919552,0.010004669714627528,0.0090147897918965939
2015-07-14,0.0043287908259235707,0.0083633967663077815,0.0091554584200873434,0.0086610411899687174
2015-07-15,-0.00033263440350011733,0.0082749029054950581,0.0081902420132030883,0.0082172583998277957
2015-07-16,0.0079925136675627374,0.0084579843792148765,0.0081510800715675104,0.0081950612884348906
2015-07-17,0.00084725687100128337,0.0081376743377527677,0.0073003872436724748,0.0077791330487162642
2015-07-20,0.00051769301374173643,0.008077464487914127,0.0065337680045557201,0.0073817491488341932
2015-07-21,-0.0039591231107215337,0.0080450940686799966,0.0061063107217905893,0.0071139766676077765
2015-07-22,-0.0017957767443188884,0.0080535539749562301,0.0055203792739205041,0.0067727600751897824
2015-07-23,-0.0056461754251298669,0.0079872982967984368,0.005545766786352717,0.0066686715937741515
2015-07-24,-0.010426091608925435,0.0082926802974625964,0.0068077236023821814,0.007134031214314932
2015-07-27,-0.005834445004137676,0.0083945678312293028,0.006624517357393409,0.0070149152582742241
2015-07-28,0.012208071793762227,0.0074473195120084157,0.0080569713639217951,0.0076936229544251099
2015-07-29,0.0068554253689212799,0.0075890576175769451,0.0078314239730086464,0.0076139566880339031
2015-07-30,0.00023761344304088094,0.0073762915469026006,0.0070054445387622895,0.0072236243546686422
2015-07-31,-0.0015192621002959471,0.0073812678491607829,0.0063025894689737365,0.0068697517908993862
2015-08-03,-0.0033786137230156273,0.0073924164959023328,0.0058361899685843693,0.0066042140918237766
2015-08-04,-0.0019561780818156869,0.0072714740697060578,0.005292845852382164,0.0062957718083136551
2015-08-05,0.003289849313018337,0.0062531185763836424,0.0049574182266716926,0.0060626214830185477
2015-08-06,-0.0082210536534620335,0.0065051817901718928,0.0057600296018275503,0.0063117678695459294
2015-08-07,-0.0019221544618727088,0.005888423430460611,0.0052231492766532297,0.0060186410470021252
2015-08-10,0.012520697369371687,0.0060404868556981316,0.0072923660917455823,0.0069482675760891696
2015-08-11,-0.0090640553822008679,0.006297492751223468,0.0076794728052877103,0.0071879266882181898
2015-08-12,0.0011971629444684662,0.006302740881963414,0.0068895632573367435,0.0068295666758031014
2015-08-13,-0.0012452586596991633,0.0060504596804988198,0.0061873257007682026,0.0064910515168400702
2015-08-14,0.0036356439487459347,0.00610189032031645,0.0057680135962322396,0.0062643567512594535
2015-08-17,0.0055716495539363774,0.0062267029089191099,0.0057292792240762596,0.0061985705474353397
2015-08-18,-0.0029008556257395469,0.006197486949862701,0.0052860859824848143,0.0059516002456917452
2015-08-19,-0.0079369930884170374,0.0064340808785890808,0.0059121346287524541,0.0061789138903713663
2015-08-20,-0.021102340925579138,0.0078783800068686211,0.010817782915305222,0.0088821145248245362
2015-08-21,-0.030565041848441808,0.010165864025285401,0.01674705641005414,0.012822828896487271
2015-08-24,-0.043019397893082373,0.013934711468467639,0.024382469885922062,0.018249638525901384
2015-08-25,-0.011837235427678174,0.013918704680819795,0.022441655435915881,0.017713169957703379
2015-08-26,0.037675113020854072,0.016197259157003655,0.02620658595067896,0.020599081655958591
2015-08-27,0.024434106022134673,0.017093848544045574,0.025861810168130973,0.02101410246172928
2015-08-28,5.026995241699985e-05,0.017090476193883687,0.0231315171476403,0.019935734367001946
2015-08-31,-0.0081120788210203628,0.017169854866572399,0.021005114448651576,0.019085877935173457
2015-09-01,-0.030302163732296328,0.018453282657774357,0.023164975540080762,0.020485745668307912
2015-09-02,0.018803374680308835,0.018911922969148363,0.022360819602412783,0.020323776419867066
2015-09-03,0.000716409760128919,0.018823049869231254,0.020002691099504585,0.019282158164031095
2015-09-04,-0.015253095618683318,0.019124730554662375,0.019147258450449223,0.018917905637562248
2015-09-08,0.024820968615146363,0.019716007450986905,0.020408579115985891,0.019588427365154829
2015-09-09,-0.013462452264444128,0.019841244312225302,0.019221227989419713,0.019064616441806417
2015-09-10,0.0054273210457354958,0.019876521491153994,0.017362478137745722,0.018167532067928885
2015-09-11,0.0045338228795585587,0.019900410815533162,0.015661277969808221,0.01729476378230194
2015-09-14,-0.0037171766616946982,0.01990116392067557,0.014106168246016697,0.016449307252601408
2015-09-15,0.012421822019455601,0.020055404373239563,0.013785772322381878,0.016091982612771491
2015-09-16,0.0086292529477228763,0.020137569285489161,0.012920170900835521,0.01550816283807803
2015-09-17,-0.0022506022068048788,0.020065521779367247,0.011599900643716419,0.014729539170674603
2015-09-18,-0.016476108897696438,0.019847741253647234,0.012725509374363935,0.014913403642471054
2015-09-21,0.0051541980634935052,0.01866949467971124,0.011613097029008392,0.01424167206302385
2015-09-22,-0.013064644247692919,0.016265019160995112,0.011917558640421533,0.014128382560205545
2015-09-23,-0.0016005999990170877,0.016052194155219617,0.010683395866000636,0.013412914166073439
2015-09-24,-0.0036219333877827334,0.013687883335762225,0.0096918335766175145,0.012776051030359956
2015-09-25,-0.00025938796981773087,0.012550308261725511,0.0086694156022916417,0.012120703781101746
2015-09-28,-0.025417282272901544,0.013777228422942968,0.013759893209479396,0.014029402622646776
2015-09-29,0.00058474400239979976,0.013657921809537583,0.012310000569402516,0.013310744408496831
2015-09-30,0.018486570710773961,0.012558480666255768,0.013768789000628973,0.013915231033006289
2015-10-01,0.0026057142663506771,0.011848062247397635,0.01237018956211447,0.013226838772568958
2015-10-02,0.014827351826708296,0.012302171961919496,0.012899121841455509,0.013395498264091529
2015-10-05,0.017638356666371324,0.012460584656327715,0.013976129671786706,0.013878277953621041
2015-10-06,-0.0034320327658542197,0.011182624391130219,0.012594503970512568,0.01321074653275723
2015-10-07,0.0081570415130180676,0.010923189714398155,0.011840806115278872,0.012795513830323168
2015-10-08,0.0089862307678722584,0.01103996829799489,0.011327586691365077,0.01246707227480204
2015-10-09,0.00059634749817770092,0.010994130435941756,0.010135211012506327,0.01182880657667891
2015-10-12,0.00094330901468346552,0.010964694501929712,0.0090750189087329316,0.01122575528485065
2015-10-13,-0.0063221888505994653,0.010700838565254044,0.0085952771291923479,0.010835720129741332
2015-10-14,-0.00480551491222201,0.010580141509281361,0.0079825826557832318,0.010391383209863457
2015-10-15,0.015237868460342543,0.01110386264335478,0.0098699456800972023,0.010972785609601564
2015-10-16,0.0045362086032319365,0.010523854655336798,0.0090580406204025504,0.010508070254811527
2015-10-19,0.00049203536160303315,0.010461134444343089,0.008104745502735029,0.0099700449503377919
2015-10-20,-0.0012792027509464579,0.010049025096027179,0.0072716429826338927,0.0094670614579384343
2015-10-21,-0.006223077034275418,0.010138596734828134,0.0070743742400594138,0.0091943132511894364
2015-10-22,0.016752693122822751,0.010778119503028557,0.0098065265045390818,0.010205250081778748
2015-10-23,0.010901762214753176,0.011050199857241101,0.010035140932980764,0.010277025749076562
2015-10-26,-0.002460672747497534,0.0094925102315703263,0.0090429102013612987,0.0097806453498474263
2015-10-27,-0.0019338750872682331,0.0095014550391878429,0.0081343318409405185,0.0092988659738087714
2015-10-28,0.01131023909052384,0.0089211018626471489,0.0088610487672619032,0.0095191474611676253
2015-10-29,-0.00057424403558604725,0.0089029803387659784,0.0079297225327949646,0.0090324817835381911
2015-10-30,-0.0043192169433850991,0.0083188534398079949,0.0073508861070280462,0.0086771376590069615
2015-11-02,0.011761393482873353,0.0077823042918821811,0.0084198869694666039,0.0090330772067949636
2015-11-03,0.0028951373113085756,0.0077713839596766504,0.0076414632939732826,0.0086182955070396566
2015-11-04,-0.0030380320279480024,0.0075847890060704009,0.0069684644462808584,0.0082322827673906914
2015-11-05,-0.00099849010769209254,0.0073171890928615249,0.0062487593880942559,0.0078162094301244163
2015-11-06,-0.00052368989894169661,0.0073169110462868959,0.0055939650816113958,0.0074169563825759845
2015-11-09,-0.0093753717887868071,0.0076083884938477628,0.0065278997773423244,0.0076354356392238105
2015-11-10,0.0023042263101735409,0.007493633619587204,0.0059289688968757435,0.0072801672748300092
2015-11-11,-0.0039391254197765129,0.0074683151781151213,0.0055879763384110602,0.0070180070462937108
2015-11-12,-0.014058246076579305,0.0073517218375297941,0.0080316399444226201,0.0080056610524435207
2015-11-13,-0.011291985412685543,0.0077067763221612866,0.008781092134212954,0.0083924037947408301
2015-11-16,0.01509238713772534,0.0084125682057099131,0.01035577583566894,0.0092826295983455039
2015-11-17,-0.00072957534245325271,0.0084092865238874857,0.0092682323321636121,0.0088092973075100372
2015-11-18,0.015741246239948461,0.0090093899411360766,0.010875544634072754,0.0097273855925198317
2015-11-19,-0.0008627483626606953,0.0081959555577695749,0.0097350317830822552,0.0092322402965224811
2015-11-20,0.0036377015655342662,0.0078672047240158621,0.0088579483849295163,0.0088336924369965021
2015-11-23,-0.0011470156517352729,0.0078521300865644055,0.0079393783543250714,0.0083882223596443168
2015-11-24,0.0013382314530383771,0.0078459222800616093,0.0071263704371075627,0.0079690108082210113
2015-11-25,-0.00014369181617870466,0.0074272103361510038,0.0063743434134906672,0.0075602040097600973
2015-11-27,0.0011461696864139823,0.0074305215708125585,0.0057243815519670204,0.0071813916964108583
2015-11-30,-0.0041599934449990028,0.0074259778034432072,0.0054475631629644474,0.0069387104402615337
2015-12-01,0.0094903572354976904,0.007261678285847604,0.0064617436983419917,0.0072344882584845834
2015-12-02,-0.010257510313766266,0.0075877339447581512,0.0073787945401572342,0.0075911586803095021
2015-12-03,-0.014101639178280983,0.0081887139321150226,0.0091284463407290285,0.0084704630245410664
2015-12-04,0.019314687608836614,0.0092551631324684948,0.011885884803490428,0.010093541757371408
2015-12-07,-0.006076624490996968,0.0093536410190535203,0.010972897479261919,0.0097664816186525776
2015-12-08,-0.0067422427071844107,0.0092395136419916972,0.010267188057926587,0.0095074460586946768
2015-12-09,-0.0078097876645396884,0.0093889711131936969,0.0098250026547835358,0.0093515590058347864
2015-12-10,0.0025774489123013694,0.0093653139432442623,0.0088630237680098513,0.0089090299441185548
2015-12-11,-0.019571255422087968,0.0098477963554225115,0.011808867854674618,0.010475549482979006
2015-12-14,0.0050397408268436908,0.0095850715025995251,0.010799966922527359,0.010064955143143116
2015-12-15,0.010442895565955646,0.0092702368699116543,0.010729503342766582,0.010103385403431879
2015-12-16,0.014526149344102767,0.0098214626382027489,0.011588770277272169,0.010628803245237446
2015-12-17,-0.015355647904864579,0.0097908928511748379,0.012433779061377274,0.011191689096878552
2015-12-18,-0.01797548426761008,0.01058207294527295,0.013722342960614803,0.012043268568896939
2015-12-21,0.0082152667890450573,0.010709488998352933,0.012811724269044547,0.011716882984900102
2015-12-22,0.0090335516043624064,0.010895302891154986,0.012150441716849465,0.011476816529531402
2015-12-23,0.012306911074241828,0.011233480534917925,0.012181896370003475,0.011562508028373528
2015-12-24,-0.001651451176976906,0.011239502529515041,0.010920821284756507,0.010981582846501496
2015-12-28,-0.0022876746072732056,0.011248217841903243,0.0098213115747656198,0.010443131290182777
2015-12-29,0.010615166905353647,0.011458237899747694,0.0099851330749571466,0.010460462172984837
2015-12-30,-0.007112789860545375,0.011371783533129716,0.0094805412260976947,0.010175378122960821
2015-12-31,-0.010053908276933279,0.011362688432521525,0.0095979551926432677,0.010163296468902473
2016-01-04,-0.014078100938599489,0.011361228953801907,0.010645899694787166,0.010619916581925889
2016-01-05,0.0016897927782158482,0.010515105108890969,0.0095519225382033768,0.010089098341759242
2016-01-06,-0.012694546592653658,0.010806421371131541,0.010257762035613861,0.010379116828228962
2016-01-07,-0.024283683318968304,0.011999613110059692,0.014216778843697778,0.01248692064018255
2016-01-08,-0.011037389964161365,0.01212568655721832,0.013640316565119893,0.012349626151786633
2016-01-11,0.0009894474090473952,0.012114002750862014,0.01220829185563654,0.011720061437446911
2016-01-12,0.00803607123131766,0.011437931751405173,0.011495633962199886,0.011405336477774704
2016-01-13,-0.025256936857233323,0.012706375421032876,0.015274234908379567,0.01344859903838164
2016-01-14,0.016283603395608793,0.01300988316348113,0.015481374278086078,0.013758412279045567
2016-01-15,-0.021700404926544396,0.013500073625275919,0.016909165397078197,0.014746364806072439
2016-01-19,0.0013304939971561828,0.013059506210909557,0.015135717439087289,0.013995955448701655
2016-01-20,-0.012897857801012392,0.012755882467818025,0.014715396735655485,0.013890052757831808
2016-01-21,0.005586759434701675,0.012684581237119708,0.013396891320990765,0.01329516442741265
2016-01-22,0.020307411648975492,0.013320581699974767,0.015035276892340204,0.014153598631614485
2016-01-25,-0.015231870786897594,0.013470908959668425,0.015074800778690917,0.014265094025951245
2016-01-26,0.013550980017735467,0.013802553264604034,0.014782608250981604,0.014195299319014499
2016-01-27,-0.010942784553202942,0.014008427126400885,0.014098557093445943,0.013904327522701479
2016-01-28,0.0051955914382219052,0.013854661693953578,0.012822413336509976,0.013292731416529521
2016-01-29,0.024084991764514157,0.014779255836770894,0.015733683379208763,0.014732132245213634
2016-02-01,-0.00036160206218654539,0.014607494217327146,0.014073563349487134,0.013976595581419487
2016-02-02,-0.018186661783944149,0.014832632077603589,0.01498676354822271,0.014452894807831984
2016-02-03,0.0059767943898542024,0.014887924903317423,0.013668462955138303,0.01384087275468893
2016-02-04,0.0015675444617058664,0.014619014742763536,0.012245527459961675,0.013139958231070743
2016-02-05,-0.0192338544375662,0.01423825080895174,0.013926614287874757,0.013870355717695343
2016-02-08,-0.013553039043247644,0.014346457074935126,0.013852705218842595,0.013838951466518083
2016-02-09,5.4308070911820946e-05,0.014344756106763225,0.012390260020573916,0.013128793351257963
2016-02-10,-0.00086311338275105328,0.014233072540964391,0.011088905610755404,0.012458057225955424
2016-02-11,-0.013093756190320818,0.013388690508948932,0.011517827588122123,0.012523079332888482
2016-02-12,0.020407312094042594,0.013668290526336054,0.013762992380310942,0.013520007509998006
2016-02-16,0.016737510819388068,0.0133148038151144,0.01440711008822464,0.013875372773596949
2016-02-17,0.016203030178246765,0.013795738445948455,0.014783757785719246,0.014125409422079259
2016-02-18,-0.004104418585500683,0.013522092111523042,0.013349788230472132,0.013463249882540593
2016-02-19,-0.0004685227490006173,0.013464670686718217,0.011942251854320777,0.012773219602605659
2016-02-22,0.014375121055342895,0.013077079703645982,0.012466865065154709,0.012942335015379829
2016-02-23,-0.012710070049213503,0.012941669645948631,0.012515884138701619,0.012919296426310742
2016-02-24,0.0045652569147664156,0.012623289539090275,0.011379200268836416,0.012341051624783814
2016-02-25,0.012039106174676619,0.012673090229816561,0.011514207506539767,0.012311190333738448
2016-02-26,-0.0023040448847325245,0.012630239055337347,0.010350038848675778,0.011702124976826546
2016-02-29,-0.0078732506360347562,0.011559325281305315,0.0099043555293033877,0.01137737068191606
2016-03-01,0.023235088437782388,0.012673000035194261,0.013654701523760518,0.013057068612116108
2016-03-02,0.0044821829997648511,0.012044571174268683,0.012376537959020143,0.012467851984672219
2016-03-03,0.0039116847087239982,0.012002110442589574,0.011207283744643311,0.011892549244235736
2016-03-04,0.003248753134901132,0.012018964811526946,0.010128842309596046,0.011328940571256775
2016-03-07,0.00079785566846213144,0.011224539455934643,0.0090665358301652236,0.010750537771996837
2016-03-08,-0.010978171641640843,0.011082962386569313,0.0094797525329726445,0.010773517596762459
2016-03-09,0.004927491478492637,0.01113759024238694,0.0087606278840756911,0.010338753817266231
2016-03-10,0.0008020560061623831,0.011137362024446797,0.0078439492289279801,0.0098114818874793577
2016-03-11,0.016008437017143027,0.011326164977237579,0.010023773877695312,0.010595549288200468
2016-03-14,-0.0012830742671736503,0.010370217342234176,0.0089838794580042181,0.01006000627257882
2016-03-15,-0.0016309987284086694,0.0096781817582809078,0.0080684635131587634,0.009557686397298237
2016-03-16,0.0057703351862985397,0.0090667045394991399,0.0076641657343109702,0.0092490058470309829
2016-03-17,0.0063242109957953171,0.0091303121987307244,0.0074155699758182321,0.0089994034643695025
2016-03-18,0.003922183228556861,0.0091717392697292233,0.0068607030768486109,0.0086272063016304707
2016-03-21,0.0014179689889639664,0.0085958785337386066,0.0061690780978746491,0.0081967605381131885
2016-03-22,-0.00053787837879337426,0.0081133408280135225,0.0055230319836314578,0.0077779898625731049
2016-03-23,-0.0066214583807448647,0.0081839114371440296,0.0057595006772601489,0.0076701880538129329
2016-03-24,-0.00044291633359412347,0.007729114521126481,0.00515526075158192,0.0072779271630475676
2016-03-28,0.00059045231640894645,0.0077130546371747405,0.0046185601133937109,0.0069069721879676284
2016-03-29,0.0092076845438628582,0.0077865833836231546,0.0058327668347606058,0.0071703405630940279
2016-03-30,0.004377880256844561,0.0058818114413589674,0.0055722618627986687,0.0069418289352304961
2016-03-31,-0.0024298086820348005,0.0058212031506465044,0.0051010661493788466,0.006630270514280107
2016-04-01,0.0067892172753523574,0.0059519757911697417,0.0054804557228992877,0.0066463362467206891
2016-04-04,-0.0032431579512825644,0.0059518232204041925,0.0051119400078562258,0.0063881307362735357
2016-04-05,-0.010038354413710772,0.0063585217566916458,0.0064077497128235423,0.0068413630810589977
2016-04-06,0.010861761259498174,0.0063485178729819625,0.0075128540939791459,0.0073431335063461082
2016-04-07,-0.012037958134590644,0.0068070031858776438,0.0086102769130828073,0.0079385573203092953
2016-04-08,0.0026932924912261916,0.006831238460401021,0.0077948867666331441,0.0075791823793455587
2016-04-11,-0.0023502948995540829,0.005841961179433996,0.0070507435768633652,0.0072285540460683409
2016-04-12,0.0092696906812191303,0.006192136522197628,0.0075469080459775149,0.0074578489371792695
2016-04-13,0.010050689127779426,0.0065772611673928054,0.008109742735266318,0.0077562358710352355
2016-04-14,4.80774487872068e-05,0.006449468321345235,0.007253606280601412,0.0073582271331162734
2016-04-15,-0.0011062796624017851,0.0062973845465114312,0.0065066592194053747,0.0069893877669950505
2016-04-18,0.0070020757384543627,0.00642956680462027,0.0066087142688565836,0.0069906576004252399
2016-04-19,0.0031489881914807858,0.0064602324899260405,0.0060764552788552615,0.0067062640106659533
2016-04-20,0.00095275825716219632,0.0064626252855327204,0.005451623305407347,0.0063692506711808053
2016-04-21,-0.0053933546292325813,0.0064052910733738934,0.005440019500202304,0.0062784907515078718
2016-04-22,0,0.0064045253524921781,0.0048657013605507135,0.0059562993129201368
2016-04-25,-0.0017239357823184401,0.0064147572848000508,0.0044197772229337112,0.0056768782629839261
2016-04-26,0.0014850619146618263,0.0060844316689769567,0.0040085691135823909,0.0054059960248323677
2016-04-27,0.0020561605942579679,0.0060227408027205701,0.0037014132906998138,0.0051696318396372244
2016-04-28,-0.0091172036890558913,0.0063351699598808986,0.005252147075282855,0.0056890178706368371
2016-04-29,-0.0054135324131754422,0.0062685741217126294,0.0052848184224268315,0.0056620725196727109
2016-05-02,0.0079167642207925801,0.0064732430535967035,0.005905800178802355,0.0059262698444292718
2016-05-03,-0.0087409678993987973,0.0063784538608577124,0.0065714294156764396,0.0062649069285923634
2016-05-04,-0.0055939153394619643,0.0060291272348016742,0.0063879046186670358,0.0062010758602067534
2016-05-05,-0.00019522635950717534,0.0053950587649711241,0.0057141826187162943,0.0058831810251580453
2016-05-06,0.0036519952485545028,0.0054231744688973647,0.0053655307527889972,0.0056995038386554462
2016-05-09,0.00082649232147586878,0.0054008130399255307,0.0048132893242346531,0.0054133371003392368
2016-05-10,0.01235724196628692,0.0057015344142277817,0.0070053186292777254,0.006453211573089368
2016-05-11,-0.0093987718175718403,0.0056456640586736734,0.0075449965946924697,0.00680538292928674
2016-05-12,0.00029035004952540394,0.0056460271208088053,0.0067496992171050601,0.0064568059788048908
2016-05-13,-0.0087526735659294048,0.0059705020092051175,0.0071950406897706137,0.0067217734682380858
2016-05-16,0.0098173845027507787,0.0061655894230245624,0.0077904490317910469,0.0070923986457307681
2016-05-17,-0.0093775740918448352,0.0064742282469967063,0.0081326905795779027,0.0073529447352588756
2016-05-18,0.00029286459935372463,0.0064710534276158039,0.0072752786053343031,0.0069762306168266513
2016-05-19,-0.0034712510176782272,0.0064048885967369976,0.0066898176173745176,0.0067086490905403466
2016-05-20,0.006297686643678563,0.0065578686163806294,0.0066132517882945482,0.0066686926053165594
2016-05-23,-0.0013635737232472788,0.0065536256931235113,0.0059464229610792846,0.0063411551225038198
2016-05-24,0.01287914102716982,0.0071507589080415873,0.007839796652030365,0.00726474024440404
2016-05-25,0.0067602472357186257,0.007294313557550787,0.0076361061918858537,0.0072158783253046498
2016-05-26,0.00028649371220669067,0.0070039234756555692,0.006831142653204717,0.0068461827224924904
2016-05-27,0.0042901611057787363,0.0069649049892364619,0.0064041162092402376,0.0066350391343331866
2016-05-31,-0.0019043803266922009,0.0067496279115329396,0.0057909840634300918,0.0063232931551201093
2016-06-01,0.0020470691965156361,0.0064766330425611307,0.0052598950177152465,0.0060336292496773669
2016-06-02,0.0030391890414482089,0.0063909322190290989,0.0048969919832321882,0.0058041261817152051
2016-06-03,-0.0029917164524597673,0.0064257005321013676,0.0045797923373725085,0.0055869606579191681
2016-06-06,0.005075557560232472,0.0064738580530342357,0.0046831458649300422,0.0055379459105832935
2016-06-07,0.0015602279448590456,0.0064806171908977353,0.0042464510360715217,0.0052768732732256813
2016-06-08,0.0032541946880808104,0.0059070142100462047,0.0040674111834174071,0.0051107563720361876
2016-06-09,-0.0013663522457226444,0.0055289526328879167,0.0036889633611448974,0.0048677037164166822
2016-06-10,-0.0095228304035905875,0.005924467655741966,0.0053873574526854462,0.0055130314177673639
2016-06-13,-0.0077414436625815935,0.0058536612282735472,0.0059333705644085029,0.0057746998943714383
2016-06-14,-0.0019691645027320992,0.0054442794099487058,0.0053795381559605514,0.0055136379883820958
2016-06-15,-0.0013948105661373629,0.0050339356697279986,0.0048518701466784995,0.0052492602461468784
2016-06-16,0.0029798430342862512,0.0050774199224341643,0.0045396484487216513,0.0050682547557811871
2016-06-17,-0.0037311061812499253,0.0050866267362696099,0.0043898698269466936,0.004950818212793205
2016-06-20,0.0064193560080297515,0.0050942256800151527,0.0048639893081291958,0.0051166741184381845
2016-06-21,0.0028348378898582077,0.0051244496199180358,0.0045314429008905376,0.004936187721009325
2016-06-22,-0.0016324712632692208,0.0042543646233558366,0.0041182729749623158,0.0047112472380335642
2016-06-23,0.012938307940706701,0.0049177801732577771,0.0068591617790189777,0.006059393263433758
2016-06-24,-0.036569782657787604,0.0095419027495579588,0.017467348996804535,0.012914314631935915
2016-06-27,-0.018072131940762851,0.010317835606878118,0.017589969168756461,0.013518940988842459
2016-06-28,0.017875340315197535,0.011056798268863082,0.017647412574172665,0.014015647257698693
2016-06-29,0.016884296118610784,0.011674640727432012,0.017497452029785393,0.014328380117414066
2016-06-30,0.013553514680583476,0.012042437071580274,0.016782973933932899,0.014252789380674761
2016-07-01,0.0020980728811361006,0.012032990806408144,0.015040443916871891,0.01353765103695407
2016-07-05,-0.0072191185208706167,0.012087621235406911,0.013834561685031093,0.01304426169855339
2016-07-06,0.0059797323543405428,0.012156345319220803,0.012659680778734261,0.01251851456193054
2016-07-07,-0.00062022673635176752,0.012135339979867441,0.011326559503064472,0.011877725130427494
2016-07-08,0.014780881308692538,0.012573657109889802,0.012096596653335985,0.012199170630528765
2016-07-11,0.0035207491227621946,0.012417021458126599,0.010933492367577966,0.011626579682091511
2016-07-12,0.0072368909277987807,0.012401796398408299,0.010300850563991295,0.011264851469225259
2016-07-13,-0.00013969535407048288,0.012394016669555898,0.00921357264212605,0.010686867746937393
2016-07-14,0.0055681614456328408,0.012452493544414736,0.0086088803593913008,0.010290222067814709
2016-07-15,-0.0013425830302047962,0.012438277561941248,0.007723390620216577,0.0097713896710624609
2016-07-18,0.0026833659477471521,0.012424762117705896,0.0070114692254808712,0.0093087107471617365
2016-07-19,-0.0010171929889745588,0.012343664009625711,0.0062877258905947916,0.0088368746938368367
2016-07-20,0.0041546506697279972,0.01236233319397329,0.0059228896611112983,0.008485719246938566
2016-07-21,-0.003784499161253565,0.012385885336649145,0.00556138331087375,0.0081387303318288008
2016-07-22,0.004474976546693322,0.012084760473789515,0.0053617413666702651,0.0078496866040723354
2016-07-25,-0.002719516583617966,0.008918731639050638,0.0049475014377122839,0.0074963590394800808
2016-07-26,0.00046133368680442005,0.0079513720730270739,0.0044299866969380632,0.0071131667941201331
2016-07-27,-0.0010615434175497184,0.0068778101162997882,0.0039906391209312822,0.0067564868903602767
2016-07-28,0.0011540000116886352,0.0057547271895527609,0.0036064530608620471,0.0064201460413566133
2016-07-29,0.0016136306673757996,0.0049053223352673783,0.0033054445586486723,0.0061120232383542082
2016-08-01,-0.00082966733462624519,0.0048863594952123978,0.0029796712170085571,0.005804307025664499
2016-08-02,-0.006427687106976678,0.0048307849861894308,0.0039199215244969188,0.0058696250474693746
2016-08-03,0.002917970762914889,0.0046876808018440387,0.0037410611437420555,0.0056443514875860173
2016-08-04,0.001063544247793187,0.004691660000266812,0.0033797420106239009,0.005365253580267613
2016-08-05,0.0081458609912474344,0.0037954846211593449,0.004733828799655327,0.00570463465187646
2016-08-08,-0.00059599936277606456,0.0037153304768495405,0.004242446361669509,0.0054151724242440923
2016-08-09,0.00059599936277622231,0.0033470601726269728,0.0038039090358998095,0.0051407397006566326
2016-08-10,-0.0024781277086919021,0.0033924757783391152,0.0035782680937623285,0.0049394934858723299
2016-08-11,0.0046298726656082579,0.0033212131604841793,0.0038118691242773925,0.0049094101883273419
2016-08-12,-0.00086948053402808798,0.0033133261562478728,0.0034315413819894685,0.004665584336118302
2016-08-15,0.0028798146300734353,0.0033215620109188246,0.0033285203117544514,0.0045188762660696644
2016-08-16,-0.0051709332310595942,0.0035096962315194712,0.0037697411142709578,0.0045882538601575412
2016-08-17,0.0018789564321559714,0.0034104890253254631,0.0034748890499824501,0.0043931667239156258
2016-08-18,0.0022416953541509726,0.0033416423506757997,0.0032657193296293479,0.0042275811386406062
2016-08-19,-0.0014632272003406051,0.0032050514094391917,0.0029933501231722173,0.0040372393339251625
2016-08-22,-4.5852814281824268e-05,0.0031468509876936292,0.0026774122700905846,0.0038300889733152411
2016-08-23,0.0020114370179159196,0.0031771565343985601,0.0025581252796987469,0.0036887953693399891
2016-08-24,-0.0051278590214980466,0.0033693807784105161,0.0032394739675105917,0.003856939714801571
2016-08-25,-0.00068912060114859346,0.0033630173042551769,0.0029138172059222471,0.0036654978226081381
2016-08-26,-0.0018848273063556218,0.0033700628912416699,0.0027391201803826687,0.0035281077444246061
2016-08-29,0.0049121950050894795,0.0035396877666000674,0.0032906162711062001,0.0036899533611476167
2016-08-30,-0.0016498481820561583,0.0032557228627372696,0.0030342913768624628,0.0035392626533055633
2016-08-31,-0.0028483018260197055,0.0032526366004972363,0.0029980166754344376,0.0034763521751091189
2016-09-01,4.5847563468489617e-05,0.0032439472308435162,0.0026815860211377831,0.0032979891147114039
2016-09-02,0.0044978620110755199,0.0028665273774368181,0.0031303155440218027,0.0034368787071625108
2016-09-06,0.003018093099719228,0.0029418808170117924,0.0031081952184234141,0.0033973239937971221
2016-09-07,-9.1584555956318223e-05,0.0029389320111266565,0.0027803560129670596,0.003223114652015289
2016-09-08,-0.002285522957802745,0.0029311168994988605,0.0026886849360239942,0.0031419711604495056
2016-09-09,-0.02422545842566895,0.006071515628756235,0.011097647882994161,0.0082202231167510433
2016-09-12,0.01424516569784382,0.0068535931815530051,0.011794540261483067,0.0090059611289497587
2016-09-13,-0.014479937687154599,0.0075525163127427002,0.012378314225635576,0.0096934752185646299
2016-09-14,-0.00037517696890586972,0.0074639542481275065,0.011072772101260692,0.0091968033254731345
2016-09-15,0.0099429869374569567,0.0077767112982523416,0.010856225101426998,0.00927412374246399
2016-09-16,-0.0038728192679563065,0.0078087076502733272,0.0098633586865090554,0.0088830347843350376
2016-09-19,0.0001873080741412411,0.0078019624256451198,0.0088224538834677183,0.0084273948948177021
2016-09-20,4.6968047210507566e-05,0.0078019627573465353,0.0078910706003826533,0.0079949425790073938
2016-09-21,0.011182600921452766,0.0081805169208060465,0.0086501623597406534,0.0083685274985692958
2016-09-22,0.0062819640287952935,0.0082206607877548382,0.0082312126379844412,0.0081838459449568839
2016-09-23,-0.0054942054202105897,0.0083105255000605824,0.0077614140356810062,0.0079559053743527928
2016-09-26,-0.0081354744482355166,0.0084968525121548767,0.0078376544428924323,0.0079740442526286121
2016-09-27,0.0061887428840692602,0.0085384452067789988,0.007536787739480048,0.0078138913108068784
2016-09-28,0.0049514586445320889,0.0086020226536205491,0.0070954861768369147,0.0075764702828061085
2016-09-29,-0.0090883426515378039,0.0088158409228152376,0.007536334234818625,0.0077409565924887978
2016-09-30,0.0075178455149866649,0.0089746780519297902,0.0075326401212695944,0.0077189356901607052
2016-10-03,-0.0024072048098818669,0.0089343740548564667,0.0068228630908579724,0.0073622846229702971
2016-10-04,-0.005110640705104713,0.0089818443470702277,0.0065165096707216087,0.0071690150107479702
2016-10-05,0.0044151733003822908,0.0090359170122391759,0.0061539149884742737,0.0069429586005634236
2016-10-06,0.00069546740472251436,0.0090227933168222779,0.0055130092264117385,0.0065903394607051162
2016-10-07,-0.0034353204049959699,0.0072565300768102029,0.00516477510075677,0.006345822201660906
2016-10-10,0.0051947725340900659,0.0066227090040063379,0.0051707885094349959,0.0062402788112132356
2016-10-11,-0.012709870951747188,0.0064384692094515729,0.0073278787496421751,0.0071554911528500884
2016-10-12,0.0013112225842102914,0.0064445956511191031,0.0065804336109890607,0.0068009469003366442
2016-10-13,-0.0032811599818357521,0.0060932720426566615,0.006065878944735684,0.0065348444472472936
2016-10-14,0.00051623932713081239,0.0060325245862617441,0.0054303969013623169,0.0062016468021836389
2016-10-17,-0.003478020165614301,0.0060823046521644641,0.0051000679661691089,0.0059853189706458483
2016-10-18,0.0062429408203192429,0.0062404354885031033,0.0053482162096195312,0.0060115779850998018
2016-10-19,0.0026635776993627035,0.0057484988671628228,0.0049296716454524788,0.0057649481784225231
2016-10-20,-0.0018683789361291681,0.0055898683003508158,0.0044877052037067622,0.005500931624261891
2016-10-21,0.00046704634797233361,0.0054541928431117159,0.0040193562736503298,0.0052207314708227941
2016-10-24,0.0042437692204186301,0.0052287093249448321,0.0040652300455029993,0.0051314121936376191
2016-10-25,-0.0033560472838165406,0.0050977962835984103,0.0039336353329370447,0.0049824248441931156
2016-10-26,-0.0020098525164895771,0.0049963641951469235,0.0036313483685309626,0.0047692821586726719
2016-10-27,-0.0026704004391120239,0.0046032932220551178,0.003460572276365273,0.0046026678055939565
2016-10-28,-0.0029596385225112518,0.0043361712879053764,0.0033663541733966224,0.0044656513359396114
2016-10-31,4.690810048280434e-05,0.0043026456636252996,0.0030110317850487842,0.0042365148065066881
2016-11-01,-0.007271656696723864,0.0044554098399171294,0.0042223747052412414,0.0046304374573765987
2016-11-02,-0.006036631414256333,0.0045495093163537177,0.0046422992457925546,0.0047896709516591302
2016-11-03,-0.0045877944052079385,0.0046611419361847978,0.0046314495928251615,0.0047698677961864177
2016-11-04,-0.001102372807455259,0.0046040128285379824,0.0041717269117270417,0.0045385016794585774
2016-11-07,0.021817388748875753,0.0066066310349734234,0.010446163635743801,0.0081325299216763111
2016-11-08,0.004493779875009307,0.0060481596812602912,0.0095570225110541956,0.0078449757418852691
2016-11-09,0.010546294481384498,0.0064850201743062823,0.0097628996143079103,0.008155471334049284
2016-11-10,0.0024924660420769643,0.006467441957094382,0.0088030588148338626,0.0077770032859412067
2016-11-11,-0.0023076807718599495,0.0064869676924955927,0.0079410423564480366,0.0074139153726669625
2016-11-14,0.00078532791062170559,0.0064425736803098094,0.0071113621023656017,0.0070378406511145807
2016-11-15,0.0077723957873778015,0.0065252238992775319,0.007248393202351747,0.0071147097309024231
2016-11-16,-0.0018802801862664389,0.0065115733357322229,0.0065374654055293047,0.0067757457491692003
2016-11-17,0.0051274690472853804,0.0065985295525377314,0.0062808399843466709,0.0066293854386913573
2016-11-18,-0.0022400487173951092,0.0066166892441742531,0.0057063757656182264,0.0063289539412836656
2016-11-21,0.0075233397530426183,0.0067609266928541824,0.0061131258543146542,0.0064583400573035932
2016-11-22,0.0019510655620251127,0.0067332985912518092,0.0055369285288882223,0.0061579060035800316
2016-11-23,0.00054402687302304218,0.0067193848545815697,0.0049583520523382848,0.0058444351513120083
2016-11-25,0.0037084606814747297,0.0067439761958374301,0.0047348432059732062,0.0056671816696402698
2016-11-28,-0.0047056372666536839,0.0067934080567187529,0.0047290164479714481,0.0055784904299969896
2016-11-29,0.0019483098235371006,0.0068073547406478883,0.0043185714635566499,0.0053279631236205381
2016-11-30,-0.0024022325054416198,0.0066321011044600973,0.004009263247869454,0.0051113152948154472
2016-12-01,-0.0036820274816745241,0.0065452719910628499,0.0039459876720201069,0.0049868549483911735
2016-12-02,0.0005004943217992797,0.006465347422225402,0.0035364889197364094,0.0047335926636413814
2016-12-05,0.0059911636231423605,0.0065980798780940061,0.0041453843507433148,0.0048739730929374236
2016-12-06,0.0031625590783708074,0.004498313515412169,0.0039683403479473861,0.0047307748130754178
2016-12-07,0.012995637505501104,0.0052601759774181696,0.0068099558683294807,0.0060852992298049378
2016-12-08,0.0024458765052772892,0.0047336403056164418,0.0061884458080110546,0.0058246039549951258
2016-12-09,0.0060221113394891626,0.0048897875663132216,0.0061555384989448701,0.0058446550460921794
2016-12-12,-0.0011483114065428904,0.0048692590679435604,0.0055295792956492886,0.0055566046517337682
2016-12-13,0.0066518724908197673,0.0050883413069581678,0.0057715231331359638,0.0056756506669733376
2016-12-14,-0.0082886528817831349,0.0051289178948437982,0.0063552133512571581,0.0059884794483769082
2016-12-15,0.0041088784742257991,0.0051935700831801093,0.0059739070845794889,0.0058278628780081086
2016-12-16,-0.0019576455970690587,0.0050843133343201957,0.0054144739302074384,0.0055633465450887426
2016-12-19,0.0021746541107589079,0.0050828935847411763,0.004939539093175082,0.0053224669423886347
2016-12-20,0.0038503422538583997,0.004873092643836131,0.0047417575071668746,0.005194064156777675
2016-12-21,-0.0027865399177869838,0.0048933566505737968,0.0044204493378052403,0.0050056920290397757
2016-12-22,-0.0017289189793594905,0.004907096808668617,0.0040286635558110483,0.0047801855094077739
2016-12-23,0.0014633499126681623,0.0048475802939908913,0.0036622919913787979,0.0045584312488626448
2016-12-27,0.00247779025994999,0.0047643316247967006,0.0034580044850396644,0.0043949186980849842
2016-12-28,-0.0082985659978664188,0.0050943468819526459,0.0048310946522535118,0.0049264996791427663
2016-12-29,-0.00022316847471775495,0.0050661942631087505,0.0043222148563956831,0.004674220747519867
2016-12-30,-0.0036616356409548481,0.005065455238290161,0.0041984220994678717,0.004583040823907392
2017-01-03,0.0076209130768967737,0.0053432413242426539,0.0050711992393676882,0.0049710832307257938
2017-01-04,0.0059316291063127363,0.0053399191907625336,0.0052545688834824515,0.0050753250165490402
2017-01-05,-0.00079485334514216755,0.0052958698586425719,0.0047132529837752559,0.0048214324432969127
2017-01-06,0.0035713670560609807,0.0044988488509190251,0.0045080744759904553,0.0047113751696994154
2017-01-09,-0.0033062934444146402,0.0045262682428785662,0.0042947064687795765,0.0045902623045695444
2017-01-10,0,0.0043213207422304152,0.0038413022430396847,0.0043547051820159877
2017-01-11,0.0028222541797713139,0.0043596029561959919,0.0036602603826712521,0.0042265379881852323
2017-01-12,-0.0025131034814023265,0.0041363694237070286,0.0034613787248449802,0.0040876435681012156
2017-01-13,0.0022927450096106743,0.0037332690317734346,0.0032613264291184497,0.0039450747665620706
2017-01-17,-0.0035296076229157356,0.003703519953556075,0.0033167191705301448,0.0039055174330122748
2017-01-18,0.0022074544793157405,0.0037105368878525323,0.0031265111387263544,0.0037702845125310662
2017-01-19,-0.0037113400485462096,0.0037709853114059558,0.0032519019837093134,0.0037644315999208642
2017-01-20,0.0036673138857175659,0.0037618523365578757,0.0033391213569736321,0.0037548328667295124
2017-01-23,-0.0026056930646892328,0.0037553661051571807,0.0032058871500338024,0.0036562079407634774
2017-01-24,0.0063913539788384346,0.0039994733185814146,0.0040487098033280015,0.0040144752364129864
2017-01-25,0.0086180804977667724,0.0044274465271755383,0.0052884688852681177,0.0046831123655102051
2017-01-26,-0.0010457972067270185,0.0043988629340164136,0.0047532158461276314,0.0044550820940758139
2017-01-27,-0.0015709432888359237,0.0040037580311568762,0.0043090626901045167,0.0042555572020751059
2017-01-30,-0.0062212143578137327,0.0042382500596285233,0.0047534323000305969,0.0044910067021444915
2017-01-31,-8.7744689863008805e-05,0.0041584576162461478,0.0042517801837464704,0.0042606334026639731
2017-02-01,0.00039557086042159929,0.003794295422751834,0.0038070202318666855,0.0040439269186358763
2017-02-02,0.00065872927860683502,0.0035579717221329052,0.0034178220095804571,0.0038420571126924256
2017-02-03,0.0068690537014878279,0.0038712747411129823,0.0043338188220232278,0.0042430711102765858
2017-02-06,-0.001789268905647487,0.0038090824550748902,0.0039580152992429972,0.0040649028923024832
2017-02-07,4.368260160287857e-05,0.0037366597036677727,0.0035402104063416719,0.003856330222949335
2017-02-08,0.0013098239937491033,0.0037481205537902022,0.0032201862610501371,0.0036818091203984632
2017-02-09,0.0059150122251216079,0.0039242222457640755,0.0039106461830946126,0.0039621816618471929
2017-02-10,0.0039383409100736235,0.0039823689225052718,0.0039162007967255561,0.0039598040458747848
2017-02-13,0.0054276483832952508,0.0041315126285194192,0.0042615931690808562,0.0041301307450034123
2017-02-14,0.0039873617469331256,0.0041522816361698632,0.0042081767799352736,0.0041160766931424824
2017-02-15,0.0052069613838407417,0.004284089444071092,0.0044260016741423476,0.0042378205831215352
2017-02-16,-0.00085160543124139715,0.0042072534636660762,0.0039770138317225725,0.0040293590242503428
2017-02-17,0.0015747264884723145,0.0041415589246546003,0.0036261913789635259,0.0038548848339511445
2017-02-21,0.0059377873273196644,0.0043099761514701672,0.0041917627321201179,0.0041109433478426442
2017-02-22,-0.00088864908877745157,0.0040709837880112164,0.0037702306670162624,0.0039100945523801627
2017-02-23,0.00067719125071060934,0.0035891883244617714,0.003385768601664283,0.0037156176157809376
2017-02-24,0.0012677767077842919,0.0035927637171977809,0.0030809405666732113,0.0035476694629166757
2017-02-27,0.0015620501903793379,0.0035925698360141992,0.002842842939690996,0.0034016705948734598
2017-02-28,-0.0027027965963829703,0.0033669924405048302,0.0028153910336016609,0.0033383734806887648
2017-03-01,0.013900325716638151,0.0045822708223454351,0.0067070822526188005,0.0054177642298066653
2017-03-02,-0.0063173550352878553,0.0047942497646797063,0.0066309695221053932,0.0055143313093232822
2017-03-03,0.00062922076221001125,0.0047940515778813371,0.0059375911947516001,0.0052351367400330952
2017-03-06,-0.0029824486644386672,0.0045900420036739265,0.0054756726859807626,0.0050552439131817473
2017-03-07,-0.0029909955360037021,0.0046212243128282366,0.0050769679879309306,0.0048882049209525167
2017-03-08,-0.0018585040097928265,0.0046398621314335912,0.0046164153399865957,0.0046744514469340206
2017-03-09,0.0012673591474340184,0.0046392724229571448,0.0041677658661119369,0.0044526471472178964
2017-03-10,0.0034981461708989726,0.0045150117901166676,0.0040427247220627396,0.004366596228089153
2017-03-13,0.00050483058634519782,0.0044297344959647435,0.0036229641630692033,0.0041455918454832404
2017-03-14,-0.0038341818128930709,0.0043456445856537374,0.0036661813234441891,0.0041155113402632521
2017-03-15,0.0086162519379443595,0.0046692252090344563,0.0050597102573885369,0.0047610576533439371
2017-03-16,-0.0019688207431906284,0.0045431106596673723,0.0046103996935994342,0.0045594438797401772
2017-03-17,-0.0017577915416068105,0.0045561040847026902,0.00419792740391521,0.004361038724160173
2017-03-20,-0.0010974364019130567,0.0045491004152229822,0.0037866804621043237,0.0041517742645628651
2017-03-21,-0.01292264859009906,0.0052231399559764307,0.0066985168846770797,0.0056756489715112561
2017-03-22,0.0023503610087210009,0.0052457521846856264,0.0060828399730476507,0.0054354495499605825
2017-03-23,-0.0010674756516023994,0.005248996265665491,0.005461561549915726,0.0051675575522510077
2017-03-24,-0.00072672847749860072,0.0052438540809151644,0.0048957686328926723,0.0049077590994510449
2017-03-27,-0.001026922994305002,0.0052372448982149992,0.0044029256833041253,0.0046672204280538664
2017-03-28,0.0072506673224488711,0.0054490446394619913,0.0051012781714316318,0.004986167820453075
2017-03-29,0.00093436326918178245,0.0044804895343430575,0.0045818160296567014,0.0047395132716587258
2017-03-30,0.0031790629512163456,0.004310992901600935,0.0043377089290608881,0.004607312836327258
2017-03-31,-0.0023304942088642647,0.0043400949323893065,0.0040173144828496588,0.0044325747303753738
2017-04-03,-0.0017406947980174651,0.0043061786933826819,0.0036765549362494112,0.0042409844027431406
2017-04-04,0.00063747504051199218,0.0042563118948083529,0.0033007453468668381,0.0040283981030438277
2017-04-05,-0.0029772616147065996,0.004287970781650283,0.0032386344684714784,0.0039359370956847028
2017-04-06,0.0028072829615282333,0.0043243988420544237,0.0031570825300448785,0.0038380365425145333
2017-04-07,-0.0010198775527928276,0.0042591761556253363,0.0028603786682447827,0.0036553367934813188
2017-04-10,0.00059499234711321537,0.0042597581648795629,0.0025722006296602321,0.0034728576065990368
2017-04-11,-0.0011905646406253057,0.0041810721499057468,0.0023614533016939059,0.0033160835900942305
2017-04-12,-0.0043912996051903123,0.0038384306768441444,0.0028840720867158915,0.0034387673025515226
2017-04-13,-0.006516137617139808,0.0040820019325414998,0.0038918257065546878,0.0038585766092612667
2017-04-17,0.008820815012215627,0.0045164795024522962,0.005261026645067066,0.0046022201004034145
2017-04-18,-0.0029887537257810713,0.0045590570521685794,0.0048917533517910065,0.0044671749182943928
2017-04-19,-0.0018400812314468178,0.0035502892590160511,0.0044520310501468211,0.0042776952286724384
2017-04-20,0.0081060218079677167,0.0039514204353221323,0.0053849774639664711,0.0047999549766212461
2017-04-21,-0.0031920671695141859,0.0040082680653965334,0.0050235688900302214,0.0046641762703934116
2017-04-24,0.010938026411185287,0.0046927419765704827,0.0066420689448891566,0.0056163269518742925
2017-04-25,0.0058017268222221108,0.0048633425154763262,0.0064827209348287586,0.0056351414356060111
2017-04-26,-0.00062904604670993374,0.0045872951222089772,0.0058051422343358581,0.0053496641943437473
2017-04-27,0.00083854132842056835,0.0045863691936297423,0.005205801705846066,0.0050820597644032203
2017-04-28,-0.0021816865854449659,0.0045571315688425805,0.0047573362706344342,0.0048703771866027536
2017-05-01,0.0025168174148517898,0.0045620835665131356,0.0044014398432166953,0.0046884916055990357
2017-05-02,0.00037716574873875307,0.0045462312137591549,0.0039403792907750212,0.0044494925084100911
2017-05-03,-0.0012153518244786509,0.0045521152808839791,0.0035660464348613924,0.0042386192598397104
2017-05-04,0.0011733527780063916,0.0045108078025360302,0.003232445063539546,0.0040381901368139236
2017-05-05,0.0039291529403855281,0.0045525001143945729,0.0033832838244564987,0.0040274192612452398
2017-05-08,-0.00016661695744633152,0.0045469371934252082,0.0030270183005004993,0.0038211086658606168
2017-05-09,-0.00091844096240936311,0.0045496278678996277,0.0027384262987230883,0.0036366382378271748
2017-05-10,0.0017942344687764543,0.0045595181099147772,0.0025774092303357051,0.0034963626297108566
2017-05-11,-0.0020448111029152324,0.0044759459788790866,0.0024800566852023432,0.0033793818546082204
2017-05-12,-0.0016724627768145803,0.0042486405497005938,0.002340933847296744,0.0032492941881757647
2017-05-15,0.0055085156337722849,0.0039595195252643232,0.003233067571121637,0.0035406914434800568
2017-05-16,-0.00091614092415871079,0.003908084970791554,0.0029206238330422431,0.0033714652196680656
2017-05-17,-0.017903329609089053,0.0055794528178482626,0.0084219877153582003,0.0065025395857200869
2017-05-18,0.0040203193997867632,0.0053528555624869608,0.0077444493204730774,0.0062984931344807595
2017-05-19,0.0064831382216099338,0.0054995592634444869,0.0075091552429018714,0.0063172005119863893
2017-05-22,0.0050645658395225687,0.0050542677373375923,0.0070880106798855997,0.0062033299760743729
2017-05-23,0.0022102123184253339,0.0049098750064877463,0.0064163014281626201,0.0059263543905261435
2017-05-24,0.0023303768410564674,0.0049354453136424871,0.0058327755363891554,0.0056703240073236452
2017-05-25,0.0047678712648408627,0.0050457995090854415,0.0056359148011604016,0.0055866426906539604
2017-05-26,-0.00020661040703686561,0.005022373867111663,0.0050417622007399654,0.005300357316612078
2017-05-30,-0.00086941654541523514,0.0049945285085314295,0.0045262202660648976,0.005035871069470608
2017-05-31,-0.00024821922609150938,0.0049941248444189072,0.004049896106616757,0.0047780915608554514
2017-06-01,0.0079208258339676409,0.005291918655212063,0.0050664803520709999,0.0051789083074264977
2017-06-02,0.0033227149869160312,0.0053373764117319389,0.0047690109564974235,0.0050242437858334177
2017-06-05,-0.0007373470435030607,0.0052671490250602963,0.0042782599891856175,0.0047721160006640043
2017-06-06,-0.0032019043319913075,0.0053154567404155809,0.0040857367876918054,0.0046390733068724559
2017-06-07,0.0018485425691328172,0.0053275471983505376,0.0037467343119866074,0.0044396635001847269
2017-06-08,0.00049243583001996058,0.0053135600059225603,0.0033584092980206708,0.0042147123389448529
2017-06-09,-0.0015190869814560983,0.0053047373711684323,0.0030797167827368859,0.0040271804796621095
2017-06-12,-0.00020535502911833966,0.0052917379493393904,0.0027561129343867292,0.0038210707168269999
2017-06-13,0.0048780114188166721,0.0052607084190447453,0.0032917967564988319,0.0039395460171070609
2017-06-14,-0.0012685040241108864,0.0052643653447990877,0.0029984264541112371,0.003758847002038291
2017-06-15,-0.0019263463731281577,0.0034456671990197463,0.0028168441615439204,0.0036176122983516937
2017-06-16,0.00021850144368975466,0.003326689223030943,0.0025213562621173072,0.003432663857000323
2017-06-19,0.0082907507184282817,0.0035216664379752369,0.0043397119046589185,0.0041807317286753293
2017-06-20,-0.0067669214611846178,0.0036618580592795093,0.0049218619184937381,0.0045066382830910049
2017-06-21,-0.0002466384477945531,0.0036287730774851247,0.004403628719653962,0.0042760838164788524
2017-06-22,-0.00045323448791050969,0.0035925940922773092,0.0039439372485696638,0.0040591804191363878
2017-06-23,0.0011936913100776948,0.0034411258970210336,0.0035677293346434232,0.0038693334053769178
2017-06-26,0.00065773191391382769,0.0034439575505024814,0.0032046023682098706,0.0036766599011639951
2017-06-27,-0.0080889121201899537,0.0038851736534675978,0.0046153744082468792,0.0043254011553565883
2017-06-28,0.008910667896288459,0.0043659470675084895,0.0057377125419655998,0.0049777691665121105
2017-06-29,-0.008827677620980209,0.0044520685429001719,0.0064747706219892018,0.005485722970180529
2017-06-30,0.0018627695147032544,0.0044093523424322571,0.0058508209457204469,0.0052374451673979786
2017-07-03,0.0016940806658977997,0.0044225218497722695,0.0052876900865707543,0.0049974733239515415
2017-07-05,0.0023091524548335962,0.004394621621611478,0.004840885267513341,0.0047969244487705807
2017-07-06,-0.0091863149473279237,0.0048333490284910435,0.005968669248742323,0.0053989141483859228
2017-07-07,0.0064641976286120293,0.0050436525185592043,0.0060710114706740981,0.0055147104803110799
2017-07-10,0.0010733396045874801,0.0050379214325400054,0.0054512526819989167,0.0052427124948985302
2017-07-11,-0.0007431430146920369,0.0050404520534433226,0.0048870622003876138,0.0049792225324619922
2017-07-12,0.0074870490439441035,0.0051979998366945852,0.0055061676543355269,0.0052838415630715053
2017-07-13,0.0016783900479889627,0.0052038059953246792,0.0049817370886828544,0.00504071253024774
2017-07-14,0.0046533691558777908,0.0052893051098001154,0.0049178178531521085,0.0050033277907233289
2017-07-17,-0.00012192352328086924,0.0052891497112285777,0.0043989679492502714,0.0047467300974286366
2017-07-18,0.00052930260065871325,0.0049550262719976167,0.0039416706437039768,0.0045062532197334181
2017-07-19,0.0053992478950226188,0.0048703509057038035,0.0042731474977037026,0.00460335465237175
2017-07-20,0.00044540714168604152,0.0048710569484031472,0.0038272064399608916,0.0043693964574238247
2017-07-21,-0.00089065630949555828,0.004874073055732466,0.0034462531885500443,0.0041547310055041475
2017-07-24,-0.0002431995836740317,0.004867062821384621,0.0030843407787034365,0.0039422741354499533
2017-07-25,0.0024282002085457386,0.0048950462466063049,0.0029647525498588665,0.0038179822483102332
2017-07-26,4.0118968395956318e-05,0.0045486298232091747,0.0026518159913238235,0.0036220782096378556
2017-07-27,-0.00093004988117485917,0.0040942988153973708,0.0024080492099970209,0.0034487685888165026
2017-07-28,-0.0011738128622423506,0.0035966345397530799,0.0022168735023286594,0.0032927781529953084
2017-07-31,-0.00056691831794959625,0.0035746824080274322,0.0019989751814634693,0.0031289437205359819
2017-08-01,0.0022263238505224282,0.0035892457073182678,0.0020464664664651923,0.0030507231461399278
2017-08-02,0.0004848590843017022,0.0035535658022753575,0.0018432139498764655,0.0028982286618066387
2017-08-03,-0.0019417036670391445,0.0029320507246730142,0.0018633284085565844,0.0028172287361101999
2017-08-04,0.0018206354238810053,0.0025832856153167418,0.001854868425480709,0.0027339662234705103
2017-08-07,0.0018573744840979576,0.002605427733342935,0.0018553699079999809,0.0026593416812037639
2017-08-08,-0.0024640033657752029,0.0026578574502756545,0.0019920292451969155,0.0026404582212760054
2017-08-09,-4.0431285078991473e-05,0.0020643383422068303,0.0017818168673403173,0.0025049912425705117
2017-08-10,-0.014215712060618117,0.0037716000056959901,0.0065541735525595779,0.00508489232450991
2017-08-11,0.0014756669016101362,0.0036402134577724469,0.0058992602355345102,0.0048464704927529047
2017-08-14,0.009864380924931266,0.0042562555494799143,0.0068776608863534783,0.0055560822273097166
2017-08-15,-0.00012172441315217411,0.0042546967085755035,0.0061518077652583268,0.0052711029612634141
2017-08-16,0.0017431360424352545,0.0040983870429096561,0.0055572921173033087,0.0050308971477917956
2017-08-17,-0.015713700975937116,0.0053974880171663991,0.0086076057190061055,0.0068899182387464055
2017-08-18,-0.0015647321974305312,0.0054051487310578638,0.0077306130637245351,0.0065550526075628798
2017-08-21,0.00078263591800788548,0.005407707596753848,0.0069233233687914621,0.006223591818005165
2017-08-22,0.010402635189926441,0.0058616750664025209,0.0077452494442737194,0.0067587918665169989
2017-08-23,-0.003591853896462791,0.005916436835476273,0.0071113566951689937,0.0065117802624750929
2017-08-24,-0.0023333470368047064,0.0059357561109613559,0.0064456199791465335,0.006221527530076573
2017-08-25,0.0023333470368048009,0.0059528593294941121,0.0058588151712860442,0.0059482026836824593
2017-08-28,4.1163845857498192e-05,0.0059515165378997347,0.0052403159314562677,0.0056429755533557889
2017-08-29,0.0011440652715553189,0.0059361744814150083,0.0047149237446956968,0.0053656075444214009
2017-08-30,0.0047262031195388059,0.0060285373726616442,0.0047171817772971077,0.0053051361416452366
2017-08-31,0.0059980207401493296,0.0061606464625890986,0.0049996693586579722,0.0053784428799772159
2017-09-01,0.0014132500115024479,0.0061552979578106239,0.0045162827718960505,0.0051219733102937006
2017-09-05,-0.007207968833082075,0.0063492473322160686,0.0051680180921042226,0.0053671809175854287
2017-09-06,0.003407838319546521,0.0063710316399256542,0.0048671758960086072,0.0052045464839023982
2017-09-07,-0.00012147564695553142,0.0063710831291965793,0.0043536734177830111,0.0049376157531820014
2017-09-08,-0.0011752401151711998,0.0055276971910578178,0.0039293530827134698,0.0046989534288280317
2017-09-11,0.01060955216458009,0.0060062206463341325,0.0059046059940941944,0.0055792837091296812
2017-09-12,0.0033649056473492108,0.0056369775058643925,0.0054914493132056678,0.0053988725709929594
2017-09-13,0.00047963714006142794,0.0056379319922547485,0.0049163831019186106,0.0051240655453117252
2017-09-14,-0.00031973253070273407,0.0056248966595598216,0.0043996708992949237,0.004862166783493202
2017-09-15,0.0013452263064108966,0.0044027178201017925,0.0039809056734333792,0.0046322308479824449
2017-09-18,0.0021247748468854982,0.0044144352151159671,0.0036852437659686383,0.0044455903073827973
2017-09-19,0.0010006913708048557,0.0044166368970550785,0.0033264235953361729,0.0042293124955418721
2017-09-20,0.00035997868255856636,0.0037553188637302623,0.0029795959589962368,0.0040138926532284859
2017-09-21,-0.0026833060452136309,0.0037171703773469416,0.0029227418513357228,0.0039013092599415209
2017-09-22,0.00020060974334758805,0.0036806442925082609,0.0026157187917405593,0.0037016505743313359
2017-09-25,-0.0020466748794629288,0.0036721057843390865,0.0025122427132776544,0.0035708378685156261
2017-09-26,0.00060253877628737434,0.0036745651194546526,0.0022631176186224426,0.0033929485808947483
2017-09-27,0.0038867010951101244,0.0037672678189863739,0.0026680798648319169,0.0034455093390686293
2017-09-28,0.0011990420021154339,0.0036259263795277588,0.0024459068822554543,0.0032906156441207062
2017-09-29,0.003509058043582139,0.0034589310324800683,0.0026923346842429117,0.0033131080605560675
2017-10-02,0.0043292029039475105,0.0035779100040219604,0.003089875790107333,0.0034282964132618674
2017-10-03,0.0021377159272127307,0.0032298902042049737,0.0029243515171273322,0.0033218786260204732
2017-10-04,0.001185794350593972,0.0031498933383062025,0.0026688362791599,0.0031736415471191066
2017-10-05,0.0059074899939036713,0.0034155544392483676,0.0035605950729593566,0.0035432533645574516
2017-10-06,-0.0011392167899559372,0.0034149441292325301,0.0032251872500320754,0.0033806747040131917
2017-10-09,-0.0016527109921444353,0.0024840060849986201,0.0029778779294871334,0.003249493910022716
2017-10-10,0.0026349118897816995,0.002439527569608036,0.0029125174168962245,0.0031933627527793557
2017-10-11,0.0015698746795449726,0.0024623195363407237,0.0026979821098136233,0.0030698957237506185
2017-10-12,-0.0014913292635754841,0.0024837691525392506,0.002503617096598203,0.0029502949134742038
2017-10-13,0.0012167343905927286,0.002480453515225614,0.0023044668295623752,0.0028252186334069241
2017-10-16,0.0013326389630477563,0.0024526949594250178,0.002145609287826936,0.0027131654860103943
2017-10-17,0.0007049012735795212,0.0024475472811129567,0.0019448106678816258,0.0025835690119638027
2017-10-18,0.00097790539268717948,0.0024559770781790555,0.0017936249938418772,0.0024704201770804749
2017-10-19,0.00027376820741536274,0.0023823442852569611,0.0016089320374415147,0.0023452447994469221
2017-10-20,0.0051472869357713771,0.0026454262832289119,0.0027147453657234782,0.0027567394023222105
2017-10-23,-0.0038969729200257434,0.0027473908010797817,0.0029888381536069286,0.00289107085921906
2017-10-24,0.0017554491122955291,0.0027720179733010872,0.0027861879197098342,0.0027983248203718213
2017-10-25,-0.0049623380017232042,0.0028565715983211531,0.0033369498329790422,0.0030838351876539562
2017-10-26,0.0012918140675405058,0.0028585932535861057,0.0030400565894854975,0.0029539657879977207
2017-10-27,0.0081429627924590447,0.0032971613736296245,0.0045447908490593748,0.0038057991004429195
2017-10-30,-0.0037321446767865228,0.0032604629163664953,0.0043943008393882484,0.0037984979271398212
2017-10-31,0.0015569293182206804,0.0032439680030519596,0.0039915798468808852,0.0036370497305412914
2017-11-01,0.0013214492861852469,0.0032465881173206843,0.0036187585416013052,0.0034756208783156112
2017-11-02,0.00038801751284916493,0.0029669749546698478,0.0032413642535181779,0.0032995457565902627
2017-11-03,0.0033330812084084653,0.0030485277026795331,0.0032599140859166046,0.0033029146240909847
2017-11-06,0.0015464255143089781,0.0030457380167033558,0.0029966511729440834,0.0031713504536334774
2017-11-07,-0.00069569372872141919,0.0029922535857202269,0.002698283260645958,0.0030166399033035693
2017-11-08,0.0016997685387424206,0.0029957998681565266,0.002530302088843436,0.0029118767116952057
2017-11-09,-0.0036344703339635711,0.0030861112150811893,0.0027863628353709822,0.0029919994730192921
2017-11-10,-0.0003098537975554155,0.0030748757327378807,0.0024960481075975271,0.0028401506473211767
2017-11-13,0.00092940910064522085,0.0030674508154666111,0.0022708952374835326,0.0027103856288667166
2017-11-14,-0.002325246316116439,0.0031072091555868473,0.0022818690211804282,0.0026743687618785506
2017-11-15,-0.005017878936104378,0.0032963448301991096,0.0030333748181420542,0.0029924796321446584
2017-11-16,0.0084651595257138959,0.0038006694249566168,0.0046575610987970532,0.003901965337301068
2017-11-17,-0.0029430713969264572,0.0036815001562151613,0.0043688252609486939,0.0038169316301041862
2017-11-20,0.0017049675404015481,0.0035971473724234187,0.0039812925277260547,0.0036609782563384761
2017-11-21,0.0065214070041990065,0.0038615834323966819,0.0046028580269159968,0.0040392277164683832
2017-11-22,-0.0008847720958218262,0.0037040150872088085,0.0041358924000830834,0.0038421487031467484
2017-11-24,0.0023065570770396102,0.0037285786654565538,0.0038403809532363206,0.0037172458280758307
2017-11-27,-0.00049916478907185242,0.0032556665963918373,0.0034421873554636852,0.0035300200339909355
2017-11-28,0.010093701551781034,0.0038726038195585739,0.0054640173165333792,0.0046263612481065846
2017-11-29,-0.00060885184196175974,0.0038593255792218296,0.004894744967962412,0.004393172727622954
2017-11-30,0.008716874262996872,0.0043134994333467579,0.0058620475965735835,0.0049968349627486017
2017-12-01,-0.0020773533892710326,0.0043375706722962688,0.0053248437573677667,0.0047857145120497654
2017-12-04,-0.0012107464757414245,0.0042816285653356758,0.0047933652310257809,0.0045562427234083326
2017-12-05,-0.0036032633046933428,0.0043430342964430558,0.0045801508140011485,0.0044700966011312557
2017-12-06,0.00019029161515448761,0.0043404559618560141,0.0040974952547813805,0.0042411329089030551
2017-12-07,0.003147726417671512,0.0043806970201751968,0.0039259661499389123,0.004144792597456857
2017-12-08,0.005438356596856664,0.0044731223743463026,0.004271500048377363,0.004291730112180551
2017-12-11,0.003008607528535778,0.0045228983263083241,0.0040505448994897809,0.0041811750198112695
2017-12-12,0.0017633064706981515,0.0045352929003301245,0.003707746098123136,0.0040056119460857645
2017-12-13,-0.0001125899346116425,0.004505460797179681,0.0033166911525182811,0.0038002239415197724
2017-12-14,-0.0040944007486355787,0.0044585230086402325,0.003486140510513016,0.0038306583708512597
2017-12-15,0.0082928675327189009,0.0044423038757548175,0.00484529368668986,0.0044814857346953448
2017-12-18,0.0063210635294354937,0.0046150593137395234,0.0051742309145276066,0.0046979705581842498
2017-12-19,-0.0038475785944798008,0.0046790618510207504,0.0049374998383415044,0.0046199805987773741
2017-12-20,-0.00052428823301720506,0.0044475753222987637,0.0044224539967255699,0.0043860331137486226
2017-12-21,0.0020574127754193817,0.0044669265195284606,0.004061165959206167,0.004211514283515537
2017-12-22,-0.00026154532929557683,0.0044374364842044095,0.0036342999807978463,0.0039962492289842833
2017-12-26,-0.0011969082811841949,0.004444098755506486,0.0032943932623557925,0.003810021791735378
2017-12-27,0.00048649621916914274,0.0038298442692146439,0.0029546162674529103,0.0036177765692860585
2017-12-28,0.0020553131428945881,0.0038549173407390978,0.0027979757421015892,0.0034931229274509086
2017-12-29,-0.0037777600115573668,0.0034314379483435559,0.0030194749119168943,0.0035226217620044132
2018-01-02,0.0071320557861651963,0.003755303919123599,0.004179357240336236,0.0040316993494095782
2018-01-03,0.0063049275746174692,0.004002076680876771,0.0046823118112867147,0.0043132761158710701
2018-01-04,0.0042062419991628578,0.004031385124897674,0.0045910488419963879,0.0043026925223773075
2018-01-05,0.0066416576132187011,0.0042960256368959936,0.0050679884319049396,0.0045905346347709904
2018-01-08,0.0018274063498959002,0.0042576282002100953,0.0046060273761958691,0.0043931365567772655
2018-01-09,0.0022606273091665347,0.0041114636759970302,0.0042419898300682605,0.0042285609264782363
2018-01-10,-0.0015310310142883084,0.0040704729939333266,0.0038554368582645179,0.0040406757299634799
2018-01-11,0.0072691062505284608,0.0043652357545651346,0.0047391450527227005,0.0044697141840828597
2018-01-12,0.0064986133038367998,0.0046006790924715971,0.0051394544106507806,0.0047120810568084259
2018-01-16,-0.0034244048336547492,0.0045732231151149631,0.004845255721247106,0.0045995643210868711
2018-01-17,0.0094867405707158552,0.0046878245911791483,0.0060647219008488334,0.0052953014470415579
2018-01-18,-0.0016826917152367913,0.0044854743072424682,0.0054764013429818761,0.0050516671321840902
2018-01-19,0.0045395816528933123,0.0045177070276924353,0.0053022955078143343,0.0050028178950746035
2018-01-22,0.0080978055535681787,0.0048656608615549428,0.0059671065918441898,0.0053928483828576878
2018-01-23,0.0021205196592080627,0.004867015351783785,0.0054207388415013942,0.0051598636294916253
2018-01-24,-0.00038824087724056403,0.0048674382056142478,0.0048515640638830699,0.0048966158217008905
2018-01-25,0.00042348329913161265,0.0048609970293168308,0.0043435016649816041,0.0046472675482763723
2018-01-26,0.011511191670635532,0.005499348586366316,0.0064493652483465485,0.0057173542365807012
2018-01-29,-0.0066518379454439487,0.0056783771159745842,0.0064903651126692174,0.0058175613727005377
2018-01-30,-0.010310091444415833,0.0060700323240975062,0.0074134653540059298,0.0064101027177296682
2018-01-31,0.00049676238385669782,0.0058578426124334115,0.0066345255608249798,0.0060831860446037859
2018-02-01,-0.0011355898581141251,0.0056913260934754644,0.00595579183643639,0.0057821789699490618
2018-02-02,-0.022010670756141135,0.0074652562227468756,0.01119245685925209,0.0088621214723108889
2018-02-05,-0.042722291147324593,0.012032629709358552,0.021569786846705952,0.015912350341124069
2018-02-06,0.019510525602546007,0.012792585254300097,0.02117396244323164,0.016307932578029764
2018-02-07,-0.0054397834472836052,0.012840337919800078,0.019094177050309743,0.015566403658775589
2018-02-08,-0.038230250980196001,0.015421889624710684,0.024165688398732108,0.019084989902591658
2018-02-09,0.014909816136093107,0.015694196862958313,0.022619569405055284,0.018709447275241278
2018-02-12,0.01457770314441106,0.01596313527719348,0.021256006723968754,0.018338211976830977
2018-02-13,0.0024842474851937838,0.015954433074638712,0.019044383807124404,0.01741488343955358
2018-02-14,0.013406069474196938,0.016094413855051448,0.018058111291711788,0.017056453868451477
2018-02-15,0.012679404021142676,0.016337899163717907,0.01711811216242471,0.016670545442278993
2018-02-16,0.00029313457224250627,0.016306466674252954,0.015311466186481654,0.015815339692732636
2018-02-20,-0.0062813456386271293,0.016266373222416457,0.013980123677213905,0.015134662300165866
2018-02-21,-0.0049862382359083367,0.016297643885450266,0.012701480259135325,0.014444322753960437
2018-02-22,0.0012952083846404928,0.016299985825331216,0.011375306306666741,0.013709207501328646
2018-02-23,0.015813668984014814,0.016678854197383165,0.012390823225419371,0.013933963756111764
2018-02-26,0.011545159404603017,0.016680028055658217,0.012226370732904036,0.013713820836249174
2018-02-27,-0.012565081348929136,0.016849482247243776,0.012294859368848887,0.013603312856300427
2018-02-28,-0.010181667586301592,0.016845577178074653,0.011902273920869318,0.0133008174216303
2018-03-01,-0.014647739779051323,0.017160680226928914,0.012499702225128613,0.01344158464388295
2018-03-02,0.0051419973096589206,0.01719728101913914,0.011414117216851073,0.012855060933268924
2018-03-05,0.011491840313756845,0.01667711344280914,0.011429704118278402,0.012725312248347382
2018-03-06,0.0025315717392310638,0.013681624447193052,0.010285537422968569,0.012098805733758735
2018-03-07,-0.00036658090531663603,0.012967672733673439,0.0092011249516272785,0.011478520301891015
2018-03-08,0.0048274453302608296,0.01295554650915288,0.0085081964001601351,0.010995963274333791
2018-03-09,0.017252473366030117,0.010471436038703739,0.01083702414115951,0.011772207576406627
2018-03-12,-0.0012556575473224988,0.0099304922156892971,0.0097091816835451587,0.0111751533182959
2018-03-13,-0.0064837521345073,0.0094916361226410027,0.0091554560519734145,0.010798127184509853
2018-03-14,-0.0051449191391715141,0.0095449511079769081,0.0085059942984589392,0.010372396777911406
2018-03-15,-0.0010899001427597148,0.0090652827221427146,0.0076235902085940001,0.0098461536479329329
2018-03-16,0.00108357099358463,0.0086139243565704522,0.0068359437793536482,0.0093471642813554162
2018-03-19,-0.01362293343805656,0.0091364441770161037,0.0086313941501434729,0.0098585477448838183
2018-03-20,0.0016995598198610239,0.0090358326803455565,0.0077574785011859347,0.0093680690450309457
2018-03-21,-0.0019208714931453891,0.008977061379126133,0.0069914753532945607,0.008908064918855171
2018-03-22,-0.025314727636498054,0.01060874754776075,0.012933354907161401,0.011640524132086673
2018-03-23,-0.021545364176155782,0.011101894165838504,0.015055161202069943,0.012975819573770309
2018-03-26,0.02699120650536993,0.012369873896542783,0.018084008094981445,0.014979560311020114
2018-03-27,-0.017157990914061685,0.012642766681445219,0.017902636941659972,0.015211448636505413
2018-03-28,-0.0029591146989347327,0.012453676148416446,0.016067196380582422,0.014461154471171495
2018-03-29,0.012696776789190956,0.012346118524444168,0.015452037658272398,0.014294520063948591
2018-04-02,-0.021821197540824837,0.013225462899603231,0.016918785614141302,0.015215664286659847
2018-04-03,0.012735484912661202,0.013282295660651745,0.016168944322927949,0.014986128696630243
2018-04-04,0.010642356767797061,0.013481910959581298,0.015224971590415871,0.014609983700814851
2018-04-05,0.0078612851681043091,0.013595778545886367,0.014064130575404498,0.014081421867613146
2018-04-06,-0.022538257484051832,0.014459551700133102,0.01611938042100582,0.015141172433932128
2018-04-09,0.0049162978288719,0.013978724645819864,0.014584290760750717,0.014448065297501828
2018-04-10,0.015775237303535469,0.01441418795940261,0.01483013324255269,0.014586217568481373
2018-04-11,-0.0052557030232698188,0.014389162003234974,0.013471108508480458,0.013937152151226876
2018-04-12,0.0081931225889322196,0.01445962780972505,0.012593731103579192,0.013473400270664057
2018-04-13,-0.0029374195656623847,0.014472486447219476,0.011340517502669515,0.012815697668822049
2018-04-16,0.0081883273396373395,0.014585835351158231,0.0107840442648801,0.012430718664940135
2018-04-17,0.010641566482926622,0.014461311281441199,0.010755699698653927,0.012263555096107192
2018-04-18,0.000739988764750237,0.014457263847916454,0.0096258806080529932,0.011636582985263615
2018-04-19,-0.0055628252901763868,0.014504318042019916,0.0089618673849928016,0.011178710110586847
2018-04-20,-0.0085158199071745586,0.013489233837884643,0.0088744516089302259,0.010941623400210135
2018-04-23,-0.00014959611031156657,0.012599619542223654,0.0079378327575377588,0.010380243170005481
2018-04-24,-0.013559229155247654,0.011468076819686635,0.009336910097361718,0.010740566696876504
2018-04-25,0.0024687474516428337,0.010821353382589554,0.0084238503624512913,0.010219259614622124
2018-04-26,0.010114172446674114,0.01103533847486623,0.0087879634045317321,0.010208799576446206
2018-04-27,0.00093880907381999892,0.010665943762133305,0.0078713984230839515,0.0096894667634783733
2018-04-30,-0.0077205335229706953,0.0096402518185559373,0.0078414576504503095,0.0095109333575852748
2018-05-01,0.0017752814387821444,0.0092185903226298244,0.0070584057197373845,0.009040311411554024
2018-05-02,-0.0067402457158062543,0.0090327717381378948,0.0069959313536816564,0.00883728457202952
2018-05-03,-0.0022059754425385425,0.0088737980274087823,0.0063346436312516803,0.0084127564752366508
2018-05-04,0.012863132683962006,0.007849754647925861,0.0080742928134300597,0.0089578481012458425
2018-05-07,0.0033775920257532472,0.0078090047515766521,0.0073781426611372204,0.0085650190387259253
2018-05-08,0,0.0069668966987464272,0.0065992114151976087,0.0081254905095239516
2018-05-09,0.0096194733146603775,0.0071960574094525288,0.0073038706459159141,0.0082870177448509021
2018-05-10,0.0093071638790686133,0.0072634732962863612,0.0077460881110522897,0.0083946129595300761
2018-05-11,0.003046665247276406,0.0072657230264493531,0.0070610154117620267,0.0080218944756943449
2018-05-14,0.00047622326416637054,0.0070320434651593546,0.0063191541075985277,0.0076117271851394702
2018-05-15,-0.0069107932440384094,0.0067952514006808726,0.0064418304511088204,0.0075445647981230044
2018-05-16,0.0041961655408819538,0.0068577294122895947,0.0060596455917787239,0.0072793676042921234
2018-05-17,-0.00084488206013857764,0.0067466208368714255,0.0054330662518949158,0.0069109808288064494
2018-05-18,-0.0025030547439508304,0.0064964757703309343,0.0049867448027973646,0.0066039396362806597
2018-05-21,0.0074903829492669414,0.0067088277903833045,0.0055781059803409081,0.0066978653704252485
2018-05-22,-0.0027839565000618259,0.0060169141797523805,0.0051422072907633069,0.0064148501032940137
2018-05-23,0.0027473256460291296,0.0060229486514307984,0.0047606088158983744,0.0061473613431692001
2018-05-24,-0.0020508004321518709,0.0056010155654438861,0.0043556714202187376,0.0058678466728769732
2018-05-25,-0.0023852808025864101,0.0056224359014442954,0.0040392340509266987,0.0056175990039760539
2018-05-29,-0.011567796912477758,0.0059432440503735424,0.0063099219057131404,0.00646398246078673
2018-05-30,0.013256552501186876,0.0066295835347171313,0.0081853117477774552,0.00742821517928062
2018-05-31,-0.0061447955183334827,0.0066005876879583099,0.0078199210430201383,0.0073100201005837631
2018-06-01,0.0097698766442469494,0.0069351976126108168,0.0082468800175591085,0.0075919564967289552
2018-06-04,0.0047400714401631553,0.0063990132572604285,0.0076747950767940814,0.0073566874902490954
2018-06-05,0.00072712547770999831,0.0063563668746375764,0.0068722431467966218,0.0069829533073265124
2018-06-06,0.0083261008849640095,0.0066234128394899103,0.0071865827682059151,0.0071286652886590135
2018-06-07,-0.00010829993913313092,0.0062644609300072608,0.0064280575046263087,0.0067629324117309004
2018-06-08,0.0029519928412757505,0.0059454199899370138,0.0058990500059937397,0.0064834370127711295
2018-06-11,0.0013291413728474626,0.0059137332743154124,0.0053096474587654846,0.0061650727187613167
2018-06-12,0.0012914142124718668,0.0059198217323908784,0.0047840814209976273,0.005862941627858065
2018-06-13,-0.0031959007630461911,0.0057590819810588697,0.0045113971640319576,0.0056531455179596969
2018-06-14,0.002514476984280666,0.0057098830747622639,0.0041888760304172185,0.0054216702475300676
2018-06-15,-0.0012765222814134247,0.005713890872201411,0.0037898875637084693,0.00515926432344302
2018-06-18,-0.002059112365187105,0.0057050225182280557,0.0035126324804816947,0.004937631202963969
2018-06-19,-0.0038400276520442838,0.0055208043540392717,0.003580507230552807,0.0048390869948453652
2018-06-20,0.0017047364580591215,0.0054988240875153433,0.0032919980104368133,0.0046223045430236406
2018-06-21,-0.0062885839719690455,0.0056424277446678736,0.0040717389890656229,0.0048149515259098804
2018-06-22,0.0018215474401251416,0.0056384930156029621,0.0037318700046206068,0.0046040401697681078
2018-06-25,-0.013706391010082837,0.0063954189063507019,0.0069795783461012537,0.0061533716569440585
2018-06-26,0.0022114318070763825,0.0058698558967966979,0.0063205772868435237,0.0058793390391581549
2018-06-27,-0.0083184956763929039,0.0053970610107938501,0.0067675129741141442,0.0061668226677478706
2018-06-28,0.0057010675526499924,0.0053726576773621545,0.0065680910264564948,0.0061218419415966568
2018-06-29,0.001438640409731336,0.0049189846866354442,0.0059098048217480978,0.0058254804527140876
2018-07-02,0.0021358166080450132,0.0048271194426512294,0.0053714967133533485,0.005567654040327814
2018-07-03,-0.0035375936302972501,0.0048888009752147566,0.0050581909109756427,0.0053991065215286066
2018-07-05,0.0081250404904369238,0.0048718570716404239,0.0058027142638380162,0.0057303529040413741
2018-07-06,0.0084224500902898777,0.0052231492568012251,0.0064128564124642717,0.0060536779330182628
2018-07-09,0.0089639809298913947,0.0055554678270735092,0.006997883445428241,0.0064044992213432815
2018-07-10,0.0035919329189589601,0.0056053537839206163,0.0064619420139381562,0.0061811040646471997
2018-07-11,-0.0073413301745633335,0.0058336403682522422,0.0066471333234402715,0.0063067389025861639
2018-07-12,0.009025611463641588,0.0061313745584796169,0.0071860863892800348,0.0066289988879254004
2018-07-13,0.00078670073125207635,0.0061080740952590687,0.0064370528725082822,0.0062937392251792446
2018-07-16,-0.00089443652632699921,0.0061046780858132919,0.0057713536615511003,0.0059774609794683428
2018-07-17,0.0040374674480300778,0.0061538731311655132,0.0054687335963767639,0.0058126715135426521
2018-07-18,0.002101251367062558,0.006111761346898021,0.0049808321774607502,0.0055542741058281801
2018-07-19,-0.0037785511049002519,0.0061580997770807567,0.0047647078645486028,0.0054030278181442281
2018-07-20,-0.0011437741071495414,0.0060008573892624756,0.0042922717375802515,0.0051385076203207987
2018-07-23,0.0018577379402223045,0.0060014120975951822,0.0039279912660662112,0.0049100869170656813
2018-07-24,0.0050192315515171998,0.0052804662395933471,0.0041691521179471371,0.0049211103133947514
2018-07-25,0.0084863762508801538,0.0055892514050803607,0.0053206371686450307,0.0053849282476269291
2018-07-26,-0.0023616836044855339,0.0052970501437752315,0.0048747157654403569,0.0051628927892849921
2018-07-27,-0.0067995339023499413,0.0053614657257260896,0.0053157328086452446,0.0053491384247565041
2018-07-30,-0.0052371253353205686,0.0054784308433713774,0.0053001045829207264,0.0053380428882008344
2018-07-31,0.0049171592167016973,0.0055672292583081656,0.0052257609804120123,0.005297459501014028
2018-08-01,-0.0016719228784442331,0.0055234119424029714,0.0047334899896176418,0.0050533456303266987
2018-08-02,0.0054328903638568805,0.0053556587103924247,0.0048813934001047414,0.0050925731829946875
2018-08-03,0.0042757427852245953,0.0051039490362170606,0.0047664238685149411,0.0050168784217161366
2018-08-06,0.0036602085389794894,0.0047647145125567746,0.0045666686441259152,0.0048981501450378927
2018-08-07,0.0032969408494154806,0.0047540399903325719,0.0043425261999328404,0.0047623176348765006
2018-08-08,-0.00042042811673757401,0.0044626200581217735,0.0038886217350047334,0.0045198869797866059
2018-08-09,-0.0013670073493751707,0.0039919080805026251,0.0035314083616894442,0.0043096764830280014
2018-08-10,-0.0067226812812127531,0.004261937048056076,0.0043606839756352173,0.0046081910344955299
2018-08-13,-0.0037505382089890824,0.0043390590465521321,0.0042456753478930555,0.0045297390471276799
2018-08-14,0.006360705872298012,0.0044760814558567957,0.0047447152882488892,0.0047447381562057255
2018-08-15,-0.0074954706661304084,0.0047564321039437795,0.0054079824920758085,0.0050871892243695037
2018-08-16,0.0080587162947414036,0.0050156673885701827,0.0060320478588539814,0.005457640114188562
2018-08-17,0.0035143582192266316,0.0050704086696251064,0.0056194860828916622,0.0052955002996605246
2018-08-20,0.0021377318023699638,0.0050759215347782475,0.0051163344808977497,0.0050690315452974468
2018-08-21,0.0023423832064650915,0.0049779195567159137,0.0046945558505064712,0.0048656190392478869
2018-08-22,-0.00059395644293268378,0.0046039540866916438,0.004207331762297796,0.0046197513133492919
2018-08-23,-0.0013286705461169129,0.0045832067410259631,0.0038097749973529439,0.0044027750929936356
2018-08-24,0.0060003486559244441,0.0045270641884292114,0.0043373200507796691,0.0045876359998153768
2018-08-27,0.0078643408301295632,0.0047133140052289697,0.0052363582303739369,0.0050126389586091407
2018-08-28,0.00048293356548953742,0.0045845465877447089,0.0046885182071928853,0.0047578584341379012
2018-08-29,0.0053665224979048244,0.0047242226128384676,0.00483173624357198,0.0048221832776678348
2018-08-30,-0.0040563501217056952,0.0046545851830064253,0.0046869324044549673,0.0047511581785985146
2018-08-31,3.427964597558236e-05,0.0045553400709825564,0.0041921478158540235,0.0045073574457402451
2018-09-04,-0.0017237694746578434,0.0044977589858669125,0.0038279967199996612,0.0043106591316733958
2018-09-05,-0.0026953624616616418,0.0044776772870212594,0.0036298543869705676,0.004177331901406062
2018-09-06,-0.0030138315748895542,0.0045271309827228275,0.0035152966373903395,0.0040759550671265301
2018-09-07,-0.00194579351942366,0.0045377070312084076,0.0032623719657826396,0.00391544122422162
2018-09-10,0.0017371239830334792,0.0042990630266677076,0.0030195987516532076,0.0037549130423411539
2018-09-11,0.003291958212013806,0.0042802412908490581,0.0030760004991412979,0.0037112172729380647
2018-09-12,0.0002420459962558524,0.0040373835415291014,0.0027533870976371466,0.0035216017532777341
2018-09-13,0.0058971075700224081,0.0039025832112448001,0.0036083358970626449,0.0038261075242420313
2018-09-14,0.00017178697222200741,0.0034618616152186825,0.0032283079948464874,0.0036301707927779182
2018-09-17,-0.0053082953005888561,0.0035743321205765006,0.0037380714021166776,0.0038312042344528499
2018-09-18,0.0054117571692510981,0.0037432220116082804,0.0041274647639496769,0.0040173405212123314
2018-09-19,0.00106511782754568,0.0037140405050591517,0.0037223201769095654,0.0038260384179582769
2018-09-20,0.008071073793545009,0.0041271744898244154,0.0049104969642300208,0.0044372216753514031
2018-09-21,-0.00091399536647904602,0.0041215373800256565,0.0044110613070505872,0.0042194290288594732
2018-09-24,-0.0033279071136943115,0.0039674436937636431,0.0042167478742654871,0.0041389273697857417
2018-09-25,-0.00092782035465192381,0.0035624793556016678,0.0037943300107132604,0.0039374779816750737
2018-09-26,-0.0029969894973266155,0.0036233541394691954,0.0036488273998062227,0.0038537714222910279
2018-09-27,0.0027904009793873279,0.0034753465892297577,0.0034940550424992539,0.0037609882371946986
2018-09-28,0.00010353623585213999,0.003354977062124947,0.003125520830587833,0.0035681369429295512
2018-10-01,0.0034677666190503385,0.0034434114768479413,0.0031969024750202702,0.003558227318703621
2018-10-02,-0.00058265203617471992,0.0034242499483190386,0.002871244508376863,0.0033806555319845499
2018-10-03,0.00054822131396810151,0.0033730203229495447,0.0025797956010748637,0.0032118535620810702
2018-10-04,-0.0078460185777722326,0.003741805371351901,0.0041995568550990681,0.0039294279133357665
2018-10-05,-0.0056126925334588984,0.0039226161792639928,0.004517685880890427,0.0041287522450501402
2018-10-08,0,0.0039033367396628924,0.0040407410922648048,0.0039168782966676301
2018-10-09,-0.0014606208957723633,0.0038471884447968266,0.0036727038459433768,0.0037444737109415
2018-10-10,-0.032174933943127135,0.0081583851544771279,0.014759277681544064,0.010776901802429038
2018-10-11,-0.02227291399078812,0.0094670264247135316,0.016537398878691559,0.012415140795713231
2018-10-12,0.013792918738098629,0.0099566733477513773,0.016026146473856948,0.012559721717109177
2018-10-15,-0.0056327451306936475,0.0099655825263392193,0.014553881275545869,0.012047602683556459
2018-10-16,0.021629606051183303,0.01101092512928863,0.01621790182890576,0.013319693809231939
2018-10-17,0.00017847740422267071,0.011008421372415889,0.014505951972289976,0.012636297094992041
2018-10-18,-0.014546191284759388,0.011336128684355211,0.014514008759693813,0.012840076788512398
2018-10-19,-0.00054281642383686806,0.011334936111653347,0.012983993613490898,0.012182375782596927
2018-10-22,-0.0044986291218990435,0.011355127104802224,0.011786212492544737,0.011644441512378492
2018-10-23,-0.0051039516000282838,0.011410450698042578,0.010786190630738005,0.011164172540552492
2018-10-24,-0.03076704631914938,0.013307135108292102,0.016804634911209253,0.014381793614990169
2018-10-25,0.017781570609731873,0.013874427576534318,0.017004512761881838,0.014757059807449544
2018-10-26,-0.017743908483918117,0.014430575837546204,0.017154941593381604,0.015082385805075557
2018-10-29,-0.0055557816437111262,0.01446318029413283,0.015543711229702731,0.014415866133642125
2018-10-30,0.014709946067863685,0.014831916117508292,0.015380574426782671,0.014445543536908771
2018-10-31,0.010624022244651157,0.015020459407724181,0.01455416179273851,0.014110043945166803
2018-11-01,0.010585536463611699,0.015104266932031993,0.013851700864365289,0.013798165252791032
2018-11-02,-0.0059405031864101102,0.015110534159509562,0.01267097506469949,0.01322419697825814
2018-11-05,0.0055019233916813364,0.015160534312355282,0.011597289315774398,0.012665644999311625
2018-11-06,0.0063082437336044548,0.015222510532634606,0.010749720153545021,0.012180151921219406
2018-11-07,0.021182278267196718,0.014226663482116582,0.013497517150254578,0.013356248799737213
2018-11-08,-0.0018159405788235677,0.013332617933497838,0.012099830718414899,0.012683856188833716
2018-11-09,-0.0098165231388411701,0.013155404855860907,0.011678936083330461,0.012426930421091697
2018-11-12,-0.018862019785292092,0.013757437099811818,0.013426585437368828,0.013212241246649405
2018-11-13,-0.0018730442366463301,0.012886058256675352,0.012038281278822926,0.012548219648816356
2018-11-14,-0.0068599571314604093,0.012976974041644449,0.011195891000163487,0.012100327925473518
2018-11-15,0.010382397335112155,0.012775444413173288,0.011037989631942141,0.011939663301618234
2018-11-16,0.0025972850108996809,0.012788062478029008,0.0099407721016759355,0.011356698143527136
2018-11-19,-0.017059262932226059,0.013306899764133439,0.011715752231083213,0.012049023970013324
2018-11-20,-0.018679367257888574,0.01390025191475597,0.013401150417151541,0.012866738393332945
2018-11-21,0.0034021271158241112,0.012102279528215092,0.012082531182866523,0.012253779338858841
2018-11-23,-0.0067013313854797528,0.01152828474789337,0.011214794527567446,0.011816530011416256
2018-11-26,0.0160151357295964,0.011401020280487954,0.012325348170495,0.012301048760303752
2018-11-27,0.0033586351897769606,0.011357990555964032,0.011125980949414806,0.011718031557255435
2018-11-28,0.022764560903858356,0.012004002893229785,0.014236397307552504,0.013244000926219329
2018-11-29,-0.0021875806664419279,0.011776751185557774,0.012770947829868724,0.012583392046564697
2018-11-30,0.0060770308006274061,0.011616182873173205,0.011741539398602627,0.012091344432815166
2018-12-03,0.013154227099802554,0.01190894244537583,0.012037347551590681,0.012201799794824995
2018-12-04,-0.032939151883882543,0.013948431397771998,0.018245978576884425,0.015572228456217833
2018-12-06,-0.0015179861050662194,0.013881075448213024,0.016333812896734651,0.014780909896379648
2018-12-07,-0.02351007252627671,0.014067195366492719,0.017999429353026345,0.01587136158769888
2018-12-10,0.001894827285789761,0.014067715592516504,0.016121465185158071,0.015068813617104449
2018-12-11,0.00022741167837464106,0.013895502922483045,0.014419835470188391,0.014295712680782143
2018-12-12,0.005022995851615729,0.013287503012829941,0.013091654649237901,0.01365480536949768
2018-12-13,-0.00033949220289441014,0.013281117585810855,0.011710516135298867,0.012954530644008644
2018-12-14,-0.018637068823050343,0.013834816603468815,0.013385701975880798,0.013629816991339782
2018-12-17,-0.019813389116933047,0.014340186928536157,0.014894820964666862,0.014368429243503731
2018-12-18,-0.0010972357259651903,0.014330522076528953,0.013331366715504094,0.013635504231851838
2018-12-19,-0.015088821409267365,0.014219583924024672,0.01370090424412759,0.013787731185486644
2018-12-20,-0.016412002220890606,0.014079002797057498,0.014284347554757493,0.0140721981157447
2018-12-21,-0.020702258295313709,0.014800971969442949,0.015778173777635424,0.014868841033533189
2018-12-24,-0.026778272729161893,0.015895822521694303,0.018508803102234482,0.016452409530162134
2018-12-26,0.049289824023493294,0.01900861074967555,0.027567335458386525,0.022058156691801029
2018-12-27,0.0076480647220183058,0.019070603184361774,0.024893070646639964,0.021065501142276673
2018-12-28,-0.0012909825498412795,0.018380967764383773,0.022272523435023825,0.019988658487555721
2018-12-31,0.0087209102944312712,0.018477646341319605,0.020299337314396544,0.019162391524944682
2019-01-02,0.001039565891291362,0.018429078490510856,0.01816223047346853,0.018182012918925624
2019-01-03,-0.02415206139850613,0.018977495961522726,0.019507888316692635,0.018864231799500912
2019-01-04,0.032946973323877013,0.018978174811829257,0.022837398615037027,0.020708056943305849
2019-01-07,0.0078537632618847619,0.019056232181789722,0.020726160760652763,0.019801752949369179
2019-01-08,0.0093517386340905128,0.018435741380013873,0.019003946826835896,0.019016939276053337
2019-01-09,0.0046624662532252833,0.018460335080564771,0.017125061001650701,0.018101199977969318
2019-01-10,0.0035212960503743784,0.018477049596103714,0.015397859481859245,0.017208371484996224
2019-01-11,0.00038619182458617997,0.018443082568184683,0.013773347092248185,0.016325751396539325
2019-01-14,-0.0061198426302533811,0.018493624727457834,0.01261961040851288,0.015608407675908258
2019-01-15,0.011395667833068918,0.018197258065773707,0.012384502515743037,0.015239628463180485
2019-01-16,0.002417117432559492,0.017657967168718917,0.01112965468406424,0.014477772404430215
2019-01-17,0.0075580699972280958,0.017736962234942841,0.010512861414753376,0.013941224717482065
2019-01-18,0.013222219186516226,0.017662320254104899,0.011107727946970247,0.013871001405184392
2019-01-22,-0.013602629819304711,0.017542560896678973,0.01164953233891089,0.013844398354008323
2019-01-23,0.0020904374762872359,0.01692721962785115,0.010461513692612447,0.013150574971850021
2019-01-24,0.00053131879510489699,0.01583322723877675,0.0093600787883959882,0.012476862179547651
2019-01-25,0.0084256808905203567,0.011522428220858619,0.0091808104017978929,0.012132769292687135
2019-01-28,-0.0076291343915923576,0.011521800726599942,0.0088921629550972447,0.011760274265301487
2019-01-29,-0.0013278652940328548,0.011522010306289179,0.0079755310082666227,0.011164675021670397
2019-01-30,0.015706782035940461,0.011886511589877214,0.010011387330233823,0.011698515790390419
2019-01-31,0.0087439767086573104,0.012044001799578308,0.0097710657943277292,0.01143745851998453
2019-02-01,0.00048094242841710132,0.010765846048470024,0.0087421531975569646,0.010851591690562046
2019-02-04,0.0070112387576895278,0.0080053833153079478,0.0084244695860991696,0.010530768485183809
2019-02-05,0.0041836314868198251,0.0078662075218748091,0.0077638846416719764,0.010077581735785499
2019-02-06,-0.0013196000461096157,0.0075889088291576819,0.0069692605518584614,0.0095695361802682465
2019-02-07,-0.0095786755866440112,0.0078161473206978822,0.007563509721722211,0.0095704505136557545
2019-02-08,0.0012210301830839561,0.0077811778273301057,0.0067870115949561728,0.0090875333397848132
2019-02-11,0.00055422828639565245,0.0077816855258958434,0.0060755456471615656,0.0086229723924453432
2019-02-12,0.012777493884628757,0.0081758928216782416,0.007885599148000114,0.0091239532325609624
2019-02-13,0.0032415472226130547,0.0078024062047107774,0.0072005322593290417,0.0087162281504448193
2019-02-14,-0.0022204780441361328,0.0077994836935783522,0.0065164588852388745,0.0082987000263893811
2019-02-15,0.010838159511127977,0.0079905575438562072,0.0075805362237863954,0.0085865097725479241
2019-02-19,0.0017295164773665336,0.0074335198400984678,0.0068242119692464593,0.008164218137164338
2019-02-20,0.0020132077016559555,0.0067976680248145408,0.0061698052036483842,0.0077713777759856389
2019-02-21,-0.0035622352532665696,0.0068281966970389378,0.0057437880358432777,0.0074581387278151827
2019-02-22,0.0061808462601094238,0.0069656513101724596,0.0058338197519960137,0.0073404179720308752
2019-02-25,0.0013607564326885296,0.0067129186018391783,0.0052532936271299079,0.0069770142762225163
2019-02-26,-0.00071641751728696609,0.0064945172476192099,0.0047095993415671887,0.0066228529196607619
2019-02-27,-0.00042971728962391825,0.0064884378563039831,0.0042167750896001579,0.0062844592775204893
2019-02-28,-0.0018642859332844751,0.0054716043187481725,0.0038626501437777679,0.005991038455379522
2019-03-01,0.0062243350248204583,0.0052964813519851932,0.0044367242653586738,0.0060147753280212629
2019-03-04,-0.0036437521615994817,0.0053577043518387955,0.0042898722275249825,0.0058212939286237777
2019-03-05,-0.0013607903109310283,0.0051322227143180531,0.0038849392578078844,0.0055393042640859893
2019-03-06,-0.0060756683965243526,0.0052259218030614356,0.0044110034824731727,0.0055952548828057495
2019-03-07,-0.00840035371412029,0.0055454024744598105,0.0054478206543882553,0.0059357209954173954
2019-03-08,-0.0020022361769863476,0.005134626061307497,0.0049542698601902991,0.0056666039505808303
2019-03-11,0.014396994158074128,0.0060542143250333531,0.0078160424791320141,0.0070446223730038574
2019-03-12,0.0037639760207607929,0.0061111806075430401,0.0071906827996685643,0.0067882829558652078
2019-03-13,0.0065975340438818508,0.0055999717581817193,0.0070760318252814178,0.0067694499396937025
2019-03-14,-0.00063983262936090346,0.0055547071536032472,0.0063354603836371171,0.006425250642331134
2019-03-15,0.0049282387078358209,0.0056411543378228112,0.0060801277922746446,0.0062915987563766426
2019-03-18,0.003619133719084509,0.0051579301689277596,0.0056739747048815195,0.006077467096396125
2019-03-19,0.00024804063700847932,0.0051437105743948512,0.0050761694212102275,0.0057661250500453554
2019-03-20,-0.0030142351668533932,0.0051681127012378368,0.0047361502850398404,0.0055526515870882864
2019-03-21,0.011231262633592677,0.0056905163131258877,0.0065706276478684584,0.0063531780800878046
2019-03-22,-0.019433876677227253,0.0070253548679536674,0.010491598099940836,0.0086077953516649711
2019-03-25,-0.00075233943227930792,0.0070207783648462549,0.0093900003981266262,0.0081695365962009634
2019-03-26,0.0074261635965817002,0.0072127013963908986,0.0090314598561967614,0.0080982705532304643
2019-03-27,-0.0052426128390269805,0.0073067145869430035,0.0084113501641092676,0.0078595347378824371
2019-03-28,0.0037835337536756817,0.0073437086227773028,0.0077112693377711459,0.0075515939001579652
2019-03-29,0.0062855813165204515,0.0073463164671502493,0.0074479961289623236,0.0074347001713769055
2019-04-01,0.011789027849845292,0.0077623178256875222,0.0084955489874707791,0.0079778072011604407
2019-04-02,0.00049006657490047547,0.0077571256774569414,0.0076018099902838638,0.0075699989094967588
2019-04-03,0.0015721882889952667,0.0076453188457668835,0.0068355224603474478,0.0071987202155945253
2019-04-04,0.0026498098014619176,0.0074346269392968015,0.0062276634656599963,0.0068805206682750926
2019-04-05,0.0048284960330298833,0.0074992632263539962,0.0059741031612627919,0.0067036442025217285
2019-04-08,0.00076251991450675062,0.0067752748084314108,0.0053542706495966329,0.0063642049540068085
2019-04-09,-0.0051385674520624536,0.0068202798130642672,0.0053118307995628665,0.0062524620568927798
2019-04-10,0.0034055741788859804,0.0067022190899639882,0.0049891907412051035,0.0060285775390538842
2019-04-11,-0.00027758619259002766,0.0067009793422240747,0.004464194240908958,0.0057198844253514552
2019-04-12,0.0067431057867083696,0.0067795443128119033,0.0050037105538389953,0.0058302930990229238
2019-04-15,-0.00065499533104480215,0.0067326640781888132,0.0044850305709122984,0.0055349785678746712
2019-04-16,0.00065499533104473547,0.0067340285361764066,0.004022213713162491,0.0052550252958970421
2019-04-17,-0.0024498605863139031,0.0067225702293544016,0.0037607081649546773,0.0050451901315712025
2019-04-18,0.00196698981281976,0.006251347048241057,0.0034768017640229025,0.0048265364403168838
2019-04-22,0.0008614689639714632,0.0044980738345499188,0.0031335197717945592,0.0045869512190914678
2019-04-23,0.0089517828548337369,0.0049204764305907671,0.0048869254326417734,0.00519129569237794
2019-04-24,-0.0022216475544217492,0.0046583772827716412,0.00448249659437399,0.0049747530244966323
2019-04-25,-0.00061631078652023329,0.004510567745741708,0.004018729696306505,0.0047234875661763603
2019-04-26,0.0046459399912196003,0.004550681589143098,0.0041517589498889906,0.004715790193513889
2019-04-29,0.0015666490123610679,0.0043423491059371312,0.0037789627846769084,0.0045011385611987975
2019-04-30,0.00051001388382643112,0.0034525269852234879,0.0033876939966174021,0.0042731996125350002
2019-05-01,-0.0075447474409209622,0.0038411059629576507,0.0045349552678312878,0.0047038848657721937
2019-05-02,-0.0021611608638368585,0.0038553906458146537,0.0041697456374292915,0.0045145255758866432
2019-05-03,0.0097399540235293958,0.0043881998190217217,0.0057343494679677294,0.0052753689440500568
2019-05-06,-0.0041234353406033111,0.0043520931636420448,0.0054503903399896686,0.0051717344911621924
2019-05-07,-0.016840900681255024,0.0057526028771169016,0.0089715434033270629,0.0072411150700674946
2019-05-08,-0.0013902031274925233,0.0056452483847593783,0.0080484412017087555,0.0068835774990721015
2019-05-09,-0.0030305121756830831,0.0056345481410297492,0.0073252116304775208,0.0066002784541150149
2019-05-10,0.0050109787169311283,0.0057445431005383541,0.0069245188919760956,0.0064589704191011024
2019-05-13,-0.025451297360906174,0.0079444778632122379,0.012958120117475411,0.010115499133639808
2019-05-14,0.0090031554857952171,0.0081942734888429854,0.012269542099174593,0.010009828735824674
2019-05-15,0.0058400186777583917,0.0082963822220048916,0.011280713376823627,0.009674067707233806
2019-05-16,0.0092190960267204743,0.0085310874867436902,0.0108996303488704,0.0096295379203115896
2019-05-17,-0.0064864381183741505,0.0086423200145251955,0.010171348449753984,0.0093628301516793903
2019-05-20,-0.0066340028405507002,0.0087665893298984991,0.0095690679884060381,0.0091267370386749133
2019-05-21,0.0089756151367663978,0.0087678076518165563,0.009453358300099482,0.0091117376380218211
2019-05-22,-0.0030767196875838144,0.0087807161056628995,0.0085665644996836977,0.0086987359374408948
2019-05-23,-0.012293323183282292,0.0091999061475321626,0.0094304814744273768,0.0091221590485616785
2019-05-24,0.0022653073746948574,0.0091550868962774878,0.0084954992891520947,0.0086836379983688192
2019-05-28,-0.0093437937422831685,0.0093839341801246479,0.0086717992848804465,0.008751894660465033
2019-05-29,-0.00673322535625591,0.0095032642378149856,0.0083202972909282476,0.0085714483316940947
2019-05-30,0.0027270675252300336,0.0093721777266933693,0.0075411708020025111,0.0081771904454603327
2019-05-31,-0.013566704294374458,0.0098390526880034641,0.0090722929149239778,0.008864837605071783
2019-06-03,-0.0025461543063992195,0.0096118555787051158,0.00819400874650149,0.0084483786233255954
2019-06-04,0.02147475443302618,0.010704946782372002,0.012080829402899033,0.010504955926734586
2019-06-05,0.00862456392307334,0.010204618756660183,0.011473176187185286,0.010332327879364375
2019-06-06,0.0064815885196831853,0.010302337609441886,0.010663452321150697,0.010014109967434459
2019-06-07,0.0099573601725792722,0.010518384433785256,0.01052602378135528,0.010008449468150897
2019-06-10,0.004578047448131113,0.010508512817410757,0.0096348038383764455,0.0096045825794050504
2019-06-11,-0.00024192917956534729,0.0088342142408037016,0.0086183096920904294,0.0091120282508858792
2019-06-12,-0.0017670437575421115,0.0086108433384542611,0.0077488514172900213,0.0086624706247441317
2019-06-13,0.0041182162385498605,0.0085609180197538711,0.0071713108723078798,0.0083204884526597994
2019-06-14,-0.0011059740247607711,0.0083126944903938443,0.0064332569830929396,0.0079012526308241231
2019-06-17,0.00038048201869447915,0.0081856236198457593,0.0057565953168275796,0.0074967519953076742
2019-06-18,0.010416182289677582,0.0083802611555932258,0.0069433480693204168,0.0078377832823071803
2019-06-19,0.0022547491134811176,0.0081519867737879954,0.0062916488015731797,0.0074696821524645159
2019-06-20,0.0095091922274349629,0.0083965954409588889,0.0070535681096542671,0.0076979873989759936
2019-06-21,-0.0014543316255305589,0.0079405465352550657,0.0063423398330134453,0.0073174187418116026
2019-06-24,-0.0012254076739949575,0.0079291096348728298,0.0056991705045068052,0.0069527201680682285
2019-06-25,-0.0098564163000732039,0.0079600818237587287,0.0067390076426445782,0.0072952847915589494
2019-06-26,-0.00099804003032594418,0.0078195837901472963,0.0060440545982415007,0.0069281072856278341
2019-06-27,0.0035399375860274995,0.0078358537309233048,0.005633001723043712,0.0066672272584898098
2019-06-28,0.0051323786820211227,0.0073153876157492827,0.0055364996989599596,0.0065299968206945615
2019-07-01,0.0090377000774699307,0.0075680084576837791,0.0063920472206740594,0.006822373113476202
2019-07-02,0.0026009891778299063,0.0058783292994518226,0.0058343502703985164,0.006524324630170812
2019-07-03,0.0079631319967460677,0.0058314812671837416,0.0063177534536953553,0.006682161163248628
2019-07-05,-0.0011386132513745318,0.0056542414424395372,0.0056736668027462462,0.0063494719500196226
2019-07-08,-0.0055099468462212337,0.0053414390309622093,0.0056413029381965039,0.006270579404209449
2019-07-09,0.0012458081086530127,0.0052498235105381211,0.0050764009535418627,0.005961824657133478
2019-07-10,0.0047666045705042417,0.0053566544000878142,0.0050159726015207634,0.0058532956384689337
2019-07-11,0.0023415835512468255,0.0053676600913526735,0.0046070150441321024,0.0056020767757086719
2019-07-12,0.0044669815879270179,0.0053815876683625027,0.0045793509359802736,0.0054991208598765056
2019-07-15,0.00033264048563926165,0.0053764169657619931,0.0040985965810784539,0.0052179844938102932
2019-07-16,-0.0032307937943301147,0.0054240688130295688,0.0039403554225271092,0.005054545361753952
2019-07-17,-0.0068279384336997692,0.0051309567311184842,0.0046631823184977361,0.0052588649210704198
2019-07-18,0.003654027657747457,0.0051710848189284271,0.0044795757715610316,0.0051210629799502399
2019-07-19,-0.0055703761223522656,0.0048754831423008932,0.0047179547797133181,0.0051677525535383734
2019-07-22,0.002453583458099711,0.0048954658038129831,0.0043601940553039502,0.0049635780428767505
2019-07-23,0.0071245092741302283,0.0051408594473868275,0.0050359468066451859,0.0052200823296833293
2019-07-24,0.0046885445364564732,0.004761314024225429,0.0049684100238964832,0.0051693886062897714
2019-07-25,-0.0047886097144341213,0.0048751252488564581,0.0049329742683170983,0.0051325820993211538
2019-07-26,0.0066778380563205795,0.0050368605640529101,0.0053278600138133856,0.0053073921295009934
2019-07-29,-0.0018227983241715742,0.0049212832149205044,0.0048346036660261819,0.0050679216122312357
2019-07-30,-0.0024579248676003924,0.0045207407666976122,0.004461725340829119,0.0048702757608194269
2019-07-31,-0.01100040912104778,0.0051136376373423116,0.0063346187398835314,0.0057834701927844184
2019-08-01,-0.0087463303798277475,0.0051772223326624379,0.0068848801504722253,0.006144388027708946
2019-08-02,-0.0075579953681131264,0.0054401262645484049,0.0070246650130790615,0.0063000383498824572
2019-08-05,-0.030534836140965818,0.0086426737164839122,0.01503169912112094,0.011356014120480562
2019-08-06,0.013925889437922785,0.0091823050978109538,0.014817140820744612,0.011638564804039348
2019-08-07,0.0005902610861363986,0.0091211907863062349,0.013255482311533687,0.011042889678115137
2019-08-08,0.019430304776806361,0.010089539527144115,0.014699442091216345,0.012145144938232644
2019-08-09,-0.0068350335124244153,0.010155638620995618,0.013498237472263228,0.011722877604291819
2019-08-12,-0.01224786867169758,0.010518173684893259,0.013257601188975295,0.011776429938338747
2019-08-13,0.015432138629608301,0.011046158670446454,0.013720108307350386,0.012191429864937334
2019-08-14,-0.030013744407519614,0.012834633881726249,0.018186755297312465,0.014961629298726419
2019-08-15,0.0026379987497504604,0.0128221754332859,0.016309453150740384,0.014218340968116725
2019-08-16,0.014647758572886126,0.013175149710542754,0.015990934178554676,0.014261864570175236
2019-08-19,0.011975670152621184,0.013433331682279748,0.015272567428011929,0.014049995390627568
2019-08-20,-0.0076920493604611768,0.013448972066090071,0.014086680849202587,0.013549128967035756
2019-08-21,0.0081024004818012977,0.013529899179939551,0.013110203682297678,0.013106711851016641
2019-08-22,-0.00030766063038940969,0.013487637503382305,0.011726929840574794,0.012434499245943571
2019-08-23,-0.026023453884642025,0.01461327126182318,0.015667186639784083,0.01438322319774824
2019-08-26,0.010997784319564267,0.014813140459810666,0.014851223577624634,0.014081353791258288
2019-08-27,-0.0039312981455368601,0.014829019381091806,0.013399182602826763,0.013416466846604433
2019-08-28,0.0070169011342892358,0.014707522253584876,0.012388617995757,0.012919950252778501
2019-08-29,0.012692074665005255,0.014850613928358077,0.012449901065319718,0.01289734387426539
2019-08-30,-0.00044434745829048661,0.014754471918137443,0.011137303002151691,0.012236301548111455
2019-09-03,-0.0058642470809299498,0.013145155014933621,0.010300946232974366,0.011755564954578017
2019-09-04,0.011286455174609526,0.013017979261590316,0.010505446621510055,0.011709499720398801
2019-09-05,0.012773610373830513,0.013326988397489761,0.010996569982062757,0.011820222397656512
2019-09-06,0.00077119556130732388,0.012600060305035708,0.0098416761588196455,0.011216299123883628
2019-09-09,0.00050349795749030763,0.012507530173635326,0.0088055422167350149,0.010641906805272683
2019-09-10,-0.00023478262657321955,0.012204120322191502,0.0078766162507075462,0.010096072240979272
2019-09-11,0.0070861953660306676,0.011812862309475756,0.0077250048415414647,0.0098366164763154431
2019-09-12,0.0034575554343741696,0.0097519335392385487,0.0070803600019932128,0.0093956686983995685
2019-09-13,-0.00066397374624392234,0.0097352092396787489,0.0063398241642336189,0.0089159866181285283
2019-09-16,-0.0030935872096691146,0.009193746324053103,0.0058368444138494971,0.0085148319900961722
2019-09-17,0.0025287163100847741,0.008813277369949574,0.0053417116549441916,0.0081173621365131596
2019-09-18,0.00059806880609366458,0.0086448459295882102,0.0047852527606196257,0.0077031279282801721
2019-09-19,-6.6509456043047966e-05,0.0084528774771275555,0.0042801635351891439,0.0073078590737834636
2019-09-20,-0.0047357753378989937,0.0085186726250460146,0.0043750832587027104,0.0070927484533963702
2019-09-23,-0.00023499772065339571,0.0062216988744907492,0.0039146043991963022,0.0067291823391636653
2019-09-24,-0.0078779457064498733,0.0059803908998948699,0.0049670622899778529,0.0068527299898447887
2019-09-25,0.0058974978571168053,0.0060606389191920317,0.0051665716320356469,0.0067632806817265884
2019-09-26,-0.0020852161969139799,0.0058725552668152303,0.00471427568781662,0.0064500063318280315
2019-09-27,-0.0054017396420392621,0.0052812315755621638,0.0048595549632313847,0.0063529680172811649
2019-09-30,0.0046270571660089578,0.0053807079108985374,0.0048139537966245998,0.006202027746430124
2019-10-01,-0.011966311719493562,0.0058644845246194292,0.0068686129719505162,0.0069955625197370011
2019-10-02,-0.017822206796979139,0.0066260491980358657,0.010063224450921057,0.0087067336574758684
2019-10-03,0.008159308734604593,0.0062509989463284945,0.0097123453853851013,0.0086535496639621994
2019-10-04,0.013441473306910111,0.0069338957974813698,0.010564012648614372,0.0092446119482665137
2019-10-07,-0.0043242574456601448,0.0070000853954424944,0.0096446115050496974,0.008876175151058225
2019-10-08,-0.015646248439726753,0.0078255155684007725,0.011107467889406657,0.0097666957465051777
2019-10-09,0.0094513711311719761,0.007949490957662805,0.010796590090542022,0.0097356228794174843
2019-10-10,0.0067405595096792165,0.0080540939361327633,0.010116329105325584,0.0094787990703235278
2019-10-11,0.010313832961433017,0.008376463668701881,0.010156137145838198,0.0095655832895670187
2019-10-14,-0.0011141880952466239,0.0083515687303326817,0.0090975810192807528,0.009081546499018673
2019-10-15,0.0098517098564899364,0.0086186883748891416,0.0092533249019578975,0.0091614767828173092
2019-10-16,-0.0016077974621389033,0.0086251467015101332,0.0083076001305315231,0.0087061985059965503
2019-10-17,0.0029449430865061449,0.0086502351954338211,0.0075463576578106853,0.0083117610746165551
2019-10-18,-0.0043867714752819694,0.0086410288005877387,0.0070289945166394805,0.0080063232100006185
2019-10-21,0.0067563529400292656,0.0087719457812199947,0.006975318784256869,0.0078902421200948807
2019-10-22,-0.0032719050343712956,0.0086243376260830527,0.0064082080353554558,0.007556511423781602
2019-10-23,0.0029049767289780343,0.0085476382661956504,0.0058770640747482219,0.0072273554906036042
2019-10-24,0.0016327697487562372,0.0085427168074893624,0.0053070795284645622,0.0068758849869705943
2019-10-25,0.0040863466438933521,0.0085061144090380798,0.0050864250978432581,0.006649799832179064
2019-10-28,0.005620986035126424,0.0085359986902016228,0.0051977372983052052,0.0065541896850756813
2019-10-29,-0.00029662401055730259,0.0081060497235645752,0.0046508897620221338,0.0062185577721462978
2019-10-30,0.0030626544818223001,0.0070919307659436546,0.0043795651562445193,0.0059784111548530717
2019-10-31,-0.0026670641576493096,0.006879129857667996,0.0040947672718283255,0.0057339849201865044
2019-11-01,0.0092210334315941077,0.006522280294725861,0.0055153591648834932,0.0061719908063032009
2019-11-04,0.0040101419860413719,0.0065122378686256919,0.0052489615281285729,0.0059910138821908342
2019-11-05,-0.0011073606130186857,0.0054982087921470529,0.0047208608541739611,0.0056943522331929447
2019-11-06,0.00022846743922133093,0.0050760702297766554,0.0042237023140527493,0.00540261995305805
2019-11-07,0.003510619130859669,0.0049102906417590369,0.0040910412276802125,0.0052442269963893307
2019-11-08,0.0024628178354035397,0.0043698364103531787,0.003821307236972674,0.0050356997805400365
2019-11-11,-0.0019113787898530172,0.0043836135711971562,0.0035231498655509648,0.0048153693461237086
2019-11-12,0.0021056886977372305,0.0038190253771544589,0.0032888984414939128,0.0046165350897406721
2019-11-13,0.00032369322241380353,0.0038027546676716564,0.0029452398590295152,0.004380825760236292
2019-11-14,0.0014545615710142676,0.0037594010216461518,0.0027134295890159478,0.0041813928114663003
2019-11-15,0.0072105184954165463,0.0039712072083151187,0.004035898351319892,0.0045754561473888324
2019-11-18,0.00073716072332789091,0.0036763081665527873,0.0036248395258483873,0.0043469138080035772
2019-11-19,-0.00028854932380032177,0.003603350752199789,0.0032447220856300367,0.0041248539077181276
2019-11-20,-0.0037258523511707188,0.0036409189692603451,0.003346486557409897,0.0040867071534779927
2019-11-21,-0.0016101534362408492,0.0036404153324186847,0.0030785867927975909,0.0039102835231327147
2019-11-22,0.0022214280539508188,0.0035587145822262999,0.0029273035087612883,0.0037755476116773912
2019-11-25,0.0077205442794931805,0.0037503353817994116,0.0043332026793409849,0.0043347392295731068
2019-11-26,0.0022632660409771539,0.0037837461390012152,0.0040057197858370469,0.0041741112930519823
2019-11-27,0.0044472923871022021,0.0038518388724704143,0.0040978426906596302,0.0042022286391560611
2019-11-29,-0.0037158263598744117,0.0038950442122343294,0.0040243415462981706,0.0041561508076395411
2019-12-02,-0.0085310234165950575,0.0038156145723403454,0.005245181790167799,0.0047774539909566736
2019-12-03,-0.0067288050925863874,0.0040023360086262408,0.005573590333378441,0.0050069293753296253
2019-12-04,0.0061512438863049199,0.0042248397859591261,0.0056938113450679421,0.0051328537605765867
2019-12-05,0.0017964353324395937,0.0042435857884183048,0.0051556790132151363,0.0049024776333077159
2019-12-06,0.0090925246601078237,0.004639557979409392,0.0061481397030955127,0.0054679300215018361
2019-12-09,-0.0031489553856345505,0.0046602597203179684,0.0056765201885633125,0.0052820474108160606
2019-12-10,-0.0011156851016381739,0.0046473207205016505,0.0051016914655961868,0.0050233950361980818
2019-12-11,0.0028344579954853893,0.0046666477519761032,0.0047358879921028316,0.0048491713862830908
2019-12-12,0.0085824802801169903,0.005045325635064761,0.005716178934455641,0.0053412464459198766
2019-12-13,0.00059870007006094031,0.0050366105055227976,0.0051197118711261225,0.0050706869765186294
2019-12-16,0.0068465844600398501,0.0050111528088982041,0.0055085663714229335,0.0052752489656221905
2019-12-17,0.00021902358739357133,0.0050086805392357816,0.0049279850893711365,0.0050050198418739224
2019-12-18,6.2373363491181918e-05,0.0050082843599709489,0.0044078121239619593,0.0047482196978913919
2019-12-19,0.0040907218452336603,0.0050225007420553946,0.0043462451862649456,0.0046866226422666701
2019-12-20,0.0043746438153394358,0.0051041903790013023,0.0043519397373495972,0.0046563654778179432
2019-12-23,0.0015265578120109877,0.0050914183910592201,0.0039519083153206295,0.0044437150439755281
2019-12-24,3.1345351909976181e-05,0.0047898069022445609,0.0035347220502293447,0.0042156898967971564
2019-12-26,0.0053090750884611246,0.0049087111767676392,0.0039538163382845356,0.0043374491357079572
2019-12-27,-0.0002480068514989724,0.0048072445650314275,0.0035381396791515558,0.0041156128637430634
2019-12-30,-0.0055285293521723754,0.0048936146018131533,0.0040159274484128371,0.0042779558201984499
2019-12-31,0.0024265797535557147,0.0045390483924907174,0.0037523054882039942,0.004130332229936166
2020-01-02,0.0093083316843428476,0.0047614463504232398,0.005347227779942878,0.004900835007553163
2020-01-03,-0.0076009803094688353,0.0048650001401608668,0.0058676448663378443,0.0052339139810113466
2020-01-06,0.0038082305242028692,0.0049226007714273266,0.0055176017405266552,0.0051092790075616826
2020-01-07,-0.0028161246809198398,0.0045271211637251058,0.0050932558169944101,0.0049282161682750918
2020-01-08,0.0053154992225739476,0.0046272839365302763,0.005138473533153087,0.0049683031650294496
2020-01-09,0.0067578911100466318,0.0048613756879851023,0.0055006314775470347,0.0051751852074299921
2020-01-10,-0.0028823608624036216,0.0048627837891870003,0.0050859766170960963,0.004993504596192298
2020-01-13,0.006854042903347405,0.0047236228679368945,0.0054853721244692219,0.0052095460213983083
2020-01-14,-0.0015256486196479418,0.004734033279914022,0.0049534802530392628,0.0049657016770264821
2020-01-15,0.0022568190327733229,0.0045079869969028245,0.0045440312194281324,0.0047646297910089556
2020-01-16,0.0082844067109597765,0.0048735118677687636,0.0054995322245650208,0.0052244298058345641
2020-01-17,0.0031075466472092806,0.0049227802826947702,0.0051114824644264995,0.0050528095880353029
2020-01-21,-0.0019595857277797612,0.0048568574471730902,0.0046550829887570542,0.0048334039642987789
2020-01-22,0.00012034552552042674,0.0047574061198180223,0.0041639806333453096,0.0045855275376384475
2020-01-23,0.0011458996370173314,0.0047520572755510018,0.0037594687081452262,0.0043652795003765923
2020-01-24,-0.0089326901566877427,0.0051547693348327622,0.0052216352478027155,0.0050129226952254019
2020-01-27,-0.016159205798461879,0.0061820975067074495,0.0086044387461522067,0.0069805764630995713
2020-01-28,0.010424715152022562,0.0066067381144222295,0.0089980014508328487,0.0073975044157839221
2020-01-29,-0.00082614645609413635,0.0064926791520152644,0.0080565332296674251,0.007022749904423484
2020-01-30,0.0032397616579473575,0.0065103971373496579,0.0073501968180892619,0.0067406765356381433
2020-01-31,-0.018324698919906488,0.0074055890025024121,0.010506152136380092,0.0086297454882988626
2020-02-03,0.0074013102158489554,0.0073954697644097993,0.0099628943963316827,0.0085148808426575243
2020-02-04,0.01512580241899469,0.0080874802621675249,0.01118773397814137,0.0093878573737587786
2020-02-05,0.011481699110727411,0.0084618130328842009,0.011247141687841532,0.0096177762975628214
2020-02-06,0.0033595289969188622,0.0084115322598374825,0.010171324590894443,0.0091858642667458877
2020-02-07,-0.005343658234068213,0.0083605116178168508,0.0094061475541888147,0.0088767989966329394
2020-02-10,0.0074374713703590284,0.0084999149009763759,0.009046749997978271,0.0087435348928481
2020-02-11,0.001731507258861105,0.0083695617559803176,0.0081286266920208364,0.0083128980457452904
2020-02-12,0.006422242930024101,0.0084850129059565304,0.0078172052786808534,0.0081436089636158695
2020-02-13,-0.0010677791930959436,0.0084733576595806999,0.0070082086995373058,0.0077330812421425605
2020-02-14,0.0016010924117914492,0.0082761340700293114,0.0063090958720909869,0.0073536957129683471
2020-02-18,-0.0025804025476924065,0.008267071833622696,0.0057598131949062308,0.0070238881188306153
2020-02-19,0.0047698409626850619,0.0083240643336964463,0.0055758976850399976,0.0068320306026975414
2020-02-20,-0.0041168941922115369,0.0083747694755578108,0.0053162271916463973,0.0066108894802108633
2020-02-21,-0.010351603983395748,0.0086849809856603469,0.0066363362067010569,0.0070745349140782302
2020-02-24,-0.03372814525534714,0.011327781608408694,0.016209575042913871,0.012601702982614701
2020-02-25,-0.03077015901629155,0.012751579269264787,0.019989016875150679,0.015414372995507245
2020-02-26,-0.0036852430821469112,0.01256376099697175,0.017954521431186886,0.014669720754588748
2020-02-27,-0.04595154759802119,0.016229331496501732,0.026080659830399242,0.020120514630127415
2020-02-28,-0.004210351178514234,0.016240466461762994,0.023403120842325362,0.019134374925450164
2020-03-02,0.042395076740620707,0.018352932952597618,0.028242403553823296,0.022566482370835694
2020-03-03,-0.029050461603826253,0.019398135072391652,0.028405854162068166,0.023296232439462237
2020-03-04,0.041173776693367761,0.021204059604368067,0.031377858722041747,0.025650945206865942
2020-03-05,-0.033806581742893124,0.022364367226440265,0.031878409750364142,0.026579360186410928
2020-03-06,-0.016669564628468282,0.022660413035294667,0.029471363788434117,0.02576050441309987
2020-03-09,-0.081312362183570158,0.029028461842778214,0.044913128098748568,0.035474120894573455
2020-03-10,0.050450454909133684,0.031099006703837213,0.046073863964284402,0.037243748038729728
2020-03-11,-0.04997679508469105,0.033043642572252799,0.046880451809543679,0.038706008524115043
2020-03-12,-0.10056881314450811,0.03994401536018799,0.06149015079630684,0.048577239567635766
2020-03-13,0.082027860826809573,0.043953337223307583,0.066110096856127287,0.052883176708595846
2020-03-16,-0.11588639136610866,0.051022058596387372,0.078628029772041252,0.062128358350267129
2020-03-17,0.052584923821316631,0.052356243660259504,0.074154760436030934,0.061240975184092661
2020-03-18,-0.051959616786738556,0.053619294753877861,0.070278753201697131,0.060377077728317234
2020-03-19,0.002122635494505253,0.053613492780137613,0.062866395137279443,0.057282658123156159
2020-03-20,-0.044050178634955722,0.054461635439297912,0.059580454493059577,0.05610003969041466
2020-03-23,-0.025900904666023038,0.054246964788185345,0.054534721220368565,0.053847736203032084
2020-03-24,0.086731204246642574,0.057197099086753245,0.062319250740691834,0.057981471210891859
2020-03-25,0.014859116630152042,0.057287596916457989,0.056134747525135163,0.055206387656723019
2020-03-26,0.056748881701303058,0.057769484183670283,0.056258110692043617,0.055362571036114194
2020-03-27,-0.030238504094981997,0.058156214685019886,0.05210425549694607,0.053384918821200208
2020-03-30,0.031959335783561714,0.057821692616908817,0.048745898098795121,0.051643920418227032
2020-03-31,-0.015017544142642527,0.057553696690293754,0.044113891140793025,0.04922334535314897
2020-04-01,-0.046048873025714296,0.057738106512990904,0.044507617939551221,0.048915169688693409
2020-04-02,0.022813094932384453,0.057467961163314603,0.041095375698504646,0.046962412343763839
2020-04-03,-0.014559693950202894,0.057439290345714412,0.037329088665887786,0.044789729008149731
2020-04-06,0.065006945632370472,0.056391331002629955,0.0442713144664868,0.047202734456873764
2020-04-07,0.0010189667502017007,0.055251893242522908,0.039600089473636982,0.044781605101976027
2020-04-08,0.033017199257736919,0.054611303563250932,0.038373959378998984,0.043747759767111538
2020-04-09,0.0151025816295646,0.049880803588220966,0.034980940540705649,0.04177665177302483
2020-04-13,-0.0091717558762579397,0.046431370045565523,0.031555620451207127,0.039738795661336895
2020-04-14,0.02906616703849987,0.039072131275767301,0.031073689174452853,0.038803851602426491
2020-04-15,-0.021477349729222807,0.037569090477887222,0.029406030629901009,0.037433843836880525
2020-04-16,0.0048129323212609499,0.035743596438815341,0.02638947846076441,0.035545461450323952
2020-04-17,0.02665671029308931,0.036234078123932596,0.026443140877642688,0.03475902569275769
2020-04-20,-0.01777473920797,0.035095363985834974,0.024951553666298122,0.033450934453165049
2020-04-21,-0.030833503535192042,0.035294149333636823,0.026233661817227579,0.033198479004864362
2020-04-22,0.021951532450072649,0.029894069253394474,0.025434975235959046,0.032250768752131127
2020-04-23,-7.1912830203379986e-05,0.029708853356332672,0.02274975618537723,0.030595774115694613
2020-04-24,0.013842487159505519,0.02704024614475076,0.021268850823387302,0.029353921363948213
2020-04-27,0.014315636645726616,0.026376190545683804,0.020071838550379393,0.028213138335782796
2020-04-28,-0.004609079454877066,0.025410542126978831,0.018070741128085231,0.026804988689062195
2020-04-29,0.025841686377682884,0.025841999870855219,0.019869572187219357,0.026710221868096289
2020-04-30,-0.009354145695497966,0.023794096411988274,0.018257599170236418,0.025511612281231787
2020-05-01,-0.02683022394463765,0.02400271244858098,0.020264356031038721,0.025646524457732037
2020-05-04,0.0027546090930128243,0.023788870592271739,0.018166806943797749,0.024346017789578522
2020-05-05,0.0091967907784243977,0.018943185135147103,0.016761339199210693,0.023279042507191691
2020-05-06,-0.0068014910984895253,0.019002772494051991,0.015297256277952724,0.022188926656392306
2020-05-07,0.011994301783609711,0.017714168167973877,0.014696172793008111,0.021389248398999711
2020-05-08,0.01641069265713662,0.017772250756832288,0.015054705659924441,0.020944713789292999
2020-05-11,0.00020535539561320921,0.017653581795572464,0.01346565127178297,0.019870006271456256
2020-05-12,-0.020133119565974873,0.017019811164356694,0.015037536767375974,0.019896474176364112
2020-05-13,-0.017844305514917728,0.016808661650062433,0.015639240949806104,0.019700879171159438
2020-05-14,0.01189658221653953,0.016983795924691625,0.014965774944046519,0.019064759189364285
2020-05-15,0.0045862607874181758,0.015936499089498849,0.013542019544466859,0.018144473468652264
2020-05-18,0.030005077431280957,0.01682825508235743,0.018076779829538529,0.019655284095501647
2020-05-19,-0.010324214449078334,0.01552367199807061,0.016814691671350992,0.018930296193838271
2020-05-20,0.016845293391135541,0.015201286094604747,0.016820816469148198,0.018732242085002706
2020-05-21,-0.0069281240176806147,0.015280012613786823,0.015360718532408776,0.017905504584302231
2020-05-22,0.0018978265821171258,0.014969240135231319,0.013765234767800628,0.01699725152929733
2020-05-26,0.012244833786521955,0.014877099022342164,0.013474885582521422,0.01658341035617027
2020-05-27,0.01476925124055376,0.015204355749581618,0.013743514456315557,0.01641102152084634
2020-05-28,-0.0018463170130647499,0.014069585649312709,0.012320273089153106,0.01557980594465755
2020-05-29,0.0044456219475417441,0.013948706606124427,0.011197500350218399,0.014847008904015467
2020-06-01,0.004033876417514938,0.012624855566910776,0.010176524115083184,0.014142755104699417
2020-06-02,0.0082460800679109662,0.012743919191006842,0.0098208391570769223,0.013668048631936863
2020-06-03,0.013220400201160448,0.012919650823058224,0.010588432447492354,0.013623945691772861
2020-06-04,-0.0026301132506800252,0.012843295453939287,0.0095433443036687972,0.012951542617089248
2020-06-05,0.02530608140696965,0.013775955943678506,0.01417532672053555,0.014663150622007147
2020-06-08,0.012015509692380274,0.013547326088428133,0.013770490359485393,0.014420278598698089
2020-06-09,-0.0074848919167288218,0.013650242340505745,0.012763457415354455,0.013883528084682739
2020-06-10,-0.0055953835972100763,0.0129471003186675,0.011687015858414791,0.013289392334879337
2020-06-11,-0.059377680074251357,0.018110546354159537,0.028537884468542867,0.022616764641905113
2020-06-12,0.011904998397314277,0.018110822873807247,0.026074402722208831,0.021783919235633473
2020-06-15,0.0092920793104331947,0.018200751431231579,0.023688987513995216,0.020873895116371544
2020-06-16,0.019065001627859231,0.017447803111914514,0.022839206662330285,0.020700120200215732
2020-06-17,-0.0041626599895535216,0.01731943273153129,0.020512655518226584,0.019681927052296082
2020-06-18,0.00038502661221457109,0.016905087013824312,0.01834788484338094,0.018672312438258024
2020-06-19,-0.0057312836185328918,0.016882665737985705,0.016609799064527756,0.017806585517845332
2020-06-22,0.0063946972186429306,0.016937795687741449,0.015129004279026878,0.017013413951224406
2020-06-23,0.0045930750884346687,0.016746550151451951,0.013686806937100074,0.016205562709296628
2020-06-24,-0.025839605868522835,0.017404731093492807,0.016834488218977151,0.017410535879073648
2020-06-25,0.0106633701585803,0.017562448384781201,0.015794349860114045,0.016857782474298033
2020-06-26,-0.024038158035836105,0.018339658329174842,0.017752064622294332,0.017707333258603849
2020-06-29,0.014590721858956194,0.018605749592573637,0.01716643444505514,0.017420780764784181
2020-06-30,0.012728012177469319,0.018731634759858107,0.016375275144041457,0.017009863950313883
2020-07-01,0.006980400957399862,0.018562636978055835,0.014975476898571989,0.016287250357257234
2020-07-02,0.0054921020643164207,0.018593917716494261,0.013617803188793132,0.015548742402151539
2020-07-06,0.01531912862066208,0.018040168328587451,0.013974648163379325,0.015525933834370721
2020-07-07,-0.010367199830776554,0.017988968599726561,0.013331481519262726,0.015089633611173502
2020-07-08,0.0076194374513166296,0.017991792636794672,0.012401366255927618,0.014516642896171415
2020-07-09,-0.0057092076990095629,0.017993580495080572,0.01138218425966713,0.013889533258267198
2020-07-10,0.010158727675155407,0.012354897080989188,0.011148239520767619,0.013562713427520924
2020-07-13,-0.0086964743559196072,0.012220411852756465,0.010702912163264609,0.013157330374649239
2020-07-14,0.012875795803049641,0.012381867178802767,0.011171351150689523,0.013129448582674133
2020-07-15,0.009144981517026288,0.011803323888944889,0.010796546050240337,0.012786995220584492
2020-07-16,-0.0032989087947205673,0.011789665299731789,0.0097687709124098677,0.012175582204466202
2020-07-17,0.0028951424994049114,0.011807111759854196,0.0088328635294386941,0.011586997317041577
2020-07-20,0.0080493266668152045,0.011874556433961613,0.0086818151593760062,0.011283254057297748
2020-07-21,0.0021252453386181834,0.011797725046164581,0.0078232004396615387,0.010725311495910285
2020-07-22,0.0056757614052550314,0.011821261045377868,0.0074434417846298033,0.010332013490545444
2020-07-23,-0.012003478763398572,0.010656553206928885,0.0085522254978227987,0.010511127567215032
2020-07-24,-0.0064613920027800772,0.010486383190873808,0.0081769411209330848,0.010178918465249638
2020-07-27,0.0072662796925345519,0.0091494547032353879,0.008003102960114479,0.0099261888490494703
2020-07-28,-0.0063628726692288116,0.0086655854146460293,0.0077030484428645719,0.0096293778314477056
2020-07-29,0.012223769707402871,0.0086292110399512571,0.0087950937131117974,0.0099193991886938841
2020-07-30,-0.0035742886489054035,0.0085244214034148908,0.0080273312256984725,0.0094780053899944684
2020-07-31,0.0078712000317645112,0.0086171567529990389,0.0079963488714330684,0.0093297859862642475
2020-08-03,0.0069281464021118478,0.0080573920128905428,0.0077944286982917612,0.0091181323280292992
2020-08-04,0.0038548801028327694,0.0077647040808514036,0.0071815398841506527,0.0087356919300665189
2020-08-05,0.0061919224079473398,0.0077009631387746644,0.0069948261384630093,0.0085155782221720214
2020-08-06,0.0066623974114103845,0.0077391509612245593,0.0069296162966916014,0.0083487914777465935
2020-08-07,0.00071775254565389847,0.0074000154484679453,0.0062063434773510229,0.0079236105467573297
2020-08-10,0.0029842777596121358,0.0071710592672025548,0.0057093031305395928,0.0075760038979442949
2020-08-11,-0.0082890796428917377,0.0068242382140390016,0.006310204596869407,0.0076503029801518749
2020-08-12,0.013846089477188029,0.0072093274682960163,0.0083784118068725207,0.0084761926299688536
2020-08-13,-0.0018090613568589647,0.0071828892329603164,0.0075374245019773677,0.00806154623193296
2020-08-14,2.9489129436104201e-05,0.0071536598122095493,0.0067416903236620111,0.0076478599520067546
2020-08-17,0.0031715584829377758,0.006959756093420341,0.0061945191401968653,0.0073243883008772366
2020-08-18,0.0021579799539430829,0.0069602597197602235,0.0056239691854540145,0.0069819542630975909
2020-08-19,-0.0041722593002291898,0.0069068726188822238,0.0053651442713890576,0.0067537909033092555
2020-08-20,0.0031085822275565746,0.0064018652301943207,0.0049960459500840437,0.0064821794757325742
2020-08-21,0.0035410686625627608,0.0062867604899932896,0.00474090851661132,0.0062506561581442133
2020-08-24,0.010082045075841029,0.0064781014252324109,0.0061895474335818979,0.0067326365903515534
2020-08-25,0.003493528588552714,0.0063680238493043504,0.0057523339911600439,0.0064819773304038977
2020-08-26,0.0099756397238424527,0.0061689845069770738,0.0068098571685950128,0.0069112781662058276
2020-08-27,0.0021840944875144291,0.0061364571469666443,0.0061687419682954882,0.0065928913364809178
2020-08-28,0.0064388116089495323,0.0060523740438222003,0.0062236935146452003,0.0065776457833129744
2020-08-31,-0.0036294072770034682,0.005906767372852618,0.0057984487759971228,0.0063447727590433076
2020-09-01,0.0093747911935843919,0.0062081584437577615,0.0066689540822344479,0.0067096347307315446
2020-09-02,0.014360186841529099,0.0068509112104653668,0.0087648703393425221,0.0078191287884404118
2020-09-03,-0.035020264605868011,0.010297405212166424,0.017514055734334961,0.013329170672464847
2020-09-04,-0.0081983912331632068,0.010458081879977465,0.016088394648774457,0.012908194049336571
2020-09-08,-0.027703141358659544,0.012136695719094256,0.018988469188624613,0.015056750325604211
2020-09-09,0.019554798104680249,0.012766497066827339,0.01910307816779375,0.015565158856314473
2020-09-10,-0.017516042937046856,0.012989931704032153,0.01879639402710968,0.015771110589217277
2020-09-11,0.00050908971920657321,0.012984130665658202,0.016813547430757494,0.014962655296764989
2020-09-14,0.013085222444093658,0.013309724188840978,0.01613694243180374,0.014785643469865276
2020-09-15,0.005039573594436908,0.013338503811266507,0.014608223343056731,0.014117133481608342
2020-09-16,-0.0039766580738356634,0.013359398583802352,0.013186467050720694,0.01345159815439834
2020-09-17,-0.0088340131184430314,0.013472384069878796,0.012438419842534609,0.013063495795320405
2020-09-18,-0.011579461728570621,0.013701319828732616,0.012271439089528715,0.012922763773561044
2020-09-21,-0.011192200540426309,0.013905483606564293,0.012063318135978775,0.012760273370357213
2020-09-22,0.010133097957191814,0.013907338940191472,0.011702771056543684,0.012522383409663961
2020-09-23,-0.023464128123240665,0.014843588000433283,0.014821502691639329,0.014006627306070146
2020-09-24,0.0026618461244759671,0.014687093196787822,0.01331009536362137,0.013314487978179019
2020-09-25,0.016037589122691365,0.01511067193668187,0.013898480630795934,0.013611335628651329
2020-09-28,0.016473093837522181,0.015486369253644912,0.014450147929749716,0.013924004233488113
2020-09-29,-0.0054609352681644395,0.015513223182216977,0.013153318324815852,0.013321872462423728
2020-09-30,0.0075535013618553293,0.015463457800449627,0.012240053224061537,0.012861982568676194
2020-10-01,0.0063995103381299006,0.015193928572574532,0.011315735453599721,0.012368626006716364
2020-10-02,-0.0095398551641588652,0.013194125990110241,0.01098355417864858,0.012115506676153961
2020-10-05,0.017577668251609151,0.013644522738464823,0.012581957484786403,0.012767317413391936
2020-10-06,-0.014317778762168547,0.012571783411183562,0.012947751969189826,0.012930732129663476
2020-10-07,0.017256878332653377,0.012402428156670369,0.013916730751226293,0.013426221920071198
2020-10-08,0.008823187164754517,0.011931976691226016,0.013057949386889192,0.013039246708177937
2020-10-09,0.0088905546750526043,0.012095916966660932,0.012337602126769522,0.012685580612966292
2020-10-12,0.015959401887799381,0.012267240128676048,0.013142056258973826,0.013049973593877081
2020-10-13,-0.0065472998363843952,0.012302791229281615,0.012113807873692331,0.012552224632930695
2020-10-14,-0.0063034912786881867,0.01235130283308216,0.011195636356218609,0.012073769466991105
2020-10-15,-0.0012364004560192917,0.012195455161249393,0.010028935933292028,0.011460854542162486
2020-10-16,-0.00060462546019708315,0.011918188137935598,0.0089742274961516627,0.010874402298409679
2020-10-19,-0.015320042084766462,0.012145580485029259,0.010553205447538239,0.011397268609662293
2020-10-20,0.0039977774632072027,0.011965795119426361,0.0096069017431961948,0.010886054429831172
2020-10-21,-0.0018948880359752653,0.010762505165821718,0.0086343597919311486,0.010344787238566602
2020-10-22,0.0054703922608193515,0.010815429061261574,0.0081010353357247062,0.0099652235227722097
2020-10-23,0.0033894833191460928,0.01023170183275033,0.007402644003508623,0.0095144086305985563
2020-10-26,-0.018652625860559272,0.010417082314161491,0.010650042295359518,0.010782560900843913
2020-10-27,-0.0034534097192030744,0.010374045265676082,0.0096500740127780666,0.0102873641663565
2020-10-28,-0.034776656020245371,0.012854525904545926,0.017787138711770629,0.014703348453231973
2020-10-29,0.010111978500992994,0.012973193710974868,0.016539536410743936,0.014310654110972622
2020-10-30,-0.01047953497996044,0.013009394524905153,0.015518026370163907,0.013974884769297001
2020-11-02,0.01114592995429404,0.012649395739471204,0.014747666420464213,0.013718266630235005
2020-11-03,0.017501932720364797,0.012848079840468022,0.015338137490225643,0.014142260084555614
2020-11-04,0.022103094952924111,0.013214026767890992,0.016909054693709173,0.015128048417396456
2020-11-05,0.019315161992668042,0.013761244346914113,0.017416888386519568,0.015597423258586113
2020-11-06,-0.000228461590912477,0.013616987830974101,0.015578473602843401,0.014797191306007602
2020-11-09,0.012487302626309846,0.013434428476944385,0.015011249688543584,0.014582676578050848
2020-11-10,-0.001467535871011869,0.013358450315114911,0.013442500737436512,0.013842123273374651
2020-11-11,0.0074012177920953597,0.013386575213499162,0.01247061609632783,0.013338730881323493
2020-11-12,-0.0097483868643584888,0.013560070573752477,0.011975776465391795,0.013024310807780021
2020-11-13,0.013749601536748235,0.013903589913715068,0.012350938670526038,0.01309864722243579
2020-11-16,0.012405325596108581,0.013757515515967333,0.012361835198042794,0.013030975154092997
2020-11-17,-0.0053928400810045784,0.013781301032441748,0.01131673629624344,0.012479341109764534
2020-11-18,-0.012108054108631175,0.014038339532445172,0.011479364580780549,0.012442710979132611
2020-11-19,0.0042014830040371176,0.014016466752556149,0.010437966316741291,0.011878728753638825
2020-11-20,-0.0068711935664993486,0.014080041740647951,0.009828711658666207,0.011476720229451591
2020-11-23,0.0059764930020274791,0.013514343353409832,0.0091883922432609236,0.011050585657010283
2020-11-24,0.015985220857126149,0.013957705349804932,0.010892506542712479,0.011638583574118429
2020-11-25,-0.0015430035794489502,0.011595938575068403,0.0097669611976123772,0.011052106172815416
2020-11-27,0.0027809716057423965,0.011390341352660573,0.0088239212056161129,0.010521764399418033
2020-11-30,-0.0044366597810807226,0.011190756943163932,0.0081379394417106111,0.010079938912041113
2020-12-01,0.010877835929852911,0.011177558720915323,0.0087547878094742636,0.010162548060162492
2020-12-02,0.0021015779678019947,0.010480590060194079,0.0078867213506047928,0.0096639178267965559
2020-12-03,-0.00027256208117452577,0.0092422476805885632,0.0070551510931579076,0.0091684025869056412
2020-12-04,0.0085804127118566074,0.0083932438404042443,0.0073854466363915917,0.0091113113011574397
2020-12-07,-0.002056739895201519,0.0084056791147047345,0.0066694747480212421,0.0086681839022710351
2020-12-08,0.0029218386534826776,0.0079552286008121986,0.0061067948184781434,0.0082751063472882459
2020-12-09,-0.0090093215187850972,0.0081997788217724066,0.0067873359434878454,0.0083514330492390106
2020-12-10,-0.0003272825188180285,0.0080313652125925655,0.0060725419831594756,0.0079235409990131202
2020-12-11,-0.0011733416386972028,0.0077343462157597525,0.0054567351988169316,0.0075260829670451895
2020-12-14,-0.0044871208277654446,0.0071675830605873042,0.0052770842222385856,0.0072795025706747021
2020-12-15,0.013428982346939438,0.0072592368825424945,0.0076384296609814861,0.008107144910278509
2020-12-16,0.0015680841571263323,0.0071669608835330158,0.006867915530448486,0.0077070816480047958
2020-12-17,0.0055762622258879813,0.0067520230014276898,0.0066297474362960046,0.0075212144509578778
2020-12-18,-0.004000816026473444,0.0067459260360629722,0.0061938797720650102,0.0072465476623932122
2020-12-21,-0.0035818598063269099,0.0066172758002236987,0.0057669108922431718,0.0069673653333394902
2020-12-22,-0.0016867850913386395,0.0064918932356655508,0.0052129509665956777,0.0066313110403475308
2020-12-23,0.00089811431189079844,0.0054229737189651073,0.0046798726571937047,0.0062974215703074741
2020-12-24,0.0038828621467222935,0.005481188910884123,0.0045316983747960525,0.0060991334167897447
2020-12-28,0.0085539221515700623,0.0057719338987862511,0.0055734144797536401,0.006387209407067637
2020-12-29,-0.0019093510495526915,0.0057020438881883653,0.0050576163809236884,0.0060894467525221679
2020-12-30,0.0014256899648701555,0.0051670657409000438,0.0045683810196235162,0.0057945219616647968
2020-12-31,0.0050681335702714488,0.0052689691370657122,0.0046726095160614057,0.005726031267501543
2021-01-04,-0.013707507880865317,0.0060953350915389001,0.0074192842115979778,0.0069496955256445059
2021-01-05,0.0068636209164402986,0.0059855994158551779,0.0073115306869966003,0.0069411360970453974
2021-01-06,0.0059605842065465426,0.0061149259702327364,0.0070620462761285269,0.0068494006813931653
2021-01-07,0.014748199409405896,0.0069167139493084085,0.0091323532152925799,0.0079983622890440701
2021-01-08,0.0056815909552558122,0.0067376970794372718,0.0085542968942900668,0.0077977219079938031
2021-01-11,-0.0067636897793094319,0.0069049678647650561,0.0082274112678700773,0.0077005694725805415
2021-01-12,0.00021139868757522588,0.0069001434154398909,0.0073594276148055242,0.0073057075032022922
2021-01-13,0.0026893845783308645,0.0068532405442971542,0.0066914495990093572,0.0069827863243212621
2021-01-14,-0.0035081723787379073,0.0062101039674247634,0.0061872330549813549,0.0067167031875697159
2021-01-15,-0.0073193456562916726,0.0064125726453465644,0.0064296225759043028,0.0067793785572533008
2021-01-19,0.0078211926919097008,0.0065287752042364625,0.0067309916208281645,0.0068906517669005329
2021-01-20,0.013743782681149921,0.0071602484134911382,0.0086036800868618118,0.007849976422517977
2021-01-21,0.0009113142956357678,0.0071182298394028313,0.0077061499841838011,0.00745271535919777
2021-01-22,-0.0035457776828954632,0.0071523115716649755,0.0070726449040152371,0.0071586258136846388
2021-01-25,0.0039361113528354873,0.0072034629853569435,0.0065663109328616366,0.006904391967762903
2021-01-26,-0.0015619921303562535,0.0071594719798075803,0.0059144835190127606,0.0065686792844214499
2021-01-27,-0.02474431395176846,0.008843846078945403,0.012265443604944564,0.010003044540628472
2021-01-28,0.0085634698442451258,0.0090386936658579907,0.01161978866483894,0.0098685415158951892
2021-01-29,-0.020222682139451133,0.01010169279067071,0.013777044874539342,0.011337768200892969
2021-02-01,0.016508593974683246,0.010695166295753908,0.014364968060676159,0.011955913035044903
2021-02-02,0.014041174532487285,0.010716786952777385,0.014300795864487782,0.012180514319049828
2021-02-03,0.00078584305776789902,0.010607777121176795,0.012795847754193118,0.011558122299926763
2021-02-04,0.01130172399870873,0.010822890349418897,0.012511305641993925,0.011532738986223385
2021-02-05,0.0039277652219620197,0.010345571671324277,0.011327474697463777,0.011011194105809167
2021-02-08,0.0071963596318949195,0.010392603572490559,0.010630468701221928,0.010691141906615147
2021-02-09,-0.00066599377680022812,0.010283044852034032,0.0095128440220721873,0.010144694106365058
2021-02-10,-0.00043565517792691302,0.010283397625803978,0.0085107767094096971,0.0096250878543497776
2021-02-11,0.0016135658796575963,0.010272137411575181,0.007646396218320332,0.0091454056262341901
2021-02-12,0.0049276820265478057,0.010301240014584342,0.0071854234484118778,0.0088149194367842416
2021-02-16,-0.0008662771074399128,0.010172238032881632,0.00643850412066069,0.0083670525163873806
2021-02-17,0.00022933970378484841,0.010020903336346034,0.0057596864141512228,0.0079380142794504456
2021-02-18,-0.0042652779267104372,0.0095855910275090168,0.0054934241807731545,0.0076504982327879525
2021-02-19,-0.0017673417153896245,0.0095915695011993575,0.0049766320671427808,0.0072793860017722686
2021-02-22,-0.0077215117412040039,0.009713427083475187,0.0056336348922592875,0.0073247995783825631
2021-02-23,0.0012133833005085154,0.0096772739978049048,0.0050680108017066858,0.0069595006918974677
2021-02-24,0.01095941065703891,0.009976626441603749,0.0066760409809179661,0.0074566784218867187
2021-02-25,-0.024390624586589148,0.0099329829303346374,0.012435277724598768,0.010465758670592429
2021-02-26,-0.0051661399209856039,0.0098148840640027192,0.011359872622831739,0.010062196294263626
2021-03-01,0.023951058029896093,0.010225789191144283,0.014763739396096764,0.012185578891173303
2021-03-02,-0.007833767985029369,0.0096957968663147747,0.013661917322738488,0.011822702385919839
2021-03-03,-0.01333425967979774,0.0096457696334022475,0.013597017474002507,0.011982441765193736
2021-03-04,-0.012452088922392612,0.010038063572305739,0.013375874216547425,0.012030231562349518
2021-03-05,0.018229340594982789,0.010535260554010821,0.014477326429665666,0.012786113958203416
2021-03-08,-0.0049911409234732708,0.010557742293921184,0.013139888963932336,0.012232227430388333
2021-03-09,0.014176480117657072,0.01090528184750812,0.013353646067379571,0.012440333917162469
2021-03-10,0.0062054367980530697,0.01099219573519253,0.012262030003437429,0.011963965135310105
2021-03-11,0.010088000341715565,0.01122084064826717,0.011859150645094716,0.011789808763184818
2021-03-12,0.0013459552993976122,0.011219075937652078,0.010624212081469178,0.01119289020637745
2021-03-15,0.0059457587510460081,0.0112437166783652,0.0098675992676413721,0.010783687531052735
2021-03-16,-0.0012620711907241162,0.01124558954108351,0.0088438779380708554,0.010238086122888866
2021-03-17,0.0034041507810130809,0.011271205189265868,0.0080553702642877645,0.0097721743213937708
2021-03-18,-0.014656607295645973,0.011699198412706264,0.0097403500737691037,0.010364722167661577
2021-03-19,-0.0018520157911132513,0.011699853280594915,0.0087513157951113613,0.0098502647325128811
2021-03-22,0.007953206433325118,0.011707610953457764,0.0085976229872464904,0.009677308149874983
2021-03-23,-0.0079019423867121383,0.011837084690073503,0.0084630630105917912,0.009514690382412077
2021-03-24,-0.0050966607809378346,0.01163657756465745,0.0079053107870714085,0.0091691872528290846
2021-03-25,0.0056100837339104741,0.010355600465794685,0.00750265011928768,0.0088777192645322894
2021-03-26,0.015986399175186995,0.010894138738442246,0.0098053454180687498,0.0098228817189613404
2021-03-29,-0.00050519539360740606,0.0094874844365691376,0.0087730771962440807,0.0093201731194654646
2021-03-30,-0.0026564295870165925,0.009343275432069682,0.007936298282143997,0.0088817073862069822
2021-03-31,0.004044978964476211,0.0089008294265341178,0.0073253146897003961,0.0085224667184500523
2021-04-01,0.010741261661330841,0.0087886730316672837,0.0081242309579398035,0.008769644535447119
2021-04-05,0.014251215325886395,0.0084130961984515799,0.0096655020862505547,0.0094618028185312376
2021-04-06,-0.00059085500634708426,0.0083397882911035691,0.0086491251806848166,0.0089781987215109948
2021-04-07,0.0011564843199747903,0.0077181806219619705,0.0077532821636642655,0.0085253148125381418
2021-04-08,0.0047359320224696086,0.0076659241078013782,0.0072509666853328028,0.0082253144985307003
2021-04-09,0.0072436869271791954,0.0075034362059523789,0.0072495113185125993,0.0081324853992899414
2021-04-12,0.00036449642486094288,0.0074978408889216242,0.0064862086779983513,0.0077160140394553003
2021-04-13,0.0029594822328387091,0.00740863971276964,0.0059504982504770551,0.0073796367729050856
2021-04-14,-0.0034211895045913481,0.0074426828556926243,0.0055378381222648248,0.0070840376038417722
2021-04-15,0.010685110859819149,0.0077796333890330967,0.0068824733687863036,0.0075221266477002611
2021-04-16,0.0033370386850788219,0.007094975698063037,0.0063341863861734191,0.0072137183956825892
2021-04-19,-0.0049253079729480419,0.0071679923941782835,0.0060785907466702231,0.007018534437176112
2021-04-20,-0.0073486498850275517,0.0071356550569011724,0.006352947615001007,0.0070522413879926041
2021-04-21,0.0094177942152475803,0.0072270520138553677,0.0070729713908164321,0.007323263106234771
2021-04-22,-0.0091750499047944488,0.0074256690131561118,0.0075404142848612713,0.0075289652905543578
2021-04-23,0.010784152710282473,0.0077059591097933524,0.0082913128035076861,0.0079149593479438882
2021-04-26,0.0020853043952359161,0.0068425859580589637,0.007474382468715823,0.0075376901484289546
2021-04-27,-0.00021549247861285688,0.0068418230994784224,0.0066859854944940544,0.0071512054366508378
2021-04-28,-0.0002873693332033868,0.0068162923553571966,0.0059815079915353344,0.006784837757148849
2021-04-29,0.0063523817639867131,0.006903722650593646,0.0060574995746864929,0.006742840385126468
2021-04-30,-0.0065921422815985817,0.0066381826071224464,0.0061681365784189302,0.0067279224727583766
2021-05-03,0.0021544430359456759,0.0058431748777544494,0.0056004510567498611,0.0064189258602211589
2021-05-04,-0.0061883048263790385,0.0060033318250204831,0.0057228546160179306,0.0063962379522288703
2021-05-05,0.00031269220100412041,0.0059981671386194991,0.0051205866116467505,0.0060688097340942035
2021-05-06,0.0079538014744527426,0.0061660120265445888,0.005799044522755631,0.0062828100575517609
2021-05-07,0.0072517404008424378,0.0061664853229861571,0.0061172446141840491,0.0063863217802947615
2021-05-10,-0.0099515888512277505,0.0065551967468269702,0.0070528979482612029,0.0068271522144821529
2021-05-11,-0.0089649188561370975,0.0068228415004411916,0.0074745334031158205,0.0070700766356136448
2021-05-12,-0.021474402540810358,0.0083080345138344495,0.011701491895155411,0.0095447567658155218
2021-05-13,0.011941121101192597,0.008393114823258439,0.011749808708595202,0.0098107686172928255
2021-05-14,0.015238498443376063,0.0090276340653326018,0.012525524767953582,0.010480803702804927
2021-05-17,-0.0025475727845285425,0.0089782932810617121,0.011260952090679946,0.009975546819112403
2021-05-18,-0.0086530575014812459,0.0090362264076504391,0.010789917257127572,0.0098512903377510549
2021-05-19,-0.0026251408528455505,0.0088069979857580052,0.0097219403635273993,0.0093825511262411159
2021-05-20,0.010700609572932264,0.0088926536390994456,0.009925397150343785,0.0095225702200670871
2021-05-21,-0.00081912565571442186,0.0085614215877415148,0.0088850999004857541,0.0090376161635955
2021-05-24,0.010142428798037124,0.0088444309018822446,0.0091503974000007298,0.0091540997110999209
2021-05-25,-0.0022212167559813706,0.0088582349439154783,0.0082444271382408722,0.0087127015188395475
2021-05-26,0.0019826254823459124,0.008869088874009794,0.0074271544908436852,0.0082893384151616571
2021-05-27,0.00052498232690673954,0.0087553914860211135,0.0066471964280740573,0.007865709050640237
2021-05-28,0.0017869154608555441,0.0086396595085490059,0.0059988990369541414,0.0074834315436713809
2021-06-01,-0.00088112503420199417,0.0086284676652462096,0.0053800286234958784,0.0071048723447028938
2021-06-02,0.0015712470170056094,0.0085240330406687499,0.0048630782257123696,0.0067585628390891281
2021-06-03,-0.0037181353365134564,0.0085641973924481442,0.0046566651092433331,0.0065186507440564605
2021-06-04,0.0091045419187089551,0.0086213086744149053,0.0058246167823832913,0.0068214950799397279
2021-06-07,-0.00097083389437418229,0.0084702244503911724,0.0052277559448954784,0.006478716497742767
2021-06-08,0.00021326460828679258,0.008172837346752216,0.0046768196602115803,0.006146620119352313
2021-06-09,-0.0014932630644496141,0.0079302127033638991,0.0042360453991008096,0.0058502844768804985
2021-06-10,0.0046376369928793531,0.0063957922996484328,0.0043193517886529129,0.0057405586228309125
2021-06-11,0.0016510727413475846,0.0058234819946863308,0.003933274480474952,0.0054709428887226201
2021-06-14,0.0022366604789673134,0.004748945494202462,0.0036574647682020476,0.0052381637519569374
2021-06-15,-0.0018359806953688941,0.0047324959807664609,0.0033728035589498623,0.0050031596071343507
2021-06-16,-0.0055988162586661826,0.0044966749022682193,0.0039204581081134955,0.0050658779889418137
2021-06-17,-0.00033187230714279452,0.004458814182407401,0.0035097038717857567,0.0048070595733551574
2021-06-18,-0.013582159576719408,0.0048352481415119162,0.0068373553928106215,0.0062645467070135243
2021-06-21,0.014214372797557964,0.0057834674676529264,0.0088209535663480478,0.0074515052373808456
2021-06-22,0.005332051489015042,0.0054522097820344818,0.0082421800557884069,0.0072674283333648022
2021-06-23,-0.0012061213526101688,0.0054362337835417796,0.0073917366972230131,0.0069050297605626849
2021-06-24,0.0058983844077706918,0.0055763468767868292,0.0071181742634769197,0.0068110635187916121
2021-06-25,0.003545682567951678,0.0056312039042913219,0.0065611810560839909,0.0065581029359548957
2021-06-28,0.002013932483572164,0.0056350332981192717,0.0059372099752535096,0.006254073481464774
2021-06-29,0.00053755827968307069,0.005632870462723324,0.0053158408190060579,0.0059355697696860084
2021-06-30,0.00084150741579302015,0.0056250507132771842,0.0047695028919768701,0.0056372602489873427
2021-07-01,0.005521506256733321,0.0056986244458698898,0.0049290904371790158,0.0056257920275856335
2021-07-02,0.0076145396576803902,0.0055882687039465855,0.0055707260630899072,0.0058551433597923298
2021-07-06,-0.0018232187390460673,0.0055989130653642059,0.0050488826892762214,0.0055845184254677731
2021-07-07,0.0035278527374145736,0.0056540110249886141,0.0047835261173568575,0.0054141237456894632
2021-07-08,-0.0081813910371889148,0.0059332206184230232,0.0056296296106428849,0.0057510849646492061
2021-07-09,0.010618370836794233,0.0063059664623575382,0.0069212819251897387,0.0064064389770231147
2021-07-12,0.0035752114604698619,0.0063457086140060624,0.0063937267839485872,0.0061819437095784347
2021-07-13,-0.0034146854759960293,0.006371882700894684,0.0059191054332745994,0.0059632870898150264
2021-07-14,0.0014910734919182653,0.0063673788096977272,0.0053360385433237805,0.0056768867911760612
2021-07-15,-0.0034212715876053993,0.0062897878100203189,0.005011952286674403,0.0054931638609695514
2021-07-16,-0.0078746700739049831,0.0065311901803814069,0.0057006857774912984,0.0057756737408203029
2021-07-19,-0.014877969776793362,0.006670861373757951,0.0083826637534132661,0.0072220471413774875
2021-07-20,0.014228697456295843,0.0066723881280721384,0.0098339416076561499,0.0081968134998504655
2021-07-21,0.0080637285016696598,0.0068081135819692828,0.0095063068277833635,0.0081836023932655554
2021-07-22,0.0020918100378178178,0.0068188311000382824,0.0085540066313997878,0.0077917764496542819
2021-07-23,0.010235670459999235,0.0070707395743332757,0.0089157508664814891,0.008069541324872094
2021-07-26,0.0024517138153147587,0.0070475038074497807,0.008049513708105192,0.007694597945159783
2021-07-27,-0.0045679048607759785,0.0071068840889981335,0.0074839085852914369,0.0074412854578763147
2021-07-28,-0.00041024509568645702,0.0071064596010375512,0.00669632513981408,0.0070606151603734109
2021-07-29,0.0041387996462616599,0.007163996402164914,0.0062688554621129983,0.0068249559742019532
2021-07-30,-0.0048680507307351352,0.0071402653157235764,0.006014850174966402,0.0066552094960652085
2021-08-02,-0.0021002840491430564,0.0069501717765361728,0.0054612248369071597,0.0063485235607638217
2021-08-03,0.0081024488500443786,0.007170855267206195,0.0060819336439095094,0.006545100763026843
2021-08-04,-0.0049309689783010435,0.0072121148610946994,0.0058698232079107942,0.0064020274214387609
2021-08-05,0.0063129434579953523,0.0071176193744569936,0.0059610830068429505,0.0063931748845744143
2021-08-06,0.0016509995775105507,0.0067200673790155157,0.0053826358238845623,0.0060875279510464488
2021-08-09,-0.00081383164468137306,0.0066748269510489141,0.0048281134120098414,0.0057808675035744489
2021-08-10,0.0012430151372678226,0.006636833982632373,0.0043540280915123691,0.0054982810811782315
2021-08-11,0.0024817733942525777,0.006651643425810632,0.0040494306184236653,0.0052748369909334843
2021-08-12,0.0029924504826677441,0.006641298313950589,0.0038612514350900976,0.0050928371996314618
2021-08-13,0.0018181510598223437,0.0064165103849410897,0.0035480339303979175,0.004865578998987514
2021-08-16,0.0023521620558420438,0.0055118544613356017,0.0033432572566873355,0.0046754400573147991
2021-08-17,-0.0065767666085877431,0.0047350228076532977,0.0041943613425980564,0.0048988929013577039
2021-08-18,-0.011005475377078138,0.0050224774300477049,0.0061885564805469308,0.0058061420341413393
2021-08-19,0.0015470622370270012,0.0050126007373303312,0.0055782851633259592,0.0055298731400534075
2021-08-20,0.007925630519869286,0.0047988018942725389,0.0061202071956922115,0.0058140441316113243
2021-08-23,0.0087581859650230024,0.0051539543710397498,0.006731026160560317,0.0061719835051370847
2021-08-24,0.0015859227643640133,0.0050641598976168883,0.0060620459204977556,0.0058766961339147558
2021-08-25,0.0020962213660863389,0.0050849786250766289,0.0055025039206624982,0.0056143936544292526
2021-08-26,-0.0059207677021012664,0.0051723591330266015,0.0055886615172126893,0.0056457792654717263
2021-08-27,0.0089013908489077621,0.0054341642464507903,0.0063901065603151714,0.0060506873219072638
2021-08-30,0.00438775412144078,0.0055020178766122608,0.0060429501675746513,0.0059055037027981308
2021-08-31,-0.0014823863342621254,0.005205726683987737,0.0054454835626447191,0.0056220301946705072
2021-09-01,0.0005312026218625964,0.0050890054398091663,0.0048763785978861197,0.0053361707976184178
2021-09-02,0.0030718838998293214,0.0049373208469691843,0.0045728053449434697,0.005154696302656742
2021-09-03,-0.00024293294075953636,0.0049237991415526693,0.0040914841147114411,0.0048907776699346484
2021-09-07,-0.0035817042407090571,0.0049851892795014542,0.0039947358939398606,0.0047760439824031742
2021-09-08,-0.0012191164222838948,0.0049848941877873891,0.003614357599917537,0.0045473245974718855
2021-09-09,-0.0042893668917920917,0.0050459036377080765,0.0037590688148191379,0.0045221910318490278
2021-09-10,-0.0079159018761626385,0.0053053256876582451,0.0048822924109729066,0.0049670253479306625
2021-09-13,0.0025560616242027872,0.0053205140296446818,0.0045139908677731449,0.004780957208442611
2021-09-14,-0.0054112734277832952,0.0054309603412573742,0.0047071506100313165,0.0048476782749154032
2021-09-15,0.0083181923259574176,0.0055490768111190825,0.0056182095196546317,0.0052980391229717995
2021-09-16,-0.0015864610135677046,0.0049861881201278772,0.0050749181545030261,0.0050511367580419794
2021-09-17,-0.009788993734180405,0.0054344845024559404,0.0063062441346246785,0.0057048246359008153
2021-09-20,-0.016814783539920809,0.0063662931227896824,0.0094001255931646394,0.0075871085574928977
2021-09-21,-0.00094493376588391761,0.0060612739623348393,0.0084183412201096139,0.007203963118940471
2021-09-22,0.0097074389932118709,0.0064284526198843837,0.0086914699263095502,0.0074920500090323808
2021-09-23,0.012076835324172558,0.006956852266483432,0.0094659024859434868,0.0080686261004446168
2021-09-24,0.0016457552404966682,0.0068396231229611261,0.0084984910402398691,0.0076722425316892006
2021-09-27,-0.0028649710255387924,0.0065748847488570012,0.0077085077521051515,0.0073346970500677349
2021-09-28,-0.020357478645598902,0.0079364876985693195,0.011420256598370074,0.0094794881937395031
2021-09-29,0.0016815457944016588,0.0079384723555779475,0.01024223256276805,0.0090087394456488164
2021-09-30,-0.012297518602032242,0.0084003977713777364,0.01068496397042717,0.0093895976557232183
2021-10-01,0.011813962667925171,0.0087791426049827325,0.010920105623266074,0.0096594544936367717
2021-10-04,-0.012979839250936962,0.0092463076634376543,0.011361963336266432,0.010041024733621168
2021-10-05,0.010351088638826769,0.0094978959219393783,0.011167111349203061,0.010072460649312944
2021-10-06,0.004147593232243901,0.0095391740304098822,0.01015893727869362,0.0096451682277074614
2021-10-07,0.0086086216918271497,0.0096840759051897169,0.0098683777183762155,0.0095465794853444464
2021-10-08,-0.0018255950657869071,0.0095296847208622571,0.0088642237394416217,0.0090750615214125162
2021-10-11,-0.0072660070176153221,0.0096502829609655082,0.0085684620322617616,0.0089106988083810443
2021-10-12,-0.0024645325105932185,0.0095899720148693909,0.0077427138251263856,0.0084892808869710592
2021-10-13,0.0035910991147378776,0.0094420732209611041,0.0071090711399321958,0.0081333080763788864
2021-10-14,0.016680705054326381,0.010145895713936929,0.0098020558149798046,0.0093466690510418723
2021-10-15,0.007587131971755064,0.010051179458129977,0.0094009123424989502,0.0091858944730720902
2021-10-18,0.0029559589225907667,0.0093448513033871552,0.0085117131605504711,0.0087644943298845913
2021-10-19,0.007685266177134986,0.0094991982136384528,0.0083529678548808911,0.0086626241055503921
2021-10-20,0.0039202022089290557,0.009289318994392972,0.0076740637643635213,0.0083110618629959488
2021-10-21,0.002604596647907232,0.008907196303671849,0.0069620247390591548,0.0079274691252202347
2021-10-22,-0.0010364593705542596,0.0089026082064698787,0.0062442517869781096,0.0075277961489979943
2021-10-25,0.0053484443149972756,0.0089597055062416719,0.0060756658582799619,0.0073390414247260383
2021-10-26,0.00089955776678622961,0.0077198080369310883,0.0054491112424258801,0.0069682348229690759
2021-10-27,-0.0044401317042131096,0.0077743034923824688,0.0052628133708138821,0.0067581168862569123
2021-10-28,0.0096025858140167467,0.0075821388353868591,0.0063717889578928325,0.0070940746327505825
2021-10-29,0.002027262439751972,0.0071215049865254289,0.0057707637465993925,0.0067604944127996058
2021-11-01,0.0017187950946915712,0.0065145786320356253,0.0052184502192470748,0.00643655823345822
2021-11-02,0.0040346027819025106,0.0061560038931858631,0.0050041364963552878,0.0062381211645977565
2021-11-03,0.0060868446917212125,0.0062360838165445194,0.0052386106287403075,0.006223158999085248
2021-11-04,0.0047012992777699771,0.0060239881922424642,0.0051356475770318235,0.0060881161803157295
2021-11-05,0.0034637717782225914,0.0060598415507045998,0.0048476224909434242,0.0058786405108393128
2021-11-08,0.00085342572402597068,0.0058410918066715608,0.0043526109572354704,0.0055834941010764862
2021-11-09,-0.0033109150147635647,0.0058619762351042014,0.0041651661867246528,0.0053994519687259931
2021-11-10,-0.0080774191111792643,0.0060811348211674337,0.0051892029628793964,0.0057239097962918234
2021-11-11,0.00032361525026025075,0.0048034509468978283,0.0046436200617627245,0.0054311418415925261
2021-11-12,0.0075183712852912327,0.0047980420757416072,0.0053437577769863921,0.0056745186766365063
2021-11-15,0.00034251790367885324,0.0047529137409279432,0.0047820561943739378,0.0053844106308658267
2021-11-16,0.0039498063770706266,0.0045185253942905202,0.0046275958380340085,0.005258591741068859
2021-11-17,-0.0024320200890583462,0.0044659163176869821,0.0042795629373650317,0.0050476708054975408
2021-11-18,0.0033905045562101868,0.0044922142011431824,0.0041171387366751603,0.0049072023209944353
2021-11-19,-0.0017897709622747273,0.0045040470726316886,0.0037684640267760645,0.0046896587473926115
2021-11-22,-0.0028191746111178237,0.0043878849662849322,0.0035986950404943295,0.0045374424292869619
2021-11-23,0.0013250737324653271,0.0043932750071425672,0.0032728655448821461,0.0043249424804072453
2021-11-24,0.0026662994698629589,0.0043209471709331482,0.0031608779907645384,0.0041887384734842553
2021-11-26,-0.022555685905217851,0.00628474741504856,0.010475911085388629,0.008164978485262946
2021-11-29,0.012192100282413625,0.0068355633188347852,0.010840905511739357,0.0086524515154936966
2021-11-30,-0.019649399955719331,0.0081167825514740742,0.013085869079871354,0.01029506276654759
2021-12-01,-0.011169511025292017,0.0084442972966809506,0.012725705126603025,0.010385821261934516
2021-12-02,0.015200482168289373,0.009000355872247531,0.013257669041166213,0.010962856414785989
2021-12-03,-0.0087395757491374581,0.0091498800153820697,0.012485538337575194,0.010761218198772108
2021-12-06,0.011773761339849592,0.0094895464250771468,0.012346466104954702,0.010866718962879241
2021-12-07,0.020473718323340037,0.01053440703976956,0.014345131878840647,0.012173509646553303
2021-12-08,0.0026445924899786131,0.010524985379548024,0.012885069684897882,0.011579045312419276
2021-12-09,-0.0067744617532969698,0.010478919260456283,0.011916320029149779,0.011191791389989419
2021-12-10,0.0093695213281110943,0.010686061436354746,0.011452359250970025,0.011023128778034394
2021-12-13,-0.0088977830512815114,0.010738907804975191,0.010989055217631655,0.010829380664386318
2021-12-14,-0.0069041204603019742,0.010849037693941251,0.010302467836736889,0.010503076927729411
2021-12-15,0.015504297036997185,0.011355207250169971,0.011532099554889664,0.011105020716593268
2021-12-16,-0.0088574925722625254,0.011513807117631327,0.011049094580491484,0.010901140035387934
2021-12-17,-0.010699919421128908,0.011735305367380358,0.010980147902585252,0.010881185423743549
2021-12-20,-0.010690507151149857,0.011969610487323114,0.010922834201793741,0.010862268221609093
2021-12-21,0.017603261346148858,0.012584431987375428,0.012546776781471159,0.011712278379053443
2021-12-22,0.009949066959909162,0.012776123594177234,0.012072036810654706,0.011548078267957578
2021-12-23,0.0062026558452710013,0.012837348769402752,0.011148176806689815,0.011129671804149218
2021-12-27,0.014053027947278598,0.012216135019673524,0.011786559964127448,0.011455627196708439
2021-12-28,-0.00081745038152718772,0.011909450054909558,0.010548556377800207,0.010870836101036356
2021-12-29,0.0012783601883041185,0.011073019683805595,0.0094522206004045272,0.010320900651548774
2021-12-30,-0.0027683776660090142,0.0108054181703358,0.0085444931039413263,0.009830324649948834
2021-12-31,-0.0025232876905829631,0.010272423178922841,0.0077252887374214176,0.0093599387032179456
2022-01-03,0.0057731902933209952,0.010167111441371657,0.007376314397705897,0.0090653505112316037
2022-01-04,-0.0003349937258296052,0.0098206259116565935,0.0065992768872287586,0.0086007990316000812
2022-01-05,-0.019388973626754173,0.0097099253917049162,0.010489367188121651,0.010206350935259501
2022-01-06,-0.00093988503902076481,0.0096941800496432931,0.0093913862652491038,0.0096871553028204712
2022-01-07,-0.0039612661818845827,0.0096159784588332447,0.0085846860594453941,0.0092750225364276462
2022-01-10,-0.0012450800378821373,0.0093890977436538164,0.0076985396440841557,0.0088078635988637979
2022-01-11,0.0090669887139235277,0.0093971880632145698,0.0079909991233206648,0.0088341181502407246
2022-01-12,0.0026998698400757994,0.0092891476673897227,0.0072486352523629923,0.0084241562698294265
2022-01-13,-0.013874256900708311,0.0091593587812325884,0.0089740275978408956,0.0091169769346719862
2022-01-14,0.00040882162321814232,0.0089431231293066061,0.0080286962880264795,0.0086500898895079687
2022-01-18,-0.017868200515840659,0.0094983507520369354,0.010743485896260757,0.0099633783705297477
2022-01-19,-0.010437946775042242,0.0094842952555902679,0.010683077175526067,0.01001184753113867
2022-01-20,-0.011129679534356682,0.0089806238269423706,0.010773878765704225,0.01012918350815299
2022-01-21,-0.019825966564618012,0.0097650322663816527,0.013094844824233091,0.01147376214281043
2022-01-24,0.0042376636202688823,0.0097123682917534884,0.011864717753419397,0.010967145263680329
2022-01-25,-0.012283909919802704,0.0095916859965388922,0.01194973265300148,0.011105849449861186
2022-01-26,-0.0025119052901067846,0.0096063787354658606,0.010747037825366632,0.010565835017703544
2022-01-27,-0.0049505286168013999,0.0096657223656562308,0.0098641068695063741,0.010145144455244309
2022-01-28,0.024532260886640601,0.011096602377096065,0.014078595395438905,0.012361826031659584
2022-01-31,0.0178507291257105,0.011779162185523898,0.01490956688541544,0.013015303361246091
2022-02-01,0.0067342373463531715,0.011804646251225922,0.013671361976626356,0.012529696911355805
2022-02-02,0.0096671517833398328,0.012000698032067613,0.0129697985858371,0.012273522582437706
2022-02-03,-0.023785667133356711,0.012389836011459768,0.015739254508442092,0.013861861960838164
2022-02-04,0.0046913263396658501,0.012432388923203726,0.014233095747245584,0.013233931751438161
2022-02-07,-0.0032144929630639496,0.012421608635764168,0.012811377936901472,0.012595894217661148
2022-02-08,0.0081942949192351944,0.012552934849915556,0.012030561813912989,0.012227245926642637
2022-02-09,0.014529990503597564,0.012807095312014955,0.012570268845718146,0.01247666025260777
2022-02-10,-0.018129086214984838,0.013419776966212426,0.013861532400170495,0.013151681362173342
2022-02-11,-0.019915679835792562,0.013794831595986689,0.015265664906879754,0.013976175468242494
2022-02-14,-0.0032745795433968754,0.013813948225071419,0.01373233389764896,0.013299339072517714
2022-02-15,0.015997944348069504,0.013698841091473242,0.014214374417961584,0.013593329250982248
2022-02-16,0.0011202824466699799,0.013500868944016935,0.012723590634222086,0.012900629573361152
2022-02-17,-0.021592777861669625,0.014120636554554386,0.014925194071049567,0.014014579002899562
2022-02-18,-0.006496172820534365,0.013485137828752899,0.013661961305377951,0.013453163505179251
2022-02-22,-0.010789609429968504,0.01366644928996183,0.01313782644496298,0.013210995974282361
2022-02-23,-0.017897871877564739,0.01397296693392255,0.014217902465114868,0.013751754613278501
2022-02-24,0.014936949038651427,0.014355624119359391,0.014364591526481688,0.013874830597444095
2022-02-25,0.02182423471518833,0.015121951534845832,0.016134826802877741,0.014862353574967759
2022-02-28,-0.0025619397640842573,0.014103545787476858,0.014476837218054529,0.0141229229249508
2022-03-01,-0.015347295458056512,0.013955448798133503,0.014655065617247007,0.014250094895732413
2022-03-02,0.018228868181663596,0.014460346997382129,0.01543616162242239,0.014696525017911133
2022-03-03,-0.0049908271805384702,0.014341351467065154,0.013985769184997906,0.014031389754278768
2022-03-04,-0.0081576257895592409,0.013442983551990001,0.013030378484960673,0.013559004183386016
2022-03-07,-0.029922674268937976,0.014979375868441907,0.017745588123532375,0.015968674915003679
2022-03-08,-0.0076106051552943914,0.015058589532192914,0.016232959694584392,0.015339193322008182
2022-03-09,0.026457761007084687,0.016074963487152944,0.018729917454660693,0.016785799901814256
2022-03-10,-0.0045258400767575688,0.015775695906412111,0.016874373824435667,0.015988592600645349
2022-03-11,-0.012796491819033381,0.015512153400666188,0.016141426025861449,0.015698617910565531
2022-03-14,-0.0073350728539769185,0.014949426498978725,0.014805308712529965,0.015072566909755315
2022-03-15,0.021751994255786396,0.015703715222655242,0.016431298904207345,0.015867544590595049
2022-03-16,0.021931900039257664,0.016058031404647861,0.017668947756160309,0.016574133405227225
2022-03-17,0.012433337098947651,0.016294999678596024,0.016753236885185846,0.01620772949744809
2022-03-18,0.010893244250910004,0.015752706124719438,0.015756564059683759,0.015757148312661225
2022-03-21,-0.00029229925145991039,0.015685726286298666,0.01409370556468437,0.014948829202908255
2022-03-22,0.011633334324664322,0.015715850244946608,0.013637188960232778,0.014651081592663788
2022-03-23,-0.012962082402095936,0.015471652692722859,0.013504867797554363,0.014491043118812223
2022-03-24,0.014962042879383535,0.015472864992343873,0.013808609952071171,0.014538829743710416
2022-03-25,0.0048716373773221109,0.014723495935508151,0.012541480661946403,0.013878512108960061
2022-03-28,0.0070878641028264584,0.014797467576318323,0.01165669564084126,0.013355731738722126
2022-03-29,0.01229491018923738,0.014654225111087198,0.011787103372875319,0.013253471051206922
2022-03-30,-0.0061939924615468118,0.014143903597588615,0.010900539127080767,0.012724999004952095
2022-03-31,-0.015511103916415754,0.014520134586699688,0.011965628756984925,0.013030444128233443
2022-04-01,0.0028302112910711811,0.014418996854405432,0.010776967868116201,0.012394121040086819
2022-04-04,0.0085301705725410407,0.012914230097723125,0.01036663837237782,0.012063548139761992
2022-04-05,-0.012711767339721573,0.013113379614744965,0.010876192288423712,0.012129928987353582
2022-04-06,-0.010049739149654005,0.011916792013533368,0.010716001976065122,0.01193823208067365
2022-04-07,0.0050263711702649202,0.011926818135230239,0.0098447468280844757,0.011436594222273954
2022-04-08,-0.0026774517412094744,0.01159396041387294,0.0088864493276316278,0.010882692380431672
2022-04-11,-0.017240147041760179,0.012107472357633981,0.011073378857708887,0.011675271350360394
2022-04-12,-0.0037119913837536712,0.011118559627367918,0.010042487314788883,0.011138162011633595
2022-04-13,0.011388427483246552,0.010298386778898654,0.010325720182262814,0.01116344103544129
2022-04-14,-0.012530127056749914,0.010304250621947527,0.010802648501065418,0.011307545382726823
2022-04-18,0.00041120346804589101,0.010012636854446156,0.0096639323967256385,0.010728067540493829
2022-04-19,0.016013746249016612,0.010633467368774303,0.011225029411113602,0.011367774484517491
2022-04-20,-0.00074186163304696903,0.010311712895607917,0.010045451705165366,0.010786969126034473
2022-04-21,-0.015066531256693829,0.010453739141424803,0.01123071470523734,0.011288173857817396
2022-04-22,-0.027822381271480876,0.011695801411682478,0.015991252050901999,0.013859620200476123
2022-04-25,0.005780495783518619,0.011716477060100943,0.014534749396705716,0.01327484757131429
2022-04-26,-0.029388189605434094,0.013339686212093298,0.018486218912395758,0.015651389365355411
2022-04-27,0.002807806834665427,0.013068403742235739,0.016582188865942087,0.014874735899552766
2022-04-28,0.024945619259987367,0.014141396509984748,0.018558878579307249,0.016166644157020488
2022-04-29,-0.03765577329864276,0.016088730252983151,0.023646078572163522,0.019417004692836377
2022-05-02,0.0060013728684900599,0.016132190185185094,0.021319308636399879,0.01851809147153485
2022-05-03,0.0045734810477550307,0.016051641851096067,0.019177947814249953,0.017627234991987144
2022-05-04,0.029998591521095262,0.017163086241506059,0.021776548040099958,0.019225998581124865
2022-05-05,-0.036189839394312348,0.018841626528882167,0.025324204443801377,0.021532430583561298
2022-05-06,-0.0059868480809917753,0.018855656641815911,0.02280834791382608,0.020515000491025705
2022-05-09,-0.032540955753460755,0.02020205534271614,0.025059117061785031,0.022015224295177542
2022-05-10,0.0023078960818864523,0.019837545860950885,0.022437307218067724,0.020898223109220473
2022-05-11,-0.016013868308264165,0.020141039712323634,0.021308097047771504,0.020462320348140474
2022-05-12,-0.0010444667194372125,0.019980771061266382,0.019064264527733594,0.019415071199965571
2022-05-13,0.023626652284733748,0.020476619420915432,0.020059927348409414,0.019876427258139998
2022-05-16,-0.0040658491758989298,0.020496586178445967,0.018034044861954923,0.018900217920580532
2022-05-17,0.020361542514315253,0.020688587728556557,0.018522956081005421,0.019051395094772373
2022-05-18,-0.041146558030921404,0.02264160122777651,0.024760609223956526,0.022270249512086823
2022-05-19,-0.006143394218357647,0.022431655145760235,0.022316327516363772,0.021216544045856246
2022-05-20,0.00043643107584361067,0.021551900872120937,0.01996128436426084,0.020128254130281107
2022-05-23,0.018537315236067577,0.021908795663719869,0.019684732916881956,0.019974863166389776
2022-05-24,-0.007663134066856557,0.020970174634626061,0.017936992299505076,0.019104135809741754
2022-05-25,0.0087963809507225037,0.021052858502758866,0.016518590065984756,0.018335998372501425
2022-05-26,0.019783995483627932,0.020776885690323852,0.017221276075647888,0.018485902748158079
2022-05-27,0.024252739444118272,0.01975324997006973,0.018838708921998976,0.01914093198951795
2022-05-31,-0.0056267962084164246,0.019747736638493028,0.017036717118989006,0.018245652447685213
2022-06-01,-0.008121503659068401,0.019804676391771317,0.015664978406969308,0.017498838021022294
2022-06-02,0.018864422433407867,0.019105568664858182,0.016355015302403852,0.017640154258168606
2022-06-03,-0.016547450772735759,0.017698260835237747,0.016393683108097277,0.017533948520923544
2022-06-06,0.0030399854266220708,0.017660645363762061,0.01472584730865379,0.016661919661322484
2022-06-07,0.0095465322347289844,0.016232976266925662,0.01384585565098715,0.016092583319380398
2022-06-08,-0.010931440362697458,0.016407864537668911,0.013314107279386795,0.015653234584021326
2022-06-09,-0.024070517547367477,0.016892759115274152,0.01605273575180385,0.016687131543437109
2022-06-10,-0.029424287905304842,0.018127332978874491,0.019475882620324219,0.018362821000777716
2022-06-13,-0.038707854369183087,0.019380509939397862,0.024558249144548041,0.021290929396870665
2022-06-14,-0.0030176341712815449,0.019370929632689955,0.02200698307435376,0.020220878287637432
2022-06-15,0.014155457769491763,0.019092462999563613,0.020676586762826386,0.019698558965505288
2022-06-16,-0.033655994747991698,0.018344112969123059,0.023844542113949655,0.021505871315373955
2022-06-17,0.0021534318898558018,0.018298942030703678,0.021348939193317887,0.020413622359113696
2022-06-21,0.024862009151789943,0.019124532171847758,0.022096281668116131,0.020901108342497646
2022-06-22,-0.0018147741300099357,0.018674335282443666,0.019780172190200233,0.019836835369197316
2022-06-23,0.009754875176652059,0.018723047202322398,0.018221846433377414,0.019070023405580287
2022-06-24,0.031298979987999895,0.019891329469478448,0.021483802726964211,0.020621877418153852
2022-06-27,-0.0038271364893557999,0.019412032682950522,0.019291770743778903,0.019601029125922018
2022-06-28,-0.020644252372535716,0.019202252528226268,0.019569746190193887,0.019707836616884501
2022-06-29,-0.00081488180305196547,0.01916185434651007,0.017507506368111811,0.018698271175200308
2022-06-30,-0.0081575738172756165,0.01916262042211004,0.016078539283791941,0.017925328769805706
2022-07-01,0.01052107967826086,0.018840046593211531,0.015131231407906471,0.017327867211941954
2022-07-05,0.0018868077735051544,0.018477945000981134,0.013560064153628629,0.01644948291772844
2022-07-06,0.0033716284160693441,0.018480821675412117,0.012221859413183761,0.01564173031515952
2022-07-07,0.014866125581309215,0.018655670462433376,0.012794507257896026,0.015565909016401449
2022-07-08,-0.00082297901367218182,0.018495758586919216,0.011449672120601192,0.014769410976809253
2022-07-11,-0.011489483099537467,0.017880827890520545,0.011457645382639889,0.014474901475697858
2022-07-12,-0.0088879777005508257,0.016744682066076336,0.010991876077019841,0.014016779595134999
2022-07-13,-0.0052656988188942233,0.014382484389118915,0.010109529591643207,0.013401337903428298
2022-07-14,-0.0024314220991482343,0.014376930899008881,0.0091073834626797748,0.012736854132167024
2022-07-15,0.01892495569635512,0.014648719747716293,0.011746758550801801,0.013484068476412845
2022-07-18,-0.00829142766925485,0.01270378210467321,0.011141751375774151,0.013058057653739319
2022-07-19,0.026660766707848473,0.014024765252592251,0.015539311286724275,0.01498469989237603
2022-07-20,0.0063528405052396602,0.012953995312697366,0.01418618598177734,0.01435698317985426
2022-07-21,0.01013175920694754,0.013144350555870607,0.013473262674392346,0.013991994993092048
2022-07-22,-0.0093215733437259727,0.013128619825790369,0.012751525069380201,0.01359733446151443
2022-07-25,0.001214130959822853,0.011110943110962952,0.01141822823705786,0.012905276649929638
2022-07-26,-0.011901296955292916,0.011393101052415465,0.011516463116011323,0.01280842050339946
2022-07-27,0.025634782255819746,0.011889095712234283,0.015412058604307782,0.014606994158383251
2022-07-28,0.012464551604178786,0.012210063372959296,0.014869372874359606,0.014407093918554907
2022-07-29,0.014473352240668631,0.012499289711683239,0.014791017029193311,0.014413733456967434
2022-08-01,-0.0029654682114514056,0.012293790607555964,0.013295794378258676,0.013706186235527556
2022-08-02,-0.0066193084301411406,0.012375380702361853,0.012255022127185881,0.013170235814897251
2022-08-03,0.015538210058930749,0.012831736133951659,0.012978276011756868,0.013425840661260199
2022-08-04,-0.00067584939451221561,0.012394603920319559,0.011612057228186897,0.012738663782194709
2022-08-05,-0.0016914684568582457,0.012399007819006368,0.010413650251696535,0.012096789078688358
2022-08-08,-0.0011618503310617738,0.012132702856768669,0.0093287334879974537,0.011481901629609331
2022-08-09,-0.0039788253319477896,0.012001842516108752,0.008531496058517404,0.010965115760038186
2022-08-10,0.020786476355171616,0.0128164630277669,0.012026830831520834,0.012305208132914488
2022-08-11,0,0.012804926156401863,0.010757124517268362,0.011673745434731323
2022-08-12,0.016787379145825385,0.012655008549769494,0.012203925680745171,0.012281299161163231
2022-08-15,0.0041122205190225365,0.012552185890707175,0.011069359201703375,0.011723408801926887
2022-08-16,0.0019566932558912334,0.011054817003787748,0.0099393309738934742,0.011139001184718141
2022-08-17,-0.0071232366735586939,0.011078270392907034,0.0094435343123422215,0.010804798134374842
2022-08-18,0.0029022424168432055,0.010863544459304637,0.0085456933279829724,0.010291336043330013
2022-08-19,-0.013529159131121654,0.011082595322347828,0.0097483705778857524,0.010659467739084834
2022-08-22,-0.021042432438874523,0.01203700176650215,0.012828927302309832,0.012105379941455418
2022-08-23,-0.0024222294615571871,0.011751626604180991,0.011525560276847613,0.011509688124824915
2022-08-24,0.0031960897723874245,0.010283694582716265,0.010407393032014791,0.010965725130650415
2022-08-25,0.014018859994851892,0.010383281933651277,0.011223045526474344,0.011308194304680394
2022-08-26,-0.034435270567048995,0.012515112480951147,0.018382681320107432,0.015286154470361491
2022-08-29,-0.0066341491294362029,0.012585266666176872,0.016707506245625683,0.014652680987100526
2022-08-30,-0.011038329050784506,0.012739325345785995,0.015737901817103054,0.014332320988664146
2022-08-31,-0.007638230641840992,0.012374802626341583,0.014484949304412917,0.013809711769754226
2022-09-01,0.0031327552719359972,0.012393692315060899,0.013031263799029561,0.013138445144182925
2022-09-02,-0.010600185185251113,0.0126126425550498,0.012582680722017948,0.012907101120011231
2022-09-06,-0.0037802515895565304,0.012638266198964196,0.011380559904409915,0.01230296564239737
2022-09-07,0.017805441822593946,0.013220662157761326,0.012923639839064133,0.012958782469352084
2022-09-08,0.0065150361222460458,0.012462115097773951,0.011920801671310141,0.012465215936621608
2022-09-09,0.015415768219549104,0.012930066055519921,0.012696991452668642,0.01279093579421892
2022-09-12,0.01069046153295926,0.012601988004287573,0.012321853233862543,0.012596659534234299
2022-09-13,-0.044456210337054422,0.016024428715463637,0.022731770305015046,0.018451116823447751
2022-09-14,0.0038085019874759428,0.016041075948998045,0.020403128251268058,0.017545649305971148
2022-09-15,-0.01141817038866353,0.016164709193715009,0.018950066938010133,0.017032389442288139
2022-09-16,-0.0076582660260319521,0.016242201965600049,0.017292016576129773,0.016338817734308047
2022-09-19,0.0077250260657800249,0.0160511999158141,0.015847595254760694,0.015691681593479497
2022-09-20,-0.011544757831583118,0.01556168025181393,0.015085533035493008,0.015327561040394486
2022-09-21,-0.017597780706783826,0.016042338569288345,0.015620340032559193,0.015569486288337273
2022-09-22,-0.0084354228887781237,0.016137028699411939,0.014471602884570922,0.015009451984856152
2022-09-23,-0.016896650026189321,0.016274277635989185,0.014988034843183473,0.015208713364643453
2022-09-26,-0.0099419221192566937,0.014508783904698305,0.014123785393918255,0.014766808982635094
2022-09-27,-0.0025562172030997644,0.014444061962589462,0.012684317102652849,0.014032327227356535
2022-09-28,0.019485376205762159,0.01488363815945074,0.014305575747397853,0.014669136827436665
2022-09-29,-0.021110168871924236,0.015520551471665504,0.01590117743853775,0.015434673327154308
2022-09-30,-0.015584389615954597,0.015891521959523567,0.01583832677671048,0.015449710243708751
2022-10-03,0.026058415689792634,0.016759305633141264,0.018343671435159799,0.016814526302554773
2022-10-04,0.030516430727440928,0.018075465067824901,0.021341104335188894,0.018643516828529046
2022-10-05,-0.0023309975319816393,0.017639229772526199,0.019116508501689201,0.017702146839055754
2022-10-06,-0.010369182529172573,0.017731219346125943,0.017716001442221206,0.017110856117467422
2022-10-07,-0.028290276740124781,0.018507588495320783,0.020276915872173364,0.018534757434848979
2022-10-10,-0.0076647850842932463,0.018432416554596587,0.018457313994929971,0.017749884588094116
2022-10-11,-0.006353137761226312,0.015586993492530916,0.016751430500365459,0.016958443281825924
2022-10-12,-0.003303948634041029,0.015581236651677868,0.015055615376401446,0.016122081948255141
2022-10-13,0.026049044539219895,0.016437269874120679,0.017805835778501408,0.017371949972650021
2022-10-14,-0.023052512865145279,0.017141245767396427,0.018971607736201653,0.018020766249158174
2022-10-17,0.025372327246664807,0.01797293116239055,0.020412949763799815,0.018885145315228672
2022-10-18,0.011681082460025362,0.017977334821113779,0.018990533218820223,0.018292856828919981
2022-10-19,-0.0071115265952987217,0.017613323465661138,0.017280828789477076,0.017499232295120605
2022-10-20,-0.0084207586623197238,0.017612972615740786,0.01590859736780029,0.016813439132778163
2022-10-21,0.024010764941896603,0.018021315349113928,0.017826108458876493,0.017665623261973341
2022-10-24,0.012162338669825161,0.018089274176619614,0.016846382716001893,0.017194739570651506
2022-10-25,0.015842286981576009,0.018424006913746443,0.016650408398971132,0.017064318553430054
2022-10-26,-0.0075626336701327653,0.017981093066474125,0.01527178985868218,0.016364327475533662
2022-10-27,-0.0053540916993732608,0.017391695181074522,0.013867779633930511,0.015616616859819066
2022-10-28,0.023512027296879491,0.017831662083686351,0.016260852840550757,0.016576259912678349
2022-10-31,-0.0072494067062831577,0.01693055864799892,0.014901108938607847,0.015891838886129914
2022-11-01,-0.0043854702177231822,0.015525553335315391,0.013471484991875038,0.015139971062307004
2022-11-02,-0.025416548143237527,0.016524865351006439,0.016564567915057539,0.016458947212458493
2022-11-03,-0.010350422368563686,0.016524277282626055,0.015522054529332632,0.015953694660767834
2022-11-04,0.014290564830008481,0.015596338158987928,0.015283696872203255,0.015795263856997716
2022-11-07,0.0095202459208037198,0.015647366282212215,0.01431782555221401,0.015284136629859685
2022-11-08,0.0053810186415544081,0.015629130547797392,0.013030394282563255,0.014599311128620842
2022-11-09,-0.020817401271270509,0.016290860248486857,0.014916627610323478,0.015335002981941497
2022-11-10,0.053497336949670495,0.019353623552212259,0.027393386712003458,0.022312386490046222
2022-11-11,0.0096319519956087774,0.018778459790226309,0.024877158364488429,0.021385410487471328
2022-11-14,-0.0085432496803598216,0.018002559772226898,0.02257644413218483,0.020467069039214691
2022-11-15,0.0084931611038235703,0.017913024961113678,0.02054710249232311,0.019601637740350491
2022-11-16,-0.0076582292248858156,0.017924290682611248,0.018694288743790269,0.018752776577873179
2022-11-17,-0.0030644777133535333,0.017838281554989392,0.016776750282462064,0.017816819828668361
2022-11-18,0.0045301014303600201,0.01704125987504421,0.015141725259227983,0.016963117161165931
2022-11-21,-0.0036427205444045851,0.016842561701862543,0.013640797544633512,0.016133801496781862
2022-11-22,0.013367391130650778,0.01673491377697257,0.013586556416211723,0.015878863631500355
2022-11-23,0.0062815929189980867,0.016708398732412252,0.012472661869894675,0.015194417401302588
2022-11-25,-0.00022366732709818186,0.016665526534096399,0.01115633634806794,0.014414863539271794
2022-11-28,-0.016085616090853658,0.016218395590480807,0.012301239025945458,0.014590550581540013
2022-11-29,-0.0017190391592272973,0.01614175998555362,0.01102938821444536,0.01385248205948398
2022-11-30,0.031014648784289577,0.017541100875952308,0.017020564366392904,0.016397956494904373
2022-12-01,-0.0007360216753549973,0.016595700056333536,0.015227213621071243,0.015558208517646178
2022-12-02,-0.0011545753268856777,0.016435551417846569,0.01362941805678,0.01476432766736256
2022-12-05,-0.01815292547454132,0.016625064613855104,0.014646315915957666,0.01513736121821594
2022-12-06,-0.01451961851795921,0.01680482030224011,0.01462106426733159,0.015076725983328727
2022-12-07,-0.0017027003445491834,0.016766012547195293,0.01309962800770381,0.014313169410898288
2022-12-08,0.0078034170275864782,0.016201099740868721,0.012225337075658069,0.013801067656424616
2022-12-09,-0.0074981962125905497,0.01105389194358136,0.011437293498868921,0.013305818887078668
2022-12-12,0.01431413405698586,0.011304624002069042,0.012067652332731828,0.013410062565487968
2022-12-13,0.0075413230180397355,0.011268928330423787,0.011308266747447794,0.01294349085430639
2022-12-14,-0.0064139406635141324,0.01119995482942707,0.010513288944576898,0.012445658818619039
2022-12-15,-0.024765778180648221,0.012376338427936413,0.01452901061064877,0.014168251761449964
2022-12-16,-0.011876560000481958,0.012639495067932341,0.014038669985026547,0.013956027010677208
2022-12-19,-0.0085155229410376447,0.01274191709170113,0.013121365407253007,0.013510922767391223
2022-12-20,0.0013672113269444285,0.012719530017425184,0.011752022697520192,0.012824876502525159
2022-12-21,0.01484176678119801,0.012801015141056738,0.012431558157524676,0.013040610250033051
2022-12-22,-0.014368852464440047,0.013123119454565891,0.012842417794484947,0.013179459633779559
2022-12-23,0.0057356421123884805,0.013185546723106154,0.011769523097167691,0.012634005685400128
2022-12-27,-0.0039512416874797514,0.012716206418572436,0.010674258818409199,0.012050623252767395
2022-12-28,-0.012505608178524228,0.013014363706840743,0.011064804030838669,0.012096891844337604
2022-12-29,0.017840284775556114,0.011712900101039826,0.012712162002085987,0.01278784145786674
2022-12-30,-0.0026375940742141774,0.011726584647996433,0.011431125522619765,0.012160250428606099
2023-01-03,-0.0042188960535890115,0.011761636344187081,0.010396938075861999,0.011613114561945571
2023-01-04,0.0076905690369795266,0.011172148268543399,0.0099149396117755965,0.01128239655646086
2023-01-05,-0.011478995035470686,0.010993829960035862,0.010246867199734638,0.01130221029506848
2023-01-06,0.022673061808488271,0.012100525788394162,0.013667925090572597,0.012898555538342642
2023-01-09,-0.00056697032091176014,0.011974728859456926,0.012227593062175489,0.012237957632408203
2023-01-10,0.006988235146905452,0.01195929577603997,0.011374458746200569,0.011818391995453563
2023-01-11,0.012568717588152598,0.011860803803253647,0.011623131324103766,0.011895554489112914
2023-01-12,0.0036341119999026947,0.011768408036669497,0.010522314356996616,0.01134347706595701
2023-01-13,0.003871727876348667,0.011712728538355952,0.0095693957432883281,0.010830791865147854
2023-01-17,-0.0018333186783321708,0.010329030653327567,0.0085983067745106726,0.010291333874730224
2023-01-18,-0.015913974327179756,0.010597120802814079,0.010478340483497574,0.010983890727682355
2023-01-19,-0.0073066163183165824,0.010551900059355305,0.0099254130309575223,0.010673328167362269
2023-01-20,0.018457795921682701,0.011326236931846364,0.012122256602026638,0.011687470375578993
2023-01-23,0.011927296262584893,0.011152701949918705,0.012083516182278941,0.011711673962998633
2023-01-24,-0.001073926769844884,0.010682566670132591,0.010818491318262244,0.011115858409710022
2023-01-25,0.00037480680083658123,0.010605629408321562,0.0096778044798519827,0.010546095266971766
2023-01-26,0.010930162457813275,0.010847680958191977,0.0099409058898589642,0.010585129095927877
2023-01-27,0.0022951739197059912,0.010493620039865518,0.0089504666131529614,0.010068130139796709
2023-01-30,-0.012626209100821625,0.010108082474451014,0.0097965766125757848,0.010352421730516086
2023-01-31,0.014596288710571594,0.010605567801461893,0.010926511771161253,0.010851752693922374
2023-02-01,0.010571675244282489,0.010824792379966674,0.010856472312974199,0.010824071074420375
2023-02-02,0.014452131828396379,0.01116521800875489,0.011664613827425657,0.011239700823430678
2023-02-03,-0.010686157922530319,0.011125799988723029,0.0114755987566413,0.011185579299022969
2023-02-06,-0.006130013825687195,0.0099979444025083842,0.010623883817105923,0.010787176311693885
2023-02-07,0.012993902439611925,0.010410806622875895,0.011138304449489727,0.01102773800752575
2023-02-08,-0.010995055347685903,0.010582423404893048,0.011109802393713102,0.011024474101572049
2023-02-09,-0.0087069436180804791,0.010386510260347937,0.010672597660156087,0.010815091909524061
2023-02-10,0.0023310829880009046,0.010367784444217988,0.0096026174677451767,0.010286543953145887
2023-02-13,0.011670393215528544,0.010656047312892171,0.010050264939119107,0.010433192015414433
2023-02-14,-0.00046015947011769274,0.010648656197036194,0.0089915854900444129,0.0098988646187959679
2023-02-15,0.00324202891089251,0.010062638194396321,0.0081719665926650951,0.0094466842761379427
2023-02-16,-0.013864344959132443,0.010401843989767403,0.0095848235571903834,0.0099768665194193504
2023-02-17,-0.0025012765401586142,0.0095643434740526369,0.008645597201121907,0.0094978796278282276
2023-02-21,-0.020265062033476625,0.01024193747510267,0.011913506142835059,0.011056944406313555
2023-02-22,-0.0013790021088523057,0.010243763939557273,0.010673595095165396,0.010498599064899071
2023-02-23,0.0053053334262015001,0.010311886528692742,0.0098371651585741522,0.010100157442795969
2023-02-24,-0.010739856849900498,0.010301883685556882,0.010024208682829936,0.010165938955550322
2023-02-27,0.0033998958116067441,0.010317140150310412,0.0090939356760147971,0.0097039998204944411
2023-02-28,-0.0037026366355641096,0.0099578009103925506,0.0083007009628464547,0.0092801833532556166
2023-03-01,-0.003843562832166881,0.009446897137533437,0.0076207548332591695,0.0088874585955446162
2023-03-02,0.0077474518502387386,0.0093089741734627817,0.0076462621860140219,0.0087801212563349412
2023-03-03,0.015910520369658007,0.0094271431178589195,0.0098692042242763834,0.0097311840076981602
2023-03-06,0.00069248038810664034,0.0091205978565951223,0.0088327152922508655,0.0092344085290452481
2023-03-07,-0.015447267754371852,0.0096559492459485589,0.010494622611710301,0.010030387774193921
2023-03-08,0.001630607419273556,0.0092156510805051876,0.0094149593265682729,0.0095296221890591223
2023-03-09,-0.018622133387060306,0.0098093249169836309,0.011843561021662409,0.010789379701731411
2023-03-10,-0.014534693371965557,0.010148653976729489,0.012428491960913231,0.011220310782461702
2023-03-13,-0.0014260499247496839,0.010140274210490258,0.011134660013469811,0.010654069574031868
2023-03-14,0.01639478652314013,0.010462060429506608,0.01236698540147591,0.011359453382685901
2023-03-15,-0.0062738802522469038,0.010555197760569325,0.011411668459088765,0.010957628410382699
2023-03-16,0.017392984076805042,0.011225527023110062,0.012832931100700565,0.011760707795520763
2023-03-17,-0.011761535120988709,0.011104870071702582,0.012625927220949455,0.011760790530686517
2023-03-20,0.0095697639226684401,0.011295323774450144,0.012076725833523391,0.011560389814776046
2023-03-21,0.013044945817562456,0.010749848035101839,0.01227648026769485,0.011717312513581516
2023-03-22,-0.017193612923679498,0.011412500458069557,0.013404985612985362,0.012374486002407229
2023-03-23,0.0026998917538176874,0.011366719374621507,0.012050427151098926,0.011770473864277023
2023-03-24,0.00654055568486492,0.011205981729278303,0.011168079931327386,0.011356387469496958
2023-03-27,0.0018682266346286677,0.011187965654145838,0.010023914486550711,0.010789801193601593
2023-03-28,-0.0022472381650231257,0.01116859899647725,0.0090218127436237708,0.010260742505040041
2023-03-29,0.014430187721611878,0.011593552978527325,0.010332499585337589,0.010750701597912466
2023-03-30,0.0058381886975845242,0.011537484237075327,0.0096034018763416287,0.010364761024234097
2023-03-31,0.013996255889410005,0.011412759024231991,0.010628231172833342,0.010783086843419117
2023-04-03,0.0038034378392577221,0.011443356110016326,0.0096571562154688477,0.010300198038152294
2023-04-04,-0.0055638397193324193,0.010980314687111942,0.0089888706421028825,0.0099287613983257157
2023-04-05,-0.0026215988827951748,0.01098990471457011,0.0081249241520657822,0.0094556623609677298
2023-04-06,0.0038933326548436973,0.010207679217095365,0.0074728255575593318,0.0090545237054351392
2023-04-10,0.0010259662678341588,0.0096791776390044819,0.0066996282589048377,0.0085960002476344523
2023-04-11,0.00026834637601472937,0.0096741097438930498,0.0059935312630799761,0.0081553233663264647
2023-04-12,-0.0040843289661572574,0.0089990574637074713,0.0056634161265063229,0.007843885746158883
2023-04-13,0.013195356097319935,0.0093659397654953114,0.0077770759469477455,0.0085314495539985987
2023-04-14,-0.0024458337545679798,0.0085378063970692076,0.0070415018837369746,0.0081305152738728077
2023-04-17,0.0035819294339126733,0.0081620440808170009,0.0064986339115881177,0.0077960100438470518
2023-04-18,0.00065213623490694914,0.0078778936641632491,0.0058198668805437628,0.0073988190618689657
2023-04-19,-0.00016922820933800944,0.0073180673626339508,0.0052059973149404621,0.0070193400671239442
2023-04-20,-0.0054717250520453327,0.006345871288313475,0.0052602168627890189,0.0068802615491459678
2023-04-21,0.00077657325634828268,0.0063194750521580875,0.0047176814601402484,0.0065318072298896244
2023-04-24,0.0010425015631272331,0.0061523298007310741,0.0042453005299160351,0.00620537960728486
2023-04-25,-0.016001037797933139,0.0071048088622841293,0.0081009075660459975,0.0077626917705487068
2023-04-26,-0.0042447621454818193,0.0071502940698030069,0.0074902178772876899,0.0074856693581310217
2023-04-27,0.019712589789775397,0.0077552884673369824,0.011072485282147975,0.0094493566335137995
2023-04-28,0.0084987344632188513,0.007877290220754533,0.010607810412802803,0.0093586406842141624
2023-05-01,-0.0010102925022188705,0.0072324253762416921,0.0094986657795283029,0.0088841324283584176
2023-05-02,-0.011302750041497733,0.007613952835293817,0.0098858562083949508,0.0091547934959892111
2023-05-03,-0.0068876193644908292,0.0076678828357287223,0.0093633318044631219,0.0089539460356759266
2023-05-04,-0.0071080646628036582,0.0078089062812841739,0.0089578179616743789,0.0087868249654739789
2023-05-05,0.018343202261431858,0.0087775149565241847,0.011466848562196879,0.010155529065335246
2023-05-08,0.00026661433398430883,0.0087747189489477875,0.010256954196997396,0.0096347497039357844
2023-05-09,-0.0043951437039121436,0.008829380304021868,0.0093822995664735471,0.0092453929332151942
2023-05-10,0.0046616097697691899,0.0088436643807948811,0.0086468582301990633,0.0088939654825702843
2023-05-11,-0.0017454807606878846,0.0083460687576656558,0.0077732790005065012,0.0084555916477340402
2023-05-12,-0.0013110548020293011,0.0083332887748253249,0.0069773108053573975,0.0080323852977368503
2023-05-15,0.0034439467496509887,0.0083303799038144024,0.0064279426492877172,0.0076976210049347288
2023-05-16,-0.0067051549332228649,0.0084629734959030239,0.0064843332654738054,0.0076042055791452276
2023-05-17,0.01206600401950108,0.0088825621941501804,0.0079218023781149321,0.0081609064166166412
2023-05-18,0.0095871396009370464,0.0090553069891130596,0.0082817034165621368,0.0083145462148864601
2023-05-19,-0.0014561778447853982,0.0090594952432096476,0.0074359518534647838,0.0079013009229555904
2023-05-22,0.00040597084472023014,0.0090569506017544477,0.0066533951061837331,0.0074969314976372353
2023-05-23,-0.01128623197112639,0.0086945756237656446,0.007803200597985855,0.0079574799341780491
2023-05-24,-0.0072711170591194538,0.0087942141296516591,0.0076997259896316459,0.0078915304308672263
2023-05-25,0.0086224597806309634,0.0078502377658639724,0.0078929073721947952,0.0079676413419551562
2023-05-26,0.012867624752642391,0.0081420879966702976,0.0091078835512867964,0.0085844367535739454
2023-05-30,0.0003809508392259689,0.0081393991532309005,0.0081481199632443962,0.0081448027166218552
2023-05-31,-0.0055607348994957733,0.0078363447653680071,0.0077005091826989952,0.0079244058089972085
2023-06-01,0.009456135298533605,0.0079691441821197941,0.0080822009561195562,0.0080906387981122454
2023-06-02,0.014357592412376179,0.0084432252621187334,0.0096687987781349707,0.008917770939722517
2023-06-05,-0.0019180393601966389,0.0073924517662310929,0.0086904724179473775,0.0084818548784301798
2023-06-06,0.0021749795966411458,0.0074081924764539684,0.0078336170398382605,0.0080759352142928554
2023-06-07,-0.0034636650221829797,0.0073834477128630043,0.007175781477905682,0.0077394027008225409
2023-06-08,0.0060303341985858371,0.0074328336705211722,0.006961785544258756,0.0075858428538701419
2023-06-09,0.0017926529203699465,0.0074333950146606778,0.0062782073293243769,0.0072188552466816037
2023-06-12,0.009030958534188064,0.0076972286448823406,0.0069169611987657349,0.0074200070869178212
2023-06-13,0.0065713814226903552,0.0077982974450196262,0.0068492402893080449,0.0073395612970509078
2023-06-14,0.0011901908245103765,0.0076574353158881418,0.0061492263637220402,0.0069730839267662425
2023-06-15,0.012321304223011318,0.0076777353337348087,0.0077854540939520439,0.0076774320759191873
2023-06-16,-0.0034119565150724012,0.0074117494514806979,0.0071287394265309428,0.0073629349907758943
2023-06-20,-0.0052016748872129662,0.0074953904713067039,0.0067872398643007885,0.007176160022865921
2023-06-21,-0.0051369480298396964,0.0075823511824552733,0.0064908356159047668,0.0069990262831717181
2023-06-22,0.0036032666073845861,0.007195295293521438,0.0060250695965222527,0.0067369195516693648
2023-06-23,-0.007588723572150644,0.0072116748033536982,0.0063685882270133011,0.006826884288352186
2023-06-26,-0.0040941410084767496,0.0070092091112878945,0.005983270921800227,0.0066046887313198979
2023-06-27,0.010903564859996153,0.0068406586203250642,0.0072399703086515966,0.0071518175717418808
2023-06-28,0.00050441627333761192,0.0068410581032156614,0.0064795542448139835,0.00678668466183667
2023-06-29,0.0039334947370597015,0.006784364847410033,0.0060565811097090753,0.0065574703898634446
2023-06-30,0.011731847564042842,0.006959776864732173,0.0075414182514945711,0.0072432037696820353
2023-07-03,0.0011496289709098423,0.0061804169237522208,0.0067648149087267267,0.0068811165839054037
2023-07-05,-0.0014882470955168835,0.0061744921712563053,0.0060871300694931765,0.0065449428445861629
2023-07-06,-0.0078614904191512559,0.0064014044038113605,0.0064809820481485517,0.0066882697550300976
2023-07-07,-0.0025279142451060505,0.0063794707533910127,0.0059059777118493301,0.0063952085288523884
2023-07-10,0.0025279142451060431,0.0062609039353411352,0.0054020855484165423,0.0061194654960884214
2023-07-11,0.0063484894008462517,0.0064072930123849833,0.0056041668562294015,0.0061427521461720029
2023-07-12,0.0080136575594825614,0.0063392766557611932,0.0061619063947855046,0.0063546781416871046
2023-07-13,0.0079054486012738248,0.0064149888314418702,0.0065478619298176451,0.0065263582965334127
2023-07-14,-0.00062286092307324483,0.0064109790035579654,0.0058632062753635516,0.0061945793179364987
2023-07-17,0.0034659893293712391,0.005840426268503611,0.0054684885177014942,0.0059780297621137256
2023-07-18,0.0074032439197602336,0.006022367280527078,0.0059063607612200465,0.0061354672117608479
2023-07-19,0.0022211756984411514,0.0059298159882172803,0.0053753885673514783,0.0058628426777688437
2023-07-20,-0.0066565418550098105,0.006004896616464638,0.0056548874165194369,0.0059469813169868557
2023-07-21,0,0.0059505971853448308,0.0050578850673782521,0.0056418018492438785
2023-07-24,0.0044573198937526218,0.0057899529895561524,0.0049436121622650478,0.0055347723854773621
2023-07-25,0.0027262744941333071,0.0057495290870012792,0.0045867151091154856,0.0053210517837054237
2023-07-26,0.00015387177352387739,0.0052070992131513097,0.0041030597970646374,0.0050482274640368521
2023-07-27,-0.0066521360525341206,0.0054142133435829626,0.0047242208427332576,0.0052307964863807094
2023-07-28,0.0097428883878544724,0.0057694263834819374,0.0060695456901130717,0.0058410184135609814
2023-07-31,0.0019020559027398379,0.0051560992294541752,0.0054950042073619587,0.0055738252719759115
2023-08-01,-0.0028656423822044099,0.005189399988300621,0.005079216302115685,0.0053648826615811671
2023-08-02,-0.014008574011515961,0.0060523661124815302,0.0077386549065174273,0.006747427951367309
2023-08-03,-0.0028699054484321385,0.0058269032807436796,0.0070396516438188264,0.0064651868721095455
2023-08-04,-0.0045329853779749523,0.0058873323452526176,0.0066147522629682685,0.0062986961195045221
2023-08-07,0.0086906866903020321,0.00617394253126613,0.007078810989859359,0.0065771588881655034
2023-08-08,-0.0043580868570485829,0.006087039226785297,0.0066246687641601243,0.0063900241972558282
2023-08-09,-0.006707871579903278,0.0060075692447956065,0.0066413927164688793,0.0064225168299204089
2023-08-10,0.0003590612776533159,0.0057421710703966702,0.0059424122014308895,0.0060939923439122254
2023-08-11,-0.00058342427098410996,0.0057419639505333474,0.0053214553454263274,0.0057842118570201138
2023-08-14,0.0055049540151727956,0.005821058481334569,0.0053586577924445373,0.005756895691005663
2023-08-15,-0.01171736725273053,0.0061651565740954116,0.0071015146086094629,0.0065997979310690865
2023-08-16,-0.0073651532333412172,0.006361976785282576,0.0071550195121434998,0.0066802805085497026
2023-08-17,-0.0076490500400010096,0.0064175282990277119,0.0072565168419987322,0.0067833862898306263
2023-08-18,0.00048114308647571365,0.0064184300574443194,0.00649399176751108,0.0064370836928163552
2023-08-21,0.0064852349947352129,0.0065042888171874301,0.0064922413578508455,0.0064419150192457399
2023-08-22,-0.0027122374810369921,0.0065039953870062407,0.0059321669488964631,0.0061712288418936181
2023-08-23,0.011076142488927731,0.0069595128270458417,0.0072586961814550197,0.0068222981553594311
2023-08-24,-0.013956015366340876,0.0074806945755071111,0.0090058319540642258,0.0078336717699373191
2023-08-25,0.0070249814909446526,0.0073268080275463608,0.0086460442016854395,0.007756597743470592
2023-08-28,0.0063215104567171951,0.0074497852158555318,0.008233806116303425,0.007625252595425955
2023-08-29,0.014351317305067262,0.0080862055297142611,0.0097687518244064919,0.0085396756536016954
2023-08-30,0.0041103169515461762,0.0075112880286328969,0.0089287037611239916,0.0082050548313867197
2023-08-31,-0.0014644753266249775,0.0074909855415727193,0.0080128857647907628,0.0077977625704868476
2023-09-01,0.0018634097749911983,0.0074337797493389196,0.0072152290207293983,0.0074210390508385252
2023-09-05,-0.0043312443852027453,0.0072403496808130276,0.006737919518822604,0.0071722107001327253
2023-09-06,-0.0067451511988239543,0.0073312939296225274,0.0067393664756194814,0.0071306558018101067
2023-09-07,-0.0030748919593300097,0.0072090804998955335,0.0061827372988404955,0.0068342609698236259
2023-09-08,0.001505020960731213,0.0072164845879784537,0.0055708177158857774,0.0065009937326929593
2023-09-11,0.0065550516391339629,0.0073626806065533994,0.0057810854013103834,0.0065064197344186997
2023-09-12,-0.005500839555697864,0.0073625268467786033,0.0057261335905915856,0.006412961216641094
2023-09-13,0.0011653350888236988,0.0068854823430337681,0.0051480565159766631,0.0060950196879462921
2023-09-14,0.0085854505629435196,0.0069557955013885581,0.005995329931463427,0.0063879053400690226
2023-09-15,-0.012121508435003953,0.0072666526728892809,0.0076250493859158315,0.0071706274372819907
2023-09-18,0.00058628884241944043,0.0072670387961853511,0.0068250897013499697,0.006805180491401071
2023-09-19,-0.0020759961437517419,0.0071359951806219523,0.0061747414150677728,0.0064892533751871916
2023-09-20,-0.0092358100792544126,0.0074040276202338353,0.0068965196148763324,0.006813911300614814
2023-09-21,-0.0166666190315473,0.0079103974537674607,0.0096749586163066403,0.0083405076275760992
2023-09-22,-0.002250895045714448,0.0072862333243339595,0.0087118979036235993,0.0079444517487219837
2023-09-25,0.0041963948603916485,0.0071765008395766952,0.0080149658783673743,0.0076527024776497582
2023-09-26,-0.014800259006164737,0.0077753760623010251,0.0097571141099726151,0.0086378374814093436
2023-09-27,0.00039885170759650871,0.00708282511607482,0.0087288508488203593,0.0081955427512875167
2023-09-28,0.005781014463590738,0.0071409161011878695,0.0082242504435608346,0.0079870045519072879
2023-09-29,-0.0024300119580593247,0.0071540685117564432,0.0074358340426606308,0.0076160037652695592
2023-10-02,-0.00039788739645405652,0.0071424783647163577,0.0066531921063534604,0.007226271061575658
2023-10-03,-0.013476488799013838,0.0076914108466341214,0.0084696589207136474,0.0080720919930848001
2023-10-04,0.0072557442218148353,0.0077146120309184163,0.0082411930343281783,0.0079942094450659307
2023-10-05,-0.00037682477430787048,0.007684373143272011,0.007373073272750913,0.0075849090882802554
2023-10-06,0.011802737245536458,0.0081179779825266106,0.0084469336972488301,0.0081060608151213697
2023-10-09,0.0063818497266867683,0.0081110746342209043,0.0080762709399435466,0.0079504842832372608
2023-10-10,0.0051913092935961464,0.0081008675177485865,0.0075875463934434598,0.0077190769864265646
2023-10-11,0.0040880119238737829,0.0081481130527956396,0.0070284462376881233,0.0074361897984865618
2023-10-12,-0.0061152432607156498,0.0080359229874102031,0.0068555441243130736,0.0073148374459708178
2023-10-13,-0.0049932116382186385,0.0076469678988339059,0.0065257352601167645,0.007116837670010704
2023-10-16,0.010466403982047977,0.0079960122518184309,0.007481797846185829,0.0075192421034767877
2023-10-17,-4.5938764650804602e-05,0.0079825327716390691,0.0066919549671954799,0.0071333941897695511
2023-10-18,-0.013414589927228973,0.0082736558548851015,0.0084744352973823815,0.0079869833912150773
2023-10-19,-0.0088251780309042266,0.0076458328566478299,0.0085457355647742365,0.0080747191932664993
2023-10-20,-0.012364188597192858,0.0081147453213149031,0.0094338915092250543,0.0086004823708784577
2023-10-23,-0.0017346043774324081,0.0080696373992823513,0.0084735127117096121,0.0081775517451883363
2023-10-24,0.0075109446858058039,0.0075489985380234456,0.0082899452443939824,0.0081133560440814472
2023-10-25,-0.014456114575386434,0.0082114789912464906,0.0098373982051851664,0.0089521961847302961
2023-10-26,-0.01204699229925311,0.0085448160884353391,0.010317244179021693,0.0093080952521305931
2023-10-27,-0.0045428687820045022,0.0085878121147294206,0.0094490186428934416,0.0089465266543789831
2023-10-30,0.01188483620923899,0.0089891639091131542,0.0099838383898721988,0.009282307818199418
2023-10-31,0.00626051490157346,0.0085839374770000712,0.0093584417806936958,0.0090257697329317998
2023-11-01,0.01060837587408925,0.0087566302498577799,0.0096214278455590205,0.0091962944283723799
2023-11-02,0.018982915738529893,0.0097308287408629287,0.012088329786081448,0.010590078237935459
2023-11-03,0.0090820433295715486,0.0095837348258210955,0.011549843108098663,0.010449073283361365
2023-11-06,0.0022979550410086027,0.0094908167606102441,0.010381484485922748,0.0099394606981465725
2023-11-07,0.0028418806335336307,0.0094409709485388273,0.0093720559757298986,0.0094721285689398065
2023-11-08,0.00073222414136411146,0.0093980395820791925,0.0083890152585634793,0.0089890329225780878
2023-11-09,-0.0078294419595956091,0.0094614135333667051,0.0082801264414538965,0.0088798906375439739
2023-11-10,0.015484377111726408,0.010012993291372984,0.010139111500363457,0.0097439111970031144
2023-11-13,-0.00095356061061252267,0.0097379781232663741,0.0090787180362132819,0.0092488027688661188
2023-11-14,0.019214844160547192,0.01064371289618502,0.011822882227598917,0.010672738214865876
2023-11-15,0.0021148164487409188,0.010223242416240697,0.010616916928021643,0.010147110513044545
2023-11-16,0.0012224262058925636,0.0100347004653257,0.0095117824413187991,0.0096341527479291353
2023-11-17,0.0012429757604545983,0.0096503266723212029,0.0085257376171801111,0.009148207918903856
2023-11-20,0.0076681712546203123,0.0097937941975882303,0.0083612637568514173,0.0090111498907611259
2023-11-21,-0.002181920583989215,0.009661041825434407,0.0075419321646562707,0.008576527144588968
2023-11-22,0.0038534229776220918,0.009144900773337088,0.0069623535065317273,0.0082271515690505448
2023-11-24,0.00061520817496834711,0.0087402307198491888,0.006233393080790052,0.0078073855262803917
2023-11-27,-0.0018025470650985887,0.0086903514885052092,0.0056332926982442643,0.0074286377938734402
2023-11-28,0.00098960491526640004,0.0082769987496772498,0.0050579692443645406,0.0070543692357389618
2023-11-29,-0.00070368805219152644,0.0081592747719547633,0.0045349176041588127,0.0066960608173915193
2023-11-30,0.0039296589311106798,0.0078561437000415416,0.004420500650851574,0.0064728455376805629
2023-12-01,0.0058986323590085061,0.0067410038217043918,0.0047530446604983423,0.0064177365784112922
2023-12-04,-0.0052633186267157647,0.0065346830925867494,0.0048593879685635381,0.0063118032928414182
2023-12-05,-0.00019701082053647672,0.0065145985229471126,0.004347261643367897,0.0059882264530587218
2023-12-06,-0.0040380790296997105,0.0065461044714339115,0.0042872092888892547,0.0058226779640309038
2023-12-07,0.0076014833854172901,0.0067611983866919618,0.0051245137058208426,0.0060242406800697689
2023-12-08,0.0042900733047063237,0.0066006842071303379,0.0049688487971427846,0.0058739085020318551
2023-12-11,0.0038818806653442162,0.0056863156041808555,0.0047713065501064269,0.005706086288448084
2023-12-12,0.0045568539244973307,0.0057729513373062005,0.0047291940638878559,0.0056017827900601766
2023-12-13,0.013695995946439192,0.0049239689870513659,0.0074436739711049591,0.0068556548834375281
2023-12-14,0.0032042592006827882,0.0049533031409462929,0.0068102922958942396,0.0065823043985550203
2023-12-15,-0.0016480190837327221,0.0049594650981414443,0.0061357361664663027,0.0062662313048392829
2023-12-18,0.0056095274037021355,0.0051080705268499874,0.0060341665689772868,0.0062036899550559068
2023-12-19,0.006062274239162265,0.0049989899415086607,0.006039798567493173,0.0061896937765689537
2023-12-20,-0.013954134147944202,0.0058726275681762839,0.0082539024317275864,0.0073452613380879132
2023-12-21,0.0094373301751771166,0.006180491174983282,0.0085037735417310203,0.0075804945614292869
2023-12-22,0.002007569971822722,0.0061952452710693426,0.0076588118528652018,0.0072194557783429583
2023-12-26,0.004213683634831108,0.00625350794845057,0.0071047128832176952,0.0069773921015913194
2023-12-27,0.0018063864598083033,0.0062626310260965731,0.0064057913274476368,0.0066439373634639204
2023-12-28,0.00037771902597644674,0.0062612236909742169,0.0057320035203373351,0.0063041240856226161
2023-12-29,-0.0028992332856127767,0.0062330641601778935,0.0052882702478796121,0.0060504824437952846
2024-01-02,-0.005612074584058214,0.0062198203106206083,0.0053545978372883793,0.0060080814022540245
2024-01-03,-0.0082002197481247895,0.0063767718121294555,0.006032088791022714,0.0062619244896639555
2024-01-04,-0.0032262725748820739,0.0064172984827862078,0.0055848583770506431,0.0060275543925850635
2024-01-05,0.0013687603595114923,0.0063608247068091444,0.0050326151708355565,0.0057345986129973695
2024-01-08,0.014174997638659531,0.0069005428315905004,0.0077748237264506524,0.007049121571697607
2024-01-09,-0.0015181956587313015,0.0068419661520309266,0.0069870802767352065,0.0067045950843532933
2024-01-10,0.0056394110023686691,0.0069028399063878094,0.0067391411860533877,0.0066058104246174507
2024-01-11,-0.00044080634405956195,0.0068279329522490098,0.0060308938961850002,0.0062683721373800426
2024-01-12,0.00069267458583402268,0.0061045592024532745,0.0054030828761000198,0.005950732739385985
2024-01-16,-0.003678054943762461,0.0061178986272629361,0.0051049251989300787,0.0057639315522457204
2024-01-17,-0.0055742025207236832,0.006232693796068476,0.0052021683726832116,0.0057452406058650504
2024-01-18,0.0088534312686255941,0.0064181223369705314,0.006109557567275381,0.0061274248408430343
2024-01-19,0.012389023542159799,0.0068577788752036215,0.0077819622075617559,0.007009963772729587
2024-01-22,0.0021122444077367342,0.0061250564839965896,0.0070242055726992061,0.0066836958734883068
2024-01-23,0.0029122399866259741,0.0057868138018574962,0.0064162137970902684,0.0064072400961979314
2024-01-24,0.0010925855154040305,0.0057745462395935258,0.0057595996574129485,0.006088253230290352
2024-01-25,0.0054241050399274297,0.005824832491899648,0.005694082337635303,0.0060251337084701638
2024-01-26,-0.0012711319453107466,0.0058177582261297522,0.0051245696618051886,0.0057300602288883522
2024-01-29,0.0078880590462082328,0.0060786718097290424,0.0057838798810356381,0.0059810014843390555
2024-01-30,-0.0007737876293904193,0.0060464791947830417,0.0051848204059232947,0.0056793499284371581
2024-01-31,-0.016451863070464878,0.0069655101407261524,0.0086970483390175577,0.0074897192135358346
2024-02-01,0.013003332415689163,0.0073219180561057704,0.0097122731958871993,0.0082094439457942765
2024-02-02,0.010472319243649894,0.0076533336397286303,0.0098689662363098153,0.0084630030097664777
2024-02-05,-0.0036477662449326694,0.00769058843547078,0.0089765491907677162,0.008111152680522777
2024-02-06,0.0028990265830105577,0.0070369624368364246,0.008132872759684516,0.0077493324576363891
2024-02-07,0.0083059458294692176,0.0072700090261732927,0.0081677807686415128,0.007806779860946949
2024-02-08,0.00044154772428034146,0.0071604910193086733,0.0073081534621431939,0.0074074777797061191
2024-02-09,0.0057626938863120248,0.0072748435149712276,0.0070263086885260064,0.0072597877678269428
2024-02-12,-0.00043900998043916185,0.0072738569377856308,0.0062875875327306477,0.0068886384407075146
2024-02-13,-0.013868694587680105,0.0078644532436287495,0.0083722842461701804,0.0078703287457862064
2024-02-14,0.009046544410504025,0.0080242156266317841,0.0085114104561570657,0.0079957403464092029
2024-02-15,0.0068761642096915529,0.0079267241577589929,0.0082104575518220958,0.0078909340855402334
2024-02-16,-0.0049925391363124594,0.0075103151071157529,0.0076755703354044183,0.0076506667272119343
2024-02-20,-0.0055206346372020315,0.0075964218238683979,0.0072956826506151706,0.0074650634232756837
2024-02-21,0.00090556498664016397,0.0075711670062421918,0.0065380117665690598,0.0070877683029765071
2024-02-22,0.020484042930671673,0.0088454894392716796,0.010868103847725987,0.0093366168949770359
2024-02-23,0.00068945611685467423,0.0087632987586246276,0.0097256164299944926,0.0088601754222430839
2024-02-26,-0.0036692750883940148,0.008797033323541972,0.0088522769889766116,0.0084852104057035194
2024-02-27,0.0018560288413181256,0.0086283812892497258,0.0079611063881606815,0.0080711461622333305
2024-02-28,-0.0013224395916803064,0.0086317129604492216,0.0071451480903910571,0.0076683730335896406
2024-02-29,0.0035884841374487332,0.0078496585675656514,0.0065892303547409395,0.0073628304560493874
2024-03-01,0.0093445240093544806,0.0075847751041004038,0.0072248454050278469,0.0075843363577979463
2024-03-04,-0.0010730563444660195,0.0072182347120785181,0.0064798921970138793,0.0072031303737496045
2024-03-05,-0.010044494657960338,0.0075154637964972883,0.0073327741608954413,0.0075356330693903935
2024-03-06,0.0050544271672681241,0.007572274428431146,0.0069372262694538285,0.0073254291737592332
2024-03-07,0.0098776124221003295,0.0076660462150596196,0.0076166614788322042,0.0076192154476632081
2024-03-08,-0.0060203232734539636,0.0077827200237213746,0.00732527706847184,0.0074747326952746508
2024-03-11,-0.00086021224467395011,0.0076777143201320723,0.0065632111290953388,0.0070963696697547941
2024-03-12,0.010699861753660833,0.0080412693507174293,0.0075735064910222071,0.007534674538132325
2024-03-13,-0.0015686267194959095,0.0074275169324428993,0.0068101775610234791,0.0071652109064934896
2024-03-14,-0.0019788619558207339,0.0071604332428404516,0.0061551599214133418,0.0068262590095234006
2024-03-15,-0.006890182881461278,0.0071611070038257053,0.006309018858311876,0.006832678308876225
2024-03-18,0.0059256549829170731,0.0071965860321189434,0.0062342323151244449,0.0067474648782328527
2024-03-19,0.0055417809613571133,0.0071973986265176926,0.006102031570869291,0.006636760329939098
2024-03-20,0.0092066463444414222,0.0074832921523436558,0.0068366877079351629,0.006936725639702759
2024-03-21,0.003299219711145154,0.0059635646414848724,0.0062904061230692528,0.0066629446501302678
2024-03-22,-0.0018976274819014422,0.0059766533485989095,0.0056899530197121358,0.0063494446430878001
2024-03-25,-0.0027666460656854048,0.0059523039899052315,0.0052374916118099425,0.0060868165401423086
2024-03-26,-0.0018487326602943306,0.0059521904587902302,0.0047569546137073244,0.00580397995163137
2024-03-27,0.0083688456724155293,0.0062324158902039477,0.0056666047449278429,0.0061091180001630182
2024-03-28,-0.00019123138112383579,0.0061806937620534916,0.0050690868365432743,0.0057959336961387747
2024-04-01,-0.0017413827438633529,0.0058298018512851768,0.0046003256251332964,0.0055260115865871746
2024-04-02,-0.0063781570957835527,0.0059969210038362886,0.0050066530011081507,0.0056170465943799625
2024-04-03,0.001097814168734366,0.0055658537240046886,0.0045049193787035733,0.0053400946427942051
2024-04-04,-0.012281262974733748,0.0061026909630329676,0.0068118516526571825,0.006383407533602726
2024-04-05,0.010392765356151155,0.0061453197003592495,0.0076630915888986888,0.0068901422148495593
2024-04-08,0.00055915280932520228,0.0059973637706068599,0.0068586375128530533,0.0065389539647549453
2024-04-09,0.0011560285183596173,0.0059998495013172141,0.0061562981744896217,0.0062141586117021551
2024-04-10,-0.010063573128091079,0.0059445451605909744,0.0071116177197221991,0.0066993836236400534
2024-04-11,0.0075186289378856887,0.0061677448660211577,0.0071948621595063116,0.006785760455069725
2024-04-12,-0.013899243508858697,0.0068923675544944746,0.0089471016099710622,0.0077949206198706308
2024-04-15,-0.012607295721274175,0.0072854783487038078,0.0097892432218251186,0.0084011367839978476
2024-04-16,-0.0018254349390317381,0.0071755930804662657,0.0087937403207148882,0.0079908954822824028
2024-04-17,-0.0059357903228192824,0.0071913315584164307,0.008301241859735714,0.0078097586533472782
2024-04-18,-0.0020598512520308108,0.0069057426897126649,0.0074817839160965707,0.0074375665320875429
2024-04-19,-0.0087667508948573204,0.0071405767010811914,0.007755827274006648,0.0075809793861053333
2024-04-22,0.0091670772989062687,0.0074168424165022076,0.0080578748193431762,0.0077542023592185715
2024-04-23,0.011796760809306793,0.0078476119417430108,0.0089317518103540685,0.0082481055621360377
2024-04-24,-0.00047476315328899793,0.0078374353310449452,0.0079916226344688424,0.0078262801402005523
2024-04-25,-0.0038061167213080021,0.0076581877685707881,0.0073477976812544223,0.0075215854179308409
2024-04-26,0.0094292340275296468,0.0079430179493645264,0.0078085975361074211,0.0077335546751735821
2024-04-29,0.0035352490278011735,0.0079727544007904983,0.0071609324478336019,0.007421379904799792
2024-04-30,-0.015968015867835951,0.0086185639683286318,0.0095926361845449469,0.0086641182354452902
2024-05-01,-0.0032524857449401606,0.0086457109745104732,0.0087023369205886658,0.0082836052942002227
2024-05-02,0.0093099086469607944,0.0084581657108843827,0.0088271974095124658,0.0083918856584540812
2024-05-03,0.012319187596000104,0.0085865131314551459,0.0096274611341875295,0.0088632730250542795
2024-05-06,0.010273918511684117,0.0088876456524030669,0.0097601786166636433,0.0090142768985350084
2024-05-07,0.001102878857526771,0.0088873079295495924,0.0087436913062057791,0.0085588026838193734
2024-05-08,9.6655915011820126e-05,0.0085977284295160519,0.0078207147115692804,0.0081196506870116654
2024-05-09,0.005745239373481527,0.0085290582050633282,0.0074520076470388453,0.0079143308053833804
2024-05-10,0.0012873372615409052,0.0079478454451931899,0.0066900958006751044,0.0075192215428082371
2024-05-13,0.00013427002276652844,0.0074311475138396964,0.005984104874212289,0.0071334862579772104
2024-05-14,0.0045776623607797677,0.0074901997550852403,0.0057304980110211177,0.0069205103021673705
2024-05-15,0.012307092315625457,0.0078685855206969448,0.0075208902542530836,0.0076322060169191552
2024-05-16,-0.0020596495690867376,0.0078685828809811065,0.0067896585659886497,0.007269781802156869
2024-05-17,0.0014362776837346135,0.0076272501710304835,0.0061067298508384379,0.0069116600078673908
2024-05-20,0.0011516404615490566,0.007351155939640531,0.0054862532503915998,0.0065670820942931576
2024-05-21,0.0024496262300918946,0.0068834111313120141,0.0050278537682968425,0.0062780552224859136
2024-05-22,-0.0028833669995951706,0.0069127251545828012,0.0046782701785138808,0.0060252767707682803
2024-05-23,-0.0073313160138199903,0.0070532866496914376,0.005315882653843718,0.006168337182529275
2024-05-24,0.0065946640593368888,0.0068904143234057276,0.0055950697513660321,0.0062122865873353627
2024-05-28,0.00069858097653664774,0.006846700740707549,0.0050141247984345884,0.0058976313649588214
2024-05-29,-0.007027217168990514,0.0060495887093289253,0.0054762682753360771,0.0060201352359616437
2024-05-30,-0.0066557884393182321,0.0061873715229842294,0.0057316241440410537,0.0060866885420757721
2024-05-31,0.0090668776778065254,0.00616929979445915,0.0065362731298274808,0.0064470013765969888
2024-06-03,0.00081502620712256785,0.0055231652327769809,0.0058575717397077696,0.0061215905487617172
2024-06-04,0.0011173031300008274,0.0050289265677215455,0.0052629450505891108,0.0058181887551411442
2024-06-05,0.011815243836948831,0.0056753224297078049,0.0070766425563064716,0.0066652972209843356
2024-06-06,-1.9039286981604034e-05,0.0056752828729122922,0.0063295472503704393,0.0063232590164487359
2024-06-07,-0.0012165625445551699,0.0055346588093469866,0.005687401832181414,0.0060110936253456966
2024-06-10,0.0030851495825327635,0.0055700532916629023,0.0052707552845755248,0.0057854763598224742
2024-06-11,0.0024054414620502578,0.0055958823863070566,0.0048354853677138512,0.0055410448384572101
2024-06-12,0.0081794820259330908,0.005797529332184935,0.0056644788141198216,0.0058586050159462203
2024-06-13,0.0020114943813078351,0.0051225409492340803,0.0051457048222470396,0.0055942415414590822
2024-06-14,0.00060843707437020008,0.0051036092858761668,0.004610494727125364,0.0053106500684110842
2024-06-17,0.0079271745246970188,0.005393114857009074,0.0054381383296199541,0.0056273184847406427
2024-06-18,0.0025374902913598112,0.0054167625868405409,0.0049946421482839421,0.0053985116183729647
2024-06-20,-0.0027202416532426813,0.0054232157638655258,0.0046300219310429665,0.0051932173447238605
2024-06-21,-0.0013416199032628016,0.0053931045008383952,0.0041844559094961495,0.0049449519863260316
2024-06-24,-0.0032559400592333961,0.0051892411502747421,0.0040159639117748501,0.0048028543283442256
2024-06-25,0.0038435729231403224,0.0050489995695884261,0.0039820828062261402,0.0047157156414392842
2024-06-26,0.0012472587147365026,0.0050542831934646754,0.0036050960654066782,0.0044910735954749427
2024-06-27,0.0015754605932805268,0.0048167201856429975,0.00330057409079762,0.0042896358171845995
2024-06-28,-0.0039429698993297298,0.0046651010643590151,0.0034386674437170699,0.0042562400146570348
2024-07-01,0.0020559552949869272,0.0042265946112937719,0.0032101304437328879,0.0040898308490241288
2024-07-02,0.0067071757120211227,0.004481093496446935,0.0041522513386125573,0.0044218395877122325
2024-07-03,0.0044527211775963289,0.0045835703227892419,0.0042140595772118348,0.004424937445213736
2024-07-05,0.0057498164427675375,0.0039600678042051767,0.0045627531514795565,0.00457472438155581
2024-07-08,0.0011532484042928947,0.0039684528450367367,0.0041135105972235101,0.0043552601574052361
2024-07-09,0.00097197060442589134,0.0039650792053668796,0.003704824006339532,0.0041431792889519209
2024-07-10,0.0098467613719879429,0.0044826199017256006,0.0055111086577688279,0.0050145001854668943
2024-07-11,-0.0086600538198422904,0.0048532875826708607,0.0062687447980198261,0.0054891114139994706
2024-07-12,0.0062876105730525732,0.0047101917567544073,0.0062725224924134798,0.0055741110838954033
2024-07-15,0.0027464081537830957,0.0047287142851364823,0.0057431857260321698,0.00535891021689687
2024-07-16,0.0059127142769495105,0.0049081807742607187,0.0057774894072709681,0.0054168391016874168
2024-07-17,-0.014120349950791438,0.0055603460191082591,0.0081596791375314337,0.0068078160625485717
2024-07-18,-0.0077146244266538622,0.0057940725319495295,0.008072631349865883,0.0069038588189343315
2024-07-19,-0.006662731495442293,0.0059515452045589079,0.0078110370454083575,0.0068801263818795864
2024-07-22,0.010257114865312783,0.0063711312489759322,0.0083577222286839292,0.0072885777531418285
2024-07-23,-0.0015697939221945717,0.0063391220808657351,0.0075082665957664141,0.0069323484038996833
2024-07-24,-0.022923456639274611,0.0081067909390818652,0.012255457016244725,0.0097877574235887017
2024-07-25,-0.0052240240501302219,0.0081857680139814891,0.011207812757040752,0.0094312893377495356
2024-07-26,0.011137887986871736,0.0085489953570626383,0.011193862747020293,0.0096155889885083719
2024-07-29,0.00058724831007828083,0.0085044232057566397,0.010015539060621796,0.0091240387161662176
2024-07-30,-0.0050789063555601735,0.0085675918986778468,0.009241638171535534,0.0088035676416748816
2024-07-31,0.01612383765910402,0.0091735068367310348,0.010969135291639643,0.0097852101145097861
2024-08-01,-0.014262347404479854,0.0096608808637506736,0.011702155952398261,0.010320695646864192
2024-08-02,-0.018793971055724147,0.010456589645265697,0.013423674338871584,0.01145366393675059
2024-08-05,-0.029556124175226021,0.012367376105239405,0.01785690122773656,0.014332627932258512
2024-08-06,0.0091772596553624554,0.01253458655579634,0.016490589926442908,0.013903381264221146
2024-08-07,-0.0067065272941019497,0.012430478674058911,0.015051483201564792,0.013359317361119897
2024-08-08,0.022854424077929408,0.013299744676301012,0.016902741116172772,0.014589609121323007
2024-08-09,0.0043998534719570806,0.013261766158683904,0.015245781970998558,0.013910675610449752
2024-08-12,0.0005252791128601685,0.013248060222824157,0.013638265210614623,0.013197870970724262
2024-08-13,0.016312042493907358,0.013677252161077,0.014213316587927563,0.013541554245218733
2024-08-14,0.0031495594833249462,0.013326439839206675,0.012790568389666107,0.012885196728512977
2024-08-15,0.01699509846021692,0.013749905304015805,0.013734831128160046,0.013353231909409803
2024-08-16,0.0022392759875221576,0.013678121733915029,0.012325556388452329,0.01268776410084383
2024-08-19,0.0095161366518417157,0.013651316300584861,0.011817226560544545,0.012407139387000044
2024-08-20,-0.0016273925237121505,0.013651653541312045,0.010594675839865909,0.011781690779944383
2024-08-21,0.0034305815528548173,0.012676034304423522,0.0095995574314459049,0.01122961721742476
2024-08-22,-0.0078795256675104532,0.012744476080261314,0.0092810876115191291,0.010940866740774697
2024-08-23,0.010569369053028074,0.012720244542810609,0.0095526531517676587,0.01090428653114736
2024-08-26,-0.002386667927493878,0.01273075753401285,0.008610562266751623,0.010372209825183751
2024-08-27,0.0013721878668242499,0.01268371270088102,0.0077259307496286437,0.0098495052132612469
2024-08-28,-0.0058223528023779872,0.012229989797354755,0.0073845760331597713,0.0095237312471000736
2024-08-29,8.9747332152497123e-05,0.011806876195602252,0.0066050875443357951,0.0090350493434543083
2024-08-30,0.0095006091214451405,0.011236313309090026,0.0072769540269517442,0.0090826792491333404
2024-09-03,-0.020793489739346051,0.010207593925307722,0.011350642758731915,0.010838933419040943
2024-09-04,-0.0020491329873515911,0.010009686124193633,0.010193599071429733,0.010303112369383709
2024-09-05,-0.0024350438261237476,0.0099116806248640294,0.0091822359646368899,0.0098046752057397175
2024-09-06,-0.01697329407364313,0.0093021402590012306,0.011183439014466468,0.010739076378910774
2024-09-09,0.011133907140777402,0.0095791477846606764,0.011173550205557917,0.010779210274728702
2024-09-10,0.0043463830215613999,0.0096276076281470377,0.010181197789598341,0.010318010528641015
2024-09-11,0.010206606366785175,0.0091975775507319342,0.010186284575351194,0.010306924298493812
2024-09-12,0.008388085879447376,0.0093604191033749753,0.0098529341672532779,0.010131407509200899
2024-09-13,0.0052090533732829817,0.0086332200863576576,0.0091154317929829191,0.0097516306334025082
2024-09-16,0.0014757156949496936,0.0086250019160977985,0.0081797570123129711,0.0092629716446999272
2024-09-17,0.00040866347087877431,0.0083588973857492699,0.0073184794179441881,0.0087885766711513907
2024-09-18,-0.0029701431924935092,0.0083773404319849656,0.0066792561643854676,0.0083903126862249523
2024-09-19,0.016920065051294224,0.0091600119154306818,0.0096409382632392498,0.0095909578462929062
2024-09-20,-0.0017298933901524296,0.0089972828459846093,0.0086577513653795322,0.0091152113679585089
2024-09-23,0.0024956196406955345,0.0086992486095780024,0.0078237427387401991,0.0086833854108525291
2024-09-24,0.0028573820106416281,0.0087063395740790694,0.0071134862581254538,0.0082871905474376385
2024-09-25,-0.0022079119764898533,0.0087149267103561294,0.0064386585912608544,0.0078928614571762579
2024-09-26,0.0039567287168772898,0.0086624328606955941,0.0060246327681980792,0.0075916471202142162
2024-09-27,-0.0014514528347752765,0.0086684875326354521,0.0054275503737535478,0.0072166797719747031
2024-09-30,0.0039993065378879896,0.0084515868367266763,0.0051735416306921264,0.006962173907372993
2024-10-01,-0.0089987993669066457,0.0073389221813566817,0.0061325446930920544,0.0071918368981393572
2024-10-02,0.00042204438087099582,0.0073252124581467083,0.0054883611235142116,0.0068240807672856089
2024-10-03,-0.0018298902068859195,0.0073163987414364877,0.0049766842266245042,0.0064997015549576815
2024-10-04,0.0090460766873934166,0.0065739356651769191,0.0060149987032473281,0.0067974008721413248
2024-10-07,-0.0090813779720393655,0.0064142035368753691,0.0067408050479347047,0.0070591313447217465
2024-10-08,0.0094131688169693528,0.006680407330604687,0.0073533877628452603,0.0073286408375295735
2024-10-09,0.0069024833808201021,0.0064653936668695395,0.0072654459351859111,0.0072871466676062806
2024-10-10,-0.0017514794967602579,0.0061997338695242484,0.0065454487848582163,0.0069353459857776339
2024-10-11,0.0059702889192905298,0.0062339558620213798,0.0064345310467913809,0.0068449657797667674
2024-10-14,0.0081450324143938144,0.0064861696324249006,0.0068110837933476436,0.0069858683194512659
2024-10-15,-0.007800002179353038,0.0067159547280237859,0.0070200211361209422,0.007071500827888857
2024-10-16,0.0043369114814607139,0.0067530289825803768,0.0065716297553097868,0.0068473638491577246
2024-10-17,8.5892582960233265e-05,0.0055936874465203658,0.005877969855303776,0.0064960365045200943
2024-10-18,0.0038393917329222057,0.0056459506848923549,0.0055306970149931545,0.006281141148639713
2024-10-21,-0.0016437559110766113,0.0056303152612837892,0.0050011273005556673,0.0059814424736631417
2024-10-22,-0.00053124893225781533,0.0055952059493024455,0.0044794491298256293,0.0056769808174741794
2024-10-23,-0.0091792551464077287,0.0059393200033720818,0.0057362109980305829,0.0061181020411609759
2024-10-24,0.0021602199894782416,0.0058928825302779243,0.0052207857044442923,0.005844203142238164
2024-10-25,-0.0003454597948918392,0.0058844452476482624,0.0046721677186677768,0.0055453740701561748
2024-10-28,0.0030866815841960062,0.0058569064695862512,0.004401004611850794,0.0053505902983115696
2024-10-29,0.001617112392679575,0.0055122759832683631,0.0040022598332613455,0.0051017095306772507
2024-10-30,-0.0030297931105654503,0.0055529508153221979,0.0038275836080895321,0.0049338282044621056
2024-10-31,-0.019797791235857749,0.0070898141541125672,0.0094926721519945963,0.0078168822722292398
2024-11-01,0.0042115360728358746,0.006860083189931785,0.0086968998434363096,0.0075343869837819167
2024-11-04,-0.0021563155931043961,0.0065703618565559861,0.0078382901768704032,0.0071801990357475923
2024-11-05,0.012019401258630609,0.0067795698903430571,0.0088342648613595823,0.0078004059532342735
2024-11-06,0.024561609261700718,0.0085874318939450339,0.013531072330654899,0.010727952492632212
2024-11-07,0.0077021884777958545,0.0087496735870054264,0.012583190223605059,0.010464819107395284
2024-11-08,0.0043224195144133427,0.0087010767099870625,0.011419544783154021,0.010021453292876887
2024-11-11,0.00095229303263091012,0.0085109929715928481,0.010222826167335903,0.0095119535161385989
2024-11-12,-0.0031111673778483578,0.0083593640778026074,0.0092488276213070209,0.0090773052151595125
2024-11-13,0.00048570624199427621,0.0083036331357443163,0.0082752541958313157,0.0086128574832976951
2024-11-14,-0.0064509388750977259,0.0084279703959347727,0.00794397810159044,0.0084216770219394006
2024-11-15,-0.012891296932081143,0.0088658285219355339,0.0091500020645383304,0.0089694332672016885
2024-11-18,0.0040888730813585916,0.0089052660184510257,0.0083858098499749179,0.0086068314802168529
2024-11-19,0.0036489684199132828,0.0089417783530153314,0.0076759650584049665,0.008246289490972232
2024-11-20,0.00033855395269407311,0.0087033438861885241,0.0068672611293047634,0.0078238496413156906
2024-11-21,0.0053541070766969,0.0087720117652990461,0.0065924739553672312,0.0076130156408480906
2024-11-22,0.0030947239680963264,0.0087989254519507121,0.0060567345632360501,0.0072883426152239089
2024-11-25,0.0033862946752022316,0.0088044340266845347,0.0056250000160941466,0.0069967594950755803
2024-11-26,0.0052076999026748937,0.0088737428867151965,0.0055440533727690016,0.006838946769523015
2024-11-27,-0.0030344151771421763,0.0088738218529701516,0.0051410852291654558,0.0065585700553900794
2024-11-29,0.0061928269854276199,0.0078143869043509964,0.0053679443999656599,0.0065229186459327812
2024-12-02,0.0017907174823327428,0.0077677618617803335,0.0048675656631631155,0.006214039572248072
2024-12-03,0.00046354180478420102,0.0077534755461479941,0.0043586156734816825,0.0058969777111158193
2024-12-04,0.006190530319858745,0.0074033246582850118,0.0047814806911159044,0.0059269872681629856
2024-12-05,-0.001646968522363747,0.0049780727983257363,0.0043396482740359022,0.0056469027617478259
2024-12-06,0.0018937697404430051,0.0046898125345846116,0.0039728214759585838,0.005390491267366404
2024-12-09,-0.0051628206193375156,0.0047321149525334557,0.0042376398777340101,0.0053681587316270537
2024-12-10,-0.003114119455477233,0.0047783319079088603,0.0040380219641905834,0.0051870212405047637
2024-12-11,0.0077010443169915292,0.0050312813356146084,0.0049905624754211786,0.0054904716347258893
2024-12-12,-0.0051661123985746477,0.0051610495266141022,0.0050261630017148177,0.005458903060691524
2024-12-13,-0.00019840779873868896,0.0049555695818322741,0.0044964124306791069,0.0051791502130064341
2024-12-16,0.0042608211923515641,0.0041419950401330374,0.0044502920403104917,0.0050947715316111428
2024-12-17,-0.0041286482866436615,0.0041439673734784662,0.0043878498983217122,0.0050065557952413131
2024-12-18,-0.030256635860184868,0.0078917626513199841,0.014088838990467825,0.010682014893987015
2024-12-19,-0.00030689752148697956,0.0078916979231506024,0.012602188083709913,0.010134313819134173
2024-12-20,0.011939446410289699,0.0082445795532599311,0.012472457324625168,0.010329033013048338
2024-12-23,0.0059702710097289573,0.0083232465411386646,0.011470770704603891,0.0099792005831699365
2024-12-24,0.011053649574417171,0.0086494070229647668,0.011388568752432486,0.010091794525386779
2024-12-26,6.6651438976442974e-05,0.0085706742474447196,0.010186289170545319,0.0095739401141742928
2024-12-27,-0.010582231539860765,0.008865396466070187,0.01026669930042854,0.0096794968265472604
2024-12-30,-0.011477188743307979,0.0091249105348772327,0.010519946003199778,0.0098740052196956106
2024-12-31,-0.0036447045599484556,0.0091524779366520398,0.0095494599530053532,0.0094379430123120289
2025-01-02,-0.0024600901809186796,0.0091684083141827764,0.0086118614163775819,0.0089873519928346957
2025-01-03,0.012425952637784199,0.0094796515063236449,0.0094980095512273259,0.0093880602977635588
2025-01-06,0.0057439876205365049,0.0095591755452499733,0.0088751578636742986,0.0090896340915070737
2025-01-07,-0.011368477538810148,0.0098823394492870854,0.0094267278519217877,0.0093425655620274859
2025-01-08,0.0014600840821465647,0.0098201063858753494,0.0084567681475103684,0.0088751542355836009
2025-01-10,-0.015385399237604605,0.010381961660292576,0.010225245422027464,0.0097243291493504178
2025-01-13,0.001549481896794795,0.010244016226295052,0.0091719514816779243,0.0092383120254332755
2025-01-14,0.0013749957506243385,0.010183317889792735,0.0082266565413082662,0.0087750116525712983
2025-01-15,0.018026415831194225,0.01095196687119712,0.010914789774555716,0.010089396083235053
2025-01-16,-0.00192500446957169,0.010918934499141076,0.0098003692328284767,0.0095909794188469653
2025-01-17,0.0099899416693331761,0.011106790287505516,0.0098385759432527975,0.0096316193367023892
2025-01-21,0.0091117634773248066,0.0090409513600710791,0.0096975722738355599,0.0095809031572757532
2025-01-22,0.0056058236951577831,0.0091271767352120448,0.0090288082416922471,0.0092605000247452125
2025-01-23,0.005443122256853913,0.0088124466024901357,0.0084345135362278931,0.0089523143727072794
2025-01-24,-0.0029235369571252012,0.0087352367879893946,0.0076565154308069301,0.0085430817741006596
2025-01-27,-0.014246474986502762,0.0089634427411344059,0.009353619232252159,0.0092726493804725883
2025-01-28,0.0085557661431816586,0.009165322709415084,0.0091995859174708889,0.00920347419779847
2025-01-29,-0.0044929561979347556,0.0089114135758243587,0.008470137892717864,0.0088460278723415733
2025-01-30,0.0053527184389249556,0.0086173997575388871,0.0079451184808412689,0.0085610833236840021
2025-01-31,-0.0053361726957875171,0.0086613579747479106,0.0074963240289850075,0.0082952038438775643
2025-02-03,-0.0067523610800328971,0.008774750069920725,0.0073535552754473146,0.0081540667243926394
2025-02-04,0.0066858662141513602,0.0084564214768084664,0.0072249554710014201,0.0080193518712309685
2025-02-05,0.0040464689992923391,0.0084071451796846799,0.0067107948500017096,0.0077146869753333134
2025-02-06,0.003469581999365859,0.0080510791796684009,0.0061996301393802758,0.0074005780544273755
2025-02-07,-0.0091956069524636724,0.0083030863564191003,0.0069036344440395652,0.0075991853976676137
2025-02-10,0.0067680406568216217,0.0077068823965173051,0.0068767295785148964,0.0075202057332596477
2025-02-11,0.00076039150916595399,0.0077009675579555693,0.0061601271745199927,0.0071383446518235106
2025-02-12,-0.0032267682912313473,0.0077285815220671135,0.0056956246510867408,0.0068484721866942837
2025-02-13,0.010502177679960128,0.0069998696958124421,0.0069290157552962814,0.0072966422253580403
2025-02-14,-4.9096158613100355e-05,0.0069866311030137651,0.0061975389919123056,0.0069222200219054876
2025-02-18,0.0029315374679075596,0.0066522750272408815,0.0056961718750550257,0.006632104358427789
2025-02-19,0.0023520952950182483,0.0063543818714773123,0.0052022658216880563,0.0063355791074418671
2025-02-20,-0.004168896942227494,0.0062988801456485555,0.0050126635720528579,0.0061533386495040126
2025-02-21,-0.017252130139187114,0.0072853491207398608,0.0089234878683818603,0.0079900449508045149
2025-02-24,-0.0045606797342061548,0.0073272742801113403,0.0082378922375402758,0.0077160039170602367
2025-02-25,-0.0049857475673983978,0.0066920646917987634,0.0076981705992414115,0.0074879111028284739
2025-02-26,0.00050466697605955791,0.0064137670336718066,0.0068891510515712252,0.0071054486340517758
2025-02-27,-0.016090745215861266,0.0072850997846615213,0.0094736866155390835,0.00844570118002109
2025-02-28,0.015485114274739427,0.0079768124801352785,0.010943415522217149,0.0093901947791386383
2025-03-03,-0.017675096366643935,0.0088219188371796969,0.012581275012793913,0.010516609974139064
2025-03-04,-0.011907557481775362,0.0090904361403135129,0.012449448573908761,0.010663872154687695
2025-03-05,0.010690533007766918,0.0092798364031349834,0.012118106907993092,0.010666541238723385
2025-03-06,-0.017910594137903978,0.01006658518165289,0.013477265616636929,0.011596401598552889
2025-03-07,0.0055892452659322108,0.010114159401012754,0.012310860381372876,0.011142389478729533
2025-03-10,-0.026996781715158538,0.011597826183241438,0.016340473409877349,0.013587500920468197
2025-03-11,-0.0083476286045341339,0.011649180169695331,0.015084609297922644,0.013157752599485801
2025-03-12,0.0052925370564781702,0.011707904863312314,0.013698121763060013,0.012594240865243418
2025-03-13,-0.013420225871057833,0.012064806576552225,0.013642995431888728,0.01267926097679244
2025-03-14,0.020445407393538326,0.012686429958933787,0.015248212884832756,0.013656088802238567
2025-03-17,0.0076817754422066654,0.012802182168619445,0.014064434995187031,0.013181079342436718
2025-03-18,-0.010867168203057399,0.013014259099922187,0.013485760428606971,0.012968280604760407
2025-03-19,0.010831943769367519,0.013227277595832112,0.012998414850849056,0.012770738907428124
2025-03-20,-0.0028959356723624518,0.013210269099544472,0.011698047682904653,0.012149948121674213
2025-03-21,0.00032966629399124362,0.012634668335919102,0.010464090579036838,0.011526924282304308
2025-03-24,0.017750152916203028,0.013204099757431644,0.012272381147387339,0.012291858196539614
2025-03-25,0.0024008537149733029,0.013167899277863212,0.011029138267949077,0.011685769550505624
2025-03-26,-0.012010055701696521,0.013438486107147891,0.011232177007971413,0.01171860199787318
2025-03-27,-0.0026593160821028073,0.012961516225856654,0.010116512871322184,0.011149002901988798
2025-03-28,-0.020343756615956894,0.013293039017866565,0.012831553015530113,0.012379704457806258
2025-03-31,0.0066905119998265173,0.012779772388153341,0.011860505570853734,0.011933468452145319
2025-04-01,0.0028203761077349918,0.01251522321428473,0.010683079059654032,0.011356159320272901
2025-04-02,0.0063084763300116217,0.012365527929861286,0.0099630275156258677,0.010956541717956019
2025-04-03,-0.050536570000383751,0.016265425209189211,0.024294001632140225,0.019063990047100535
2025-04-04,-0.060326650447501601,0.021094248311194757,0.034641301405763526,0.026287309110783058
2025-04-07,-0.0017827175070566207,0.020215956686514869,0.030994377341865678,0.02494470217156879
2025-04-08,-0.015786793844800449,0.020436778184929123,0.028607092012779126,0.024185463315290544
2025-04-09,0.099862841491759766,0.030247160374086392,0.051470476905734572,0.039034621597737712
2025-04-10,-0.044808016454329629,0.031721814331824798,0.050208760809616677,0.039649808937848134
2025-04-11,0.017685530675971325,0.031638768466754737,0.045599247018870651,0.038028599940783357
2025-04-14,0.0096546691776476165,0.031665783082724802,0.041013114857766549,0.036206052474738459
2025-04-15,-0.0028048866974061792,0.031578638673536379,0.036704685670172113,0.034359527807606614
2025-04-16,-0.022478757708204206,0.031884300174032952,0.034334327862035406,0.033362387367452256
2025-04-17,0.0014257021183489845,0.031879317852542395,0.03071617458434962,0.031653550581623079
2025-04-21,-0.024090444947687629,0.032331145195291747,0.0295102797755716,0.030980437242860061
2025-04-22,0.025685005478608698,0.032596557004282142,0.028785920017141017,0.030492305475751214
2025-04-23,0.015376647861644836,0.03277299785766373,0.026649420497992023,0.02933337269817396
2025-04-24,0.020830449037889907,0.032993221986289019,0.025591694194153376,0.028597077458666867
2025-04-25,0.0071993431115595034,0.033027119553439968,0.023115232156074979,0.027224926251196515
2025-04-28,0.00038102011102479595,0.032712451194476432,0.020675594341358006,0.025828113869914713
2025-04-29,0.0062798420558252922,0.032708380217037911,0.018704850823888935,0.02458304214482341
2025-04-30,0.0003968412562853548,0.032702420162764673,0.016731068467724618,0.023321859130074011
2025-05-01,0.0070619052196559413,0.032710120239587193,0.015294346103172634,0.02223747405817161
2025-05-02,0.014735234001680933,0.030872497093242749,0.015184170783936947,0.021604801303124709
2025-05-05,-0.0057510553799789647,0.027799272849495706,0.013822523702758787,0.020576641106145283
2025-05-06,-0.0083933974233043173,0.027859704285768852,0.012920509017518199,0.019700336426582928
2025-05-07,0.004196493233588644,0.027651085108338039,0.011707850089120819,0.018736434701790271
2025-05-08,0.0069436535826829992,0.01638181517359881,0.010922539447524205,0.017910053581958827
2025-05-09,-0.0012749037404521653,0.012963688534932847,0.0097860395613170136,0.016995751096450976
2025-05-12,0.032513146883532303,0.014327370892097423,0.016971570354288333,0.01912277364365007
2025-05-13,0.0065821594538964853,0.014240054985394388,0.015462610544398727,0.018260473897226813
2025-05-14,0.0012770571984989875,0.014229101878621966,0.013841966438907739,0.017328113104576489
2025-05-15,0.0048726971567854471,0.013356263390113376,0.012570945208417209,0.016510950037677132
2025-05-16,0.0063140340822144597,0.013426894344528742,0.011592943371926527,0.015790409325636242
2025-05-19,0.0010932230087837321,0.012301372755819011,0.010380563382068577,0.014984086146933334
2025-05-20,-0.0033678225423818655,0.010904352699250289,0.0094060258684903423,0.01425499129289615
2025-05-21,-0.016994450334100988,0.011023765687119214,0.011337589097449802,0.014552162495667546
2025-05-22,0.00039465227528290856,0.0099917874821985591,0.010142183754880765,0.013805957591276324
2025-05-23,-0.0068492848001539966,0.0099794751936764133,0.0095746359465484609,0.013275363977619234
2025-05-27,0.020577598960921907,0.010988837303135365,0.012570856717282924,0.014175878024450436
2025-05-28,-0.0058022388072431945,0.010975701491079634,0.011539252398679109,0.013573008638666484
2025-05-29,0.0039395504069404588,0.011010638126039489,0.010470314618869015,0.012936611337427819
2025-05-30,-0.0011191754559897187,0.010899690562630147,0.0093782994894991336,0.012277849037035288
2025-06-02,0.0056171026333882799,0.010465394899695611,0.0087562760035642603,0.011782453202877883
2025-06-03,0.0056864920673267419,0.010463630732636935,0.0082343872854530129,0.011321537101179485
2025-06-04,-0.0002684866028145071,0.010294110760357212,0.007366038567957838,0.010740888725130444
2025-06-05,-0.0048443939932580936,0.01030832654855385,0.0069354487944254129,0.010304214519373245
2025-06-06,0.010216529599396354,0.010443646577253171,0.0077042751375548564,0.010295479633347362
2025-06-09,0.00090088599420586654,0.010441698359554769,0.0069026808872370725,0.0097713034110122141
2025-06-10,0.0056538158688986566,0.0076007966893209249,0.0066716361951701499,0.0094407148406777993
2025-06-11,-0.0028563415957416245,0.0074842370034723105,0.0061024848282381101,0.0090016807188352914
2025-06-12,0.0039665686770057702,0.0075311979872529217,0.0057392499751258187,0.0086313728279113437
2025-06-13,-0.011243144121311201,0.0078646168839139226,0.0071856001953977573,0.0089270020823467439
2025-06-16,0.0094692978375926305,0.0080213607005312684,0.0076967395981602177,0.0089827050332349466
2025-06-17,-0.0085817982409830511,0.0082440787061458694,0.0078817061962051065,0.0089434231057010823
2025-06-18,-0.00015068332214933391,0.0082096807217124871,0.0070499344070248746,0.0084846099326478519
2025-06-20,-0.0023512518247751314,0.0072962120104696666,0.0063927253298874196,0.0080834759635084446
2025-06-23,0.0098289818051986166,0.0076195384602447411,0.0072121651658910626,0.008274612596372681
2025-06-24,0.010986623382319104,0.0078579275830662765,0.0081088494728326372,0.0085844558122537135
2025-06-25,0.00056019161322317767,0.0063710939157309064,0.0072571009878016467,0.0081458563022947742
2025-06-26,0.0077932267908846142,0.0064764386907433559,0.007367447900090889,0.0081112832393702115
2025-06-27,0.0049561242286332791,0.0065112528451134934,0.0069524142801168061,0.0078530211350361125
2025-06-30,0.0047697867008265667,0.0065932790921136644,0.0065741177729163073,0.0076011863133151579
2025-07-01,-0.00032366922609863006,0.0064729417713431086,0.0058818510647009681,0.0072118448547891711
2025-07-02,0.0045230600378735539,0.0064269019892106965,0.0056363598163265685,0.0069896668589579441
2025-07-03,0.0078505317795218767,0.0066620572938987854,0.0061433713405212023,0.0070804649170391207
2025-07-07,-0.0074800803598987662,0.0067828592671985623,0.0064329720643057729,0.0071214356218626271
2025-07-08,-0.00054765068155381068,0.0063877462417745307,0.0057590353287605431,0.0067582063383416456
2025-07-09,0.0059785802334824129,0.0065230279281163709,0.0058036087614489456,0.006684336899144128
2025-07-10,0.0028163528131510142,0.0064302569011994246,0.0053415230373370388,0.0064035543348946551
2025-07-11,-0.0035216325132449953,0.0064467328335957776,0.0050304943890626388,0.0061761757474822349
2025-07-14,0.0019065406680941557,0.0063996426259789324,0.0045794845236698791,0.0058901716366604002
2025-07-15,-0.0042825836010167428,0.005962552923756961,0.0045216642137563745,0.0057496749428429909
2025-07-16,0.0033377457891251819,0.0056236718111383416,0.0043109705635896679,0.0055558024126856047
2025-07-17,0.0061010212009781914,0.0054593447016729286,0.004723564935413334,0.005612708114039194
2025-07-18,-0.00073274687958927429,0.0054616989296356281,0.0042375743246771099,0.0053297218440567845
2025-07-21,0.0018945218134918263,0.0054528154733034353,0.003883744521217816,0.0050915874471223685
2025-07-22,0.00014304882121272673,0.0049903682797779181,0.0034743157308917095,0.0048305157856123101
2025-07-23,0.008471466918923351,0.004738857297755251,0.004899984305078927,0.0053082077630200201
2025-07-24,0.00033111402713789764,0.0047377800266855258,0.004385180070625304,0.0050368964988119569
2025-07-25,0.0042153016853303119,0.004505361118209021,0.0043517349483989934,0.0049608638900502594
2025-07-28,-0.00025123850663796317,0.0043672962432548855,0.0038939314075028711,0.0047069592690787013
2025-07-29,-0.0026409945017169256,0.0042760350578174731,0.0036776530337553101,0.0045428409834044623
2025-07-30,-0.0012599792644843115,0.0042846954517951966,0.0033373065515079365,0.0043280964124130065
2025-07-31,-0.0037583665158933913,0.0042475848964692205,0.0034256613651305295,0.0042745419153877732
2025-08-01,-0.01652631025031125,0.0053494281485151687,0.0080007443859147816,0.0066148643808259999
2025-08-04,0.015085535011050357,0.0060989728426252702,0.0098348463077428273,0.0078827738998407844
2025-08-05,-0.0050829640366784725,0.0062027654994799364,0.0090855195887286234,0.0076490498926485408
2025-08-06,0.0076304817230739719,0.0062927212974545083,0.0088137496687261552,0.0076471951045347713
2025-08-07,-0.00083791659940307607,0.0062639328205535642,0.0078921586035689481,0.0072596035768417852
2025-08-08,0.0077673970736773668,0.0064523935456154181,0.0078673645777442049,0.0073119700090756535
2025-08-11,-0.0019794177984741009,0.0064534907098864301,0.007092246420105453,0.0069649281657710753
2025-08-12,0.010589589910923477,0.0068071643840649397,0.0079163028190630345,0.0074076408773015813
2025-08-13,0.0034173165402303705,0.0068091381408257289,0.0072436103377881041,0.0071101078939757034
2025-08-14,9.3144278972647461e-05,0.0066711073315412683,0.006479015955522075,0.0067453049169958644
2025-08-15,-0.0023440972837729919,0.0066896611822465169,0.0058890641545738054,0.0064419487570534836
2025-08-18,-0.00021760384407137982,0.0066764117353421051,0.0052682379957571966,0.0061117565848901488
2025-08-19,-0.0054397815209954216,0.0067862369293563143,0.0053029906527528869,0.0060479198074436811
2025-08-20,-0.0026606397799800552,0.0065435979610134519,0.0048901092726349234,0.0057989224000174278
2025-08-21,-0.0040200490940850266,0.0066046371729545994,0.0047289210082659258,0.0056463112182350414
2025-08-22,0.015240184000365779,0.0073719708484031969,0.0080213961873813501,0.0072054887531902163
2025-08-25,-0.0044107325722347046,0.0074374408395317176,0.0074407761557987546,0.0069765763478580834
2025-08-26,0.0041781293683761395,0.0074725913774656306,0.0069125590662460221,0.0067491504862191567
2025-08-27,0.0022760528472097873,0.0074846018822240469,0.0062660084254755367,0.0064431336097739138
2025-08-28,0.0035349649773747265,0.0074791575903684245,0.0058231851034255735,0.0062138692761583743
2025-08-29,-0.005981525599643836,0.0066385829935347047,0.005855195769472181,0.0061910273051397494
2025-09-02,-0.0074378320771178565,0.0059546774164464245,0.0062041053505365786,0.0063267742005249155
2025-09-03,0.0054048442990954453,0.0059688335593231241,0.006052702449314537,0.0062407130037946288
2025-09-04,0.0083228740874060833,0.0060149208761491151,0.0065697954433082371,0.0064791104500262851
2025-09-05,-0.0029005354969068049,0.0060468854167577465,0.0060176732187195263,0.0062146838711359623
2025-09-08,0.0024536436470185014,0.0058180081415993767,0.0054930853081985023,0.0059466043059040966
2025-09-09,0.0023091410242609472,0.0058240810956035859,0.0050205194369210412,0.0056885064578402226
2025-09-10,0.0028866787361153672,0.0053599995886536673,0.0046723736107368054,0.0054732519183164768
2025-09-11,0.0082759082615088027,0.0056187388132219107,0.0055823822546677759,0.0058146284198141553
2025-09-12,-0.00033448251045951883,0.0056191979842199246,0.0049952746690992292,0.0055172548563066888
2025-09-15,0.0053096981506797923,0.0057192911365516524,0.0050597227301564665,0.0054968518699005349
2025-09-16,-0.0013778829059480123,0.0057273773752142204,0.004567312945852337,0.0052329435848207347
2025-09-17,-0.0012430338883063035,0.0056036191082800653,0.0041227787578010855,0.0049799439786480156
2025-09-18,0.0046614884133287992,0.0056686039392535434,0.0042360050276339873,0.0049490206354576077
2025-09-19,0.0049405185240458289,0.0057048634557279373,0.0043859703068534709,0.0049481710817038957
2025-09-22,0.0047200217087087753,0.0046953420404464629,0.0044547850017948882,0.0049258316903339119
2025-09-23,-0.0054585359264985719,0.0047500831054455373,0.0046728161125758495,0.0049816661372913797
2025-09-24,-0.0031866373534349523,0.0047114948942782592,0.0044157785114314965,0.0048322627738278832
2025-09-25,-0.0046241203601543887,0.0047966955048142504,0.0044582258478743537,0.0048118537045830799
2025-09-26,0.0057127550184965696,0.004900537459443589,0.0047357930855132964,0.0049093889087150847
2025-09-29,0.0028063993260128138,0.0047560623235300813,0.0044178461216350072,0.0047412527067240088
2025-09-30,0.0037598160850422562,0.004534409815466542,0.0042943142505206663,0.0046524349759507885
2025-10-01,0.0034018138137061633,0.0044360874812025735,0.0041312680075739835,0.0045428922293201494
2025-10-02,0.001150976538410923,0.0040350462000750412,0.003730797458817341,0.0043251078050949091
2025-10-03,-1.475009331763636e-05,0.0039825812492103483,0.0033369332112023037,0.0041031601881536262
2025-10-06,0.0035798198665732898,0.0040250081444749633,0.0033869042886155633,0.0040538675612796339
2025-10-07,-0.0037144245195431312,0.004077245568415361,0.0034548931141890108,0.0040212128686621506
2025-10-08,0.0059454018838362129,0.0042396551624986935,0.0040765904695518719,0.0042529893013757971
2025-10-09,-0.0029011319903556048,0.0038692339500900667,0.0038701660494410125,0.004137726776915286
2025-10-10,-0.027399844883823046,0.007245892106284609,0.01273313975937237,0.0095123001717837916
2025-10-13,0.015227522994730895,0.0079175236356517371,0.013269580619461159,0.010228549005494962
2025-10-14,-0.0012223561486494022,0.0079162465969476823,0.011881256110526848,0.0097113494807593483
2025-10-15,0.0044297353997139596,0.0079731318380474436,0.010809991144928892,0.0093188804818415977
2025-10-16,-0.0068335533392225771,0.0080510390731573216,0.010140227664641106,0.0091009408972569129
2025-10-17,0.0056601507960495736,0.0080746925232410491,0.0094163068704989847,0.0088174907653611519
2025-10-20,0.010346800087175933,0.0083330392235096314,0.0096096161459405804,0.0089821465286369414
2025-10-21,-1.4888195168653318e-05,0.0082431652331142798,0.0085951045548921974,0.0085212136929870338
2025-10-22,-0.0052125213089667926,0.0082946102439554262,0.0080333513259977282,0.0082502734718940107
2025-10-23,0.0059124861739364119,0.0083354249610754719,0.0076563232280857513,0.0080471150358767188
2025-10-24,0.0081393381806161309,0.0084356370291504314,0.0077553332295928739,0.008056384856895393
2025-10-27,0.011728578980736542,0.0088115921645347626,0.0086964399488007136,0.0084953375304875067
2025-10-28,0.0026525182294373133,0.0087914241322039604,0.0078682669513671817,0.0081029173189023918
2025-10-29,0.0004802808451470464,0.0087591126774150367,0.0070408688236910542,0.0076886025478166723
2025-10-30,-0.011058959871866418,0.0090978484939260116,0.008007445642865773,0.0080890795254601675
2025-10-31,0.0032746506891706412,0.0091272670168552322,0.0073102678477588766,0.007743527653847798
2025-11-03,0.0018750283089963864,0.0091017599529483687,0.0065920527179846892,0.007370045562224755
2025-11-04,-0.01192436370973827,0.009447841513257494,0.0079499822141798574,0.0079438567093417685
2025-11-05,0.0034594114980744965,0.0093857709047933825,0.0072770378140575073,0.0076151904945312961
2025-11-06,-0.010787395796199552,0.0096690362776848636,0.0081017161818068544,0.0079892931131349924
2025-11-07,0.00098413262105300132,0.0074833891658191076,0.0072597484443749812,0.0075856954660999711
2025-11-10,0.01548373166576664,0.0075096296775686031,0.0094927523532417537,0.0087041997198889654
2025-11-11,0.0022867227321204217,0.0075220532575349308,0.008551941180965918,0.0082891310505205096
2025-11-12,0.0005563526133077044,0.0074575890095348266,0.0076531342609565825,0.0078657280043532112
2025-11-13,-0.016733257456753241,0.0082024908734380213,0.010141831798830995,0.0091478358012165098
2025-11-14,-0.00016378559217333902,0.0081043403471931733,0.0090714258489315979,0.0086785535910909144
2025-11-17,-0.0093601051430608328,0.0080441343397162184,0.0091298919601472978,0.0087490982403336109
2025-11-18,-0.0084329183560372441,0.0082621904960163799,0.0089948187398684026,0.0087179962845293085
2025-11-19,0.0038556999307918674,0.0082248765322317872,0.0082279217133934806,0.0083600092996952459
2025-11-20,-0.015359633788199214,0.0088145695775793415,0.010066907499272242,0.0093001405877895724
2025-11-21,0.0099120055752457623,0.0089048631804902346,0.010036118382316123,0.0093631265563248797
2025-11-24,0.014611192863722467,0.0091155338770105305,0.011102987396519449,0.010012493231401957
2025-11-25,0.0093619841607813694,0.0093339971387604269,0.010777310090517023,0.0099493564304760501
2025-11-26,0.0068797314063483795,0.0094593078136326579,0.010118620018284473,0.0096862683457015191
2025-11-28,0.0054436209241795208,0.0092111413559331796,0.0093720744028616652,0.00934904892997474
2025-12-01,-0.0045759767069241068,0.0092388276509140412,0.0086288200499652478,0.0089865566591318426
2025-12-02,0.0018506286114113525,0.0092385816616072439,0.0077620998199727292,0.0085454586275252424
2025-12-03,0.0034567666789792183,0.0088791514469415706,0.0071126649061204021,0.0081802995315918073
2025-12-04,0.00073088400130175569,0.0088469013554601152,0.0063701522696146895,0.0077639545031021988
2025-12-05,0.0018975322381898677,0.0085222825357880103,0.0057604858883132165,0.0073899359559548147
2025-12-08,-0.0030085427468847202,0.0085459604634001152,0.0053251125835545579,0.0070749679176506305
2025-12-09,-0.00086355841881262277,0.0078155888827560402,0.0047785568794946149,0.0067174569032095281
2025-12-10,0.0066102789313951015,0.0079376800086122315,0.0051968107711000446,0.0067068161803432638
2025-12-11,0.0023242785343021741,0.0079537036054190789,0.0047629746895717093,0.0064049568319954012
2025-12-12,-0.010810319637011552,0.0074232375901539718,0.0064437058006765087,0.0069719026013842066
2025-12-15,-0.0015119924890099616,0.0074308425564134977,0.0058029561271736481,0.0066313871417337219
2025-12-16,-0.0027360123458741547,0.0071561952783296082,0.0053325971685921399,0.0063503025311298185
2025-12-17,-0.011064551294450629,0.0073332557591416336,0.0068727092997949019,0.0069667881802118331
2025-12-18,0.0075228094038619969,0.0074741522594545962,0.0070075558335953893,0.0070243711409512539
2025-12-19,0.0090227505759922673,0.0069381219281560011,0.0074543059100146388,0.0072490422628718907
2025-12-22,0.0062105833803140055,0.0067196510668311952,0.0072227148957182191,0.0071519848257945709
2025-12-23,0.0045600213583802066,0.0059597862675070052,0.006774425977870052,0.0069365104867249051
2025-12-24,0.0035114744844345594,0.0056350011211862916,0.0062594223754815813,0.0066735826408821537
2025-12-26,-0.00010139932864150364,0.0054209977417250784,0.0055987812195613948,0.0063311975897613676
2025-12-29,-0.00357004601979764,0.0053425487837411266,0.0052560561861823077,0.0061114793206626687
2025-12-30,-0.0012219519032080205,0.0052507625815900192,0.0047328146590158151,0.0058107209693439984
2025-12-31,-0.0074364778766352292,0.0054922059808278703,0.0053832953029917495,0.0059931753425196211
2026-01-02,0.0018313566801574288,0.0054529403175437594,0.0048841240886531405,0.0057150435122195163
2026-01-05,0.0066380974620003606,0.0056489880006313584,0.0052817233999607194,0.005813947359875879
2026-01-06,0.0059296425365891001,0.0057869739097489393,0.0054175099244301765,0.0058256202737768286
2026-01-07,-0.0032287096727215284,0.0057929033192915935,0.0050561293748464034,0.0056201888786666428
2026-01-08,-0.00010151697411778777,0.0057897286200931869,0.0045225674725043689,0.005331875964264622
2026-01-09,0.0065917065464569501,0.0057886697847185963,0.0050052984200349461,0.0054709295999795923
2026-01-12,0.0015691127090103857,0.0057759579357836424,0.0045315375710236637,0.0052138445592956988
2026-01-13,-0.0020015183920518774,0.0052648687862956525,0.0041507928617101125,0.0049866186105436035
2026-01-14,-0.0049274314282500816,0.0053682880228779137,0.0043173118025781072,0.0049807315424873584
2026-01-15,0.0027195870150744646,0.0053678706947321072,0.0040485275924780984,0.0048027630986497575
2026-01-16,-0.00083811556570061293,0.0047673832353882332,0.0036404598712167038,0.0045640030470765029
2026-01-20,-0.020566889953683169,0.0064068836391076075,0.0097571384602522689,0.0078132456552346165
2026-01-21,0.011475080082455093,0.0066001158862685266,0.010124074936791941,0.0082528706031304109
2026-01-22,0.0052094421050929386,0.0065566665896855166,0.0093501428903459017,0.0080007946216262924
2026-01-23,0.00036276664951335818,0.0064774043420921376,0.0083645954824073023,0.007591087081828248
2026-01-26,0.0050653185819553651,0.0065286382175035133,0.0078169467527153709,0.0073775258731623551
2026-01-27,0.0039763753035820968,0.0065888679537233017,0.0072142939598284625,0.0071109953778466014
2026-01-28,-0.0001006542794352733,0.006540368953402145,0.0064528176890291632,0.0067461576371870401
2026-01-29,-0.0019864113374474458,0.0065497373400783005,0.0058395420113726464,0.0064307201446924516
2026-01-30,-0.0029869906429450814,0.0063702515428029826,0.0053911615948955905,0.0061734072222332879
2026-02-02,0.0049588956074948318,0.0064530569218307302,0.0053075255819475843,0.0060629139547723303
2026-02-03,-0.0084912798438176642,0.0065607787959919761,0.0060791635049262539,0.0063476937858783144
2026-02-04,-0.0048556082828695793,0.006516489236481955,0.0058549440215117455,0.0062146269348221954
2026-02-05,-0.012568018340163798,0.0070598270454440724,0.0076821424482866512,0.0071101995502928835
2026-02-06,0.01900324081384698,0.0082399514985365581,0.010928718239685111,0.0090339227372937259
2026-02-09,0.0048101770894791633,0.0081780903100975959,0.010008849415211064,0.0087042727659620324
2026-02-10,-0.0026406184221149502,0.0081918678375565816,0.0090297412157458457,0.0082997117125212724
2026-02-11,-0.00023118953071278885,0.0081797962874550489,0.0080771078275886383,0.007874137280983717
2026-02-12,-0.015569486314655073,0.0088213113245916921,0.010033619362286035,0.0089466599654856125
2026-02-13,0.00070437519717211992,0.0088017346602622098,0.0089798687568065968,0.0084904691581831841
2026-02-17,0.0016121291254462533,0.0088071197993693298,0.0080641320906219924,0.0080708832171680622
2026-02-18,0.0050250490565362828,0.0075946077543957062,0.0075547604001793972,0.0078198690600743571
2026-02-19,-0.00264092418674341,0.0071723718410436465,0.0068596224295015169,0.0074654380287462038
2026-02-20,0.007205810380132952,0.0072582496950436785,0.0069302436138380151,0.0074398829821703642
2026-02-23,-0.010263788751311649,0.0076120218490279747,0.0077130858379784928,0.0077686040485214925
2026-02-24,0.0072422974591892881,0.0076995160651571566,0.0076212550811985968,0.0077175886924072358
2026-02-25,0.0084027375515836212,0.0078754218634880715,0.0077838308616204558,0.0077888161833961763
2026-02-26,-0.0055698780114916318,0.007973264075449427,0.0073942630814998484,0.0075961467792000012
2026-02-27,-0.0048134734682033775,0.0080333134420505665,0.0069551424558067015,0.0073653414031492987
2026-03-02,0.0005684281233357914,0.0080065082732579604,0.006226060341076989,0.0069896880931548484
2026-03-03,-0.0088534369864452789,0.0081727479938570515,0.0068328421020229079,0.0071978121900288091
2026-03-04,0.0070306529978192787,0.0081030995415692954,0.0068728597590879525,0.0071812713671194116
2026-03-05,-0.0055912916951613625,0.0081267768968863643,0.0066363747316248271,0.0070384548649136229
2026-03-06,-0.013193649019934455,0.0081762073851445408,0.0083694474462226165,0.0078735696887120617
2026-03-09,0.0087217034742894401,0.0072524212996840443,0.0084410747386071822,0.0079624494238926292
2026-03-10,-0.0016083992002456431,0.0071812305300603474,0.0075841139094604861,0.0075709468063101821
2026-03-11,-0.0012558603954608057,0.007162421930461408,0.0068066485218435521,0.0071934018741391893
2026-03-12,-0.015301401069612555,0.0079375222339629365,0.009159200086173467,0.0083656329670800337
2026-03-13,-0.0056762326452581913,0.0072453291755239894,0.0085765191297791088,0.0081367926820225759
2026-03-16,0.010125345604212176,0.0075892106849801263,0.0089078543447746912,0.0083569682299066105
2026-03-17,0.002627187301298899,0.0076033727030158276,0.0080535903698535811,0.0079715266735871995
2026-03-18,-0.0140518979274543,0.0081499394064076421,0.0095592584099938194,0.0087713338377524101
2026-03-19,-0.00246740411685479,0.0081472199217833448,0.0086209717372465865,0.0083577195377421924
2026-03-20,-0.014439618304248125,0.0086142983539462294,0.010057705419726662,0.0091496768227975998
2026-03-23,0.010445312571439996,0.0086252012086662205,0.01013641265887571,0.0092873776081832619
2026-03-24,-0.003362466505523035,0.0085051079543793269,0.0091901428429032282,0.0088747091588041293
2026-03-25,0.0055573441096329716,0.0083875362935280588,0.0085874207471712261,0.0086007455341564985
2026-03-26,-0.018020103424260914,0.0092214854764923054,0.011132828102300395,0.0099522838640729912
2026-03-27,-0.017198976905875029,0.0099331545030843429,0.012582243463153144,0.010896037782646549
2026-03-30,-0.0033490713993909365,0.0099605329585060708,0.011353128921160532,0.010391001075382336
2026-03-31,0.028653465750654562,0.011676647826753813,0.016349894462814742,0.013389463132109912
2026-04-01,0.0075061876267884329,0.011691438877472477,0.015004126422216473,0.01292223803906942
2026-04-02,0.00090013702776719226,0.011626139867475092,0.013426134852921563,0.012262415627086335
2026-04-06,0.0047155674550620214,0.011294925334688798,0.012192464597271389,0.011728333681840487
2026-04-07,0.00043997233547196115,0.01112571847227505,0.010907046781588912,0.011127344131594597
2026-04-08,0.025150658517452035,0.012461141413130214,0.014888991247526198,0.013217093896420186
2026-04-09,0.0057525190617129622,0.012524206954101049,0.013563330837453005,0.012670105031752739
2026-04-10,-0.00066201376166253201,0.012048694087141876,0.012135023987165787,0.012021739956684494
2026-04-13,0.009724896757133613,0.012177385975660714,0.011692808436070986,0.011812170423813773
2026-04-14,0.012111276516131756,0.012267711643272819,0.011777691584863442,0.011842420993788356
2026-04-15,0.007860071173856677,0.01237904193585234,0.011105285184368255,0.011506377074497278
2026-04-16,0.0024543004353643747,0.011986203194204686,0.0099933280415647925,0.010943463853148502
2026-04-17,0.01201326064315531,0.012271128082739103,0.0104286610134349,0.011055103080599904
2026-04-20,-0.0020017791816419116,0.01184718580840919,0.0093705389602157154,0.010506878018689759
2026-04-21,-0.0065684023994520852,0.011707167861924351,0.0088811250604955497,0.010181818508389168
2026-04-22,0.010075747850226238,0.011898256386307328,0.0091325595985132998,0.010171261219639011
2026-04-23,-0.0038882668019613125,0.011865084588523641,0.0083514453599939694,0.0097273306302727621
2026-04-24,0.0077193718061517739,0.011292628612322676,0.0082289155966684957,0.0095455610196436072
2026-04-27,0.0017214591046574,0.010624565483720171,0.0074003193044271266,0.0090720617175296114
2026-04-28,-0.0048778581698842192,0.01065411905190769,0.0069692525216900189,0.0087436504652547899
2026-04-29,-0.00015464636054582064,0.0085123670956360441,0.0062338726060316768,0.0082950993160044988
2026-04-30,0.009900512962030367,0.0086339017125518745,0.007119899263111241,0.0084693459657327486
2026-05-01,0.0027652305949416351,0.0086536738707168985,0.0064871929570594596,0.0080821710575108702
2026-05-04,-0.0036701075640481859,0.0086283096326076857,0.0060299979996708318,0.0077547604125303635
2026-05-05,0.0079902357877362183,0.0088108025588213342,0.0064697352565272334,0.0077786287316297179
2026-05-06,0.013803707675276002,0.0074518170815366979,0.0084613502792719748,0.0085738318742863834
2026-05-07,-0.0030707990184802858,0.0073720074857197846,0.0076916526287403699,0.008191612440103975
2026-05-08,0.0082221599649113311,0.0075963660379754312,0.0078006409369157006,0.0081946723168677491
2026-05-11,0.0022749738046146124,0.0072962230932616962,0.0070508935876018282,0.0078073644415976289
2026-05-12,-0.0015160463008786927,0.0067834829036016193,0.0063428510611734578,0.0074222156537095815
2026-05-13,0.0055792596639331815,0.0066695585521404947,0.006197663700694139,0.0072590061667499343
2026-05-14,0.0078632529201743979,0.006875563182271725,0.0065646765019190135,0.0073216752266599024
2026-05-15,-0.012102225458758222,0.0068833596856565649,0.0079855340629666864,0.0079304868335858415
2026-05-18,-0.00070376102427436866,0.0068705930272781905,0.0071494097191655299,0.0075268112261328377
2026-05-19,-0.0066831669150537011,0.0068761245657092858,0.0070586253243030625,0.0074467489894518551
2026-05-20,0.010196864156769399,0.0068850458413625831,0.0077881038065395428,0.0077657109992500268
2026-05-21,0.0019811656495877794,0.006844280544225069,0.0070220119757352937,0.0073937907952954839
2026-05-22,0.0039238573555226332,0.0066809111610095307,0.0065212156120767646,0.0071232712812854121
2026-05-26,0.0066166514620803561,0.0068319401854366251,0.0065404141888327685,0.0070742421522854287
2026-05-27,-0.00017327873570801815,0.0067444223590401682,0.0058504375317780912,0.0067114390691028133
2026-05-28,0.0055014658242927839,0.0068556067195451433,0.0057823283107899083,0.0066004307103429104
2026-05-29,0.0024883147076365953,0.0065121364506372237,0.0052902361546398003,0.0063109656958549613
2026-06-01,0.0027193629449604774,0.0065111706229278865,0.0048855159218624293,0.006048549635695709
2026-06-02,0.0013570749138118691,0.0064663700033619955,0.0044116825727330547,0.0057541830574024122
2026-06-03,-0.0070418987922359916,0.0064110189949183214,0.0050485663527445272,0.0058956250094707296
2026-06-04,0.0037715131775783134,0.0056820122189601262,0.0048202987567349722,0.0057188273266406426
2026-06-05,-0.02614827540614522,0.0081240622758320946,0.012463333640181038,0.0098897784638636091
2026-06-08,0.0022616629520545123,0.0079294355475407838,0.011193336062269989,0.0094094876687702833
2026-06-09,-0.002939753909947856,0.007940357703817378,0.010097576361312741,0.0089748998699133893
2026-06-10,-0.015891191735610512,0.0086925749570623979,0.011492381548383286,0.0098867053352098954
2026-06-11,0.016854026987735173,0.0093918775412285931,0.012746431346206576,0.010787866828853219
2026-06-12,0.0053936354790958419,0.0093043211256475106,0.01165313135543912,0.010375422594453712
2026-06-15,0.01748033422318223,0.0097224123952930307,0.013028767908767348,0.011288962001334141
2026-06-16,-0.0059794166198484811,0.0098126556018678854,0.011956158212367582,0.010875290298294642
2026-06-17,-0.012566523983086617,0.01009707136802649,0.01208069867031001,0.011056061580269554
2026-06-18,0.010343302943807663,0.010104516023482219,0.011753782686766847,0.010986866681578477
2026-06-22,-0.0031518902581658243,0.010119373192655247,0.010606979230586632,0.010470604411916887
2026-06-23,-0.014628488737257505,0.01059865628849755,0.011524102709785733,0.010957621518804845
2026-06-24,-0.0004636078172879792,0.010495392222474998,0.010309555812652785,0.010396346263724703
2026-06-25,0.0014445929017762192,0.01050029042742006,0.0092437504603777951,0.0098734137428207937
2026-06-26,-0.0072576049511345712,0.010553503410276274,0.0088821227183784376,0.009643814183501442
2026-06-29,0.016340575381773723,0.011154262365431091,0.010794283855307557,0.010507343964392532
2026-06-30,0.0077566544519632507,0.011271916722097855,0.010258966264521732,0.010265496495356017
2026-07-01,-0.0013534191061404938,0.011271894744791918,0.0091958392607009616,0.0097481049847771249
2026-07-02,-0.0013149148653205643,0.01116524268714366,0.0082460031522870268,0.0092572077769226442
2026-07-06,0.0086895286771376274,0.011301629268026912,0.0083365961948616354,0.0092020159261807996
2026-07-07,-0.0047632164650201238,0.0097300884030297238,0.0077547865935480749,0.008858792835617078
2026-07-08,-0.0030941912284266739,0.0097415381400086064,0.0070727771038533995,0.0084609568838134187
2026-07-09,0.0084296274036445018,0.0099004236570413174,0.0073641743869553482,0.0084578291580760922
2026-07-10,0.0043008562243880555,0.0092906812486033257,0.0068618018314261188,0.0081382506158736399
2026-07-13,-0.0076855993121924173,0.0086641369228194209,0.0070342836775697916,0.0080941246875031632
2026-07-14,0.0035443492832563997,0.0086163115093049383,0.0064882509086474039,0.0077601295218143991
2026-07-15,0.0039557964314394728,0.0077294977888619897,0.0060669254951951522,0.0074674280523149847
2026-07-16,-0.0054333507789590396,0.0077093144926573803,0.0059456141910522679,0.0072896065472405416
2026-07-17,-0.0099465026152836533,0.007515603728883981,0.0069330256989457786,0.0075972244063078325
2026-07-20,-0.0016156579694563053,0.0071600014772316336,0.0062430398371824932,0.0072254461370386139
2026-07-21,0.0083067304294640633,0.0073633544709848344,0.0067067720411890346,0.0073407453118944288
2026-07-22,-0.0011634432749481974,0.0066020477839281028,0.0060212418171656573,0.0069737541959902947
2026-07-23,-0.012426139461536879,0.0071621739316171072,0.0077386090998408956,0.0076948565301270836
2026-07-24,0.0010154500124723138,0.0071584879639861121,0.0069365037580670459,0.0073070410694136981
2026-07-27,0.00021659308437393197,0.0069722775387535537,0.0062049536679480797,0.0069324061859868322
2026-07-28,0.0023919038134991143,0.0059622138572586799,0.0056520262550444848,0.0066200113564903202
2026-07-29,-0.015507060371370597,0.0066755640760460073,0.0085819639303854108,0.0079679977070897783
2026-07-30,0.016626750016150067,0.0076350513668560199,0.010686900726677412,0.0092078754511626514
2026-07-31,0.0071740738768470728,0.0077962122930882857,0.010082725073688089,0.0090251430399056476
2026-08-03,0.014142512175338849,0.0081857231335320298,0.011015044532601052,0.0096596558564289656
2026-08-04,0.017868357946558965,0.0090463010368618257,0.012685448671033233,0.010765959209880643
2026-08-05,-0.0019985582639074411,0.009030867800955529,0.011381359031995327,0.010233020739320121
2026-08-06,-0.0015990843238396406,0.0088392022187445806,0.010204885147178053,0.0097210569987885125
2026-08-07,0.0060967053439416078,0.0088918568619416345,0.0095260541623405342,0.0094215728974205906
2026-08-10,-0.00029748737352267197,0.0087244553727295893,0.0085214004758934671,0.0089385839006528196
2026-08-11,-0.0032003155325564477,0.0087178037333986973,0.0077549865736847249,0.0085400618197353229
2026-08-12,0.0025014775893790406,0.0086908316731035065,0.0070259043142116154,0.0081403396310858831
2026-08-13,0.0069532848616246298,0.0087448212476987346,0.00701144059515201,0.0080295350684317039
2026-08-14,-0.0019817129766525341,0.0084688613317554506,0.0063335358718367629,0.0076432197865716513
2026-08-17,-0.0047385716358699691,0.0085272385788250863,0.0060482851736280369,0.0074042105554936446
2026-08-18,-0.0067786683069835521,0.0084593868843799089,0.006201247587094361,0.0073440543949977299
2026-08-19,0.0020955874590913161,0.0084683599821248016,0.0056251821898401716,0.0069986263038461349
2026-08-20,-0.0084353052902236911,0.0082189045777365209,0.0062884827107157742,0.0071552869027542059
2026-08-21,0.0040828836671802631,0.0082663373070262034,0.0059135437472231855,0.0069097982241615435
2026-08-24,-0.0029427617949062445,0.0082923446138231174,0.0054505017307189176,0.0066209338500637059
2026-08-25,0.0031908436064487034,0.0083057807067000288,0.0050796330455475667,0.0063617007815763319
2026-08-26,0.00022198303953812411,0.0075475168700186385,0.0045444463684703763,0.0060356475044407859
2026-08-27,0.006531468077386215,0.0067287126451152889,0.0050053580577123467,0.0060870472515553529
2026-08-28,-0.0022720660992030291,0.0065544123519175072,0.0045907890716688632,0.0058192059814304205
2026-08-31,-0.0029940256592602579,0.0057799652446968788,0.0043189250248302736,0.0056011839278597977
