evaluation,origin,gap_sessions,target_start,target_end,method,forecast,actual,raw_ridge_forecast
historical_monthly,2019-01-31,0,2019-02-01,2019-02-07,ridge_expanding,0.007809740241605541,0.0056633618896256236,0.007809740241605541
historical_monthly,2019-01-31,0,2019-02-01,2019-02-07,constant,0.0071280940871458398,0.0056633618896256236,
historical_monthly,2019-01-31,0,2019-02-01,2019-02-07,rolling_20d_rms,0.012044017590344276,0.0056633618896256236,
historical_monthly,2019-01-31,21,2019-03-05,2019-03-11,ridge_expanding,0.0088316558710947648,0.0080078313663853717,0.0088316558710947648
historical_monthly,2019-01-31,21,2019-03-05,2019-03-11,constant,0.0071687819590957377,0.0080078313663853717,
historical_monthly,2019-01-31,21,2019-03-05,2019-03-11,rolling_20d_rms,0.012044017590344276,0.0080078313663853717,
historical_monthly,2019-01-31,43,2019-04-04,2019-04-10,ridge_expanding,0.0076594795085567352,0.00371243868939827,0.0076594795085567352
historical_monthly,2019-01-31,43,2019-04-04,2019-04-10,constant,0.0071482928994889379,0.00371243868939827,
historical_monthly,2019-01-31,43,2019-04-04,2019-04-10,rolling_20d_rms,0.012044017590344276,0.00371243868939827,
historical_monthly,2019-01-31,63,2019-05-03,2019-05-09,ridge_expanding,0.0073386152969851549,0.0090177344066748495,0.0073386152969851549
historical_monthly,2019-01-31,63,2019-05-03,2019-05-09,constant,0.0071743544723461856,0.0090177344066748495,
historical_monthly,2019-01-31,63,2019-05-03,2019-05-09,rolling_20d_rms,0.012044017590344276,0.0090177344066748495,
historical_monthly,2019-02-28,0,2019-03-01,2019-03-07,ridge_expanding,0.0054835636861488976,0.005680639335206978,0.0054835636861488976
historical_monthly,2019-02-28,0,2019-03-01,2019-03-07,constant,0.0071064195198498872,0.005680639335206978,
historical_monthly,2019-02-28,0,2019-03-01,2019-03-07,rolling_20d_rms,0.0054715177550734729,0.005680639335206978,
historical_monthly,2019-02-28,21,2019-04-01,2019-04-05,ridge_expanding,0.0062934167279968594,0.005865934652227036,0.0062934167279968594
historical_monthly,2019-02-28,21,2019-04-01,2019-04-05,constant,0.0071458791563195215,0.005865934652227036,
historical_monthly,2019-02-28,21,2019-04-01,2019-04-05,rolling_20d_rms,0.0054715177550734729,0.005865934652227036,
historical_monthly,2019-02-28,43,2019-05-02,2019-05-08,ridge_expanding,0.0069742624728889929,0.0089675317247097531,0.0069742624728889929
historical_monthly,2019-02-28,43,2019-05-02,2019-05-08,constant,0.0071252729499555138,0.0089675317247097531,
historical_monthly,2019-02-28,43,2019-05-02,2019-05-08,rolling_20d_rms,0.0054715177550734729,0.0089675317247097531,
historical_monthly,2019-02-28,63,2019-05-31,2019-06-06,ridge_expanding,0.0071592152948534308,0.012394464501245589,0.0071592152948534308
historical_monthly,2019-02-28,63,2019-05-31,2019-06-06,constant,0.007150337060521577,0.012394464501245589,
historical_monthly,2019-02-28,63,2019-05-31,2019-06-06,rolling_20d_rms,0.0054715177550734729,0.012394464501245589,
historical_monthly,2019-03-29,0,2019-04-01,2019-04-05,ridge_expanding,0.0057488492829145801,0.005865934652227036,0.0057488492829145801
historical_monthly,2019-03-29,0,2019-04-01,2019-04-05,constant,0.0070959935910931424,0.005865934652227036,
historical_monthly,2019-03-29,0,2019-04-01,2019-04-05,rolling_20d_rms,0.0073463174495440303,0.005865934652227036,
historical_monthly,2019-03-29,21,2019-05-01,2019-05-07,ridge_expanding,0.0068741037347388049,0.0095611541441491671,0.0068741037347388049
historical_monthly,2019-03-29,21,2019-05-01,2019-05-07,constant,0.0071344271777393159,0.0095611541441491671,
historical_monthly,2019-03-29,21,2019-05-01,2019-05-07,rolling_20d_rms,0.0073463174495440303,0.0095611541441491671,
historical_monthly,2019-03-29,43,2019-06-03,2019-06-07,ridge_expanding,0.0071441890647706225,0.011689360616632682,0.0071441890647706225
historical_monthly,2019-03-29,43,2019-06-03,2019-06-07,constant,0.0071140019391479617,0.011689360616632682,
historical_monthly,2019-03-29,43,2019-06-03,2019-06-07,rolling_20d_rms,0.0073463174495440303,0.011689360616632682,
historical_monthly,2019-03-29,63,2019-07-01,2019-07-08,ridge_expanding,0.0072372216003083181,0.0060582322791968768,0.0072372216003083181
historical_monthly,2019-03-29,63,2019-07-01,2019-07-08,constant,0.0071382981574381931,0.0060582322791968768,
historical_monthly,2019-03-29,63,2019-07-01,2019-07-08,rolling_20d_rms,0.0073463174495440303,0.0060582322791968768,
historical_monthly,2019-04-30,0,2019-05-01,2019-05-07,ridge_expanding,0.0042066262393029375,0.0095611541441491671,0.0042066262393029375
historical_monthly,2019-04-30,0,2019-05-01,2019-05-07,constant,0.0070404376122215192,0.0095611541441491671,
historical_monthly,2019-04-30,0,2019-05-01,2019-05-07,rolling_20d_rms,0.0034525271673331481,0.0095611541441491671,
historical_monthly,2019-04-30,21,2019-05-31,2019-06-06,ridge_expanding,0.0055404113480051363,0.012394464501245589,0.0055404113480051363
historical_monthly,2019-04-30,21,2019-05-31,2019-06-06,constant,0.0070769769753783705,0.012394464501245589,
historical_monthly,2019-04-30,21,2019-05-31,2019-06-06,rolling_20d_rms,0.0034525271673331481,0.012394464501245589,
historical_monthly,2019-04-30,43,2019-07-02,2019-07-09,ridge_expanding,0.0067181476624187135,0.0045472390366879415,0.0067181476624187135
historical_monthly,2019-04-30,43,2019-07-02,2019-07-09,constant,0.007055733134393366,0.0045472390366879415,
historical_monthly,2019-04-30,43,2019-07-02,2019-07-09,rolling_20d_rms,0.0034525271673331481,0.0045472390366879415,
historical_monthly,2019-04-30,63,2019-07-31,2019-08-06,ridge_expanding,0.0072883420132649757,0.016618708805874318,0.0072883420132649757
historical_monthly,2019-04-30,63,2019-07-31,2019-08-06,constant,0.0070783537560044109,0.016618708805874318,
historical_monthly,2019-04-30,63,2019-07-31,2019-08-06,rolling_20d_rms,0.0034525271673331481,0.016618708805874318,
historical_monthly,2019-05-31,0,2019-06-03,2019-06-07,ridge_expanding,0.011800358983417122,0.011689360616632682,0.011800358983417122
historical_monthly,2019-05-31,0,2019-06-03,2019-06-07,constant,0.007073449667953138,0.011689360616632682,
historical_monthly,2019-05-31,0,2019-06-03,2019-06-07,rolling_20d_rms,0.0098390684524068944,0.011689360616632682,
historical_monthly,2019-05-31,21,2019-07-02,2019-07-09,ridge_expanding,0.0082915631014105051,0.0045472390366879415,0.0082915631014105051
historical_monthly,2019-05-31,21,2019-07-02,2019-07-09,constant,0.0071098850716935546,0.0045472390366879415,
historical_monthly,2019-05-31,21,2019-07-02,2019-07-09,rolling_20d_rms,0.0098390684524068944,0.0045472390366879415,
historical_monthly,2019-05-31,43,2019-08-02,2019-08-08,ridge_expanding,0.0071997282191317196,0.01767072321510918,0.0071997282191317196
historical_monthly,2019-05-31,43,2019-08-02,2019-08-08,constant,0.0070897845537609529,0.01767072321510918,
historical_monthly,2019-05-31,43,2019-08-02,2019-08-08,rolling_20d_rms,0.0098390684524068944,0.01767072321510918,
historical_monthly,2019-05-31,63,2019-08-30,2019-09-06,ridge_expanding,0.0069076756263014979,0.0080713422148151193,0.0069076756263014979
historical_monthly,2019-05-31,63,2019-08-30,2019-09-06,constant,0.0071125846026830631,0.0080713422148151193,
historical_monthly,2019-05-31,63,2019-08-30,2019-09-06,rolling_20d_rms,0.0098390684524068944,0.0080713422148151193,
historical_monthly,2019-06-28,0,2019-07-01,2019-07-08,ridge_expanding,0.0060900637320101996,0.0060582322791968768,0.0060900637320101996
historical_monthly,2019-06-28,0,2019-07-01,2019-07-08,constant,0.0070747789057771524,0.0060582322791968768,
historical_monthly,2019-06-28,0,2019-07-01,2019-07-08,rolling_20d_rms,0.0073154125539461098,0.0060582322791968768,
historical_monthly,2019-06-28,21,2019-07-31,2019-08-06,ridge_expanding,0.0067548085286043653,0.016618708805874318,0.0067548085286043653
historical_monthly,2019-06-28,21,2019-07-31,2019-08-06,constant,0.0071105678205134141,0.016618708805874318,
historical_monthly,2019-06-28,21,2019-07-31,2019-08-06,rolling_20d_rms,0.0073154125539461098,0.016618708805874318,
historical_monthly,2019-06-28,43,2019-08-30,2019-09-06,ridge_expanding,0.0069646234699504671,0.0080713422148151193,0.0069646234699504671
historical_monthly,2019-06-28,43,2019-08-30,2019-09-06,constant,0.0070908599869807095,0.0080713422148151193,
historical_monthly,2019-06-28,43,2019-08-30,2019-09-06,rolling_20d_rms,0.0073154125539461098,0.0080713422148151193,
historical_monthly,2019-06-28,63,2019-09-30,2019-10-04,ridge_expanding,0.0072106540581771761,0.012078710952387562,0.0072106540581771761
historical_monthly,2019-06-28,63,2019-09-30,2019-10-04,constant,0.0071132430567146729,0.012078710952387562,
historical_monthly,2019-06-28,63,2019-09-30,2019-10-04,rolling_20d_rms,0.0073154125539461098,0.012078710952387562,
historical_monthly,2019-07-31,0,2019-08-01,2019-08-07,ridge_expanding,0.0068581275540673158,0.015876017560054311,0.0068581275540673158
historical_monthly,2019-07-31,0,2019-08-01,2019-08-07,constant,0.0070324548103565211,0.015876017560054311,
historical_monthly,2019-07-31,0,2019-08-01,2019-08-07,rolling_20d_rms,0.0051136711853188316,0.015876017560054311,
historical_monthly,2019-07-31,21,2019-08-30,2019-09-06,ridge_expanding,0.0064665186459564707,0.0080713422148151193,0.0064665186459564707
historical_monthly,2019-07-31,21,2019-08-30,2019-09-06,constant,0.007066728207797998,0.0080713422148151193,
historical_monthly,2019-07-31,21,2019-08-30,2019-09-06,rolling_20d_rms,0.0051136711853188316,0.0080713422148151193,
historical_monthly,2019-07-31,43,2019-10-02,2019-10-08,ridge_expanding,0.006953521821418342,0.012871651894504997,0.006953521821418342
historical_monthly,2019-07-31,43,2019-10-02,2019-10-08,constant,0.0070465306149091857,0.012871651894504997,
historical_monthly,2019-07-31,43,2019-10-02,2019-10-08,rolling_20d_rms,0.0051136711853188316,0.012871651894504997,
historical_monthly,2019-07-31,63,2019-10-30,2019-11-05,ridge_expanding,0.0070799953874505208,0.004874759964133695,0.0070799953874505208
historical_monthly,2019-07-31,63,2019-10-30,2019-11-05,constant,0.0070676176179367816,0.004874759964133695,
historical_monthly,2019-07-31,63,2019-10-30,2019-11-05,rolling_20d_rms,0.0051136711853188316,0.004874759964133695,
historical_monthly,2019-08-30,0,2019-09-03,2019-09-09,ridge_expanding,0.011295249450443214,0.0080720335160027815,0.011295249450443214
historical_monthly,2019-08-30,0,2019-09-03,2019-09-09,constant,0.0071630174785804477,0.0080720335160027815,
historical_monthly,2019-08-30,0,2019-09-03,2019-09-09,rolling_20d_rms,0.014754297531203917,0.0080720335160027815,
historical_monthly,2019-08-30,21,2019-10-02,2019-10-08,ridge_expanding,0.0094373555652045096,0.012871651894504997,0.0094373555652045096
historical_monthly,2019-08-30,21,2019-10-02,2019-10-08,constant,0.0071990531112071984,0.012871651894504997,
historical_monthly,2019-08-30,21,2019-10-02,2019-10-08,rolling_20d_rms,0.014754297531203917,0.012871651894504997,
historical_monthly,2019-08-30,43,2019-11-01,2019-11-07,ridge_expanding,0.007917548956325484,0.0047896389956431614,0.007917548956325484
historical_monthly,2019-08-30,43,2019-11-01,2019-11-07,constant,0.0071818894196914044,0.0047896389956431614,
historical_monthly,2019-08-30,43,2019-11-01,2019-11-07,rolling_20d_rms,0.014754297531203917,0.0047896389956431614,
historical_monthly,2019-08-30,63,2019-12-02,2019-12-06,ridge_expanding,0.006735124228337221,0.0069540577554869478,0.006735124228337221
historical_monthly,2019-08-30,63,2019-12-02,2019-12-06,constant,0.007205042041530268,0.0069540577554869478,
historical_monthly,2019-08-30,63,2019-12-02,2019-12-06,rolling_20d_rms,0.014754297531203917,0.0069540577554869478,
historical_monthly,2019-09-30,0,2019-10-01,2019-10-07,ridge_expanding,0.0060136194630430063,0.012056211876037047,0.0060136194630430063
historical_monthly,2019-09-30,0,2019-10-01,2019-10-07,constant,0.0071302204365487594,0.012056211876037047,
historical_monthly,2019-09-30,0,2019-10-01,2019-10-07,rolling_20d_rms,0.005380635286695125,0.012056211876037047,
historical_monthly,2019-09-30,21,2019-10-30,2019-11-05,ridge_expanding,0.0065858162154280794,0.004874759964133695,0.0065858162154280794
historical_monthly,2019-09-30,21,2019-10-30,2019-11-05,constant,0.0071650283248068701,0.004874759964133695,
historical_monthly,2019-09-30,21,2019-10-30,2019-11-05,rolling_20d_rms,0.005380635286695125,0.004874759964133695,
historical_monthly,2019-09-30,43,2019-12-02,2019-12-06,ridge_expanding,0.0068871868837017776,0.0069540577554869478,0.0068871868837017776
historical_monthly,2019-09-30,43,2019-12-02,2019-12-06,constant,0.0071475047119140831,0.0069540577554869478,
historical_monthly,2019-09-30,43,2019-12-02,2019-12-06,rolling_20d_rms,0.005380635286695125,0.0069540577554869478,
historical_monthly,2019-09-30,63,2019-12-31,2020-01-07,ridge_expanding,0.007363372629315512,0.0058778104144009448,0.007363372629315512
historical_monthly,2019-09-30,63,2019-12-31,2020-01-07,constant,0.0071696168757128713,0.0058778104144009448,
historical_monthly,2019-09-30,63,2019-12-31,2020-01-07,rolling_20d_rms,0.005380635286695125,0.0058778104144009448,
historical_monthly,2019-10-31,0,2019-11-01,2019-11-07,ridge_expanding,0.0069851551469125263,0.0047896389956431614,0.0069851551469125263
historical_monthly,2019-10-31,0,2019-11-01,2019-11-07,constant,0.007135480606493997,0.0047896389956431614,
historical_monthly,2019-10-31,0,2019-11-01,2019-11-07,rolling_20d_rms,0.0068790653540483958,0.0047896389956431614,
historical_monthly,2019-10-31,21,2019-12-03,2019-12-09,ridge_expanding,0.0069177209455325026,0.0059822490354274694,0.0069177209455325026
historical_monthly,2019-10-31,21,2019-12-03,2019-12-09,constant,0.0071696991541363208,0.0059822490354274694,
historical_monthly,2019-10-31,21,2019-12-03,2019-12-09,rolling_20d_rms,0.0068790653540483958,0.0059822490354274694,
historical_monthly,2019-10-31,43,2020-01-06,2020-01-10,ridge_expanding,0.0070893360450490044,0.0045750106434236087,0.0070893360450490044
historical_monthly,2019-10-31,43,2020-01-06,2020-01-10,constant,0.0071526157512886027,0.0045750106434236087,
historical_monthly,2019-10-31,43,2020-01-06,2020-01-10,rolling_20d_rms,0.0068790653540483958,0.0045750106434236087,
historical_monthly,2019-10-31,63,2020-02-04,2020-02-10,ridge_expanding,0.0072275125278018198,0.0095477242390189735,0.0072275125278018198
historical_monthly,2019-10-31,63,2020-02-04,2020-02-10,constant,0.0071743679868501173,0.0095477242390189735,
historical_monthly,2019-10-31,63,2020-02-04,2020-02-10,rolling_20d_rms,0.0068790653540483958,0.0095477242390189735,
historical_monthly,2019-11-29,0,2019-12-02,2019-12-06,ridge_expanding,0.0063162873911902654,0.0069540577554869478,0.0063162873911902654
historical_monthly,2019-11-29,0,2019-12-02,2019-12-06,constant,0.007077488741098396,0.0069540577554869478,
historical_monthly,2019-11-29,0,2019-12-02,2019-12-06,rolling_20d_rms,0.0038949217770123299,0.0069540577554869478,
historical_monthly,2019-11-29,21,2020-01-02,2020-01-08,ridge_expanding,0.006115648250754285,0.0062467947576571228,0.006115648250754285
historical_monthly,2019-11-29,21,2020-01-02,2020-01-08,constant,0.0071101101433787093,0.0062467947576571228,
historical_monthly,2019-11-29,21,2020-01-02,2020-01-08,rolling_20d_rms,0.0038949217770123299,0.0062467947576571228,
historical_monthly,2019-11-29,43,2020-02-04,2020-02-10,ridge_expanding,0.0068237570140380786,0.0095477242390189735,0.0068237570140380786
historical_monthly,2019-11-29,43,2020-02-04,2020-02-10,constant,0.0070921975787006123,0.0095477242390189735,
historical_monthly,2019-11-29,43,2020-02-04,2020-02-10,rolling_20d_rms,0.0038949217770123299,0.0095477242390189735,
historical_monthly,2019-11-29,63,2020-03-04,2020-03-10,ridge_expanding,0.0074556614224855376,0.049543963327169628,0.0074556614224855376
historical_monthly,2019-11-29,63,2020-03-04,2020-03-10,constant,0.0071125195199514294,0.049543963327169628,
historical_monthly,2019-11-29,63,2020-03-04,2020-03-10,rolling_20d_rms,0.0038949217770123299,0.049543963327169628,
historical_monthly,2019-12-31,0,2020-01-02,2020-01-08,ridge_expanding,0.0046313436878278411,0.0062467947576571228,0.0046313436878278411
historical_monthly,2019-12-31,0,2020-01-02,2020-01-08,constant,0.007036924797606715,0.0062467947576571228,
historical_monthly,2019-12-31,0,2020-01-02,2020-01-08,rolling_20d_rms,0.0045390337438724468,0.0062467947576571228,
historical_monthly,2019-12-31,21,2020-02-03,2020-02-07,ridge_expanding,0.0059998310777907501,0.0095420493106398996,0.0059998310777907501
historical_monthly,2019-12-31,21,2020-02-03,2020-02-07,constant,0.0070682781369652385,0.0095420493106398996,
historical_monthly,2019-12-31,21,2020-02-03,2020-02-07,rolling_20d_rms,0.0045390337438724468,0.0095420493106398996,
historical_monthly,2019-12-31,43,2020-03-05,2020-03-11,ridge_expanding,0.0068002133570919717,0.051137971752090457,0.0068002133570919717
historical_monthly,2019-12-31,43,2020-03-05,2020-03-11,constant,0.0070499083115452416,0.051137971752090457,
historical_monthly,2019-12-31,43,2020-03-05,2020-03-11,rolling_20d_rms,0.0045390337438724468,0.051137971752090457,
historical_monthly,2019-12-31,63,2020-04-02,2020-04-08,ridge_expanding,0.0073268921944148893,0.034783484253405432,0.0073268921944148893
historical_monthly,2019-12-31,63,2020-04-02,2020-04-08,constant,0.0070691426065487319,0.034783484253405432,
historical_monthly,2019-12-31,63,2020-04-02,2020-04-08,rolling_20d_rms,0.0045390337438724468,0.034783484253405432,
historical_monthly,2020-01-31,0,2020-02-03,2020-02-07,ridge_expanding,0.0095717612698786696,0.0095420493106398996,0.0095717612698786696
historical_monthly,2020-01-31,0,2020-02-03,2020-02-07,constant,0.0070235910309982144,0.0095420493106398996,
historical_monthly,2020-01-31,0,2020-02-03,2020-02-07,rolling_20d_rms,0.0074055398483547459,0.0095420493106398996,
historical_monthly,2020-01-31,21,2020-03-04,2020-03-10,ridge_expanding,0.0073159313267814729,0.049543963327169628,0.0073159313267814729
historical_monthly,2020-01-31,21,2020-03-04,2020-03-10,constant,0.0070541832760945252,0.049543963327169628,
historical_monthly,2020-01-31,21,2020-03-04,2020-03-10,rolling_20d_rms,0.0074055398483547459,0.049543963327169628,
historical_monthly,2020-01-31,43,2020-04-03,2020-04-09,ridge_expanding,0.0071881453391892053,0.033932608129301794,0.0071881453391892053
historical_monthly,2020-01-31,43,2020-04-03,2020-04-09,constant,0.007035875943981436,0.033932608129301794,
historical_monthly,2020-01-31,43,2020-04-03,2020-04-09,rolling_20d_rms,0.0074055398483547459,0.033932608129301794,
historical_monthly,2020-01-31,63,2020-05-04,2020-05-08,ridge_expanding,0.0070135171295704849,0.010503486550749933,0.0070135171295704849
historical_monthly,2020-01-31,63,2020-05-04,2020-05-08,constant,0.0070545354551508786,0.010503486550749933,
historical_monthly,2020-01-31,63,2020-05-04,2020-05-08,rolling_20d_rms,0.0074055398483547459,0.010503486550749933,
historical_monthly,2020-02-28,0,2020-03-02,2020-03-06,ridge_expanding,0.013271913876900207,0.033933080892272864,0.013271913876900207
historical_monthly,2020-02-28,0,2020-03-02,2020-03-06,constant,0.0070911509383863322,0.033933080892272864,
historical_monthly,2020-02-28,0,2020-03-02,2020-03-06,rolling_20d_rms,0.016240514459832885,0.033933080892272864,
historical_monthly,2020-02-28,21,2020-03-31,2020-04-06,ridge_expanding,0.0095988686779437202,0.038221268817746235,0.0095988686779437202
historical_monthly,2020-02-28,21,2020-03-31,2020-04-06,constant,0.0071224121175068609,0.038221268817746235,
historical_monthly,2020-02-28,21,2020-03-31,2020-04-06,rolling_20d_rms,0.016240514459832885,0.038221268817746235,
historical_monthly,2020-02-28,43,2020-05-01,2020-05-07,ridge_expanding,0.0075730064248749653,0.014157350261511515,0.0075730064248749653
historical_monthly,2020-02-28,43,2020-05-01,2020-05-07,constant,0.007105607934841919,0.014157350261511515,
historical_monthly,2020-02-28,43,2020-05-01,2020-05-07,rolling_20d_rms,0.016240514459832885,0.014157350261511515,
historical_monthly,2020-02-28,63,2020-06-01,2020-06-05,ridge_expanding,0.0064004386617152118,0.013463847986190748,0.0064004386617152118
historical_monthly,2020-02-28,63,2020-06-01,2020-06-05,constant,0.0071251270403130057,0.013463847986190748,
historical_monthly,2020-02-28,63,2020-06-01,2020-06-05,rolling_20d_rms,0.016240514459832885,0.013463847986190748,
historical_monthly,2020-03-31,0,2020-04-01,2020-04-07,ridge_expanding,0.045517312332450321,0.037629355755234351,0.045517312332450321
historical_monthly,2020-03-31,0,2020-04-01,2020-04-07,constant,0.0078708428326568561,0.037629355755234351,
historical_monthly,2020-03-31,0,2020-04-01,2020-04-07,rolling_20d_rms,0.057553683947073608,0.037629355755234351,
historical_monthly,2020-03-31,21,2020-05-01,2020-05-07,ridge_expanding,0.023179309983658289,0.014157350261511515,0.023179309983658289
historical_monthly,2020-03-31,21,2020-05-01,2020-05-07,constant,0.007914416243990122,0.014157350261511515,
historical_monthly,2020-03-31,21,2020-05-01,2020-05-07,rolling_20d_rms,0.057553683947073608,0.014157350261511515,
historical_monthly,2020-03-31,43,2020-06-03,2020-06-09,ridge_expanding,0.0023710228854872109,0.014300200519628513,0.0023710228854872109
historical_monthly,2020-03-31,43,2020-06-03,2020-06-09,constant,0.0079118243479076589,0.014300200519628513,
historical_monthly,2020-03-31,43,2020-06-03,2020-06-09,rolling_20d_rms,0.057553683947073608,0.014300200519628513,
historical_monthly,2020-03-31,63,2020-07-01,2020-07-08,ridge_expanding,0,0.0097887065260244856,-0.0052563343474090023
historical_monthly,2020-03-31,63,2020-07-01,2020-07-08,constant,0.0079440828267074402,0.0097887065260244856,
historical_monthly,2020-03-31,63,2020-07-01,2020-07-08,rolling_20d_rms,0.057553683947073608,0.0097887065260244856,
historical_monthly,2020-04-30,0,2020-05-01,2020-05-07,ridge_expanding,0.021813636251725717,0.014157350261511515,0.021813636251725717
historical_monthly,2020-04-30,0,2020-05-01,2020-05-07,constant,0.0081482367282444609,0.014157350261511515,
historical_monthly,2020-04-30,0,2020-05-01,2020-05-07,rolling_20d_rms,0.023794186394132708,0.014157350261511515,
historical_monthly,2020-04-30,21,2020-06-02,2020-06-08,ridge_expanding,0.013875173571307034,0.014383708069592164,0.013875173571307034
historical_monthly,2020-04-30,21,2020-06-02,2020-06-08,constant,0.0081956018231061755,0.014383708069592164,
historical_monthly,2020-04-30,21,2020-06-02,2020-06-08,rolling_20d_rms,0.023794186394132708,0.014383708069592164,
historical_monthly,2020-04-30,43,2020-07-02,2020-07-09,ridge_expanding,0.0063812877706802629,0.0096224921714204489,0.0063812877706802629
historical_monthly,2020-04-30,43,2020-07-02,2020-07-09,constant,0.0081979121364174935,0.0096224921714204489,
historical_monthly,2020-04-30,43,2020-07-02,2020-07-09,rolling_20d_rms,0.023794186394132708,0.0096224921714204489,
historical_monthly,2020-04-30,63,2020-07-31,2020-08-06,ridge_expanding,0.0027776437930108755,0.006442600296226393,0.0027776437930108755
historical_monthly,2020-04-30,63,2020-07-31,2020-08-06,constant,0.0082341964154689917,0.006442600296226393,
historical_monthly,2020-04-30,63,2020-07-31,2020-08-06,rolling_20d_rms,0.023794186394132708,0.006442600296226393,
historical_monthly,2020-05-29,0,2020-06-01,2020-06-05,ridge_expanding,0.011437375797900294,0.013463847986190748,0.011437375797900294
historical_monthly,2020-05-29,0,2020-06-01,2020-06-05,constant,0.0082402187387739679,0.013463847986190748,
historical_monthly,2020-05-29,0,2020-06-01,2020-06-05,rolling_20d_rms,0.013948665087202498,0.013463847986190748,
historical_monthly,2020-05-29,21,2020-06-30,2020-07-07,ridge_expanding,0.0095573515309428786,0.010798558458198196,0.0095573515309428786
historical_monthly,2020-05-29,21,2020-06-30,2020-07-07,constant,0.0082883323662013772,0.010798558458198196,
historical_monthly,2020-05-29,21,2020-06-30,2020-07-07,rolling_20d_rms,0.013948665087202498,0.010798558458198196,
historical_monthly,2020-05-29,43,2020-07-31,2020-08-06,ridge_expanding,0.0082432695390330189,0.006442600296226393,0.0082432695390330189
historical_monthly,2020-05-29,43,2020-07-31,2020-08-06,constant,0.0082921847256703651,0.006442600296226393,
historical_monthly,2020-05-29,43,2020-07-31,2020-08-06,rolling_20d_rms,0.013948665087202498,0.006442600296226393,
historical_monthly,2020-05-29,63,2020-08-28,2020-09-03,ridge_expanding,0.0062797214177402255,0.017749352443437141,0.0062797214177402255
historical_monthly,2020-05-29,63,2020-08-28,2020-09-03,constant,0.0083293800543715289,0.017749352443437141,
historical_monthly,2020-05-29,63,2020-08-28,2020-09-03,rolling_20d_rms,0.013948665087202498,0.017749352443437141,
historical_monthly,2020-06-30,0,2020-07-01,2020-07-08,ridge_expanding,0.012471989753163795,0.0097887065260244856,0.012471989753163795
historical_monthly,2020-06-30,0,2020-07-01,2020-07-08,constant,0.0083605328244213128,0.0097887065260244856,
historical_monthly,2020-06-30,0,2020-07-01,2020-07-08,rolling_20d_rms,0.01873158797219987,0.0097887065260244856,
historical_monthly,2020-06-30,21,2020-07-31,2020-08-06,ridge_expanding,0.010557223455746384,0.006442600296226393,0.010557223455746384
historical_monthly,2020-06-30,21,2020-07-31,2020-08-06,constant,0.0084097445042011429,0.006442600296226393,
historical_monthly,2020-06-30,21,2020-07-31,2020-08-06,rolling_20d_rms,0.01873158797219987,0.006442600296226393,
historical_monthly,2020-06-30,43,2020-09-01,2020-09-08,ridge_expanding,0.0091053470640589176,0.021703603706718758,0.0091053470640589176
historical_monthly,2020-06-30,43,2020-09-01,2020-09-08,constant,0.0084155636432349055,0.021703603706718758,
historical_monthly,2020-06-30,43,2020-09-01,2020-09-08,rolling_20d_rms,0.01873158797219987,0.021703603706718758,
historical_monthly,2020-06-30,63,2020-09-30,2020-10-06,ridge_expanding,0.0072344013497940892,0.011857553831296715,0.0072344013497940892
historical_monthly,2020-06-30,63,2020-09-30,2020-10-06,constant,0.0084540325480904083,0.011857553831296715,
historical_monthly,2020-06-30,63,2020-09-30,2020-10-06,rolling_20d_rms,0.01873158797219987,0.011857553831296715,
historical_monthly,2020-07-31,0,2020-08-03,2020-08-07,ridge_expanding,0.0070306479636033873,0.0054054715191791339,0.0070306479636033873
historical_monthly,2020-07-31,0,2020-08-03,2020-08-07,constant,0.0083727452203193747,0.0054054715191791339,
historical_monthly,2020-07-31,0,2020-08-03,2020-08-07,rolling_20d_rms,0.0086171084662101331,0.0054054715191791339,
historical_monthly,2020-07-31,21,2020-09-01,2020-09-08,ridge_expanding,0.0081703232071994661,0.021703603706718758,0.0081703232071994661
historical_monthly,2020-07-31,21,2020-09-01,2020-09-08,constant,0.0084213489555507916,0.021703603706718758,
historical_monthly,2020-07-31,21,2020-09-01,2020-09-08,rolling_20d_rms,0.0086171084662101331,0.021703603706718758,
historical_monthly,2020-07-31,43,2020-10-02,2020-10-08,ridge_expanding,0.0083885970002351654,0.014004703293897755,0.0083885970002351654
historical_monthly,2020-07-31,43,2020-10-02,2020-10-08,constant,0.0084272632904491378,0.014004703293897755,
historical_monthly,2020-07-31,43,2020-10-02,2020-10-08,rolling_20d_rms,0.0086171084662101331,0.014004703293897755,
historical_monthly,2020-07-31,63,2020-10-30,2020-11-05,ridge_expanding,0.0084406090294007405,0.016745072125169475,0.0084406090294007405
historical_monthly,2020-07-31,63,2020-10-30,2020-11-05,constant,0.0084652672575958043,0.016745072125169475,
historical_monthly,2020-07-31,63,2020-10-30,2020-11-05,rolling_20d_rms,0.0086171084662101331,0.016745072125169475,
historical_monthly,2020-08-31,0,2020-09-01,2020-09-08,ridge_expanding,0.0068041480617872041,0.021703603706718758,0.0068041480617872041
historical_monthly,2020-08-31,0,2020-09-01,2020-09-08,constant,0.0083376371567275964,0.021703603706718758,
historical_monthly,2020-08-31,0,2020-09-01,2020-09-08,rolling_20d_rms,0.0059067575631373452,0.021703603706718758,
historical_monthly,2020-08-31,21,2020-10-01,2020-10-07,ridge_expanding,0.007644738900129803,0.013738661281774327,0.007644738900129803
historical_monthly,2020-08-31,21,2020-10-01,2020-10-07,constant,0.0083849670167595262,0.013738661281774327,
historical_monthly,2020-08-31,21,2020-10-01,2020-10-07,rolling_20d_rms,0.0059067575631373452,0.013738661281774327,
historical_monthly,2020-08-31,43,2020-11-02,2020-11-06,ridge_expanding,0.0081606899646440162,0.016076187338278529,0.0081606899646440162
historical_monthly,2020-08-31,43,2020-11-02,2020-11-06,constant,0.008390200494746038,0.016076187338278529,
historical_monthly,2020-08-31,43,2020-11-02,2020-11-06,rolling_20d_rms,0.0059067575631373452,0.016076187338278529,
historical_monthly,2020-08-31,63,2020-12-01,2020-12-07,ridge_expanding,0.0086159823002645471,0.0063353963748447525,0.0086159823002645471
historical_monthly,2020-08-31,63,2020-12-01,2020-12-07,constant,0.0084270539841467106,0.0063353963748447525,
historical_monthly,2020-08-31,63,2020-12-01,2020-12-07,rolling_20d_rms,0.0059067575631373452,0.0063353963748447525,
historical_monthly,2020-09-30,0,2020-10-01,2020-10-07,ridge_expanding,0.011149417339777618,0.013738661281774327,0.011149417339777618
historical_monthly,2020-09-30,0,2020-10-01,2020-10-07,constant,0.0084233349426213883,0.013738661281774327,
historical_monthly,2020-09-30,0,2020-10-01,2020-10-07,rolling_20d_rms,0.015463481888055656,0.013738661281774327,
historical_monthly,2020-09-30,21,2020-10-30,2020-11-05,ridge_expanding,0.009792074224781535,0.016745072125169475,0.009792074224781535
historical_monthly,2020-09-30,21,2020-10-30,2020-11-05,constant,0.0084712399107497519,0.016745072125169475,
historical_monthly,2020-09-30,21,2020-10-30,2020-11-05,rolling_20d_rms,0.015463481888055656,0.016745072125169475,
historical_monthly,2020-09-30,43,2020-12-02,2020-12-08,ridge_expanding,0.0090209458413679326,0.0042635678911330443,0.0090209458413679326
historical_monthly,2020-09-30,43,2020-12-02,2020-12-08,constant,0.0084777700534426209,0.0042635678911330443,
historical_monthly,2020-09-30,43,2020-12-02,2020-12-08,rolling_20d_rms,0.015463481888055656,0.0042635678911330443,
historical_monthly,2020-09-30,63,2020-12-31,2021-01-07,ridge_expanding,0.0082478074038790112,0.010136364331618622,0.0082478074038790112
historical_monthly,2020-09-30,63,2020-12-31,2021-01-07,constant,0.0085153427981019495,0.010136364331618622,
historical_monthly,2020-09-30,63,2020-12-31,2021-01-07,rolling_20d_rms,0.015463481888055656,0.010136364331618622,
historical_monthly,2020-10-30,0,2020-11-02,2020-11-06,ridge_expanding,0.011348396532803631,0.016076187338278529,0.011348396532803631
historical_monthly,2020-10-30,0,2020-11-02,2020-11-06,constant,0.0084677879944562648,0.016076187338278529,
historical_monthly,2020-10-30,0,2020-11-02,2020-11-06,rolling_20d_rms,0.013009480260571344,0.016076187338278529,
historical_monthly,2020-10-30,21,2020-12-02,2020-12-08,ridge_expanding,0.009486088008732952,0.0042635678911330443,0.009486088008732952
historical_monthly,2020-10-30,21,2020-12-02,2020-12-08,constant,0.008515608355971635,0.0042635678911330443,
historical_monthly,2020-10-30,21,2020-12-02,2020-12-08,rolling_20d_rms,0.013009480260571344,0.0042635678911330443,
historical_monthly,2020-10-30,43,2021-01-05,2021-01-11,ridge_expanding,0.008684895587209706,0.0086967716520254569,0.008684895587209706
historical_monthly,2020-10-30,43,2021-01-05,2021-01-11,constant,0.0085227326761488989,0.0086967716520254569,
historical_monthly,2020-10-30,43,2021-01-05,2021-01-11,rolling_20d_rms,0.013009480260571344,0.0086967716520254569,
historical_monthly,2020-10-30,63,2021-02-03,2021-02-09,ridge_expanding,0.0082828971128698307,0.0062609105907383399,0.0082828971128698307
historical_monthly,2020-10-30,63,2021-02-03,2021-02-09,constant,0.0085603580291149783,0.0062609105907383399,
historical_monthly,2020-10-30,63,2021-02-03,2021-02-09,rolling_20d_rms,0.013009480260571344,0.0062609105907383399,
historical_monthly,2020-11-30,0,2020-12-01,2020-12-07,ridge_expanding,0.0093538862313589655,0.0063353963748447525,0.0093538862313589655
historical_monthly,2020-11-30,0,2020-12-01,2020-12-07,constant,0.0085138068115216351,0.0063353963748447525,
historical_monthly,2020-11-30,0,2020-12-01,2020-12-07,rolling_20d_rms,0.01119075364549451,0.0063353963748447525,
historical_monthly,2020-11-30,21,2020-12-31,2021-01-07,ridge_expanding,0.0088217798561089009,0.010136364331618622,0.0088217798561089009
historical_monthly,2020-11-30,21,2020-12-31,2021-01-07,constant,0.0085616340946780747,0.010136364331618622,
historical_monthly,2020-11-30,21,2020-12-31,2021-01-07,rolling_20d_rms,0.01119075364549451,0.010136364331618622,
historical_monthly,2020-11-30,43,2021-02-03,2021-02-09,ridge_expanding,0.0085709802023760644,0.0062609105907383399,0.0085709802023760644
historical_monthly,2020-11-30,43,2021-02-03,2021-02-09,constant,0.0085693707159447113,0.0062609105907383399,
historical_monthly,2020-11-30,43,2021-02-03,2021-02-09,rolling_20d_rms,0.01119075364549451,0.0062609105907383399,
historical_monthly,2020-11-30,63,2021-03-04,2021-03-10,ridge_expanding,0.0085003081619225498,0.012261717638241737,0.0085003081619225498
historical_monthly,2020-11-30,63,2021-03-04,2021-03-10,constant,0.0086071247296792362,0.012261717638241737,
historical_monthly,2020-11-30,63,2021-03-04,2021-03-10,rolling_20d_rms,0.01119075364549451,0.012261717638241737,
historical_monthly,2020-12-31,0,2021-01-04,2021-01-08,ridge_expanding,0.004325334349486753,0.010201239921643483,0.004325334349486753
historical_monthly,2020-12-31,0,2021-01-04,2021-01-08,constant,0.0084692599855974229,0.010201239921643483,
historical_monthly,2020-12-31,0,2021-01-04,2021-01-08,rolling_20d_rms,0.0052690423418653449,0.010201239921643483,
historical_monthly,2020-12-31,21,2021-02-03,2021-02-09,ridge_expanding,0.0073144884801279141,0.0062609105907383399,0.0073144884801279141
historical_monthly,2020-12-31,21,2021-02-03,2021-02-09,constant,0.0085157304881573782,0.0062609105907383399,
historical_monthly,2020-12-31,21,2021-02-03,2021-02-09,rolling_20d_rms,0.0052690423418653449,0.0062609105907383399,
historical_monthly,2020-12-31,43,2021-03-08,2021-03-12,ridge_expanding,0.0080055347356986044,0.008578687144015747,0.0080055347356986044
historical_monthly,2020-12-31,43,2021-03-08,2021-03-12,constant,0.0085226493096933684,0.008578687144015747,
historical_monthly,2020-12-31,43,2021-03-08,2021-03-12,rolling_20d_rms,0.0052690423418653449,0.008578687144015747,
historical_monthly,2020-12-31,63,2021-04-06,2021-04-12,ridge_expanding,0.0084637624403102255,0.003917055338444767,0.0084637624403102255
historical_monthly,2020-12-31,63,2021-04-06,2021-04-12,constant,0.0085591629745683118,0.003917055338444767,
historical_monthly,2020-12-31,63,2021-04-06,2021-04-12,rolling_20d_rms,0.0052690423418653449,0.003917055338444767,
historical_monthly,2021-01-29,0,2021-02-01,2021-02-05,ridge_expanding,0.011091323380899762,0.011076547911497184,0.011091323380899762
historical_monthly,2021-01-29,0,2021-02-01,2021-02-05,constant,0.0084675887244442406,0.011076547911497184,
historical_monthly,2021-01-29,0,2021-02-01,2021-02-05,rolling_20d_rms,0.01010168064961911,0.011076547911497184,
historical_monthly,2021-01-29,21,2021-03-03,2021-03-09,ridge_expanding,0.0089931470292417461,0.013349515927132675,0.0089931470292417461
historical_monthly,2021-01-29,21,2021-03-03,2021-03-09,constant,0.0085134406043405452,0.013349515927132675,
historical_monthly,2021-01-29,21,2021-03-03,2021-03-09,rolling_20d_rms,0.01010168064961911,0.013349515927132675,
historical_monthly,2021-01-29,43,2021-04-05,2021-04-09,ridge_expanding,0.008424913454653812,0.0074789926382934054,0.008424913454653812
historical_monthly,2021-01-29,43,2021-04-05,2021-04-09,constant,0.0085202350516951717,0.0074789926382934054,
historical_monthly,2021-01-29,43,2021-04-05,2021-04-09,rolling_20d_rms,0.01010168064961911,0.0074789926382934054,
historical_monthly,2021-01-29,63,2021-05-03,2021-05-07,ridge_expanding,0.00833538913655495,0.0056369983694788258,0.00833538913655495
historical_monthly,2021-01-29,63,2021-05-03,2021-05-07,constant,0.0085562341224004988,0.0056369983694788258,
historical_monthly,2021-01-29,63,2021-05-03,2021-05-07,rolling_20d_rms,0.01010168064961911,0.0056369983694788258,
historical_monthly,2021-02-26,0,2021-03-01,2021-03-05,ridge_expanding,0.011772123322537343,0.016125731846543444,0.011772123322537343
historical_monthly,2021-02-26,0,2021-03-01,2021-03-05,constant,0.0084623237978312983,0.016125731846543444,
historical_monthly,2021-02-26,0,2021-03-01,2021-03-05,rolling_20d_rms,0.0098148617093468584,0.016125731846543444,
historical_monthly,2021-02-26,21,2021-03-30,2021-04-06,ridge_expanding,0.0092124083785795619,0.0082732472037294804,0.0092124083785795619
historical_monthly,2021-02-26,21,2021-03-30,2021-04-06,constant,0.0085075224846624664,0.0082732472037294804,
historical_monthly,2021-02-26,21,2021-03-30,2021-04-06,rolling_20d_rms,0.0098148617093468584,0.0082732472037294804,
historical_monthly,2021-02-26,43,2021-04-30,2021-05-06,ridge_expanding,0.0089201928826144333,0.005472655317055152,0.0089201928826144333
historical_monthly,2021-02-26,43,2021-04-30,2021-05-06,constant,0.0085141418522516263,0.005472655317055152,
historical_monthly,2021-02-26,43,2021-04-30,2021-05-06,rolling_20d_rms,0.0098148617093468584,0.005472655317055152,
historical_monthly,2021-02-26,63,2021-05-28,2021-06-04,ridge_expanding,0.008818408246177965,0.0045421317462337324,0.008818408246177965
historical_monthly,2021-02-26,63,2021-05-28,2021-06-04,constant,0.0085495893512031722,0.0045421317462337324,
historical_monthly,2021-02-26,63,2021-05-28,2021-06-04,rolling_20d_rms,0.0098148617093468584,0.0045421317462337324,
historical_monthly,2021-03-31,0,2021-04-01,2021-04-08,ridge_expanding,0.0082913140676850079,0.0082773954448596612,0.0082913140676850079
historical_monthly,2021-03-31,0,2021-04-01,2021-04-08,constant,0.0084902177784265849,0.0082773954448596612,
historical_monthly,2021-03-31,0,2021-04-01,2021-04-08,rolling_20d_rms,0.0089008065676198546,0.0082773954448596612,
historical_monthly,2021-03-31,21,2021-05-03,2021-05-07,ridge_expanding,0.0085003618371292094,0.0056369983694788258,0.0085003618371292094
historical_monthly,2021-03-31,21,2021-05-03,2021-05-07,constant,0.0085351190889768769,0.0056369983694788258,
historical_monthly,2021-03-31,21,2021-05-03,2021-05-07,rolling_20d_rms,0.0089008065676198546,0.0056369983694788258,
historical_monthly,2021-03-31,43,2021-06-03,2021-06-09,ridge_expanding,0.0086020906520015428,0.0044706438861885659,0.0086020906520015428
historical_monthly,2021-03-31,43,2021-06-03,2021-06-09,constant,0.008542040903268407,0.0044706438861885659,
historical_monthly,2021-03-31,43,2021-06-03,2021-06-09,rolling_20d_rms,0.0089008065676198546,0.0044706438861885659,
historical_monthly,2021-03-31,63,2021-07-01,2021-07-08,ridge_expanding,0.0086351147746234237,0.0058510136828581151,0.0086351147746234237
historical_monthly,2021-03-31,63,2021-07-01,2021-07-08,constant,0.0085773150117512548,0.0058510136828581151,
historical_monthly,2021-03-31,63,2021-07-01,2021-07-08,rolling_20d_rms,0.0089008065676198546,0.0058510136828581151,
historical_monthly,2021-04-30,0,2021-05-03,2021-05-07,ridge_expanding,0.0076568928279713419,0.0056369983694788258,0.0076568928279713419
historical_monthly,2021-04-30,0,2021-05-03,2021-05-07,constant,0.0084667245201310633,0.0056369983694788258,
historical_monthly,2021-04-30,0,2021-05-03,2021-05-07,rolling_20d_rms,0.006638071245503769,0.0056369983694788258,
historical_monthly,2021-04-30,21,2021-06-02,2021-06-08,ridge_expanding,0.0080207222229359207,0.0044760108796520195,0.0080207222229359207
historical_monthly,2021-04-30,21,2021-06-02,2021-06-08,constant,0.0085106973976201011,0.0044760108796520195,
historical_monthly,2021-04-30,21,2021-06-02,2021-06-08,rolling_20d_rms,0.006638071245503769,0.0044760108796520195,
historical_monthly,2021-04-30,43,2021-07-02,2021-07-09,ridge_expanding,0.0082676705917362567,0.0071194171238729703,0.0082676705917362567
historical_monthly,2021-04-30,43,2021-07-02,2021-07-09,constant,0.0085171715822001757,0.0071194171238729703,
historical_monthly,2021-04-30,43,2021-07-02,2021-07-09,rolling_20d_rms,0.006638071245503769,0.0071194171238729703,
historical_monthly,2021-04-30,63,2021-08-02,2021-08-06,ridge_expanding,0.0085860924958172883,0.00523371662163439,0.0085860924958172883
historical_monthly,2021-04-30,63,2021-08-02,2021-08-06,constant,0.0085516230045039505,0.00523371662163439,
historical_monthly,2021-04-30,63,2021-08-02,2021-08-06,rolling_20d_rms,0.006638071245503769,0.00523371662163439,
historical_monthly,2021-05-28,0,2021-06-01,2021-06-07,ridge_expanding,0.0065961726210078935,0.0044923050152686269,0.0065961726210078935
historical_monthly,2021-05-28,0,2021-06-01,2021-06-07,constant,0.0084626972760941544,0.0044923050152686269,
historical_monthly,2021-05-28,0,2021-06-01,2021-06-07,rolling_20d_rms,0.0086395871912700924,0.0044923050152686269,
historical_monthly,2021-05-28,21,2021-06-30,2021-07-07,ridge_expanding,0.0081721856684977157,0.00458137917730471,0.0081721856684977157
historical_monthly,2021-05-28,21,2021-06-30,2021-07-07,constant,0.0085060549463881977,0.00458137917730471,
historical_monthly,2021-05-28,21,2021-06-30,2021-07-07,rolling_20d_rms,0.0086395871912700924,0.00458137917730471,
historical_monthly,2021-05-28,43,2021-08-02,2021-08-06,ridge_expanding,0.0082262289829714494,0.00523371662163439,0.0082262289829714494
historical_monthly,2021-05-28,43,2021-08-02,2021-08-06,constant,0.008512379216651959,0.00523371662163439,
historical_monthly,2021-05-28,43,2021-08-02,2021-08-06,rolling_20d_rms,0.0086395871912700924,0.00523371662163439,
historical_monthly,2021-05-28,63,2021-08-30,2021-09-03,ridge_expanding,0.0083631170079642696,0.0024992259898859205,0.0083631170079642696
historical_monthly,2021-05-28,63,2021-08-30,2021-09-03,constant,0.0085463159663281673,0.0024992259898859205,
historical_monthly,2021-05-28,63,2021-08-30,2021-09-03,rolling_20d_rms,0.0086395871912700924,0.0024992259898859205,
historical_monthly,2021-06-30,0,2021-07-01,2021-07-08,ridge_expanding,0.0051386338912376523,0.0058510136828581151,0.0051386338912376523
historical_monthly,2021-06-30,0,2021-07-01,2021-07-08,constant,0.0084114496441442341,0.0058510136828581151,
historical_monthly,2021-06-30,0,2021-07-01,2021-07-08,rolling_20d_rms,0.005625059836763582,0.0058510136828581151,
historical_monthly,2021-06-30,21,2021-08-02,2021-08-06,ridge_expanding,0.0074750485367181194,0.00523371662163439,0.0074750485367181194
historical_monthly,2021-06-30,21,2021-08-02,2021-08-06,constant,0.0084535297379641303,0.00523371662163439,
historical_monthly,2021-06-30,21,2021-08-02,2021-08-06,rolling_20d_rms,0.005625059836763582,0.00523371662163439,
historical_monthly,2021-06-30,43,2021-09-01,2021-09-08,ridge_expanding,0.0079957723266423173,0.0021951642982326394,0.0079957723266423173
historical_monthly,2021-06-30,43,2021-09-01,2021-09-08,constant,0.00845902778708486,0.0021951642982326394,
historical_monthly,2021-06-30,43,2021-09-01,2021-09-08,rolling_20d_rms,0.005625059836763582,0.0021951642982326394,
historical_monthly,2021-06-30,63,2021-09-30,2021-10-06,ridge_expanding,0.0084345272069899866,0.0108038836303738,0.0084345272069899866
historical_monthly,2021-06-30,63,2021-09-30,2021-10-06,constant,0.0084917921792405648,0.0108038836303738,
historical_monthly,2021-06-30,63,2021-09-30,2021-10-06,rolling_20d_rms,0.005625059836763582,0.0108038836303738,
historical_monthly,2021-07-30,0,2021-08-02,2021-08-06,ridge_expanding,0.0068153396228233919,0.00523371662163439,0.0068153396228233919
historical_monthly,2021-07-30,0,2021-08-02,2021-08-06,constant,0.0083878276839162123,0.00523371662163439,
historical_monthly,2021-07-30,0,2021-08-02,2021-08-06,rolling_20d_rms,0.00714026078746744,0.00523371662163439,
historical_monthly,2021-07-30,21,2021-08-31,2021-09-07,ridge_expanding,0.0079136909558817636,0.0022273838365425699,0.0079136909558817636
historical_monthly,2021-07-30,21,2021-08-31,2021-09-07,constant,0.0084290507944224415,0.0022273838365425699,
historical_monthly,2021-07-30,21,2021-08-31,2021-09-07,rolling_20d_rms,0.00714026078746744,0.0022273838365425699,
historical_monthly,2021-07-30,43,2021-10-01,2021-10-07,ridge_expanding,0.008087612189505905,0.010064730005833803,0.008087612189505905
historical_monthly,2021-07-30,43,2021-10-01,2021-10-07,constant,0.0084341370074037161,0.010064730005833803,
historical_monthly,2021-07-30,43,2021-10-01,2021-10-07,rolling_20d_rms,0.00714026078746744,0.010064730005833803,
historical_monthly,2021-07-30,63,2021-10-29,2021-11-04,ridge_expanding,0.0083859013489915278,0.0040619271890444154,0.0083859013489915278
historical_monthly,2021-07-30,63,2021-10-29,2021-11-04,constant,0.0084661451063011983,0.0040619271890444154,
historical_monthly,2021-07-30,63,2021-10-29,2021-11-04,rolling_20d_rms,0.00714026078746744,0.0040619271890444154,
historical_monthly,2021-08-31,0,2021-09-01,2021-09-08,ridge_expanding,0.0057723333803621525,0.0021951642982326394,0.0057723333803621525
historical_monthly,2021-08-31,0,2021-09-01,2021-09-08,constant,0.0083419744743143901,0.0021951642982326394,
historical_monthly,2021-08-31,0,2021-09-01,2021-09-08,rolling_20d_rms,0.0052057168375347967,0.0021951642982326394,
historical_monthly,2021-08-31,21,2021-10-01,2021-10-07,ridge_expanding,0.0074553391190634493,0.010064730005833803,0.0074553391190634493
historical_monthly,2021-08-31,21,2021-10-01,2021-10-07,constant,0.0083820518582073972,0.010064730005833803,
historical_monthly,2021-08-31,21,2021-10-01,2021-10-07,rolling_20d_rms,0.0052057168375347967,0.010064730005833803,
historical_monthly,2021-08-31,43,2021-11-02,2021-11-08,ridge_expanding,0.0079718255731636017,0.0041989569693207272,0.0079718255731636017
historical_monthly,2021-08-31,43,2021-11-02,2021-11-08,constant,0.0083864263486530706,0.0041989569693207272,
historical_monthly,2021-08-31,43,2021-11-02,2021-11-08,rolling_20d_rms,0.0052057168375347967,0.0041989569693207272,
historical_monthly,2021-08-31,63,2021-12-01,2021-12-07,ridge_expanding,0.0084250579676511794,0.014071018937224981,0.0084250579676511794
historical_monthly,2021-08-31,63,2021-12-01,2021-12-07,constant,0.0084173914341224045,0.014071018937224981,
historical_monthly,2021-08-31,63,2021-12-01,2021-12-07,rolling_20d_rms,0.0052057168375347967,0.014071018937224981,
historical_monthly,2021-09-30,0,2021-10-01,2021-10-07,ridge_expanding,0.0096412154678023176,0.010064730005833803,0.0096412154678023176
historical_monthly,2021-09-30,0,2021-10-01,2021-10-07,constant,0.008322367423530706,0.010064730005833803,
historical_monthly,2021-09-30,0,2021-10-01,2021-10-07,rolling_20d_rms,0.0084003804650629905,0.010064730005833803,
historical_monthly,2021-09-30,21,2021-11-01,2021-11-05,ridge_expanding,0.0084569732833570666,0.0042516383041849622,0.0084569732833570666
historical_monthly,2021-09-30,21,2021-11-01,2021-11-05,constant,0.0083616865659668412,0.0042516383041849622,
historical_monthly,2021-09-30,21,2021-11-01,2021-11-05,rolling_20d_rms,0.0084003804650629905,0.0042516383041849622,
historical_monthly,2021-09-30,43,2021-12-02,2021-12-08,ridge_expanding,0.0083072745580474051,0.013207623965099924,0.0083072745580474051
historical_monthly,2021-09-30,43,2021-12-02,2021-12-08,constant,0.0083657300320540522,0.013207623965099924,
historical_monthly,2021-09-30,43,2021-12-02,2021-12-08,rolling_20d_rms,0.0084003804650629905,0.013207623965099924,
historical_monthly,2021-09-30,63,2021-12-31,2022-01-06,ridge_expanding,0.0084276387166532327,0.0091282005055696031,0.0084276387166532327
historical_monthly,2021-09-30,63,2021-12-31,2022-01-06,constant,0.0083960345383012648,0.0091282005055696031,
historical_monthly,2021-09-30,63,2021-12-31,2022-01-06,rolling_20d_rms,0.0084003804650629905,0.0091282005055696031,
historical_monthly,2021-10-29,0,2021-11-01,2021-11-05,ridge_expanding,0.0063207499584417969,0.0042516383041849622,0.0063207499584417969
historical_monthly,2021-10-29,0,2021-11-01,2021-11-05,constant,0.0083133553911668434,0.0042516383041849622,
historical_monthly,2021-10-29,0,2021-11-01,2021-11-05,rolling_20d_rms,0.0071214733362605651,0.0042516383041849622,
historical_monthly,2021-10-29,21,2021-12-01,2021-12-07,ridge_expanding,0.0077367946122988938,0.014071018937224981,0.0077367946122988938
historical_monthly,2021-10-29,21,2021-12-01,2021-12-07,constant,0.0083520682285427635,0.014071018937224981,
historical_monthly,2021-10-29,21,2021-12-01,2021-12-07,rolling_20d_rms,0.0071214733362605651,0.014071018937224981,
historical_monthly,2021-10-29,43,2022-01-03,2022-01-07,ridge_expanding,0.0080848110881713044,0.0092297924288330026,0.0080848110881713044
historical_monthly,2021-10-29,43,2022-01-03,2022-01-07,constant,0.0083559322053980371,0.0092297924288330026,
historical_monthly,2021-10-29,43,2022-01-03,2022-01-07,rolling_20d_rms,0.0071214733362605651,0.0092297924288330026,
historical_monthly,2021-10-29,63,2022-02-01,2022-02-07,ridge_expanding,0.0083745233616334021,0.012139908426610923,0.0083745233616334021
historical_monthly,2021-10-29,63,2022-02-01,2022-02-07,constant,0.0083857266925494705,0.012139908426610923,
historical_monthly,2021-10-29,63,2022-02-01,2022-02-07,rolling_20d_rms,0.0071214733362605651,0.012139908426610923,
historical_monthly,2021-11-30,0,2021-12-01,2021-12-07,ridge_expanding,0.011952463776509515,0.014071018937224981,0.011952463776509515
historical_monthly,2021-11-30,0,2021-12-01,2021-12-07,constant,0.0082768530725414804,0.014071018937224981,
historical_monthly,2021-11-30,0,2021-12-01,2021-12-07,rolling_20d_rms,0.0081167641542196391,0.014071018937224981,
historical_monthly,2021-11-30,21,2021-12-31,2022-01-06,ridge_expanding,0.0088152565440591437,0.0091282005055696031,0.0088152565440591437
historical_monthly,2021-11-30,21,2021-12-31,2022-01-06,constant,0.0083146340407280039,0.0091282005055696031,
historical_monthly,2021-11-30,21,2021-12-31,2022-01-06,rolling_20d_rms,0.0081167641542196391,0.0091282005055696031,
historical_monthly,2021-11-30,43,2022-02-02,2022-02-08,ridge_expanding,0.0084747897348170301,0.01231812791127306,0.0084747897348170301
historical_monthly,2021-11-30,43,2022-02-02,2022-02-08,constant,0.0083179572550932113,0.01231812791127306,
historical_monthly,2021-11-30,43,2022-02-02,2022-02-08,rolling_20d_rms,0.0081167641542196391,0.01231812791127306,
historical_monthly,2021-11-30,63,2022-03-03,2022-03-09,ridge_expanding,0.0085066624712751074,0.018680167894088721,0.0085066624712751074
historical_monthly,2021-11-30,63,2022-03-03,2022-03-09,constant,0.0083469137608554872,0.018680167894088721,
historical_monthly,2021-11-30,63,2022-03-03,2022-03-09,rolling_20d_rms,0.0081167641542196391,0.018680167894088721,
historical_monthly,2021-12-31,0,2022-01-03,2022-01-07,ridge_expanding,0.0084711476778301861,0.0092297924288330026,0.0084711476778301861
historical_monthly,2021-12-31,0,2022-01-03,2022-01-07,constant,0.0083177762440579742,0.0092297924288330026,
historical_monthly,2021-12-31,0,2022-01-03,2022-01-07,rolling_20d_rms,0.01027239350405224,0.0092297924288330026,
historical_monthly,2021-12-31,21,2022-02-02,2022-02-08,ridge_expanding,0.0085424381301226985,0.01231812791127306,0.0085424381301226985
historical_monthly,2021-12-31,21,2022-02-02,2022-02-08,constant,0.0083555736393276341,0.01231812791127306,
historical_monthly,2021-12-31,21,2022-02-02,2022-02-08,rolling_20d_rms,0.01027239350405224,0.01231812791127306,
historical_monthly,2021-12-31,43,2022-03-07,2022-03-11,ridge_expanding,0.0083066826674352504,0.019170406011477022,0.0083066826674352504
historical_monthly,2021-12-31,43,2022-03-07,2022-03-11,constant,0.0083593850899483894,0.019170406011477022,
historical_monthly,2021-12-31,43,2022-03-07,2022-03-11,rolling_20d_rms,0.01027239350405224,0.019170406011477022,
historical_monthly,2021-12-31,63,2022-04-04,2022-04-08,ridge_expanding,0.0082564725493805505,0.0085765435941874205,0.0082564725493805505
historical_monthly,2021-12-31,63,2022-04-04,2022-04-08,constant,0.008388455932170566,0.0085765435941874205,
historical_monthly,2021-12-31,63,2022-04-04,2022-04-08,rolling_20d_rms,0.01027239350405224,0.0085765435941874205,
historical_monthly,2022-01-31,0,2022-02-01,2022-02-07,ridge_expanding,0.0089021514912307077,0.012139908426610923,0.0089021514912307077
historical_monthly,2022-01-31,0,2022-02-01,2022-02-07,constant,0.0083353055260356468,0.012139908426610923,
historical_monthly,2022-01-31,0,2022-02-01,2022-02-07,rolling_20d_rms,0.011779155278606132,0.012139908426610923,
historical_monthly,2022-01-31,21,2022-03-03,2022-03-09,ridge_expanding,0.0088758296446340475,0.018680167894088721,0.0088758296446340475
historical_monthly,2022-01-31,21,2022-03-03,2022-03-09,constant,0.0083728796438246704,0.018680167894088721,
historical_monthly,2022-01-31,21,2022-03-03,2022-03-09,rolling_20d_rms,0.011779155278606132,0.018680167894088721,
historical_monthly,2022-01-31,43,2022-04-04,2022-04-08,ridge_expanding,0.0088099310921938411,0.0085765435941874205,0.0088099310921938411
historical_monthly,2022-01-31,43,2022-04-04,2022-04-08,constant,0.0083768686472655545,0.0085765435941874205,
historical_monthly,2022-01-31,43,2022-04-04,2022-04-08,rolling_20d_rms,0.011779155278606132,0.0085765435941874205,
historical_monthly,2022-01-31,63,2022-05-03,2022-05-09,ridge_expanding,0.0084656352078674151,0.025788780425105989,0.0084656352078674151
historical_monthly,2022-01-31,63,2022-05-03,2022-05-09,constant,0.0084058027663620073,0.025788780425105989,
historical_monthly,2022-01-31,63,2022-05-03,2022-05-09,rolling_20d_rms,0.011779155278606132,0.025788780425105989,
historical_monthly,2022-02-28,0,2022-03-01,2022-03-07,ridge_expanding,0.012691640796759331,0.017633213874698375,0.012691640796759331
historical_monthly,2022-02-28,0,2022-03-01,2022-03-07,constant,0.0083974016604290141,0.017633213874698375,
historical_monthly,2022-02-28,0,2022-03-01,2022-03-07,rolling_20d_rms,0.014103557901892785,0.017633213874698375,
historical_monthly,2022-02-28,21,2022-03-30,2022-04-05,ridge_expanding,0.0098582469519847438,0.010210976315896221,0.0098582469519847438
historical_monthly,2022-02-28,21,2022-03-30,2022-04-05,constant,0.0084353118320815174,0.010210976315896221,
historical_monthly,2022-02-28,21,2022-03-30,2022-04-05,rolling_20d_rms,0.014103557901892785,0.010210976315896221,
historical_monthly,2022-02-28,43,2022-05-02,2022-05-06,ridge_expanding,0.0090115637024900039,0.021458816033342563,0.0090115637024900039
historical_monthly,2022-02-28,43,2022-05-02,2022-05-06,constant,0.0084400492306067575,0.021458816033342563,
historical_monthly,2022-02-28,43,2022-05-02,2022-05-06,rolling_20d_rms,0.014103557901892785,0.021458816033342563,
historical_monthly,2022-02-28,63,2022-05-31,2022-06-06,ridge_expanding,0.0084056553442611818,0.012137091664467645,0.0084056553442611818
historical_monthly,2022-02-28,63,2022-05-31,2022-06-06,constant,0.0084693998394371611,0.012137091664467645,
historical_monthly,2022-02-28,63,2022-05-31,2022-06-06,rolling_20d_rms,0.014103557901892785,0.012137091664467645,
historical_monthly,2022-03-31,0,2022-04-01,2022-04-07,ridge_expanding,0.014515804416236506,0.0085863193756739575,0.014515804416236506
historical_monthly,2022-03-31,0,2022-04-01,2022-04-07,constant,0.0084740122166869127,0.0085863193756739575,
historical_monthly,2022-03-31,0,2022-04-01,2022-04-07,rolling_20d_rms,0.014520129146248574,0.0085863193756739575,
historical_monthly,2022-03-31,21,2022-05-03,2022-05-09,ridge_expanding,0.010257841390744765,0.025788780425105989,0.010257841390744765
historical_monthly,2022-03-31,21,2022-05-03,2022-05-09,constant,0.0085123366029169374,0.025788780425105989,
historical_monthly,2022-03-31,21,2022-05-03,2022-05-09,rolling_20d_rms,0.014520129146248574,0.025788780425105989,
historical_monthly,2022-03-31,43,2022-06-03,2022-06-09,ridge_expanding,0.0091340973588551599,0.014649797899268137,0.0091340973588551599
historical_monthly,2022-03-31,43,2022-06-03,2022-06-09,constant,0.0085179764401401292,0.014649797899268137,
historical_monthly,2022-03-31,43,2022-06-03,2022-06-09,rolling_20d_rms,0.014520129146248574,0.014649797899268137,
historical_monthly,2022-03-31,63,2022-07-05,2022-07-11,ridge_expanding,0.0084760032598633298,0.0085861294779617132,0.0084760032598633298
historical_monthly,2022-03-31,63,2022-07-05,2022-07-11,constant,0.0085478356731429946,0.0085861294779617132,
historical_monthly,2022-03-31,63,2022-07-05,2022-07-11,rolling_20d_rms,0.014520129146248574,0.0085861294779617132,
historical_monthly,2022-04-29,0,2022-05-02,2022-05-06,ridge_expanding,0.018392900846565381,0.021458816033342563,0.018392900846565381
historical_monthly,2022-04-29,0,2022-05-02,2022-05-06,constant,0.0085232671663040029,0.021458816033342563,
historical_monthly,2022-04-29,0,2022-05-02,2022-05-06,rolling_20d_rms,0.016088740895507315,0.021458816033342563,
historical_monthly,2022-04-29,21,2022-06-01,2022-06-07,ridge_expanding,0.011000993474549255,0.012617582623935579,0.011000993474549255
historical_monthly,2022-04-29,21,2022-06-01,2022-06-07,constant,0.0085617404498199417,0.012617582623935579,
historical_monthly,2022-04-29,21,2022-06-01,2022-06-07,rolling_20d_rms,0.016088740895507315,0.012617582623935579,
historical_monthly,2022-04-29,43,2022-07-05,2022-07-11,ridge_expanding,0.0094419974949630833,0.0085861294779617132,0.0094419974949630833
historical_monthly,2022-04-29,43,2022-07-05,2022-07-11,constant,0.0085679284513016582,0.0085861294779617132,
historical_monthly,2022-04-29,43,2022-07-05,2022-07-11,rolling_20d_rms,0.016088740895507315,0.0085861294779617132,
historical_monthly,2022-04-29,63,2022-08-02,2022-08-08,ridge_expanding,0.0087006905271394298,0.0076146650260314501,0.0087006905271394298
historical_monthly,2022-04-29,63,2022-08-02,2022-08-08,constant,0.0085980164011873784,0.0076146650260314501,
historical_monthly,2022-04-29,63,2022-08-02,2022-08-08,rolling_20d_rms,0.016088740895507315,0.0076146650260314501,
historical_monthly,2022-05-31,0,2022-06-01,2022-06-07,ridge_expanding,0.015289476216779858,0.012617582623935579,0.015289476216779858
historical_monthly,2022-05-31,0,2022-06-01,2022-06-07,constant,0.0086557893167160012,0.012617582623935579,
historical_monthly,2022-05-31,0,2022-06-01,2022-06-07,rolling_20d_rms,0.019747738360573523,0.012617582623935579,
historical_monthly,2022-05-31,21,2022-07-01,2022-07-08,ridge_expanding,0.01147419406274364,0.0083342443095513145,0.01147419406274364
historical_monthly,2022-05-31,21,2022-07-01,2022-07-08,constant,0.0086953477794653542,0.0083342443095513145,
historical_monthly,2022-05-31,21,2022-07-01,2022-07-08,rolling_20d_rms,0.019747738360573523,0.0083342443095513145,
historical_monthly,2022-05-31,43,2022-08-03,2022-08-09,ridge_expanding,0.0097023830477409277,0.0072378572087792746,0.0097023830477409277
historical_monthly,2022-05-31,43,2022-08-03,2022-08-09,constant,0.0087030983022046236,0.0072378572087792746,
historical_monthly,2022-05-31,43,2022-08-03,2022-08-09,rolling_20d_rms,0.019747738360573523,0.0072378572087792746,
historical_monthly,2022-05-31,63,2022-08-31,2022-09-07,ridge_expanding,0.0084987806595564867,0.010117699802451016,0.0084987806595564867
historical_monthly,2022-05-31,63,2022-08-31,2022-09-07,constant,0.0087343513533673176,0.010117699802451016,
historical_monthly,2022-05-31,63,2022-08-31,2022-09-07,rolling_20d_rms,0.019747738360573523,0.010117699802451016,
historical_monthly,2022-06-30,0,2022-07-01,2022-07-08,ridge_expanding,0.015365393280743189,0.0083342443095513145,0.015365393280743189
historical_monthly,2022-06-30,0,2022-07-01,2022-07-08,constant,0.0087692515688727272,0.0083342443095513145,
historical_monthly,2022-06-30,0,2022-07-01,2022-07-08,rolling_20d_rms,0.01916260387982445,0.0083342443095513145,
historical_monthly,2022-06-30,21,2022-08-02,2022-08-08,ridge_expanding,0.011630974236098761,0.0076146650260314501,0.011630974236098761
historical_monthly,2022-06-30,21,2022-08-02,2022-08-08,constant,0.0088096530406267266,0.0076146650260314501,
historical_monthly,2022-06-30,21,2022-08-02,2022-08-08,rolling_20d_rms,0.01916260387982445,0.0076146650260314501,
historical_monthly,2022-06-30,43,2022-09-01,2022-09-08,ridge_expanding,0.0098763607796500189,0.0099594113302041119,0.0098763607796500189
historical_monthly,2022-06-30,43,2022-09-01,2022-09-08,constant,0.0088186965566414404,0.0099594113302041119,
historical_monthly,2022-06-30,43,2022-09-01,2022-09-08,rolling_20d_rms,0.01916260387982445,0.0099594113302041119,
historical_monthly,2022-06-30,63,2022-09-30,2022-10-06,ridge_expanding,0.0086689742048906265,0.019829878618488124,0.0086689742048906265
historical_monthly,2022-06-30,63,2022-09-30,2022-10-06,constant,0.0088508699252106485,0.019829878618488124,
historical_monthly,2022-06-30,63,2022-09-30,2022-10-06,rolling_20d_rms,0.01916260387982445,0.019829878618488124,
historical_monthly,2022-07-29,0,2022-08-01,2022-08-05,ridge_expanding,0.0083543054976160085,0.0077118109270297207,0.0083543054976160085
historical_monthly,2022-07-29,0,2022-08-01,2022-08-05,constant,0.0087976372970515124,0.0077118109270297207,
historical_monthly,2022-07-29,0,2022-08-01,2022-08-05,rolling_20d_rms,0.012499267072078999,0.0077118109270297207,
historical_monthly,2022-07-29,21,2022-08-30,2022-09-06,ridge_expanding,0.009167810299638297,0.0079581592191108417,0.009167810299638297
historical_monthly,2022-07-29,21,2022-08-30,2022-09-06,constant,0.0088379248896312389,0.0079581592191108417,
historical_monthly,2022-07-29,21,2022-08-30,2022-09-06,rolling_20d_rms,0.012499267072078999,0.0079581592191108417,
historical_monthly,2022-07-29,43,2022-09-30,2022-10-06,ridge_expanding,0.009027723576394444,0.019829878618488124,0.009027723576394444
historical_monthly,2022-07-29,43,2022-09-30,2022-10-06,constant,0.0088472082698970653,0.019829878618488124,
historical_monthly,2022-07-29,43,2022-09-30,2022-10-06,rolling_20d_rms,0.012499267072078999,0.019829878618488124,
historical_monthly,2022-07-29,63,2022-10-28,2022-11-03,ridge_expanding,0.0087237655706283949,0.016599583937911968,0.0087237655706283949
historical_monthly,2022-07-29,63,2022-10-28,2022-11-03,constant,0.0088793413783748668,0.016599583937911968,
historical_monthly,2022-07-29,63,2022-10-28,2022-11-03,rolling_20d_rms,0.012499267072078999,0.016599583937911968,
historical_monthly,2022-08-31,0,2022-09-01,2022-09-08,ridge_expanding,0.011267820285339571,0.0099594113302041119,0.011267820285339571
historical_monthly,2022-08-31,0,2022-09-01,2022-09-08,constant,0.008834870495386539,0.0099594113302041119,
historical_monthly,2022-08-31,0,2022-09-01,2022-09-08,rolling_20d_rms,0.012374764358131242,0.0099594113302041119,
historical_monthly,2022-08-31,21,2022-10-03,2022-10-07,ridge_expanding,0.0098283895367310154,0.022465872984082626,0.0098283895367310154
historical_monthly,2022-08-31,21,2022-10-03,2022-10-07,constant,0.0088750812740255539,0.022465872984082626,
historical_monthly,2022-08-31,21,2022-10-03,2022-10-07,rolling_20d_rms,0.012374764358131242,0.022465872984082626,
historical_monthly,2022-08-31,43,2022-11-02,2022-11-08,ridge_expanding,0.0092221710484055065,0.014676038058845453,0.0092221710484055065
historical_monthly,2022-08-31,43,2022-11-02,2022-11-08,constant,0.0088846889951670859,0.014676038058845453,
historical_monthly,2022-08-31,43,2022-11-02,2022-11-08,rolling_20d_rms,0.012374764358131242,0.014676038058845453,
historical_monthly,2022-08-31,63,2022-12-01,2022-12-07,ridge_expanding,0.0088903756232355195,0.010441491291150259,0.0088903756232355195
historical_monthly,2022-08-31,63,2022-12-01,2022-12-07,constant,0.0089168278327493456,0.010441491291150259,
historical_monthly,2022-08-31,63,2022-12-01,2022-12-07,rolling_20d_rms,0.012374764358131242,0.010441491291150259,
historical_monthly,2022-09-30,0,2022-10-03,2022-10-07,ridge_expanding,0.013819844443590442,0.022465872984082626,0.013819844443590442
historical_monthly,2022-09-30,0,2022-10-03,2022-10-07,constant,0.0088952804976142764,0.022465872984082626,
historical_monthly,2022-09-30,0,2022-10-03,2022-10-07,rolling_20d_rms,0.015891520782696161,0.022465872984082626,
historical_monthly,2022-09-30,21,2022-11-01,2022-11-07,ridge_expanding,0.010854196366738282,0.014609658796903173,0.010854196366738282
historical_monthly,2022-09-30,21,2022-11-01,2022-11-07,constant,0.0089357139448597821,0.014609658796903173,
historical_monthly,2022-09-30,21,2022-11-01,2022-11-07,rolling_20d_rms,0.015891520782696161,0.014609658796903173,
historical_monthly,2022-09-30,43,2022-12-02,2022-12-08,ridge_expanding,0.0096722244201948061,0.011004330219771255,0.0096722244201948061
historical_monthly,2022-09-30,43,2022-12-02,2022-12-08,constant,0.0089459229175224957,0.011004330219771255,
historical_monthly,2022-09-30,43,2022-12-02,2022-12-08,rolling_20d_rms,0.015891520782696161,0.011004330219771255,
historical_monthly,2022-09-30,63,2023-01-03,2023-01-09,ridge_expanding,0.0091069421242189613,0.012025732253907285,0.0091069421242189613
historical_monthly,2022-09-30,63,2023-01-03,2023-01-09,constant,0.008978356850573287,0.012025732253907285,
historical_monthly,2022-09-30,63,2023-01-03,2023-01-09,rolling_20d_rms,0.015891520782696161,0.012025732253907285,
historical_monthly,2022-10-31,0,2022-11-01,2022-11-07,ridge_expanding,0.013070374636316193,0.014609658796903173,0.013070374636316193
historical_monthly,2022-10-31,0,2022-11-01,2022-11-07,constant,0.0089883243788192874,0.014609658796903173,
historical_monthly,2022-10-31,0,2022-11-01,2022-11-07,rolling_20d_rms,0.016930537768476039,0.014609658796903173,
historical_monthly,2022-10-31,21,2022-12-01,2022-12-07,ridge_expanding,0.011169522416383299,0.010441491291150259,0.011169522416383299
historical_monthly,2022-10-31,21,2022-12-01,2022-12-07,constant,0.0090293314600799288,0.010441491291150259,
historical_monthly,2022-10-31,21,2022-12-01,2022-12-07,rolling_20d_rms,0.016930537768476039,0.010441491291150259,
historical_monthly,2022-10-31,43,2023-01-04,2023-01-10,ridge_expanding,0.0097923895288819923,0.012281126833942202,0.0097923895288819923
historical_monthly,2022-10-31,43,2023-01-04,2023-01-10,constant,0.009040509548766236,0.012281126833942202,
historical_monthly,2022-10-31,43,2023-01-04,2023-01-10,rolling_20d_rms,0.016930537768476039,0.012281126833942202,
historical_monthly,2022-10-31,63,2023-02-02,2023-02-08,ridge_expanding,0.0092069555353491393,0.011404919071010164,0.0092069555353491393
historical_monthly,2022-10-31,63,2023-02-02,2023-02-08,constant,0.0090735860614512172,0.011404919071010164,
historical_monthly,2022-10-31,63,2023-02-02,2023-02-08,rolling_20d_rms,0.016930537768476039,0.011404919071010164,
historical_monthly,2022-11-30,0,2022-12-01,2022-12-07,ridge_expanding,0.010984635541477973,0.010441491291150259,0.010984635541477973
historical_monthly,2022-11-30,0,2022-12-01,2022-12-07,constant,0.009050397652917248,0.010441491291150259,
historical_monthly,2022-11-30,0,2022-12-01,2022-12-07,rolling_20d_rms,0.017541090663678628,0.010441491291150259,
historical_monthly,2022-11-30,21,2023-01-03,2023-01-09,ridge_expanding,0.010611932406813789,0.012025732253907285,0.010611932406813789
historical_monthly,2022-11-30,21,2023-01-03,2023-01-09,constant,0.0090916319504334518,0.012025732253907285,
historical_monthly,2022-11-30,21,2023-01-03,2023-01-09,rolling_20d_rms,0.017541090663678628,0.012025732253907285,
historical_monthly,2022-11-30,43,2023-02-03,2023-02-09,ridge_expanding,0.010317163798305138,0.010171567189895833,0.010317163798305138
historical_monthly,2022-11-30,43,2023-02-03,2023-02-09,constant,0.0091034001019381326,0.010171567189895833,
historical_monthly,2022-11-30,43,2023-02-03,2023-02-09,rolling_20d_rms,0.017541090663678628,0.010171567189895833,
historical_monthly,2022-11-30,63,2023-03-06,2023-03-10,ridge_expanding,0.00932432646658817,0.01264749295282544,0.00932432646658817
historical_monthly,2022-11-30,63,2023-03-06,2023-03-10,constant,0.0091367722599234018,0.01264749295282544,
historical_monthly,2022-11-30,63,2023-03-06,2023-03-10,rolling_20d_rms,0.017541090663678628,0.01264749295282544,
historical_monthly,2022-12-30,0,2023-01-03,2023-01-09,ridge_expanding,0.010695702416290372,0.012025732253907285,0.010695702416290372
historical_monthly,2022-12-30,0,2023-01-03,2023-01-09,constant,0.0090859435650590629,0.012025732253907285,
historical_monthly,2022-12-30,0,2023-01-03,2023-01-09,rolling_20d_rms,0.011726639380114584,0.012025732253907285,
historical_monthly,2022-12-30,21,2023-02-02,2023-02-08,ridge_expanding,0.0098008450529715463,0.011404919071010164,0.0098008450529715463
historical_monthly,2022-12-30,21,2023-02-02,2023-02-08,constant,0.0091271171633410877,0.011404919071010164,
historical_monthly,2022-12-30,21,2023-02-02,2023-02-08,rolling_20d_rms,0.011726639380114584,0.011404919071010164,
historical_monthly,2022-12-30,43,2023-03-07,2023-03-13,ridge_expanding,0.0094512098481637601,0.012659779668545416,0.0094512098481637601
historical_monthly,2022-12-30,43,2023-03-07,2023-03-13,constant,0.0091391594893074166,0.012659779668545416,
historical_monthly,2022-12-30,43,2023-03-07,2023-03-13,rolling_20d_rms,0.011726639380114584,0.012659779668545416,
historical_monthly,2022-12-30,63,2023-04-04,2023-04-11,ridge_expanding,0.0092969400116055759,0.0032896619651592292,0.0092969400116055759
historical_monthly,2022-12-30,63,2023-04-04,2023-04-11,constant,0.0091725391096134021,0.0032896619651592292,
historical_monthly,2022-12-30,63,2023-04-04,2023-04-11,rolling_20d_rms,0.011726639380114584,0.0032896619651592292,
historical_monthly,2023-01-31,0,2023-02-01,2023-02-07,ridge_expanding,0.0078932683623043638,0.011324561916923234,0.0078932683623043638
historical_monthly,2023-01-31,0,2023-02-01,2023-02-07,constant,0.0090984975022502107,0.011324561916923234,
historical_monthly,2023-01-31,0,2023-02-01,2023-02-07,rolling_20d_rms,0.010605518879026105,0.011324561916923234,
historical_monthly,2023-01-31,21,2023-03-03,2023-03-09,ridge_expanding,0.0089726288683851171,0.012974521394928355,0.0089726288683851171
historical_monthly,2023-01-31,21,2023-03-03,2023-03-09,constant,0.0091393894912341379,0.012974521394928355,
historical_monthly,2023-01-31,21,2023-03-03,2023-03-09,rolling_20d_rms,0.010605518879026105,0.012974521394928355,
historical_monthly,2023-01-31,43,2023-04-04,2023-04-11,ridge_expanding,0.0092417694814429137,0.0032896619651592292,0.0092417694814429137
historical_monthly,2023-01-31,43,2023-04-04,2023-04-11,constant,0.0091514466415617678,0.0032896619651592292,
historical_monthly,2023-01-31,43,2023-04-04,2023-04-11,rolling_20d_rms,0.010605518879026105,0.0032896619651592292,
historical_monthly,2023-01-31,63,2023-05-03,2023-05-09,ridge_expanding,0.0091165029632812675,0.0095271816011258219,0.0091165029632812675
historical_monthly,2023-01-31,63,2023-05-03,2023-05-09,constant,0.0091846094841899345,0.0095271816011258219,
historical_monthly,2023-01-31,63,2023-05-03,2023-05-09,rolling_20d_rms,0.010605518879026105,0.0095271816011258219,
historical_monthly,2023-02-28,0,2023-03-01,2023-03-07,ridge_expanding,0.0089732574591123316,0.010649296975051355,0.0089732574591123316
historical_monthly,2023-02-28,0,2023-03-01,2023-03-07,constant,0.009107717704916014,0.010649296975051355,
historical_monthly,2023-02-28,0,2023-03-01,2023-03-07,rolling_20d_rms,0.0099577542718958436,0.010649296975051355,
historical_monthly,2023-02-28,21,2023-03-30,2023-04-05,ridge_expanding,0.0093127602282443833,0.0075135929899386384,0.0093127602282443833
historical_monthly,2023-02-28,21,2023-03-30,2023-04-05,constant,0.0091483190493883738,0.0075135929899386384,
historical_monthly,2023-02-28,21,2023-03-30,2023-04-05,rolling_20d_rms,0.0099577542718958436,0.0075135929899386384,
historical_monthly,2023-02-28,43,2023-05-02,2023-05-08,ridge_expanding,0.0090608237900036415,0.010604498975786407,0.0090608237900036415
historical_monthly,2023-02-28,43,2023-05-02,2023-05-08,constant,0.0091603597586193634,0.010604498975786407,
historical_monthly,2023-02-28,43,2023-05-02,2023-05-08,rolling_20d_rms,0.0099577542718958436,0.010604498975786407,
historical_monthly,2023-02-28,63,2023-05-31,2023-06-06,ridge_expanding,0.0091383542185419497,0.0081840247993890652,0.0091383542185419497
historical_monthly,2023-02-28,63,2023-05-31,2023-06-06,constant,0.0091932926614669789,0.0081840247993890652,
historical_monthly,2023-02-28,63,2023-05-31,2023-06-06,rolling_20d_rms,0.0099577542718958436,0.0081840247993890652,
historical_monthly,2023-03-31,0,2023-04-03,2023-04-10,ridge_expanding,0.0088625244985505256,0.0037013845365118621,0.0088625244985505256
historical_monthly,2023-03-31,0,2023-04-03,2023-04-10,constant,0.0091250948936893745,0.0037013845365118621,
historical_monthly,2023-03-31,0,2023-04-03,2023-04-10,rolling_20d_rms,0.011412771887967422,0.0037013845365118621,
historical_monthly,2023-03-31,21,2023-05-03,2023-05-09,ridge_expanding,0.0093766063445100637,0.0095271816011258219,0.0093766063445100637
historical_monthly,2023-03-31,21,2023-05-03,2023-05-09,constant,0.0091654159869505869,0.0095271816011258219,
historical_monthly,2023-03-31,21,2023-05-03,2023-05-09,rolling_20d_rms,0.011412771887967422,0.0095271816011258219,
historical_monthly,2023-03-31,43,2023-06-05,2023-06-09,ridge_expanding,0.0094662525872632412,0.0034636908709674845,0.0094662525872632412
historical_monthly,2023-03-31,43,2023-06-05,2023-06-09,constant,0.0091775060967363865,0.0034636908709674845,
historical_monthly,2023-03-31,43,2023-06-05,2023-06-09,rolling_20d_rms,0.011412771887967422,0.0034636908709674845,
historical_monthly,2023-03-31,63,2023-07-05,2023-07-11,ridge_expanding,0.0092204135389967797,0.0048394564038146759,0.0092204135389967797
historical_monthly,2023-03-31,63,2023-07-05,2023-07-11,constant,0.0092102304834858362,0.0048394564038146759,
historical_monthly,2023-03-31,63,2023-07-05,2023-07-11,rolling_20d_rms,0.011412771887967422,0.0048394564038146759,
historical_monthly,2023-04-28,0,2023-05-01,2023-05-05,ridge_expanding,0.0068067202141828091,0.010613447285477664,0.0068067202141828091
historical_monthly,2023-04-28,0,2023-05-01,2023-05-05,constant,0.0091010411854238488,0.010613447285477664,
historical_monthly,2023-04-28,0,2023-05-01,2023-05-05,rolling_20d_rms,0.0078772955369732257,0.010613447285477664,
historical_monthly,2023-04-28,21,2023-05-31,2023-06-06,ridge_expanding,0.0083860985567884242,0.0081840247993890652,0.0083860985567884242
historical_monthly,2023-04-28,21,2023-05-31,2023-06-06,constant,0.0091407418645095915,0.0081840247993890652,
historical_monthly,2023-04-28,21,2023-05-31,2023-06-06,rolling_20d_rms,0.0078772955369732257,0.0081840247993890652,
historical_monthly,2023-04-28,43,2023-07-03,2023-07-10,ridge_expanding,0.0088366745489013316,0.0039527560626663972,0.0088366745489013316
historical_monthly,2023-04-28,43,2023-07-03,2023-07-10,constant,0.0091524508481090928,0.0039527560626663972,
historical_monthly,2023-04-28,43,2023-07-03,2023-07-10,rolling_20d_rms,0.0078772955369732257,0.0039527560626663972,
historical_monthly,2023-04-28,63,2023-08-01,2023-08-07,ridge_expanding,0.0090100180748736922,0.0078582217143346178,0.0090100180748736922
historical_monthly,2023-04-28,63,2023-08-01,2023-08-07,constant,0.0091846157588641279,0.0078582217143346178,
historical_monthly,2023-04-28,63,2023-08-01,2023-08-07,rolling_20d_rms,0.0078772955369732257,0.0078582217143346178,
historical_monthly,2023-05-31,0,2023-06-01,2023-06-07,ridge_expanding,0.0088305974402813486,0.0079494209712120973,0.0088305974402813486
historical_monthly,2023-05-31,0,2023-06-01,2023-06-07,constant,0.009091525289289755,0.0079494209712120973,
historical_monthly,2023-05-31,0,2023-06-01,2023-06-07,rolling_20d_rms,0.0078363565277136012,0.0079494209712120973,
historical_monthly,2023-05-31,21,2023-07-03,2023-07-10,ridge_expanding,0.0088152131547177982,0.0039527560626663972,0.0088152131547177982
historical_monthly,2023-05-31,21,2023-07-03,2023-07-10,constant,0.0091307077410656481,0.0039527560626663972,
historical_monthly,2023-05-31,21,2023-07-03,2023-07-10,rolling_20d_rms,0.0078363565277136012,0.0039527560626663972,
historical_monthly,2023-05-31,43,2023-08-03,2023-08-09,ridge_expanding,0.0089218717503494506,0.0058016620210888927,0.0089218717503494506
historical_monthly,2023-05-31,43,2023-08-03,2023-08-09,constant,0.0091421832701239283,0.0058016620210888927,
historical_monthly,2023-05-31,43,2023-08-03,2023-08-09,rolling_20d_rms,0.0078363565277136012,0.0058016620210888927,
historical_monthly,2023-05-31,63,2023-08-31,2023-09-07,ridge_expanding,0.0091490362096890952,0.0039832017862440399,0.0091490362096890952
historical_monthly,2023-05-31,63,2023-08-31,2023-09-07,constant,0.009173898215577677,0.0039832017862440399,
historical_monthly,2023-05-31,63,2023-08-31,2023-09-07,rolling_20d_rms,0.0078363565277136012,0.0039832017862440399,
historical_monthly,2023-06-30,0,2023-07-03,2023-07-10,ridge_expanding,0.0049268254167861474,0.0039527560626663972,0.0049268254167861474
historical_monthly,2023-06-30,0,2023-07-03,2023-07-10,constant,0.0090690917273850424,0.0039527560626663972,
historical_monthly,2023-06-30,0,2023-07-03,2023-07-10,rolling_20d_rms,0.0069597653262662013,0.0039527560626663972,
historical_monthly,2023-06-30,21,2023-08-02,2023-08-08,ridge_expanding,0.0078152046077607056,0.0079942289171294582,0.0078152046077607056
historical_monthly,2023-06-30,21,2023-08-02,2023-08-08,constant,0.0091076556627712139,0.0079942289171294582,
historical_monthly,2023-06-30,21,2023-08-02,2023-08-08,rolling_20d_rms,0.0069597653262662013,0.0079942289171294582,
historical_monthly,2023-06-30,43,2023-09-01,2023-09-08,ridge_expanding,0.0084792274470500365,0.0039862192182356553,0.0084792274470500365
historical_monthly,2023-06-30,43,2023-09-01,2023-09-08,constant,0.0091187697754851939,0.0039862192182356553,
historical_monthly,2023-06-30,43,2023-09-01,2023-09-08,rolling_20d_rms,0.0069597653262662013,0.0039862192182356553,
historical_monthly,2023-06-30,63,2023-10-02,2023-10-06,ridge_expanding,0.0088183359373955657,0.0086472629154560575,0.0088183359373955657
historical_monthly,2023-06-30,63,2023-10-02,2023-10-06,constant,0.009149931411793915,0.0086472629154560575,
historical_monthly,2023-06-30,63,2023-10-02,2023-10-06,rolling_20d_rms,0.0069597653262662013,0.0086472629154560575,
historical_monthly,2023-07-31,0,2023-08-01,2023-08-07,ridge_expanding,0.00528608967275192,0.0078582217143346178,0.00528608967275192
historical_monthly,2023-07-31,0,2023-08-01,2023-08-07,constant,0.0090344601866378278,0.0078582217143346178,
historical_monthly,2023-07-31,0,2023-08-01,2023-08-07,rolling_20d_rms,0.0051561219450040295,0.0078582217143346178,
historical_monthly,2023-07-31,21,2023-08-30,2023-09-06,ridge_expanding,0.0076178921907069522,0.0041657936772541426,0.0076178921907069522
historical_monthly,2023-07-31,21,2023-08-30,2023-09-06,constant,0.0090723145855356405,0.0041657936772541426,
historical_monthly,2023-07-31,21,2023-08-30,2023-09-06,rolling_20d_rms,0.0051561219450040295,0.0041657936772541426,
historical_monthly,2023-07-31,43,2023-10-02,2023-10-06,ridge_expanding,0.008271674417297507,0.0086472629154560575,0.008271674417297507
historical_monthly,2023-07-31,43,2023-10-02,2023-10-06,constant,0.0090829503317647105,0.0086472629154560575,
historical_monthly,2023-07-31,43,2023-10-02,2023-10-06,rolling_20d_rms,0.0051561219450040295,0.0086472629154560575,
historical_monthly,2023-07-31,63,2023-10-30,2023-11-03,ridge_expanding,0.0088002793421358208,0.012131071173994042,0.0088002793421358208
historical_monthly,2023-07-31,63,2023-10-30,2023-11-03,constant,0.0091134648078799157,0.012131071173994042,
historical_monthly,2023-07-31,63,2023-10-30,2023-11-03,rolling_20d_rms,0.0051561219450040295,0.012131071173994042,
historical_monthly,2023-08-31,0,2023-09-01,2023-09-08,ridge_expanding,0.0078922286698390066,0.0039862192182356553,0.0078922286698390066
historical_monthly,2023-08-31,0,2023-09-01,2023-09-08,constant,0.0090168109274980732,0.0039862192182356553,
historical_monthly,2023-08-31,0,2023-09-01,2023-09-08,rolling_20d_rms,0.0074909573431461724,0.0039862192182356553,
historical_monthly,2023-08-31,21,2023-10-03,2023-10-09,ridge_expanding,0.0085272490241847833,0.0091043489314735632,0.0085272490241847833
historical_monthly,2023-08-31,21,2023-10-03,2023-10-09,constant,0.0090540839279806239,0.0091043489314735632,
historical_monthly,2023-08-31,21,2023-10-03,2023-10-09,rolling_20d_rms,0.0074909573431461724,0.0091043489314735632,
historical_monthly,2023-08-31,43,2023-11-02,2023-11-08,ridge_expanding,0.0087491738111678818,0.0095575126374838944,0.0087491738111678818
historical_monthly,2023-08-31,43,2023-11-02,2023-11-08,constant,0.0090644140913277837,0.0095575126374838944,
historical_monthly,2023-08-31,43,2023-11-02,2023-11-08,rolling_20d_rms,0.0074909573431461724,0.0095575126374838944,
historical_monthly,2023-08-31,63,2023-12-01,2023-12-07,ridge_expanding,0.008995176335017922,0.0052272039307142311,0.008995176335017922
historical_monthly,2023-08-31,63,2023-12-01,2023-12-07,constant,0.0090944161174862787,0.0052272039307142311,
historical_monthly,2023-08-31,63,2023-12-01,2023-12-07,rolling_20d_rms,0.0074909573431461724,0.0052272039307142311,
historical_monthly,2023-09-29,0,2023-10-02,2023-10-06,ridge_expanding,0.0066346225390011577,0.0086472629154560575,0.0066346225390011577
historical_monthly,2023-09-29,0,2023-10-02,2023-10-06,constant,0.0089978992141559761,0.0086472629154560575,
historical_monthly,2023-09-29,0,2023-10-02,2023-10-06,rolling_20d_rms,0.007154015457427527,0.0086472629154560575,
historical_monthly,2023-09-29,21,2023-10-31,2023-11-06,ridge_expanding,0.0082280576962028753,0.010953062487064392,0.0082280576962028753
historical_monthly,2023-09-29,21,2023-10-31,2023-11-06,constant,0.0090346420030423171,0.010953062487064392,
historical_monthly,2023-09-29,21,2023-10-31,2023-11-06,rolling_20d_rms,0.007154015457427527,0.010953062487064392,
historical_monthly,2023-09-29,43,2023-12-01,2023-12-07,ridge_expanding,0.0084577710760509132,0.0052272039307142311,0.0084577710760509132
historical_monthly,2023-09-29,43,2023-12-01,2023-12-07,constant,0.0090446747797905125,0.0052272039307142311,
historical_monthly,2023-09-29,43,2023-12-01,2023-12-07,rolling_20d_rms,0.007154015457427527,0.0052272039307142311,
historical_monthly,2023-09-29,63,2024-01-02,2024-01-08,ridge_expanding,0.0088582178670500635,0.0078987987573012567,0.0088582178670500635
historical_monthly,2023-09-29,63,2024-01-02,2024-01-08,constant,0.009074205993476735,0.0078987987573012567,
historical_monthly,2023-09-29,63,2024-01-02,2024-01-08,rolling_20d_rms,0.007154015457427527,0.0078987987573012567,
historical_monthly,2023-10-31,0,2023-11-01,2023-11-07,ridge_expanding,0.0079537754777388257,0.01066515137672963,0.0079537754777388257
historical_monthly,2023-10-31,0,2023-11-01,2023-11-07,constant,0.0089909187795163929,0.01066515137672963,
historical_monthly,2023-10-31,0,2023-11-01,2023-11-07,rolling_20d_rms,0.0085839682852064097,0.01066515137672963,
historical_monthly,2023-10-31,21,2023-12-01,2023-12-07,ridge_expanding,0.0086544084699155862,0.0052272039307142311,0.0086544084699155862
historical_monthly,2023-10-31,21,2023-12-01,2023-12-07,constant,0.009027222923256693,0.0052272039307142311,
historical_monthly,2023-10-31,21,2023-12-01,2023-12-07,rolling_20d_rms,0.0085839682852064097,0.0052272039307142311,
historical_monthly,2023-10-31,43,2024-01-04,2024-01-10,ridge_expanding,0.0089263987186431522,0.0070330894149630459,0.0089263987186431522
historical_monthly,2023-10-31,43,2024-01-04,2024-01-10,constant,0.0090370775372003651,0.0070330894149630459,
historical_monthly,2023-10-31,43,2024-01-04,2024-01-10,rolling_20d_rms,0.0085839682852064097,0.0070330894149630459,
historical_monthly,2023-10-31,63,2024-02-02,2024-02-08,ridge_expanding,0.0089856956297376753,0.0063335285550568448,0.0089856956297376753
historical_monthly,2023-10-31,63,2024-02-02,2024-02-08,constant,0.0090662332794332386,0.0063335285550568448,
historical_monthly,2023-10-31,63,2024-02-02,2024-02-08,rolling_20d_rms,0.0085839682852064097,0.0063335285550568448,
historical_monthly,2023-11-30,0,2023-12-01,2023-12-07,ridge_expanding,0.0078007148201531904,0.0052272039307142311,0.0078007148201531904
historical_monthly,2023-11-30,0,2023-12-01,2023-12-07,constant,0.0089780964719601355,0.0052272039307142311,
historical_monthly,2023-11-30,0,2023-12-01,2023-12-07,rolling_20d_rms,0.0078561350371998129,0.0052272039307142311,
historical_monthly,2023-11-30,21,2024-01-03,2024-01-09,ridge_expanding,0.0082592236976353796,0.0075201522605692298,0.0082592236976353796
historical_monthly,2023-11-30,21,2024-01-03,2024-01-09,constant,0.0090139312547007841,0.0075201522605692298,
historical_monthly,2023-11-30,21,2024-01-03,2024-01-09,rolling_20d_rms,0.0078561350371998129,0.0075201522605692298,
historical_monthly,2023-11-30,43,2024-02-05,2024-02-09,ridge_expanding,0.0087913253244794442,0.0049820537772305188,0.0087913253244794442
historical_monthly,2023-11-30,43,2024-02-05,2024-02-09,constant,0.0090235563816954516,0.0049820537772305188,
historical_monthly,2023-11-30,43,2024-02-05,2024-02-09,rolling_20d_rms,0.0078561350371998129,0.0049820537772305188,
historical_monthly,2023-11-30,63,2024-03-05,2024-03-11,ridge_expanding,0.0089753388313875745,0.007224783240017631,0.0089753388313875745
historical_monthly,2023-11-30,63,2024-03-05,2024-03-11,constant,0.0090523027112673817,0.007224783240017631,
historical_monthly,2023-11-30,63,2024-03-05,2024-03-11,rolling_20d_rms,0.0078561350371998129,0.007224783240017631,
historical_monthly,2023-12-29,0,2024-01-02,2024-01-08,ridge_expanding,0.0062840379943320517,0.0078987987573012567,0.0062840379943320517
historical_monthly,2023-12-29,0,2024-01-02,2024-01-08,constant,0.00895122424931118,0.0078987987573012567,
historical_monthly,2023-12-29,0,2024-01-02,2024-01-08,rolling_20d_rms,0.0062330123890722783,0.0078987987573012567,
historical_monthly,2023-12-29,21,2024-02-01,2024-02-07,ridge_expanding,0.007955290091903728,0.0085960033955654862,0.007955290091903728
historical_monthly,2023-12-29,21,2024-02-01,2024-02-07,constant,0.0089864814791526249,0.0085960033955654862,
historical_monthly,2023-12-29,21,2024-02-01,2024-02-07,rolling_20d_rms,0.0062330123890722783,0.0085960033955654862,
historical_monthly,2023-12-29,43,2024-03-05,2024-03-11,ridge_expanding,0.0083138501278922517,0.007224783240017631,0.0083138501278922517
historical_monthly,2023-12-29,43,2024-03-05,2024-03-11,constant,0.0089957439478586029,0.007224783240017631,
historical_monthly,2023-12-29,43,2024-03-05,2024-03-11,rolling_20d_rms,0.0062330123890722783,0.007224783240017631,
historical_monthly,2023-12-29,63,2024-04-03,2024-04-09,ridge_expanding,0.0087741925665602225,0.0072344852423355506,0.0087741925665602225
historical_monthly,2023-12-29,63,2024-04-03,2024-04-09,constant,0.0090239704358550873,0.0072344852423355506,
historical_monthly,2023-12-29,63,2024-04-03,2024-04-09,rolling_20d_rms,0.0062330123890722783,0.0072344852423355506,
historical_monthly,2024-01-31,0,2024-02-01,2024-02-07,ridge_expanding,0.0095260525944426896,0.0085960033955654862,0.0095260525944426896
historical_monthly,2024-01-31,0,2024-02-01,2024-02-07,constant,0.0089221411102702649,0.0085960033955654862,
historical_monthly,2024-01-31,0,2024-02-01,2024-02-07,rolling_20d_rms,0.0069655308717974235,0.0085960033955654862,
historical_monthly,2024-01-31,21,2024-03-04,2024-03-08,ridge_expanding,0.0087030056770712287,0.0072304702593692883,0.0087030056770712287
historical_monthly,2024-01-31,21,2024-03-04,2024-03-08,constant,0.008956794879751491,0.0072304702593692883,
historical_monthly,2024-01-31,21,2024-03-04,2024-03-08,rolling_20d_rms,0.0069655308717974235,0.0072304702593692883,
historical_monthly,2024-01-31,43,2024-04-04,2024-04-10,ridge_expanding,0.0086332148931448222,0.0085059870622573707,0.0086332148931448222
historical_monthly,2024-01-31,43,2024-04-04,2024-04-10,constant,0.0089656750223277223,0.0085059870622573707,
historical_monthly,2024-01-31,43,2024-04-04,2024-04-10,rolling_20d_rms,0.0069655308717974235,0.0085059870622573707,
historical_monthly,2024-01-31,63,2024-05-02,2024-05-08,ridge_expanding,0.0090104631290423461,0.0083091880728548631,0.0090104631290423461
historical_monthly,2024-01-31,63,2024-05-02,2024-05-08,constant,0.0089933579806207274,0.0083091880728548631,
historical_monthly,2024-01-31,63,2024-05-02,2024-05-08,rolling_20d_rms,0.0069655308717974235,0.0083091880728548631,
historical_monthly,2024-02-29,0,2024-03-01,2024-03-07,ridge_expanding,0.0063820027525090632,0.0079053327268347236,0.0063820027525090632
historical_monthly,2024-02-29,0,2024-03-01,2024-03-07,constant,0.0089162296281266179,0.0079053327268347236,
historical_monthly,2024-02-29,0,2024-03-01,2024-03-07,rolling_20d_rms,0.0078497016925763753,0.0079053327268347236,
historical_monthly,2024-02-29,21,2024-04-02,2024-04-08,ridge_expanding,0.0082289803979011394,0.0077593253239966525,0.0082289803979011394
historical_monthly,2024-02-29,21,2024-04-02,2024-04-08,constant,0.0089505216373091962,0.0077593253239966525,
historical_monthly,2024-02-29,21,2024-04-02,2024-04-08,rolling_20d_rms,0.0078497016925763753,0.0077593253239966525,
historical_monthly,2024-02-29,43,2024-05-02,2024-05-08,ridge_expanding,0.0085017925232459875,0.0083091880728548631,0.0085017925232459875
historical_monthly,2024-02-29,43,2024-05-02,2024-05-08,constant,0.0089592606917382415,0.0083091880728548631,
historical_monthly,2024-02-29,43,2024-05-02,2024-05-08,rolling_20d_rms,0.0078497016925763753,0.0083091880728548631,
historical_monthly,2024-02-29,63,2024-05-31,2024-06-06,ridge_expanding,0.0087478483505943529,0.006689035504169597,0.0087478483505943529
historical_monthly,2024-02-29,63,2024-05-31,2024-06-06,constant,0.0089866360515749311,0.006689035504169597,
historical_monthly,2024-02-29,63,2024-05-31,2024-06-06,rolling_20d_rms,0.0078497016925763753,0.006689035504169597,
historical_monthly,2024-03-28,0,2024-04-01,2024-04-05,ridge_expanding,0.0063027872304795406,0.0077942883062469791,0.0063027872304795406
historical_monthly,2024-03-28,0,2024-04-01,2024-04-05,constant,0.0088905215247918126,0.0077942883062469791,
historical_monthly,2024-03-28,0,2024-04-01,2024-04-05,rolling_20d_rms,0.0061806736031877908,0.0077942883062469791,
historical_monthly,2024-03-28,21,2024-04-30,2024-05-06,ridge_expanding,0.007903700999322992,0.011041214288350658,0.007903700999322992
historical_monthly,2024-03-28,21,2024-04-30,2024-05-06,constant,0.0089242757058244637,0.011041214288350658,
historical_monthly,2024-03-28,21,2024-04-30,2024-05-06,rolling_20d_rms,0.0061806736031877908,0.011041214288350658,
historical_monthly,2024-03-28,43,2024-05-31,2024-06-06,ridge_expanding,0.0083229951195633867,0.006689035504169597,0.0083229951195633867
historical_monthly,2024-03-28,43,2024-05-31,2024-06-06,constant,0.0089326814897257075,0.006689035504169597,
historical_monthly,2024-03-28,43,2024-05-31,2024-06-06,rolling_20d_rms,0.0061806736031877908,0.006689035504169597,
historical_monthly,2024-03-28,63,2024-07-01,2024-07-08,ridge_expanding,0.0087176207346743809,0.0045481962259863867,0.0087176207346743809
historical_monthly,2024-03-28,63,2024-07-01,2024-07-08,constant,0.0089595744663540922,0.0045481962259863867,
historical_monthly,2024-03-28,63,2024-07-01,2024-07-08,rolling_20d_rms,0.0061806736031877908,0.0045481962259863867,
historical_monthly,2024-04-30,0,2024-05-01,2024-05-07,ridge_expanding,0.0086952233729799423,0.0084354309831848918,0.0086952233729799423
historical_monthly,2024-04-30,0,2024-05-01,2024-05-07,constant,0.008878322089338345,0.0084354309831848918,
historical_monthly,2024-04-30,0,2024-05-01,2024-05-07,rolling_20d_rms,0.0086185281331522222,0.0084354309831848918,
historical_monthly,2024-04-30,21,2024-05-31,2024-06-06,ridge_expanding,0.0089853771883330932,0.006689035504169597,0.0089853771883330932
historical_monthly,2024-04-30,21,2024-05-31,2024-06-06,constant,0.0089116422068650277,0.006689035504169597,
historical_monthly,2024-04-30,21,2024-05-31,2024-06-06,rolling_20d_rms,0.0086185281331522222,0.006689035504169597,
historical_monthly,2024-04-30,43,2024-07-03,2024-07-10,ridge_expanding,0.0085601753925234163,0.0055157769902884589,0.0085601753925234163
historical_monthly,2024-04-30,43,2024-07-03,2024-07-10,constant,0.0089198448910633617,0.0055157769902884589,
historical_monthly,2024-04-30,43,2024-07-03,2024-07-10,rolling_20d_rms,0.0086185281331522222,0.0055157769902884589,
historical_monthly,2024-04-30,63,2024-08-01,2024-08-07,ridge_expanding,0.008880667559431633,0.017660075184564337,0.008880667559431633
historical_monthly,2024-04-30,63,2024-08-01,2024-08-07,constant,0.0089463623132609894,0.017660075184564337,
historical_monthly,2024-04-30,63,2024-08-01,2024-08-07,rolling_20d_rms,0.0086185281331522222,0.017660075184564337,
historical_monthly,2024-05-31,0,2024-06-03,2024-06-07,ridge_expanding,0.0061059980208970806,0.0053476371338108883,0.0061059980208970806
historical_monthly,2024-05-31,0,2024-06-03,2024-06-07,constant,0.008854322318055826,0.0053476371338108883,
historical_monthly,2024-05-31,0,2024-06-03,2024-06-07,rolling_20d_rms,0.006169275366999934,0.0053476371338108883,
historical_monthly,2024-05-31,21,2024-07-03,2024-07-10,ridge_expanding,0.0076602249159793767,0.0055157769902884589,0.0076602249159793767
historical_monthly,2024-05-31,21,2024-07-03,2024-07-10,constant,0.008887109918241775,0.0055157769902884589,
historical_monthly,2024-05-31,21,2024-07-03,2024-07-10,rolling_20d_rms,0.006169275366999934,0.0055157769902884589,
historical_monthly,2024-05-31,43,2024-08-05,2024-08-09,ridge_expanding,0.0084061765491915737,0.017575325446753245,0.0084061765491915737
historical_monthly,2024-05-31,43,2024-08-05,2024-08-09,constant,0.0088949996213874907,0.017575325446753245,
historical_monthly,2024-05-31,43,2024-08-05,2024-08-09,rolling_20d_rms,0.006169275366999934,0.017575325446753245,
historical_monthly,2024-05-31,63,2024-09-03,2024-09-09,ridge_expanding,0.0086795983968138406,0.013073447785505274,0.0086795983968138406
historical_monthly,2024-05-31,63,2024-09-03,2024-09-09,constant,0.0089210434404804004,0.013073447785505274,
historical_monthly,2024-05-31,63,2024-09-03,2024-09-09,rolling_20d_rms,0.006169275366999934,0.013073447785505274,
historical_monthly,2024-06-28,0,2024-07-01,2024-07-08,ridge_expanding,0.0058679594198115768,0.0045481962259863867,0.0058679594198115768
historical_monthly,2024-06-28,0,2024-07-01,2024-07-08,constant,0.0088206559990506913,0.0045481962259863867,
historical_monthly,2024-06-28,0,2024-07-01,2024-07-08,rolling_20d_rms,0.0046650462829261746,0.0045481962259863867,
historical_monthly,2024-06-28,21,2024-07-31,2024-08-06,ridge_expanding,0.0074127453419892252,0.0188382143963093,0.0074127453419892252
historical_monthly,2024-06-28,21,2024-07-31,2024-08-06,constant,0.0088528757268614734,0.0188382143963093,
historical_monthly,2024-06-28,21,2024-07-31,2024-08-06,rolling_20d_rms,0.0046650462829261746,0.0188382143963093,
historical_monthly,2024-06-28,43,2024-08-30,2024-09-06,ridge_expanding,0.0080082831836922226,0.012813050806065552,0.0080082831836922226
historical_monthly,2024-06-28,43,2024-08-30,2024-09-06,constant,0.008860376181485578,0.012813050806065552,
historical_monthly,2024-06-28,43,2024-08-30,2024-09-06,rolling_20d_rms,0.0046650462829261746,0.012813050806065552,
historical_monthly,2024-06-28,63,2024-09-30,2024-10-04,ridge_expanding,0.0085975407453345067,0.0060389031251111168,0.0085975407453345067
historical_monthly,2024-06-28,63,2024-09-30,2024-10-04,constant,0.0088859037825955306,0.0060389031251111168,
historical_monthly,2024-06-28,63,2024-09-30,2024-10-04,rolling_20d_rms,0.0046650462829261746,0.0060389031251111168,
historical_monthly,2024-07-31,0,2024-08-01,2024-08-07,ridge_expanding,0.008266021340256606,0.017660075184564337,0.008266021340256606
historical_monthly,2024-07-31,0,2024-08-01,2024-08-07,constant,0.0088104434446703885,0.017660075184564337,
historical_monthly,2024-07-31,0,2024-08-01,2024-08-07,rolling_20d_rms,0.0091734750716411743,0.017660075184564337,
historical_monthly,2024-07-31,21,2024-08-30,2024-09-06,ridge_expanding,0.0085575120022357235,0.012813050806065552,0.0085575120022357235
historical_monthly,2024-07-31,21,2024-08-30,2024-09-06,constant,0.0088422726066377591,0.012813050806065552,
historical_monthly,2024-07-31,21,2024-08-30,2024-09-06,rolling_20d_rms,0.0091734750716411743,0.012813050806065552,
historical_monthly,2024-07-31,43,2024-10-02,2024-10-08,ridge_expanding,0.0090374952797770049,0.0071616737752755594,0.0090374952797770049
historical_monthly,2024-07-31,43,2024-10-02,2024-10-08,constant,0.0088496030020617563,0.0071616737752755594,
historical_monthly,2024-07-31,43,2024-10-02,2024-10-08,rolling_20d_rms,0.0091734750716411743,0.0071616737752755594,
historical_monthly,2024-07-31,63,2024-10-30,2024-11-05,ridge_expanding,0.0088548965632892739,0.010658066871870949,0.0088548965632892739
historical_monthly,2024-07-31,63,2024-10-30,2024-11-05,constant,0.0088747959473522015,0.010658066871870949,
historical_monthly,2024-07-31,63,2024-10-30,2024-11-05,rolling_20d_rms,0.0091734750716411743,0.010658066871870949,
historical_monthly,2024-08-30,0,2024-09-03,2024-09-09,ridge_expanding,0.0099710898230101885,0.013073447785505274,0.0099710898230101885
historical_monthly,2024-08-30,0,2024-09-03,2024-09-09,constant,0.0088326617733040964,0.013073447785505274,
historical_monthly,2024-08-30,0,2024-09-03,2024-09-09,rolling_20d_rms,0.011236335306990079,0.013073447785505274,
historical_monthly,2024-08-30,21,2024-10-02,2024-10-08,ridge_expanding,0.0092732488216347529,0.0071616737752755594,0.0092732488216347529
historical_monthly,2024-08-30,21,2024-10-02,2024-10-08,constant,0.0088643930070812019,0.0071616737752755594,
historical_monthly,2024-08-30,21,2024-10-02,2024-10-08,rolling_20d_rms,0.011236335306990079,0.0071616737752755594,
historical_monthly,2024-08-30,43,2024-11-01,2024-11-07,ridge_expanding,0.0093175700855299606,0.01287980218676861,0.0093175700855299606
historical_monthly,2024-08-30,43,2024-11-01,2024-11-07,constant,0.0088718610421458198,0.01287980218676861,
historical_monthly,2024-08-30,43,2024-11-01,2024-11-07,rolling_20d_rms,0.011236335306990079,0.01287980218676861,
historical_monthly,2024-08-30,63,2024-12-02,2024-12-06,ridge_expanding,0.0090243364553644068,0.0030997139624300116,0.0090243364553644068
historical_monthly,2024-08-30,63,2024-12-02,2024-12-06,constant,0.0088970074498958603,0.0030997139624300116,
historical_monthly,2024-08-30,63,2024-12-02,2024-12-06,rolling_20d_rms,0.011236335306990079,0.0030997139624300116,
historical_monthly,2024-09-30,0,2024-10-01,2024-10-07,ridge_expanding,0.0076131201107310989,0.0070543994533346218,0.0076131201107310989
historical_monthly,2024-09-30,0,2024-10-01,2024-10-07,constant,0.0088266655628852688,0.0070543994533346218,
historical_monthly,2024-09-30,0,2024-10-01,2024-10-07,rolling_20d_rms,0.0084516745400292879,0.0070543994533346218,
historical_monthly,2024-09-30,21,2024-10-30,2024-11-05,ridge_expanding,0.0085105020742032543,0.010658066871870949,0.0085105020742032543
historical_monthly,2024-09-30,21,2024-10-30,2024-11-05,constant,0.0088580806931318947,0.010658066871870949,
historical_monthly,2024-09-30,21,2024-10-30,2024-11-05,rolling_20d_rms,0.0084516745400292879,0.010658066871870949,
historical_monthly,2024-09-30,43,2024-12-02,2024-12-06,ridge_expanding,0.0086941056435863306,0.0030997139624300116,0.0086941056435863306
historical_monthly,2024-09-30,43,2024-12-02,2024-12-06,constant,0.0088654278256763037,0.0030997139624300116,
historical_monthly,2024-09-30,43,2024-12-02,2024-12-06,rolling_20d_rms,0.0084516745400292879,0.0030997139624300116,
historical_monthly,2024-09-30,63,2024-12-31,2025-01-07,ridge_expanding,0.0087766285215623747,0.0081972572688105982,0.0087766285215623747
historical_monthly,2024-09-30,63,2024-12-31,2025-01-07,constant,0.0088903070623246559,0.0081972572688105982,
historical_monthly,2024-09-30,63,2024-12-31,2025-01-07,rolling_20d_rms,0.0084516745400292879,0.0081972572688105982,
historical_monthly,2024-10-31,0,2024-11-01,2024-11-07,ridge_expanding,0.010569885725632446,0.01287980218676861,0.010569885725632446
historical_monthly,2024-10-31,0,2024-11-01,2024-11-07,constant,0.0087965990792618926,0.01287980218676861,
historical_monthly,2024-10-31,0,2024-11-01,2024-11-07,rolling_20d_rms,0.0070898521215815762,0.01287980218676861,
historical_monthly,2024-10-31,21,2024-12-03,2024-12-09,ridge_expanding,0.0088579243229852458,0.0037812807306797452,0.0088579243229852458
historical_monthly,2024-10-31,21,2024-12-03,2024-12-09,constant,0.0088274568014592106,0.0037812807306797452,
historical_monthly,2024-10-31,21,2024-12-03,2024-12-09,rolling_20d_rms,0.0070898521215815762,0.0037812807306797452,
historical_monthly,2024-10-31,43,2025-01-06,2025-01-13,ridge_expanding,0.0086711564781260277,0.0089829800497541225,0.0086711564781260277
historical_monthly,2024-10-31,43,2025-01-06,2025-01-13,constant,0.008834453826124385,0.0089829800497541225,
historical_monthly,2024-10-31,43,2025-01-06,2025-01-13,rolling_20d_rms,0.0070898521215815762,0.0089829800497541225,
historical_monthly,2024-10-31,63,2025-02-05,2025-02-11,ridge_expanding,0.0089741083529136685,0.0056454943750603864,0.0089741083529136685
historical_monthly,2024-10-31,63,2025-02-05,2025-02-11,constant,0.0088588338158376925,0.0056454943750603864,
historical_monthly,2024-10-31,63,2025-02-05,2025-02-11,rolling_20d_rms,0.0070898521215815762,0.0056454943750603864,
historical_monthly,2024-11-29,0,2024-12-02,2024-12-06,ridge_expanding,0.0062411667782801376,0.0030997139624300116,0.0062411667782801376
historical_monthly,2024-11-29,0,2024-12-02,2024-12-06,constant,0.0087887157047869119,0.0030997139624300116,
historical_monthly,2024-11-29,0,2024-12-02,2024-12-06,rolling_20d_rms,0.0078144029754117546,0.0030997139624300116,
historical_monthly,2024-11-29,21,2025-01-02,2025-01-08,ridge_expanding,0.0080286267421751673,0.0080600524225193006,0.0080286267421751673
historical_monthly,2024-11-29,21,2025-01-02,2025-01-08,constant,0.0088192538249801788,0.0080600524225193006,
historical_monthly,2024-11-29,21,2025-01-02,2025-01-08,rolling_20d_rms,0.0078144029754117546,0.0080600524225193006,
historical_monthly,2024-11-29,43,2025-02-05,2025-02-11,ridge_expanding,0.0083962813654626534,0.0056454943750603864,0.0083962813654626534
historical_monthly,2024-11-29,43,2025-02-05,2025-02-11,constant,0.0088261188323499919,0.0056454943750603864,
historical_monthly,2024-11-29,43,2025-02-05,2025-02-11,rolling_20d_rms,0.0078144029754117546,0.0056454943750603864,
historical_monthly,2024-11-29,63,2025-03-06,2025-03-12,ridge_expanding,0.0085930536608662521,0.015352793470902888,0.0085930536608662521
historical_monthly,2024-11-29,63,2025-03-06,2025-03-12,constant,0.0088502269900442906,0.015352793470902888,
historical_monthly,2024-11-29,63,2025-03-06,2025-03-12,rolling_20d_rms,0.0078144029754117546,0.015352793470902888,
historical_monthly,2024-12-31,0,2025-01-02,2025-01-08,ridge_expanding,0.008506431843530381,0.0080600524225193006,0.008506431843530381
historical_monthly,2024-12-31,0,2025-01-02,2025-01-08,constant,0.0087785018612491477,0.0080600524225193006,
historical_monthly,2024-12-31,0,2025-01-02,2025-01-08,rolling_20d_rms,0.0091524781550634104,0.0080600524225193006,
historical_monthly,2024-12-31,21,2025-02-04,2025-02-10,ridge_expanding,0.0088255521222655887,0.0063793549790176389,0.0088255521222655887
historical_monthly,2024-12-31,21,2025-02-04,2025-02-10,constant,0.0088086935072568488,0.0063793549790176389,
historical_monthly,2024-12-31,21,2025-02-04,2025-02-10,rolling_20d_rms,0.0091524781550634104,0.0063793549790176389,
historical_monthly,2024-12-31,43,2025-03-07,2025-03-13,ridge_expanding,0.008681005233626797,0.014407361500610243,0.008681005233626797
historical_monthly,2024-12-31,43,2025-03-07,2025-03-13,constant,0.0088154047188159258,0.014407361500610243,
historical_monthly,2024-12-31,43,2025-03-07,2025-03-13,rolling_20d_rms,0.0091524781550634104,0.014407361500610243,
historical_monthly,2024-12-31,63,2025-04-04,2025-04-10,ridge_expanding,0.0087892012058428184,0.056341915675193623,0.0087892012058428184
historical_monthly,2024-12-31,63,2025-04-04,2025-04-10,constant,0.0088392161081485027,0.056341915675193623,
historical_monthly,2024-12-31,63,2025-04-04,2025-04-10,rolling_20d_rms,0.0091524781550634104,0.056341915675193623,
historical_monthly,2025-01-31,0,2025-02-03,2025-02-07,ridge_expanding,0.0080421821002664221,0.0063759913930324314,0.0080421821002664221
historical_monthly,2025-01-31,0,2025-02-03,2025-02-07,constant,0.0087786188331384265,0.0063759913930324314,
historical_monthly,2025-01-31,0,2025-02-03,2025-02-07,rolling_20d_rms,0.008661334526096659,0.0063759913930324314,
historical_monthly,2025-01-31,21,2025-03-05,2025-03-11,ridge_expanding,0.0086881329034691982,0.015904806737544953,0.0086881329034691982
historical_monthly,2025-01-31,21,2025-03-05,2025-03-11,constant,0.0088085689624752515,0.015904806737544953,
historical_monthly,2025-01-31,21,2025-03-05,2025-03-11,rolling_20d_rms,0.008661334526096659,0.015904806737544953,
historical_monthly,2025-01-31,43,2025-04-04,2025-04-10,ridge_expanding,0.008545811240393688,0.056341915675193623,0.008545811240393688
historical_monthly,2025-01-31,43,2025-04-04,2025-04-10,constant,0.0088152246779985219,0.056341915675193623,
historical_monthly,2025-01-31,43,2025-04-04,2025-04-10,rolling_20d_rms,0.008661334526096659,0.056341915675193623,
historical_monthly,2025-01-31,63,2025-05-05,2025-05-09,ridge_expanding,0.0087339493938428121,0.0058476178239478729,0.0087339493938428121
historical_monthly,2025-01-31,63,2025-05-05,2025-05-09,constant,0.0088388400589148389,0.0058476178239478729,
historical_monthly,2025-01-31,63,2025-05-05,2025-05-09,rolling_20d_rms,0.008661334526096659,0.0058476178239478729,
historical_monthly,2025-02-28,0,2025-03-03,2025-03-07,ridge_expanding,0.0069013580483216945,0.013568404145940051,0.0069013580483216945
historical_monthly,2025-02-28,0,2025-03-03,2025-03-07,constant,0.0087643044422477234,0.013568404145940051,
historical_monthly,2025-02-28,0,2025-03-03,2025-03-07,rolling_20d_rms,0.0079767405957258137,0.013568404145940051,
historical_monthly,2025-02-28,21,2025-04-01,2025-04-07,ridge_expanding,0.008123370935366081,0.03533884272671458,0.008123370935366081
historical_monthly,2025-02-28,21,2025-04-01,2025-04-07,constant,0.0087939079575287092,0.03533884272671458,
historical_monthly,2025-02-28,21,2025-04-01,2025-04-07,rolling_20d_rms,0.0079767405957258137,0.03533884272671458,
historical_monthly,2025-02-28,43,2025-05-02,2025-05-08,ridge_expanding,0.0087014641369287261,0.0087916879112624677,0.0087014641369287261
historical_monthly,2025-02-28,43,2025-05-02,2025-05-08,constant,0.0088003831339672298,0.0087916879112624677,
historical_monthly,2025-02-28,43,2025-05-02,2025-05-08,rolling_20d_rms,0.0079767405957258137,0.0087916879112624677,
historical_monthly,2025-02-28,63,2025-06-02,2025-06-06,ridge_expanding,0.0086629660730777828,0.00619360264532102,0.0086629660730777828
historical_monthly,2025-02-28,63,2025-06-02,2025-06-06,constant,0.0088236963166192454,0.00619360264532102,
historical_monthly,2025-02-28,63,2025-06-02,2025-06-06,rolling_20d_rms,0.0079767405957258137,0.00619360264532102,
historical_monthly,2025-03-31,0,2025-04-01,2025-04-07,ridge_expanding,0.010680735099762828,0.03533884272671458,0.010680735099762828
historical_monthly,2025-03-31,0,2025-04-01,2025-04-07,constant,0.0087983254454870336,0.03533884272671458,
historical_monthly,2025-03-31,0,2025-04-01,2025-04-07,rolling_20d_rms,0.012779771172397023,0.03533884272671458,
historical_monthly,2025-03-31,21,2025-05-01,2025-05-07,ridge_expanding,0.009748089371191062,0.0088105092924851067,0.009748089371191062
historical_monthly,2025-03-31,21,2025-05-01,2025-05-07,constant,0.0088279656276641152,0.0088105092924851067,
historical_monthly,2025-03-31,21,2025-05-01,2025-05-07,rolling_20d_rms,0.012779771172397023,0.0088105092924851067,
historical_monthly,2025-03-31,43,2025-06-03,2025-06-09,ridge_expanding,0.0094312513701606676,0.0056756363744255934,0.0094312513701606676
historical_monthly,2025-03-31,43,2025-06-03,2025-06-09,constant,0.0088346853376105178,0.0056756363744255934,
historical_monthly,2025-03-31,43,2025-06-03,2025-06-09,rolling_20d_rms,0.012779771172397023,0.0056756363744255934,
historical_monthly,2025-03-31,63,2025-07-02,2025-07-09,ridge_expanding,0.0090468467097965487,0.0059005206074024142,0.0090468467097965487
historical_monthly,2025-03-31,63,2025-07-02,2025-07-09,constant,0.008858077486193874,0.0059005206074024142,
historical_monthly,2025-03-31,63,2025-07-02,2025-07-09,rolling_20d_rms,0.012779771172397023,0.0059005206074024142,
historical_monthly,2025-04-30,0,2025-05-01,2025-05-07,ridge_expanding,0.02316351006692105,0.0088105092924851067,0.02316351006692105
historical_monthly,2025-04-30,0,2025-05-01,2025-05-07,constant,0.0089547254403720133,0.0088105092924851067,
historical_monthly,2025-04-30,0,2025-05-01,2025-05-07,rolling_20d_rms,0.032702423612045395,0.0088105092924851067,
historical_monthly,2025-04-30,21,2025-06-02,2025-06-06,ridge_expanding,0.015921213892666462,0.00619360264532102,0.015921213892666462
historical_monthly,2025-04-30,21,2025-06-02,2025-06-06,constant,0.0089854091176752669,0.00619360264532102,
historical_monthly,2025-04-30,21,2025-06-02,2025-06-06,rolling_20d_rms,0.032702423612045395,0.00619360264532102,
historical_monthly,2025-04-30,43,2025-07-03,2025-07-10,ridge_expanding,0.012623954916573917,0.005684261280480437,0.012623954916573917
historical_monthly,2025-04-30,43,2025-07-03,2025-07-10,constant,0.0089934426444944933,0.005684261280480437,
historical_monthly,2025-04-30,43,2025-07-03,2025-07-10,rolling_20d_rms,0.032702423612045395,0.005684261280480437,
historical_monthly,2025-04-30,63,2025-08-01,2025-08-07,ridge_expanding,0.010555064323521355,0.01082081061889866,0.010555064323521355
historical_monthly,2025-04-30,63,2025-08-01,2025-08-07,constant,0.0090179045065164418,0.01082081061889866,
historical_monthly,2025-04-30,63,2025-08-01,2025-08-07,rolling_20d_rms,0.032702423612045395,0.01082081061889866,
historical_monthly,2025-05-30,0,2025-06-02,2025-06-06,ridge_expanding,0.0086158400915870986,0.00619360264532102,0.0086158400915870986
historical_monthly,2025-05-30,0,2025-06-02,2025-06-06,constant,0.0089627479043440546,0.00619360264532102,
historical_monthly,2025-05-30,0,2025-06-02,2025-06-06,rolling_20d_rms,0.010899668670842126,0.00619360264532102,
historical_monthly,2025-05-30,21,2025-07-02,2025-07-09,ridge_expanding,0.0092304919213353175,0.0059005206074024142,0.0092304919213353175
historical_monthly,2025-05-30,21,2025-07-02,2025-07-09,constant,0.0089932465561885378,0.0059005206074024142,
historical_monthly,2025-05-30,21,2025-07-02,2025-07-09,rolling_20d_rms,0.010899668670842126,0.0059005206074024142,
historical_monthly,2025-05-30,43,2025-08-04,2025-08-08,ridge_expanding,0.0091208595481564545,0.0086332808360142684,0.0091208595481564545
historical_monthly,2025-05-30,43,2025-08-04,2025-08-08,constant,0.0090012815416681945,0.0086332808360142684,
historical_monthly,2025-05-30,43,2025-08-04,2025-08-08,rolling_20d_rms,0.010899668670842126,0.0086332808360142684,
historical_monthly,2025-05-30,63,2025-09-02,2025-09-08,ridge_expanding,0.0091018427476807807,0.0058005963682079883,0.0091018427476807807
historical_monthly,2025-05-30,63,2025-09-02,2025-09-08,constant,0.0090256023281332278,0.0058005963682079883,
historical_monthly,2025-05-30,63,2025-09-02,2025-09-08,rolling_20d_rms,0.010899668670842126,0.0058005963682079883,
historical_monthly,2025-06-30,0,2025-07-01,2025-07-08,ridge_expanding,0.0055817401775555241,0.0052619873548638086,0.0055817401775555241
historical_monthly,2025-06-30,0,2025-07-01,2025-07-08,constant,0.0089449280464074538,0.0052619873548638086,
historical_monthly,2025-06-30,0,2025-07-01,2025-07-08,rolling_20d_rms,0.006593272406085776,0.0052619873548638086,
historical_monthly,2025-06-30,21,2025-07-31,2025-08-06,ridge_expanding,0.0078257691157845397,0.010944144770862013,0.0078257691157845397
historical_monthly,2025-06-30,21,2025-07-31,2025-08-06,constant,0.0089750469952991751,0.010944144770862013,
historical_monthly,2025-06-30,21,2025-07-31,2025-08-06,rolling_20d_rms,0.006593272406085776,0.010944144770862013,
historical_monthly,2025-06-30,43,2025-09-02,2025-09-08,ridge_expanding,0.0084349243829686428,0.0058005963682079883,0.0084349243829686428
historical_monthly,2025-06-30,43,2025-09-02,2025-09-08,constant,0.0089828636578025041,0.0058005963682079883,
historical_monthly,2025-06-30,43,2025-09-02,2025-09-08,rolling_20d_rms,0.006593272406085776,0.0058005963682079883,
historical_monthly,2025-06-30,63,2025-09-30,2025-10-06,ridge_expanding,0.008746186823219676,0.002823023117183117,0.008746186823219676
historical_monthly,2025-06-30,63,2025-09-30,2025-10-06,constant,0.0090068492390100452,0.002823023117183117,
historical_monthly,2025-06-30,63,2025-09-30,2025-10-06,rolling_20d_rms,0.006593272406085776,0.002823023117183117,
historical_monthly,2025-07-31,0,2025-08-01,2025-08-07,ridge_expanding,0.0060325439089480145,0.01082081061889866,0.0060325439089480145
historical_monthly,2025-07-31,0,2025-08-01,2025-08-07,constant,0.0089060547790767251,0.01082081061889866,
historical_monthly,2025-07-31,0,2025-08-01,2025-08-07,rolling_20d_rms,0.0042475506167515154,0.01082081061889866,
historical_monthly,2025-07-31,21,2025-09-02,2025-09-08,ridge_expanding,0.0077043817078371124,0.0058005963682079883,0.0077043817078371124
historical_monthly,2025-07-31,21,2025-09-02,2025-09-08,constant,0.0089356079454552262,0.0058005963682079883,
historical_monthly,2025-07-31,21,2025-09-02,2025-09-08,rolling_20d_rms,0.0042475506167515154,0.0058005963682079883,
historical_monthly,2025-07-31,43,2025-10-02,2025-10-08,ridge_expanding,0.0082935772298056726,0.0035575910450086966,0.0082935772298056726
historical_monthly,2025-07-31,43,2025-10-02,2025-10-08,constant,0.008943023517807458,0.0035575910450086966,
historical_monthly,2025-07-31,43,2025-10-02,2025-10-08,rolling_20d_rms,0.0042475506167515154,0.0035575910450086966,
historical_monthly,2025-07-31,63,2025-10-30,2025-11-05,ridge_expanding,0.0087580091953382289,0.0076249656354850422,0.0087580091953382289
historical_monthly,2025-07-31,63,2025-10-30,2025-11-05,constant,0.0089664941357232141,0.0076249656354850422,
historical_monthly,2025-07-31,63,2025-10-30,2025-11-05,rolling_20d_rms,0.0042475506167515154,0.0076249656354850422,
historical_monthly,2025-08-29,0,2025-09-02,2025-09-08,ridge_expanding,0.0073067565934881035,0.0058005963682079883,0.0073067565934881035
historical_monthly,2025-08-29,0,2025-09-02,2025-09-08,constant,0.008890388079683521,0.0058005963682079883,
historical_monthly,2025-08-29,0,2025-09-02,2025-09-08,rolling_20d_rms,0.0066386005340771286,0.0058005963682079883,
historical_monthly,2025-08-29,21,2025-10-01,2025-10-07,ridge_expanding,0.008271672925282943,0.0028109900045957563,0.008271672925282943
historical_monthly,2025-08-29,21,2025-10-01,2025-10-07,constant,0.0089195808600349962,0.0028109900045957563,
historical_monthly,2025-08-29,21,2025-10-01,2025-10-07,rolling_20d_rms,0.0066386005340771286,0.0028109900045957563,
historical_monthly,2025-08-29,43,2025-10-31,2025-11-06,ridge_expanding,0.0084913125559183712,0.0075467233877078207,0.0084913125559183712
historical_monthly,2025-08-29,43,2025-10-31,2025-11-06,constant,0.008926801896260694,0.0075467233877078207,
historical_monthly,2025-08-29,43,2025-10-31,2025-11-06,rolling_20d_rms,0.0066386005340771286,0.0075467233877078207,
historical_monthly,2025-08-29,63,2025-12-01,2025-12-05,ridge_expanding,0.0088426227040388269,0.0028442303567310155,0.0088426227040388269
historical_monthly,2025-08-29,63,2025-12-01,2025-12-05,constant,0.0089499573134795077,0.0028442303567310155,
historical_monthly,2025-08-29,63,2025-12-01,2025-12-05,rolling_20d_rms,0.0066386005340771286,0.0028442303567310155,
historical_monthly,2025-09-30,0,2025-10-01,2025-10-07,ridge_expanding,0.0047953441276709485,0.0028109900045957563,0.0047953441276709485
historical_monthly,2025-09-30,0,2025-10-01,2025-10-07,constant,0.0088575043933955492,0.0028109900045957563,
historical_monthly,2025-09-30,0,2025-10-01,2025-10-07,rolling_20d_rms,0.0045343895973852365,0.0028109900045957563,
historical_monthly,2025-09-30,21,2025-10-30,2025-11-05,ridge_expanding,0.0073227365137947011,0.0076249656354850422,0.0073227365137947011
historical_monthly,2025-09-30,21,2025-10-30,2025-11-05,constant,0.008886206358310493,0.0076249656354850422,
historical_monthly,2025-09-30,21,2025-10-30,2025-11-05,rolling_20d_rms,0.0045343895973852365,0.0076249656354850422,
historical_monthly,2025-09-30,43,2025-12-02,2025-12-08,ridge_expanding,0.0081553154203411193,0.002390046576690473,0.0081553154203411193
historical_monthly,2025-09-30,43,2025-12-02,2025-12-08,constant,0.0088930910692519537,0.002390046576690473,
historical_monthly,2025-09-30,43,2025-12-02,2025-12-08,rolling_20d_rms,0.0045343895973852365,0.002390046576690473,
historical_monthly,2025-09-30,63,2025-12-31,2026-01-07,ridge_expanding,0.008640979438719049,0.0054461447261082803,0.008640979438719049
historical_monthly,2025-09-30,63,2025-12-31,2026-01-07,constant,0.0089158025383828717,0.0054461447261082803,
historical_monthly,2025-09-30,63,2025-12-31,2026-01-07,rolling_20d_rms,0.0045343895973852365,0.0054461447261082803,
historical_monthly,2025-10-31,0,2025-11-03,2025-11-07,ridge_expanding,0.0075771901633732083,0.007416316302825382,0.0075771901633732083
historical_monthly,2025-10-31,0,2025-11-03,2025-11-07,constant,0.0088456745563177865,0.007416316302825382,
historical_monthly,2025-10-31,0,2025-11-03,2025-11-07,rolling_20d_rms,0.0091272708143570625,0.007416316302825382,
historical_monthly,2025-10-31,21,2025-12-03,2025-12-09,ridge_expanding,0.0085783935083651348,0.0022752064875506566,0.0085783935083651348
historical_monthly,2025-10-31,21,2025-12-03,2025-12-09,constant,0.0088740373753679776,0.0022752064875506566,
historical_monthly,2025-10-31,21,2025-12-03,2025-12-09,rolling_20d_rms,0.0091272708143570625,0.0022752064875506566,
historical_monthly,2025-10-31,43,2026-01-06,2026-01-12,ridge_expanding,0.0087186880629330117,0.0042779784483178672,0.0087186880629330117
historical_monthly,2025-10-31,43,2026-01-06,2026-01-12,constant,0.0088807617302776743,0.0042779784483178672,
historical_monthly,2025-10-31,43,2026-01-06,2026-01-12,rolling_20d_rms,0.0091272708143570625,0.0042779784483178672,
historical_monthly,2025-10-31,63,2026-02-04,2026-02-10,ridge_expanding,0.0088131639302735879,0.010702867464826583,0.0088131639302735879
historical_monthly,2025-10-31,63,2026-02-04,2026-02-10,constant,0.008903181598889252,0.010702867464826583,
historical_monthly,2025-10-31,63,2026-02-04,2026-02-10,rolling_20d_rms,0.0091272708143570625,0.010702867464826583,
historical_monthly,2025-11-28,0,2025-12-01,2025-12-05,ridge_expanding,0.0075510603961424115,0.0028442303567310155,0.0075510603961424115
historical_monthly,2025-11-28,0,2025-12-01,2025-12-05,constant,0.008847847920167547,0.0028442303567310155,
historical_monthly,2025-11-28,0,2025-12-01,2025-12-05,rolling_20d_rms,0.009211132868962392,0.0028442303567310155,
historical_monthly,2025-11-28,21,2025-12-31,2026-01-07,ridge_expanding,0.0085762719832518809,0.0054461447261082803,0.0085762719832518809
historical_monthly,2025-11-28,21,2025-12-31,2026-01-07,constant,0.0088760279175271843,0.0054461447261082803,
historical_monthly,2025-11-28,21,2025-12-31,2026-01-07,rolling_20d_rms,0.009211132868962392,0.0054461447261082803,
historical_monthly,2025-11-28,43,2026-02-03,2026-02-09,ridge_expanding,0.0087587983191852771,0.011295018206363644,0.0087587983191852771
historical_monthly,2025-11-28,43,2026-02-03,2026-02-09,constant,0.0088827208932082645,0.011295018206363644,
historical_monthly,2025-11-28,43,2026-02-03,2026-02-09,rolling_20d_rms,0.009211132868962392,0.011295018206363644,
historical_monthly,2025-11-28,63,2026-03-04,2026-03-10,ridge_expanding,0.0088139394196610227,0.0081660780623336038,0.0088139394196610227
historical_monthly,2025-11-28,63,2026-03-04,2026-03-10,constant,0.0089049951314565112,0.0081660780623336038,
historical_monthly,2025-11-28,63,2026-03-04,2026-03-10,rolling_20d_rms,0.009211132868962392,0.0081660780623336038,
historical_monthly,2025-12-31,0,2026-01-02,2026-01-08,ridge_expanding,0.0058576305482750321,0.0043130547790213077,0.0058576305482750321
historical_monthly,2025-12-31,0,2026-01-02,2026-01-08,constant,0.0088195079334543285,0.0043130547790213077,
historical_monthly,2025-12-31,0,2026-01-02,2026-01-08,rolling_20d_rms,0.0054921951899367513,0.0043130547790213077,
historical_monthly,2025-12-31,21,2026-02-03,2026-02-09,ridge_expanding,0.0078127887571659768,0.011295018206363644,0.0078127887571659768
historical_monthly,2025-12-31,21,2026-02-03,2026-02-09,constant,0.0088472412029967275,0.011295018206363644,
historical_monthly,2025-12-31,21,2026-02-03,2026-02-09,rolling_20d_rms,0.0054921951899367513,0.011295018206363644,
historical_monthly,2025-12-31,43,2026-03-06,2026-03-12,ridge_expanding,0.0081594981003700554,0.009883765317025105,0.0081594981003700554
historical_monthly,2025-12-31,43,2026-03-06,2026-03-12,constant,0.0088536448706034374,0.009883765317025105,
historical_monthly,2025-12-31,43,2026-03-06,2026-03-12,rolling_20d_rms,0.0054921951899367513,0.009883765317025105,
historical_monthly,2025-12-31,63,2026-04-06,2026-04-10,ridge_expanding,0.0086866101349649914,0.011734712792915049,0.0086866101349649914
historical_monthly,2025-12-31,63,2026-04-06,2026-04-10,constant,0.0088755189767779144,0.011734712792915049,
historical_monthly,2025-12-31,63,2026-04-06,2026-04-10,rolling_20d_rms,0.0054921951899367513,0.011734712792915049,
historical_monthly,2026-01-30,0,2026-02-02,2026-02-06,ridge_expanding,0.013079159066599816,0.011307877774779046,0.013079159066599816
historical_monthly,2026-01-30,0,2026-02-02,2026-02-06,constant,0.0087979036826223538,0.011307877774779046,
historical_monthly,2026-01-30,0,2026-02-02,2026-02-06,rolling_20d_rms,0.0063702344214569629,0.011307877774779046,
historical_monthly,2026-01-30,21,2026-03-04,2026-03-10,ridge_expanding,0.009386919244497768,0.0081660780623336038,0.009386919244497768
historical_monthly,2026-01-30,21,2026-03-04,2026-03-10,constant,0.0088252689395157315,0.0081660780623336038,
historical_monthly,2026-01-30,21,2026-03-04,2026-03-10,rolling_20d_rms,0.0063702344214569629,0.0081660780623336038,
historical_monthly,2026-01-30,43,2026-04-06,2026-04-10,ridge_expanding,0.0093132567955950037,0.011734712792915049,0.0093132567955950037
historical_monthly,2026-01-30,43,2026-04-06,2026-04-10,constant,0.0088314476390765548,0.011734712792915049,
historical_monthly,2026-01-30,43,2026-04-06,2026-04-10,rolling_20d_rms,0.0063702344214569629,0.011734712792915049,
historical_monthly,2026-02-27,0,2026-03-02,2026-03-06,ridge_expanding,0.0093395755790368247,0.0081666621131731305,0.0093395755790368247
historical_monthly,2026-02-27,0,2026-03-02,2026-03-06,constant,0.0087900613749394077,0.0081666621131731305,
historical_monthly,2026-02-27,0,2026-03-02,2026-03-06,rolling_20d_rms,0.0080332933882817058,0.0081666621131731305,
historical_monthly,2026-02-27,21,2026-03-31,2026-04-07,ridge_expanding,0.008827765406934078,0.013420902156183209,0.008827765406934078
historical_monthly,2026-02-27,21,2026-03-31,2026-04-07,constant,0.0088171784881784492,0.013420902156183209,
historical_monthly,2026-02-27,21,2026-03-31,2026-04-07,rolling_20d_rms,0.0080332933882817058,0.013420902156183209,
historical_monthly,2026-03-31,0,2026-04-01,2026-04-08,ridge_expanding,0.009449797452518274,0.011934341054795799,0.009449797452518274
historical_monthly,2026-03-31,0,2026-04-01,2026-04-08,constant,0.0087939336219266129,0.011934341054795799,
historical_monthly,2026-03-31,0,2026-04-01,2026-04-08,rolling_20d_rms,0.011676637226950065,0.011934341054795799,
april_fixed_origin,2026-04-30,0,2026-05-01,2026-05-07,ridge_expanding,0.0076835068901637514,0.0075489299648262165,0.0076835068901637514
april_fixed_origin,2026-04-30,0,2026-05-01,2026-05-07,constant,0.008802234333503179,0.0075489299648262165,
april_fixed_origin,2026-04-30,0,2026-05-01,2026-05-07,rolling_20d_rms,0.0086339070823743553,0.0075489299648262165,
april_fixed_origin,2026-04-30,21,2026-06-02,2026-06-08,ridge_expanding,0.0082986573021032566,0.012284153236205363,0.0082986573021032566
april_fixed_origin,2026-04-30,21,2026-06-02,2026-06-08,constant,0.0088290265346296446,0.012284153236205363,
april_fixed_origin,2026-04-30,21,2026-06-02,2026-06-08,rolling_20d_rms,0.0086339070823743553,0.012284153236205363,
april_fixed_origin,2026-04-30,43,2026-07-06,2026-07-10,ridge_expanding,0.0087933821907673401,0.0062821475898267032,0.0087933821907673401
april_fixed_origin,2026-04-30,43,2026-07-06,2026-07-10,constant,0.0088350971722191488,0.0062821475898267032,
april_fixed_origin,2026-04-30,43,2026-07-06,2026-07-10,rolling_20d_rms,0.0086339070823743553,0.0062821475898267032,
april_fixed_origin,2026-04-30,63,2026-08-03,2026-08-07,ridge_expanding,0.0087409997863249125,0.010611433784645487,0.0087409997863249125
april_fixed_origin,2026-04-30,63,2026-08-03,2026-08-07,constant,0.0088561869919175414,0.010611433784645487,
april_fixed_origin,2026-04-30,63,2026-08-03,2026-08-07,rolling_20d_rms,0.0086339070823743553,0.010611433784645487,
