Date,spy_return,rolling_20d_rms,ewma_rms,ridge_ewma_signal
2015-01-05,-0.018224600147594472,,,
2015-01-06,-0.0094638371502322079,,,
2015-01-07,0.012384522289540933,,,
2015-01-08,0.017589294824019726,,,
2015-01-09,-0.0080456612381694867,,,
2015-01-12,-0.0078644024004809864,,,
2015-01-13,-0.002817046241162737,,,
2015-01-14,-0.0060551456569760357,,,
2015-01-15,-0.0092029348447671064,,,
2015-01-16,0.013028949985254862,,,
2015-01-20,0.0021305820043494234,,,
2015-01-21,0.0050350090878534546,,,
2015-01-22,0.014761548458290188,,,
2015-01-23,-0.0054978647828599868,,,
2015-01-26,0.0023390572738352261,,,
2015-01-27,-0.013278049473254623,,,
2015-01-28,-0.012907213956217377,,,
2015-01-29,0.0092005051100032889,,,
2015-01-30,-0.012654308821553684,,,
2015-02-02,0.012307820483758596,0.010799877964337543,0.010799877964337543,0.010799877964337543
2015-02-03,0.014357511539551934,0.010504164336015358,0.011599030940442408,0.011206580272365069
2015-02-04,-0.0038151011116373122,0.010324098388833381,0.010513848691334466,0.010699728824136964
2015-02-05,0.010044439849898862,0.01019621138071475,0.010421658496758931,0.010636016848843568
2015-02-06,-0.0027689279964213647,0.0094274551185551097,0.0094033060733088609,0.010128132364504942
2015-02-09,-0.0044858515512756951,0.0093084058775606635,0.0086465198152018575,0.009712540609317805
2015-02-10,0.010597006369918498,0.0094429235899575106,0.0090702344364719349,0.0098045782662637779
2015-02-11,0.00057998242569060423,0.0094227828920250035,0.0081168096016151006,0.0093032476825447262
2015-02-12,0.0095708461912681203,0.0095674266563546152,0.0084277101190346586,0.0093303529075907735
2015-02-13,0.0041080571645068908,0.0093885440309036325,0.0077586252012682381,0.008946370784226108
2015-02-17,0.001571657213445135,0.008931997954216701,0.0069750292680617844,0.0085018119143878048
2015-02-18,9.5212570487272083e-05,0.0089193089273747767,0.0062388011443682487,0.0080655831647948231
2015-02-19,-0.00071400743713827004,0.008849406547742255,0.0055892819842296567,0.0076550146486749713
2015-02-20,0.0059826115905357979,0.0083190391677802362,0.0056701311067761054,0.0075045645102568663
2015-02-23,-0.00014220289981448222,0.0082277638456488798,0.0050719181526683917,0.0071195970255498132
2015-02-24,0.0028369088373757889,0.0082355899024193647,0.0047105300496026866,0.0068135600680374175
2015-02-25,-0.00085017555259553573,0.0076841233119747309,0.0042303468383353788,0.0064694992516965153
2015-02-26,-0.0011822327949013256,0.0071264174861652525,0.0038204976605619523,0.0061488816827993693
2015-02-27,-0.003411899249420044,0.006865523599666066,0.0037423486204689821,0.0059322826132087092
2015-03-02,0.0062936738249246473,0.0064116576811879327,0.004373351643832131,0.0059694063627914193
2015-03-03,-0.0041123926408266802,0.0058635160637053856,0.0043224204245945865,0.0058104740266998658
2015-03-04,-0.0042245324988938382,0.0049966236090607493,0.0043030209886083526,0.0056718705077672031
2015-03-05,0.0010937293886394445,0.0049293315839778048,0.0038796959285281526,0.0053919131992965922
2015-03-06,-0.014164231617186409,0.0054115657748154992,0.007222653519263606,0.0067991176548434758
2015-03-09,0.0041357564521570522,0.0054549903844336983,0.0067196931011599412,0.0065814625228075019
2015-03-10,-0.016354892519077319,0.0064903699704091248,0.0094667799256735359,0.0081075480249126388
2015-03-11,-0.0023443365189209056,0.0060650532428232797,0.0085320056535200216,0.0077271400174989055
2015-03-12,0.012633672970838094,0.0066894346916820972,0.0094951584991602479,0.0083485802887939085
2015-03-13,-0.0061513036248339887,0.0064853996382396636,0.0089271571732729808,0.008155535983801674
2015-03-16,0.013271867367455364,0.0070727452205846262,0.0099490602993911291,0.0088020302661776968
2015-03-17,-0.0029768349323333739,0.0070953010469036459,0.0089977413785687684,0.0084032325772570044
2015-03-18,0.011950302421901531,0.0075817761819548801,0.0096607155805078955,0.0088223499573649097
2015-03-19,-0.0045718495608930735,0.0076487208187131384,0.0088794088825474207,0.0084935654311919431
2015-03-20,0.0087880154452334037,0.0077829820033029863,0.0088612056051026039,0.0085234681853756569
2015-03-23,-0.0019504910231394653,0.0077951278720794414,0.0079735597362151234,0.008109562284089978
2015-03-24,-0.0056350017116002507,0.0078707863755140516,0.0075639125293422279,0.0078970769797789726
2015-03-25,-0.014762357048527871,0.0085328481485889042,0.0094528120327697397,0.0088272397104033323
2015-03-26,-0.0023840889315363029,0.0085453968784067469,0.0085218132030804271,0.0084081230258468958
2015-03-27,0.0022871968348434561,0.0085266240947481677,0.0076904677417449904,0.008009369917298793
2015-03-30,0.012125882702630547,0.0088359862781870972,0.0087591119146319379,0.0085110932879808848
2015-03-31,-0.0087776496522633234,0.0090045222814754758,0.008762822599483194,0.0085381234122510648
2015-04-01,-0.0035429394680338536,0.0089898113873198363,0.0079962573709730696,0.0081770922869906504
2015-04-02,0.0035910465822745936,0.0090222878117808911,0.007330158843127898,0.007840147702599257
2015-04-06,0.006710840488476138,0.0085803364442446784,0.0072105519167913234,0.0077346404185903968
2015-04-07,-0.0026502228459994457,0.0085509141898120079,0.0065573152572135727,0.007385429187105429
2015-04-08,0.0033715926040343244,0.0077661051918177567,0.0060557604017583552,0.0070870918943337947
2015-04-09,0.0044137288326225026,0.007810995088660443,0.0057648926855916622,0.0068667521134558891
2015-04-10,0.0054425164062618389,0.0073832383735048662,0.0057018757534338166,0.0067378894775833743
2015-04-13,-0.0045335174304222906,0.0073244741162998943,0.0054881386411483549,0.0065509172777642481
2015-04-14,0.0019113920515422221,0.0067099529721240028,0.0049826114147615728,0.0062440697801649375
2015-04-15,0.0044769007091708,0.0067514830648818507,0.0048856587273738905,0.0060904704804792802
2015-04-16,-0.00028521364972556001,0.0062004922802903831,0.0043717271558835515,0.0057786315238843138
2015-04-17,-0.011570304561798552,0.0066403773597746348,0.006485675615612225,0.006590942180388493
2015-04-20,0.009095594489380061,0.0066610541705263556,0.0070849952982204442,0.0068825468290616004
2015-04-21,-0.0011924929348617554,0.0066521067242719372,0.0063594130688754353,0.0065402377409978629
2015-04-22,0.004902396224178992,0.0066230307332488846,0.0060959335144205621,0.0063953567227934974
2015-04-23,0.0025132859739128749,0.0057692293360102785,0.0055670140656479484,0.006119002327934572
2015-04-24,0.0023176650701255581,0.0057678758393945959,0.0050860230791015589,0.0058510791891812448
2015-04-27,-0.0041665455311472909,0.0058202090438198338,0.0049159053023372663,0.0057050525919201843
2015-04-28,0.0031741791071750649,0.0051987260360674692,0.004620387706039771,0.0055045802627775682
2015-04-29,-0.0041230907235845892,0.0049014681048576998,0.0045253023618627543,0.005382411280635776
2015-04-30,-0.010071425068864995,0.005335583260067998,0.0060555272071535562,0.0060180292759590293
2015-05-01,0.010783149545604564,0.0057997830695171813,0.0072519508154589643,0.0066500105369809116
2015-05-04,0.0028436707658933452,0.0056382654976162155,0.0066098354887869975,0.0063725208881761294
2015-05-05,-0.011518160442840378,0.0061702718549742361,0.0078412718450813195,0.0070579687036652593
2015-05-06,-0.0041252381712251745,0.006193121380077651,0.00725203097846656,0.0068216705429579166
2015-05-07,0.0039817291373933708,0.0061784634549503581,0.0067263954711884429,0.0065929573629252688
2015-05-08,0.013079913294338543,0.0067265569210336988,0.0083912063009642622,0.0074985859526417965
2015-05-11,-0.004784133973659975,0.0067352302032822609,0.0078043232969847807,0.0072728746687973347
2015-05-12,-0.0029958474370550396,0.0067549544784384838,0.0071078119046799042,0.0069643912540753678
2015-05-13,0.00019082569829380875,0.0066805013831406313,0.006357992996793356,0.0066072772327616363
2015-05-14,0.010373433084183523,0.0070714522614839211,0.0073389973939377668,0.0070746952289633342
2015-05-15,0.0010832189618595134,0.0065856288894663544,0.0065820497462755981,0.006720380767216848
2015-05-18,0.0031019738312580165,0.0063019939698878069,0.0060484007324183835,0.0064505340907339793
2015-05-19,-0.00032825629696846715,0.006296778036134233,0.0054118454870067459,0.0061203942903867775
2015-05-20,-0.00070469500764067442,0.0062026259722870562,0.0048507500730244762,0.0058105906023569178
2015-05-21,0.0029083231660891736,0.0062112523547733223,0.0045294028021848265,0.0055886045840817704
2015-05-22,-0.0023916709674919141,0.0062126549676165283,0.004190036968679459,0.0053554887806037061
2015-05-26,-0.01080995879591427,0.0066008966907506106,0.0061168758098389814,0.0061236145362188977
2015-05-27,0.0094473624116783953,0.0068942511775116466,0.0069125586468335581,0.0065325381853557976
2015-05-28,-0.0011288090931663077,0.0068369888065811547,0.0062033551913858453,0.0062075817051167326
2015-05-29,-0.0062324622070354732,0.0066041589209780652,0.0062091875101997086,0.0062100742410491766
2015-06-01,0.0020344622935735616,0.006165067006009683,0.0056277006844936738,0.0059264174299323126
2015-06-02,-0.00099291587049693303,0.0061362058402276241,0.005053116699679258,0.0056310540213190489
2015-06-03,0.0026459929233192902,0.0056008646691208096,0.0046719852755025965,0.0054072192767574776
2015-06-04,-0.0084824000547615869,0.0058409212524900616,0.005643773495580269,0.005788724327962581
2015-06-05,-0.0017146869975314472,0.0057853833327262648,0.0051058568052220329,0.0055183703718200711
2015-06-08,-0.0061685743705490294,0.0051787082564541008,0.0053353613678311044,0.0055867970592301695
2015-06-09,-0.00014388637112565741,0.0050671153012300085,0.0047725261023733347,0.0053002963664025571
2015-06-10,0.011921664797443266,0.0056862295908434541,0.0068298479212049405,0.0062846190472287122
2015-06-11,0.0032186628076997627,0.0057314374942862923,0.0062760988006375354,0.0060483693619750034
2015-06-12,-0.0076846782893854665,0.0055155855603803931,0.0065819745522572174,0.0062313660449475564
2015-06-15,-0.0042945699795383088,0.0055933158746281865,0.0061924613415894336,0.0060655802392209747
2015-06-16,0.0054366281072462403,0.0056817177551953587,0.0060488550163616626,0.0060056498226449375
2015-06-17,0.0016158536130859763,0.0056927215095087316,0.0054583068974688046,0.0057203273597674414
2015-06-18,0.010345763029119159,0.0061427997741150672,0.0067261767654814269,0.0063366719859941018
2015-06-19,-0.0044491375100272476,0.0061887650716523522,0.0063365706830294287,0.0061739414583058148
2015-06-22,0.0051102004162498701,0.0062706073091829779,0.0061110172701171863,0.0060759536409482773
2015-06-23,0.0007075812987278197,0.0057881593907067068,0.0054750123213923706,0.0057684970756418262
2015-06-24,-0.0072894423534479672,0.0056300048664773457,0.005882839611987295,0.0059381478293272201
2015-06-25,-0.003044975241277492,0.0056654071353361268,0.0054351279988876112,0.0057151226671567175
2015-06-26,-0.00019039564368091827,0.0054914908063355486,0.004862071903176687,0.0054221757109758932
2015-06-29,-0.02119328636727166,0.0072392878646403034,0.010427985038460914,0.0084484039440089215
2015-06-30,0.0020909881735678986,0.0072509727808021847,0.0093738329341999643,0.0080420892456644025
2015-07-01,0.007983367149674998,0.0074440076499656333,0.0091127287522418613,0.0080362363452277166
2015-07-02,-0.0009157691613545728,0.0072012239248714039,0.0081609550226015848,0.0076293412856164623
2015-07-06,-0.0028503521765067307,0.0072191996660066803,0.0074098482447864048,0.0072937380238244321
2015-07-07,0.006269129397587973,0.0072235294350896321,0.0071961849260112603,0.0071978435148684827
2015-07-08,-0.016919599519730665,0.008154261752643218,0.0099339132054339675,0.0086749836270097851
2015-07-09,0.0018075078430954128,0.0077168020827045151,0.0089218564312057037,0.0082496372827103263
2015-07-10,0.012512763486826579,0.0081767663152380893,0.0097464592421396476,0.0087697085911894387
2015-07-13,0.010976660340162212,0.0083624844971222009,0.010004608370726437,0.0090147499754165486
2015-07-14,0.0043289509780337337,0.0083633708053429349,0.0091554199376834393,0.0086610118960989378
2015-07-15,-0.00033215792481401744,0.0082748801449439961,0.0081902037316338178,0.0082172286840900468
2015-07-16,0.007992015426058742,0.0084579375616494288,0.0081509515914773394,0.0081949858803420234
2015-07-17,0.00084765700139329708,0.0081376220902439553,0.0073002817723487774,0.0077790659118113737
2015-07-20,0.0005175299830808952,0.0080774094806837175,0.006533671144251736,0.007381684329650918
2015-07-21,-0.003959235596348208,0.0080450365958954287,0.006106242395979739,0.0071139223947897833
2015-07-22,-0.0017961732412820389,0.008053501858211503,0.0055203446107383392,0.006772719283009758
2015-07-23,-0.0056459970822006402,0.0079872371845097351,0.0055457028686623569,0.0066686192081291309
2015-07-24,-0.010425737057352372,0.0082925969267816143,0.0068075733476622938,0.0071339353268466748
2015-07-27,-0.0058344640586876139,0.0083944862741931452,0.006624397185968329,0.007014829079035328
2015-07-28,0.012208089435695091,0.007447248004387559,0.0080568976657245748,0.0076935550348499271
2015-07-29,0.0068554332749468727,0.0075889880439434657,0.0078313647006263368,0.007613895632694415
2015-07-30,0.00023754575754358695,0.0073762357187211513,0.0070053910709366105,0.0072235662130072202
2015-07-31,-0.0015194951771607098,0.0073812170405675014,0.0063025531623374384,0.0068697019229127399
2015-08-03,-0.0033784313159347123,0.0073923493918566004,0.0058361374831792118,0.0066041580746036615
2015-08-04,-0.0019561351304678491,0.0072713859472269852,0.0052927963788328009,0.0062957175883121153
2015-08-05,0.0032899026437263816,0.0062530459912259135,0.0049573830482693235,0.0060625737024075877
2015-08-06,-0.0082215104975618021,0.0065051434789188036,0.0057601357902499336,0.0063117860700093072
2015-08-07,-0.0019217896586605284,0.0058883862774162105,0.0052232161123317014,0.0060186465757195474
2015-08-10,0.012520730138182438,0.0060404613648759103,0.0072924156411668687,0.0069482777911074895
2015-08-11,-0.0090642161137271821,0.006297474363573476,0.0076795483889417907,0.0071879558437564833
2015-08-12,0.0011975281969728311,0.0063027272354625637,0.0068896433523795526,0.0068296006961511427
2015-08-13,-0.0012454170653373379,0.0060504800024010659,0.0061874034256477013,0.0064910867709994996
2015-08-14,0.0036358302364238215,0.0061019132421937412,0.0057681037805324088,0.0062644004399934087
2015-08-17,0.0055710076649586734,0.0062266973325545028,0.0057292270210735638,0.006198552591180741
2015-08-18,-0.0029005460628981627,0.0061974705097339131,0.0052860067442066679,0.005951568326867258
2015-08-19,-0.0079371972135682794,0.0064340720996691079,0.0059121327591025825,0.0061789124411291167
2015-08-20,-0.021102367401851754,0.0078783827737211598,0.010817792427364754,0.0088821199077641199
2015-08-21,-0.030564861111031148,0.010165857180122343,0.016746995352855537,0.012822789171002234
2015-08-24,-0.043019067588783537,0.013934655089899262,0.024382319781360368,0.018249535542922933
2015-08-25,-0.011837641307296493,0.013918664723204218,0.022441567785706419,0.01771310159038185
2015-08-26,0.037675386774372446,0.016197256491070795,0.026206604615326964,0.020599078814741326
2015-08-27,0.024434284966223324,0.017093858854241164,0.025861859112085939,0.021014120761892303
2015-08-28,4.986989972826822e-05,0.017090485411461936,0.023131560751235222,0.019935751627579629
2015-08-31,-0.0081116246024601941,0.017169855106439619,0.021005117780405709,0.019085874856291318
2015-09-01,-0.030302386711230308,0.018453301416373861,0.023165036292964496,0.020485776069426965
2015-09-02,0.018803122097747111,0.01891192825241321,0.022360827473240946,0.020323780630392429
2015-09-03,0.00071613332277527123,0.018823044674763655,0.020002696158709091,0.019282161131332815
2015-09-04,-0.015252280279793789,0.019124694762014137,0.019147132778585561,0.018917842622205958
2015-09-08,0.024820207991114989,0.019715923813422031,0.020408299778694704,0.019588276213156636
2015-09-09,-0.013461956225590108,0.019841140703090374,0.019220921231033573,0.019064441639990319
2015-09-10,0.0054269018618838139,0.019876411243019403,0.017362180253049479,0.018167354455781083
2015-09-11,0.0045343399301617125,0.019900306094339591,0.015661043714642931,0.01729460941999026
2015-09-14,-0.0037178481529596139,0.019901063773512914,0.014105995575047461,0.016449176361747135
2015-09-15,0.012421956312398303,0.020055318070991375,0.013785655176887068,0.016091872561780619
2015-09-16,0.0086293656456403883,0.02013748797958155,0.012920085960010418,0.015508066334483643
2015-09-17,-0.0022504276700050052,0.020065435165536129,0.011599818184386835,0.014729445059507941
2015-09-18,-0.016476225387177825,0.019847657117016387,0.012725479406705343,0.014913332856402853
2015-09-21,0.0051542533050179702,0.018669420790545017,0.011613075661978748,0.014241607349962547
2015-09-22,-0.013064933378412491,0.016264989641962151,0.011917605376129296,0.014128350588008928
2015-09-23,-0.0015997360239340681,0.016052144973007162,0.01068341169244035,0.013412873548891386
2015-09-24,-0.0036226651391539104,0.013687797665805598,0.0096919022309464708,0.012776033399523472
2015-09-25,-0.00025874541469496679,0.012550196743835696,0.0086694731628458987,0.012120685682011885
2015-09-28,-0.025417708855043263,0.013777166259090669,0.013760079818990627,0.014029465834659907
2015-09-29,0.00058503807731893659,0.01365787322110072,0.012310170234825233,0.013310805663087864
2015-09-30,0.018486323513969026,0.012558382728559001,0.013768843974020712,0.013915250927193342
2015-10-01,0.0026056171547856823,0.011847977412355892,0.012370234422039217,0.013226855696113532
2015-10-02,0.014827402270707725,0.012302094103109656,0.012899167854727717,0.013395518887111792
2015-10-05,0.017638164305780277,0.012460544074757777,0.01397611509293956,0.013878271421082743
2015-10-06,-0.0034317100252789605,0.01118265863235352,0.0125944734392667,0.01321073197227458
2015-10-07,0.0081567299930049506,0.010923243704399569,0.011840737215463944,0.012795480441813379
2015-10-08,0.0089864228661000658,0.01104003983829756,0.01132755955315228,0.012467055280056412
2015-10-09,0.00059613679802733295,0.010994191041417391,0.010135184268702847,0.011828789394041151
2015-10-12,0.00094296130984389455,0.010964742391518019,0.0090749877870343072,0.011225736068468235
2015-10-13,-0.0063216659730096448,0.010700864395679027,0.0085951739251000081,0.010835671705918769
2015-10-14,-0.0048056421414723527,0.010580165927904811,0.007982509074254426,0.010391343648719988
2015-10-15,0.01523802207602175,0.011103898219389801,0.009869945504120509,0.010972773223854876
2015-10-16,0.0045365520625392907,0.010523890475813605,0.009058074868683345,0.010508073441956181
2015-10-19,0.00049144336146306894,0.0104611677273229,0.0081047689403735291,0.0099700450537168056
2015-10-20,-0.00127899049851932,0.010049039598132225,0.0072716564138121456,0.009467058688175484
2015-10-21,-0.0062229481977893368,0.0101386139728828,0.0070743626182789192,0.0091943019643722802
2015-10-22,0.016752431042392813,0.010778103054207571,0.0098064302541723616,0.010205197907628574
2015-10-23,0.010902017871888593,0.011050197177950546,0.01003512123493051,0.010277006240553607
2015-10-26,-0.0024603748582823653,0.0094924461400506446,0.009042876502997052,0.0097806194070655262
2015-10-27,-0.0019346313208460752,0.0095013978004052993,0.0081343378358834286,0.0092988571460174609
2015-10-28,0.011310703759461877,0.0089210959688317288,0.0088611717921214441,0.0095191949109820467
2015-10-29,-0.00057465202253502163,0.0089029771702835575,0.0079298384228804909,0.0090325293839898582
2015-10-30,-0.0043191787910287468,0.0083188445628683567,0.0073509816362284505,0.0086771803547156627
2015-11-02,0.011761424042127664,0.0077823189109812434,0.0084199622275092211,0.0090331180977174744
2015-11-03,0.0028953977507449615,0.0077714105768571526,0.0076415493688877937,0.0086183428293426442
2015-11-04,-0.0030378519618231613,0.0075848294227520725,0.0069685242565488796,0.0082323207096097074
2015-11-05,-0.00099870111354669598,0.0073172206316016748,0.0062488194912421642,0.0078162480916806835
2015-11-06,-0.00052360591125592327,0.0073169431441657516,0.0055940172199737473,0.0074169924580426774
2015-11-09,-0.0093753133394620016,0.0076084179159675355,0.0065279187317635228,0.0076354600013165659
2015-11-10,0.0023041119341224753,0.0074936837897357708,0.0059289767022480686,0.0072801866507000504
2015-11-11,-0.0039393398981801475,0.0074683670814056548,0.0055880132028583379,0.0070180371746997386
2015-11-12,-0.014058288699954194,0.0073517627193565149,0.0080316753842836069,0.0080056923076050526
2015-11-13,-0.011291815284390628,0.0077067927487219808,0.0087810743116184444,0.0083924077375519494
2015-11-16,0.015092296393246945,0.0084125768444608066,0.010355737295685672,0.0092826180526913368
2015-11-17,-0.00072971703540664144,0.0084092973949540586,0.0092682001132990584,0.0088092875316970014
2015-11-18,0.015741467383229981,0.0090094238568305431,0.010875586685213079,0.0097274134111916093
2015-11-19,-0.00086270568021292154,0.0081960193993825189,0.009735068608705412,0.0092322662772514573
2015-11-20,0.0036378407029583814,0.0078672567366338507,0.0088579921906141567,0.0088337226043541297
2015-11-23,-0.0011473077390235142,0.0078521889999126019,0.0079394258941556817,0.0083882549466746496
2015-11-24,0.0013383108162671759,0.0078459725952245984,0.0071264157885447118,0.007969043012147967
2015-11-25,-0.0001435098332791452,0.0074272279311942864,0.0063743831550531257,0.0075602342148734175
2015-11-27,0.0011459385378620938,0.0074305357983923508,0.0057244076997058427,0.0071814166261695307
2015-11-30,-0.0041602245632000618,0.0074259996229840523,0.0054476204432037907,0.0069387475184205299
2015-12-01,0.009490729299148945,0.0072617224373497345,0.0064618916209198624,0.0072345690732013041
2015-12-02,-0.010257553249132396,0.0075877741323326798,0.0073789101084217558,0.0075912337978293991
2015-12-03,-0.014101793617143796,0.0081887678082374019,0.0091285687900480063,0.0084705493232746336
2015-12-04,0.019315078269971964,0.0092552504261242102,0.01188608700282559,0.010093681692610474
2015-12-07,-0.0060770801349032122,0.009353742429694065,0.01097312316454156,0.0097666401283742089
2015-12-08,-0.0067419389520982729,0.009239608188234787,0.010267341123880265,0.0095075710642011212
2015-12-09,-0.0078102278154309132,0.0093890838641634035,0.0098252005938344305,0.0093517101451897049
2015-12-10,0.0025777066108603006,0.0093654260146139381,0.0088632142951415843,0.0089091801818599985
2015-12-11,-0.019571002612616205,0.0098478747727515324,0.011808898456921702,0.01047561724615143
2015-12-14,0.0050396711963334607,0.0095851602598659678,0.010799987192869297,0.010065015131423998
2015-12-15,0.010443003317779486,0.0092703420973009806,0.01072954064030438,0.010103450324801424
2015-12-16,0.014525958642411296,0.0098215473311212415,0.011588750095578183,0.010628832723646625
2015-12-17,-0.015355356765141881,0.0097909372011993588,0.012433692102475772,0.01119167434743408
2015-12-18,-0.017975975414897028,0.010582155868685033,0.013722408602819374,0.012043329541319165
2015-12-21,0.0082157339690221466,0.010709586491206244,0.012811840430638131,0.011716972145640025
2015-12-22,0.0090332418438576478,0.010895384342496007,0.012150493645034805,0.011476874071649294
2015-12-23,0.012307362175279026,0.011233583772079803,0.012182028952400448,0.011562607447379469
2015-12-24,-0.0016520203017764881,0.011239610009453014,0.010920956813997322,0.010981685617050044
2015-12-28,-0.0022877347960620813,0.011248327028177308,0.0098214349402711149,0.010443229871177918
2015-12-29,0.010615369113951197,0.011458350255742883,0.0099852731416756151,0.010460571268844709
2015-12-30,-0.0071129504255918376,0.011371886239302744,0.0094806833362622214,0.010175490283972275
2015-12-31,-0.010053649960143731,0.011362777855029935,0.0095980133737249874,0.01016337198076517
2016-01-04,-0.014078186013867098,0.011361314074251489,0.01064596415858947,0.010619992898376467
2016-01-05,0.0016901948188121347,0.010515164430065027,0.0095519942419311152,0.010089177374690362
2016-01-06,-0.012694485087351741,0.010806462669377653,0.010257800228358285,0.010379178447809204
2016-01-07,-0.024283970530051342,0.011999687896698894,0.014216899006492457,0.012487022591345006
2016-01-08,-0.011037622881390954,0.012125756992259314,0.013640454452216979,0.012349739744798876
2016-01-11,0.00099001262356529485,0.012114072821164768,0.012208424268895988,0.011720173935881683
2016-01-12,0.0080355874903294874,0.011438010599272427,0.011495678830171047,0.011405406437740932
2016-01-13,-0.025257125973174466,0.012706466574227113,0.015274324466179021,0.013448687952790653
2016-01-14,0.016283487478798504,0.013009960611423951,0.015481420581229926,0.013758476781010373
2016-01-15,-0.021699556869627237,0.013500090362796089,0.016908981644025194,0.014746294172912056
2016-01-19,0.0013301832850692466,0.013059539046728038,0.015135547750404025,0.013995885517102583
2016-01-20,-0.012897774050838303,0.012755877244646448,0.014715242426039193,0.013889981562756136
2016-01-21,0.0055861426047055058,0.012684547272488959,0.013396704279997534,0.013295071566273927
2016-01-22,0.020307972435606662,0.013320602607231931,0.015035295053361453,0.014153600587894478
2016-01-25,-0.015232431039098045,0.013470940702199069,0.01507492848890116,0.014265155595981769
2016-01-26,0.013551425676110824,0.013802602716192595,0.014782794144796113,0.014195397547984647
2016-01-27,-0.010943043383075073,0.014008485469185622,0.014098753202985972,0.013904438148993364
2016-01-28,0.0051956762550105368,0.013854714528147351,0.012822592711785782,0.013292838876250318
2016-01-29,0.024084719796601515,0.014779279341451375,0.015733717062984043,0.014732175047121777
2016-02-01,-0.00036126708889067197,0.014607526473433901,0.014073591754642142,0.013976635319277861
2016-02-02,-0.018186695615293402,0.014832661880801663,0.014986793098649606,0.014452933650425786
2016-02-03,0.0059772663316162719,0.014887961787426223,0.013668530150136842,0.013840929639050852
2016-02-04,0.0015668756644520348,0.014619051390894221,0.012245570343668371,0.013140004181149483
2016-02-05,-0.019233710694508896,0.014238254235979544,0.013926604749521595,0.01387037496250804
2016-02-08,-0.013552623258776111,0.014346431877108505,0.013852616190394572,0.013838928107333488
2016-02-09,5.358788719818389e-05,0.014344728820645474,0.012390179764113041,0.013128770894874957
2016-02-10,-0.00086292862924180775,0.014233058136362621,0.011088830994900323,0.012458034647207428
2016-02-11,-0.013093378572554994,0.013388638893257599,0.01151768426184787,0.012523019635389177
2016-02-12,0.020407021018981546,0.01366822514205478,0.013762810104710645,0.013519913808764612
2016-02-16,0.016737692939028992,0.013314817248578747,0.014407013103586202,0.013875312571214521
2016-02-17,0.016202909543040173,0.01379574582498001,0.014783655731432333,0.014125342361160935
2016-02-18,-0.0041044070623798643,0.013522103459181754,0.013349697108741922,0.013463186208003594
2016-02-19,-0.00046858740606118193,0.013464694991297271,0.011942170872481509,0.01277315943687983
2016-02-22,0.014375265211907611,0.013077069109017963,0.012466836250652081,0.012942297585484007
2016-02-23,-0.012710100080245406,0.012941627444664009,0.012515867276798246,0.012919265633815572
2016-02-24,0.0045654033553392277,0.012623225000512748,0.011379197182215091,0.012341028030317147
2016-02-25,0.012038432876196889,0.01267298278997931,0.011514064270809204,0.012311103206944372
2016-02-26,-0.0023038058924952161,0.012630127326645705,0.010349900731114246,0.011702037776125232
2016-02-29,-0.0078730293136703849,0.011559223997826922,0.0099042048762087928,0.011377274645532079
2016-03-01,0.023234841421687726,0.012672885485595253,0.013654530038127622,0.013056949341748168
2016-03-02,0.0044824754351242514,0.012044453535223954,0.0123764077847735,0.012467750081884436
2016-03-03,0.0039116173621216027,0.012001979538459382,0.011207164039199745,0.011892450879976825
2016-03-04,0.0032482141553983844,0.012018831167554173,0.010128701776688443,0.01132883218426897
2016-03-07,0.0007981363642695032,0.011224409666568964,0.0090664151722754886,0.010750437058975442
2016-03-08,-0.010977652399698891,0.011082830645357781,0.009479539952053407,0.010773374238554734
2016-03-09,0.004927297555024605,0.011137455032025333,0.0087604220446969132,0.010338610126856242
2016-03-10,0.00080215628254043186,0.011137227888236333,0.0078437673640472747,0.0098113464361311246
2016-03-11,0.016008284505505847,0.011326044126382252,0.010023611311841566,0.01059541336058799
2016-03-14,-0.0012831116996010212,0.01037011422265844,0.0089837354208276415,0.010059877902684462
2016-03-15,-0.0016308946080346911,0.0096780546395465062,0.0080683310005012724,0.0095575630156164229
2016-03-16,0.0057704134319793163,0.0090665821168645962,0.0076640659145203963,0.0092488959792684303
2016-03-17,0.0063241614195304052,0.0091301891709962418,0.0074154789869398229,0.0089992983569733166
2016-03-18,0.0039218254992692469,0.0091716089838510349,0.0068605834980663668,0.0086270913609809551
2016-03-21,0.0014179786472704404,0.0085957275450789326,0.006168972153930947,0.0081966518262063873
2016-03-22,-0.00053760213061985703,0.0081131775913804785,0.0055229319350277844,0.0077778848441675931
2016-03-23,-0.0066213066521525754,0.0081837393854229737,0.0057593890373483,0.0076700791105700303
2016-03-24,-0.00044305999632063931,0.0077289851941121784,0.0051551634405603633,0.0072778247040030056
2016-03-28,0.0005904963234101869,0.0077129287787901001,0.0046184743434065237,0.0069068753985266655
2016-03-29,0.0092075417614995835,0.0077864614609256767,0.0058326674229305436,0.0071702383170067288
2016-03-30,0.0043783350020718146,0.0058817157494603905,0.0055722500743672311,0.0069417625650436254
2016-03-31,-0.0024300899829353844,0.0058211010747438435,0.0051010826476407013,0.0066302182838133801
2016-04-01,0.0067887295539262706,0.0059518503552104677,0.0054803471727363452,0.006646239533566866
2016-04-04,-0.0032429701807998542,0.0059517073744036085,0.0051118230823930921,0.0063880306435667722
2016-04-05,-0.010038322359959112,0.0063584090288258894,0.0064076650459461799,0.0068412742623782307
2016-04-06,0.010861958654962962,0.0063484667486354597,0.0075128534018212628,0.0073430882305732508
2016-04-07,-0.012037800925824415,0.0068069486229316778,0.0086102324716445192,0.0079384957894278046
2016-04-08,0.0026932334744222959,0.0068311823389174695,0.0077948434161411546,0.0075791222785795958
2016-04-11,-0.0023498497947843687,0.0058419074975541536,0.0070506755646063384,0.0072284828607461068
2016-04-12,0.0092695657617919754,0.0061920761380094549,0.0075468265261834887,0.0074577713133689473
2016-04-13,0.010050239665152449,0.0065771712691802724,0.0081095706395866683,0.0077561104555671639
2016-04-14,4.8131493865445145e-05,0.0064493731615845543,0.0072534524259070757,0.0073581081891429551
2016-04-15,-0.0011062243128936529,0.006297289091813648,0.0065065201238454036,0.0069892741922078765
2016-04-18,0.0070020886732011641,0.0064294849274967461,0.0066086074520339431,0.0069905566973749635
2016-04-19,0.0031492638650801588,0.0064601576145862788,0.0060763909142222561,0.0067061822920706929
2016-04-20,0.00095202738719316038,0.0064625462017731845,0.0054515403752652698,0.0063691623040735001
2016-04-21,-0.0053927137465299485,0.0064051921437659988,0.0054398259421529777,0.0062783550206458594
2016-04-22,0,0.0064044259142053235,0.004865528236968359,0.0059561705473183159
2016-04-25,-0.0017245813894907359,0.0064146664795291996,0.004419675125344023,0.0056767762794358682
2016-04-26,0.0014850065354657502,0.0060843460617905683,0.0040084749535132386,0.0054058981191959917
2016-04-27,0.0020564922056554263,0.0060226434511520032,0.0037013685578092159,0.0051695528865469825
2016-04-28,-0.0091173456951382098,0.0063350822330636505,0.0052521711572950467,0.0056889760585355897
2016-04-29,-0.0054133528309288107,0.0062685041194424831,0.0052848007783494154,0.0056620175399184807
2016-05-02,0.0079169725955449653,0.0064731927106892176,0.0059058434138737591,0.0059262504054394347
2016-05-03,-0.0087412301000456601,0.006378423258352685,0.0065715302537343381,0.006264926962652349
2016-05-04,-0.005593986047126815,0.0060290803582603468,0.0063879999905828468,0.0062011004549335025
2016-05-05,-0.00019483061217705908,0.0053950232027530545,0.0057142652106143468,0.0058832030445755464
2016-05-06,0.0036522428777408609,0.0054231488945774694,0.005365634829672227,0.0056995401622528781
2016-05-09,0.00082575737610889488,0.0054007914227513299,0.0048133569106345126,0.0054133603038630292
2016-05-10,0.012357144502573254,0.0057015135301364366,0.0070053213952550163,0.0064532104279376836
2016-05-11,-0.0093985791274029291,0.0056456669356845139,0.0075449506428779869,0.0068053553401659127
2016-05-12,0.00029041555216789396,0.0056460301430556791,0.0067496586877678613,0.0064567801027002871
2016-05-13,-0.0087523558192726201,0.0059704820897586866,0.007194932966923263,0.0067217097232682719
2016-05-16,0.0098169562679885254,0.0061655353062926013,0.0077902615098811145,0.0070922849971113838
2016-05-17,-0.0093777077346199385,0.0064741796844344033,0.0081325776962202015,0.0073528631204328263
2016-05-18,0.00029310599533384539,0.006471010766122237,0.0072751796000474619,0.0069761542108449058
2016-05-19,-0.0034711033569067382,0.006404868475104364,0.0066897161578966299,0.0067085699420646365
2016-05-20,0.0062979086427126362,0.0065578596239156744,0.0066132119634085152,0.0066686419103151179
2016-05-23,-0.0013637910430622149,0.006553610462866356,0.0059463974959804823,0.0063411118138796295
2016-05-24,0.012878800637554325,0.0071507148713653842,0.007839669362705054,0.0072646458770334009
2016-05-25,0.0067603381108498851,0.0072942699244420922,0.007636017734908092,0.007215801333471529
2016-05-26,0.0002869024163915011,0.0070038696271571372,0.0068310669794382035,0.0068461113995734596
2016-05-27,0.0042900050516873605,0.00696485301192948,0.0064040307253133474,0.0066349628107611131
2016-05-31,-0.0019042922786974231,0.006749560813711363,0.0057909026447650839,0.0063232184256464975
2016-06-01,0.0020468846257893159,0.0064765425057244407,0.0052598089401779914,0.0060335525024417498
2016-06-02,0.0030392708082478833,0.0063908393178029703,0.004896928167628622,0.0058040586596222275
2016-06-03,-0.0029915732821433625,0.0064256054012618892,0.0045797190441792925,0.0055868898594965688
2016-06-06,0.0050754549775239655,0.0064737526236541632,0.004683066288733201,0.0055378722262994029
2016-06-07,0.0015598537430081883,0.0064805120519167373,0.0042463533333497831,0.005276792613443714
2016-06-08,0.0032548811782809562,0.0059069279677680716,0.0040674394405161313,0.0051107251349722868
2016-06-09,-0.0013668704846076882,0.0055288832761944363,0.0036890266827648826,0.0048676887489734703
2016-06-10,-0.0095227026042804062,0.0059243924976839536,0.0053873469603168108,0.0055129974487706322
2016-06-13,-0.0077418022765432786,0.0058536326304023112,0.0059334565233501091,0.0057747187838063088
2016-06-14,-0.0019684372537774526,0.0054442741219040093,0.0053795607716616194,0.005513629825355232
2016-06-15,-0.0013949929420491111,0.0050339200293662272,0.0048519006933854091,0.0052492573757417123
2016-06-16,0.0029798176356561653,0.0050774029742495152,0.0045396712324938847,0.0050682505868669949
2016-06-17,-0.003731040554149257,0.0050866124501515427,0.0043898775202330324,0.0049508094259242616
2016-06-20,0.0064190176054876097,0.0050941763716440902,0.0048639055416434471,0.005116624011650109
2016-06-21,0.0028347872857305305,0.0051243963110523651,0.0045313646383282552,0.0049361380698344486
2016-06-22,-0.0016323842299462948,0.0042543502645342292,0.0041181971836264566,0.0047111974027246829
2016-06-23,0.012938416817792854,0.0049177758277741011,0.0068591664497059763,0.0060593816388960272
2016-06-24,-0.036569625007680774,0.0095418696858913469,0.017467284452607274,0.012914265080965713
2016-06-27,-0.018072188200074651,0.010317813201076231,0.017589929453707884,0.013518905908289955
2016-06-28,0.017875443339619823,0.011056786446683573,0.017647401776656184,0.014015629943754694
2016-06-29,0.016883906599783061,0.011674602982436312,0.017497368144593115,0.014328318975206606
2016-06-30,0.013553606336914915,0.012042404605477281,0.016782918772881836,0.01425274277686036
2016-07-01,0.0020981721606628399,0.012032960960116499,0.015040397445309607,0.013537608416503585
2016-07-05,-0.0072194793498498314,0.012087604452925714,0.013834558925635549,0.013044241859265743
2016-07-06,0.005980089305738857,0.012156339812239592,0.012659712088133294,0.012518513007748956
2016-07-07,-0.00062022878489962046,0.012135325263201059,0.011326587521079163,0.011877723666899462
2016-07-08,0.014780675602970519,0.012573627999174051,0.012096567370712345,0.012199144424283452
2016-07-11,0.0035207740506670482,0.012416997234151569,0.010933468054854149,0.011626555689784421
2016-07-12,0.0072370314768773611,0.012401765052537437,0.010300849668094166,0.011264838212181478
2016-07-13,-0.0001395159980607084,0.012393990979217376,0.0092135712973028822,0.010686854936010551
2016-07-14,0.0055679166898636341,0.01245246148119987,0.0086088475473456508,0.01029019684979476
2016-07-15,-0.0013427411541338905,0.012438246619762301,0.0077233668588350983,0.0097713679424875754
2016-07-18,0.0026837645466862977,0.012424736431824039,0.0070114787981803055,0.0093087017104927974
2016-07-19,-0.0010170748271820765,0.01234364646729328,0.0062877306073561264,0.0088368647665247827
2016-07-20,0.0041541989680526636,0.012362308668491634,0.0059228303002686472,0.0084856878282364
2016-07-21,-0.0037842188181633606,0.012385857148560274,0.0055612945817833329,0.0081386878139430817
2016-07-22,0.0044750480365738738,0.012084727078568077,0.0053616796739666258,0.0078496510045037941
2016-07-25,-0.0027196332721894597,0.0089187204889556327,0.004947460779836611,0.0074963297230562559
2016-07-26,0.00046126556380135655,0.0079513529753865528,0.0044299489521310497,0.0071131385461787478
2016-07-27,-0.0010612290579668914,0.0068777722240173315,0.0039905888785346268,0.0067564551867653096
2016-07-28,0.0011538698312043212,0.0057547377387090872,0.0036064002544726088,0.0064201136734817563
2016-07-29,0.001613266753617506,0.0049053160637655101,0.0033053629392297591,0.0061119830320622969
2016-08-01,-0.00082934553976126866,0.0048863483365252447,0.0029795808653049266,0.0058042643227396084
2016-08-02,-0.006428334311866288,0.0048307897970180282,0.0039200788399388715,0.0058696579200083572
2016-08-03,0.0029186268287234645,0.0046876834135860853,0.0037412953641938066,0.0056444161739421378
2016-08-04,0.0010635598451563238,0.0046916627730411989,0.0033799504006059382,0.0053653151356296428
2016-08-05,0.0081455509044894101,0.0037954948279255566,0.0047338411122439077,0.0057046424785360305
2016-08-08,-0.0005956728279171335,0.0037153371043437051,0.0042424481805156174,0.0054151762518793245
2016-08-09,0.000595672827917091,0.0033470494282193263,0.0038039004291742398,0.0051407395447365259
2016-08-10,-0.0024779081463965806,0.0033924575278633192,0.0035782303638046114,0.0049394823249338561
2016-08-11,0.0046299002167135908,0.0033212169555645759,0.0038118474828496922,0.004909402680181473
2016-08-12,-0.0008693757250819059,0.0033133253814178099,0.0034315168389909391,0.0046655752725351983
2016-08-15,0.0028796406828243133,0.0033215375956255262,0.0033284699706408755,0.0045188567589093146
2016-08-16,-0.0051710767072083398,0.0035096854067766616,0.003769744916931779,0.004588252739112092
2016-08-17,0.0018793927415439767,0.0034105174175014822,0.0034749395399603757,0.004393184333245018
2016-08-18,0.0022413045177164057,0.0033416740937665798,0.0032657086571418487,0.0042275768853323207
2016-08-19,-0.0014632887367726913,0.0032050809192322744,0.002993346824559115,0.0040372375558013788
2016-08-22,-4.5575294657138353e-05,0.0031468757994939931,0.0026774083721343533,0.0038300869552170863
2016-08-23,0.0020112041293417473,0.0031771742325402258,0.0025580853939844075,0.0036887807851727667
2016-08-24,-0.0051277057559907559,0.0033693907556478137,0.0032394002485548515,0.0038569067845821607
2016-08-25,-0.00068881182031117262,0.0033630263708550948,0.0029137370370419268,0.0036654608336252007
2016-08-26,-0.0018852646539072285,0.0033700928816449566,0.002739112151752513,0.0035280965253353699
2016-08-29,0.0049122807401123713,0.0035397260392835295,0.0032906365216836715,0.0036899551203020144
2016-08-30,-0.0016501130940818046,0.003255707295364404,0.0030343377562365688,0.0035392766539484831
2016-08-31,-0.0028480767468328479,0.003252581731888421,0.0029980114620041425,0.0034763465629092981
2016-09-01,4.5981205560960532e-05,0.0032438920541482379,0.0026815818158876939,0.0032979839766185412
2016-09-02,0.0044980655098221202,0.0028665249604036642,0.0031303711432304473,0.003436900902280209
2016-09-06,0.0030179880804780557,0.0029418763817360971,0.0031082196200200268,0.0033973348725546363
2016-09-07,-9.1684835690755527e-05,0.0029389310378053301,0.0027803784970469544,0.0032231252571933667
2016-09-08,-0.002285593434840198,0.0029311279524008873,0.0026887155184864369,0.003141986078285594
2016-09-09,-0.024226029458928534,0.006071633836106493,0.011097903116375383,0.0082203965353876782
2016-09-12,0.01424557648245328,0.0068537412555520691,0.0117948316108306,0.0090061685644259922
2016-09-13,-0.01447985099588165,0.007552645689961523,0.012378516032015549,0.0096936357202064768
2016-09-14,-0.0003751719249378778,0.0074640801778361014,0.011072952547471027,0.0091969555574539334
2016-09-15,0.0099435260189611255,0.0077768613548015141,0.010856471085614675,0.0092743174057275078
2016-09-16,-0.0038731458631569276,0.0078088708004815212,0.0098636009307801944,0.008883230994164857
2016-09-19,0.00018726169500658148,0.0078021250841918367,0.0088226703466600005,0.0084275809281408685
2016-09-20,4.6601163367183005e-05,0.0078021253871892286,0.0078912637752360289,0.0079951188507219866
2016-09-21,0.011183136488064644,0.008180711493535435,0.0086504418105908601,0.0083687506274545756
2016-09-22,0.0062815504527186476,0.0082208433891520043,0.0082313844541938835,0.0081840195483071886
2016-09-23,-0.0054943398106107565,0.0083107118492038515,0.0077615788353329407,0.0079560753745683555
2016-09-26,-0.0081350422049183187,0.0084970092316958099,0.0078376952702201349,0.0079741528074656256
2016-09-27,0.0061886723076069235,0.0085385961390961052,0.007536810114713851,0.0078139854229595813
2016-09-28,0.0049512349868912559,0.0086021634929937651,0.0070954739759430891,0.0075765430217708098
2016-09-29,-0.0090884768904712209,0.0088159889015262307,0.0075363574220145895,0.0077410364269607009
2016-09-30,0.0075179176112604449,0.0089748263971374635,0.0075326730710832991,0.0077190147679706668
2016-10-03,-0.0024070172146273107,0.0089345154197526845,0.0068228789562003256,0.0073623531072942667
2016-10-04,-0.0051109003966330838,0.008981994117472929,0.0065165636936678397,0.0071690968214460186
2016-10-05,0.0044155858342283761,0.0090360759145679745,0.006154019950470711,0.0069430608623059402
2016-10-06,0.00069531456240467214,0.0090229509686909418,0.0055130991020270644,0.0065904348079611
2016-10-07,-0.0034354990132211606,0.0072566350114670452,0.005164875609439787,0.006345920989830482
2016-10-10,0.0051949667545664194,0.0066227874194202058,0.0051709078472739079,0.0062403853924544606
2016-10-11,-0.012710170440346127,0.0064385891770492882,0.0073280500064156762,0.0071556280034660805
2016-10-12,0.0013113964669603077,0.0064447172883557073,0.0065805931082186077,0.0068010798393302787
2016-10-13,-0.0032810519802997169,0.0060933538012505513,0.0060660056828388421,0.006534963541795254
2016-10-14,0.00051654987165966366,0.0060325980134470786,0.0054305160628957561,0.0062017623318154505
2016-10-17,-0.0034782844825402399,0.0060823851071597577,0.0051002055209364953,0.0059854420649138804
2016-10-18,0.0062427865911802161,0.0062405063279775972,0.0053482851428506301,0.0060116722701340289
2016-10-19,0.0026633935687995478,0.0057485194101707989,0.00492971157734953,0.0057650281582470068
2016-10-20,-0.0018682470383796215,0.0055899104603230141,0.0044877293131344318,0.0055010025812104657
2016-10-21,0.00046730578740353121,0.0054542303940750964,0.0040193838396153456,0.0052208010811110083
2016-10-24,0.0042437295845403691,0.005228780512432858,0.0040652435741870907,0.005131472655519778
2016-10-25,-0.0033562916428917814,0.0050978816267404489,0.0039336882149459415,0.0049824973469262384
2016-10-26,-0.0020097892113622364,0.0049964610795234302,0.0036313871884921995,0.0047693476596202457
2016-10-27,-0.0026702151781827781,0.004603379754555435,0.0034605762742288691,0.0046027181423885137
2016-10-28,-0.0029597596492894631,0.0043362610349521116,0.0033663787600501857,0.0044657060568964162
2016-10-31,4.6959620353600895e-05,0.0043027413854385367,0.0030110539360965242,0.00423656677612139
2016-11-01,-0.0072716545314031452,0.0044554872088194931,0.0042223865964263708,0.0046304799109908269
2016-11-02,-0.0060370140704535781,0.0045495904540216502,0.0046424074178292186,0.0047897561184434122
2016-11-03,-0.0045872476173952964,0.0046611953635795258,0.0046314280138152171,0.0047698921766722744
2016-11-04,-0.0011024607462289005,0.0046040613081074272,0.0041717123938638211,0.0045385268765392364
2016-11-07,0.021817361500660718,0.0066066526843996413,0.010446147615642625,0.0081325352672591174
2016-11-08,0.0044938278817189849,0.0060481536449298557,0.009557013017273748,0.0078449834792014388
2016-11-09,0.010546006402111925,0.0064849893623405265,0.0097628299409827386,0.0081554407798345111
2016-11-10,0.0024927912572340772,0.0064674200681110461,0.0088030154160757754,0.0077769848725108897
2016-11-11,-0.002307969504275057,0.0064869497693864631,0.0079410206509659027,0.0074139069767433195
2016-11-14,0.00078535845687332389,0.0064425486850126475,0.0071113433867596382,0.0070378330318643665
2016-11-15,0.0077723255128411863,0.0065252024130662287,0.0072483634419805709,0.0071146952706154093
2016-11-16,-0.0018800361700619579,0.0065115520474312606,0.006537424972401641,0.0067757253127926952
2016-11-17,0.0051276596194240118,0.0065985178165417664,0.0062808374322504794,0.0066293813799060365
2016-11-18,-0.0022402847600360883,0.0066166806202638019,0.0057063920511560571,0.0063289584698294054
2016-11-21,0.0075232326585073037,0.0067609135383423563,0.0061131116561047531,0.0064583315759525629
2016-11-22,0.0019514088793397986,0.0067332842672838348,0.0055369401855967599,0.0061579088765495674
2016-11-23,0.00054364861444375259,0.0067193699169748001,0.004958354168300037,0.0058444343558891844
2016-11-25,0.0037087862697937151,0.0067439739327792908,0.0047348959825576692,0.0056672022379450236
2016-11-28,-0.0047059168450072344,0.0067934128547096715,0.0047291143613722407,0.0055785328196941222
2016-11-29,0.0019483294811486614,0.0068073597923565838,0.0043186590126765437,0.00532800378707404
2016-11-30,-0.0024020980562925133,0.0066321039734756494,0.0040093225797666523,0.0051113471244645685
2016-12-01,-0.0036822247779389021,0.0065452628011724726,0.0039460727187869736,0.0049868988776214131
2016-12-02,0.00050087760124722632,0.0064653590016192251,0.0035365756878441173,0.0047336383692887498
2016-12-05,0.0059907214060168322,0.0065980704136281683,0.0041453157502875137,0.0048739586874052615
2016-12-06,0.0031626167797988635,0.0044983082692789094,0.0039682922164123013,0.0047307653130826974
2016-12-07,0.012995954245800696,0.0052602085673369003,0.0068100543201695379,0.006085360225871128
2016-12-08,0.0024456036839293539,0.0047337015631699559,0.0061885109154543472,0.005824649852878519
2016-12-09,0.0060224260552126279,0.0048898579586809827,0.0061556524429713273,0.0058447286401358588
2016-12-12,-0.0011486949287283067,0.0048693274377892143,0.005529696701156793,0.0055566822469051208
2016-12-13,0.0066520411034346897,0.0050884175185618346,0.0057716519865446125,0.0056757387993055103
2016-12-14,-0.0082887093252914917,0.0051290033888941418,0.0063553216896442251,0.0059885624363502435
2016-12-15,0.0041093302230288736,0.0051936768004319884,0.0059740614325155348,0.0058279714770105477
2016-12-16,-0.001958144917805688,0.0050844223491630083,0.0054146462768496061,0.0055634665034559596
2016-12-19,0.0021750086851518888,0.0050830050141023961,0.0049397214495169942,0.0053225942790727015
2016-12-20,0.0038502919285178356,0.0048732151489985567,0.0047419013049637094,0.0051941778624857151
2016-12-21,-0.0027868475999698506,0.0048934805644840979,0.0044206115298570138,0.0050058153436746715
2016-12-22,-0.0017286423029087793,0.0049072175980645659,0.0040287821833160662,0.0047802917223337396
2016-12-23,0.0014630246048034882,0.0048476852027248083,0.0036623703940666702,0.0045585210490878799
2016-12-27,0.0024778469415744158,0.0047644260336796506,0.0034580790355113029,0.0043950057208229556
2016-12-28,-0.008299007721633821,0.0050944707772481767,0.0048312890956163845,0.0049266439564711424
2016-12-29,-0.00022253675087273984,0.0050663206448968347,0.0043223822114009337,0.0046743545936309937
2016-12-30,-0.0036619022047611454,0.0050655841024511922,0.0041986064279228514,0.0045831849794681764
2017-01-03,0.0076213819001259798,0.0053433951270529384,0.0050714622312297312,0.0049712747165266604
2017-01-04,0.0059311322179752416,0.0053400702996255454,0.0052546597613596733,0.0050754357463344852
2017-01-05,-0.00079444908433273364,0.0052960174685823544,0.0047133204045175445,0.0048215306852090667
2017-01-06,0.0035713478263898562,0.0044989761006739275,0.0045081278207172708,0.0047114641952664049
2017-01-09,-0.0033065395737176739,0.0045264110819854611,0.004294789162328257,0.0045903622702577283
2017-01-10,0,0.0043214484265805594,0.0038413762063981447,0.0043548000177947464
2017-01-11,0.0028219831993018868,0.0043597156972087518,0.0036602806945224661,0.0042266078352741479
2017-01-12,-0.0025128159659997189,0.0041364659580792294,0.0034613541607226082,0.0040876908911730405
2017-01-13,0.0022928472453043348,0.003733372862828543,0.0032613199473252095,0.003945124838155456
2017-01-17,-0.0035298551529096733,0.003703611353643335,0.0033167667568223184,0.0039055853248674902
2017-01-18,0.0022075410397250353,0.0037106175166652404,0.0031265637469502154,0.0037703528748706402
2017-01-19,-0.0037112283580208213,0.0037710489273181679,0.0032519169540549896,0.0037644822105408551
2017-01-20,0.0036673112488224634,0.0037619185537799745,0.0033391324412194523,0.0037548782752180772
2017-01-23,-0.0026056548500435028,0.0037554196953042259,0.0032058901739632929,0.0036562471873889677
2017-01-24,0.0063912982242448771,0.0039995251626749875,0.0040486941159167183,0.0040144985296901451
2017-01-25,0.0086181271879706475,0.0044275032793391926,0.005288474494692651,0.0046831389284538406
2017-01-26,-0.0010460640538668996,0.0043989216309801935,0.0047532325827556818,0.0044551134891671453
2017-01-27,-0.001571073280616549,0.0040037792921153786,0.0043090869379985419,0.004255591581264569
2017-01-30,-0.0062207867155124165,0.0042382404199965175,0.0047533379496268588,0.0044909767837149261
2017-01-31,-8.7994573361227201e-05,0.0041584363193486063,0.0042516968306405035,0.0042606055355047731
2017-02-01,0.00039552539835364703,0.0037942247608353844,0.0038069448144005666,0.0040439000494981083
2017-02-02,0.0006588096887671,0.0035579385290757629,0.0034177579049891427,0.0038420330386266938
2017-02-03,0.0068692496671366645,0.0038712657695868422,0.0043338404995551067,0.0042430832164659319
2017-02-06,-0.0017893218270739147,0.0038090754815261912,0.0039580390726514907,0.0040649165949320177
2017-02-07,4.3574399482190783e-05,0.003736641642270562,0.0035402314029123498,0.0038563430999079113
2017-02-08,0.00130959620324864,0.0037480985677445311,0.0032201861983503447,0.0036818131559522341
2017-02-09,0.0059153121703018081,0.0039242335962933628,0.0039107368789092645,0.0039622298155231632
2017-02-10,0.0039384778611081823,0.0039823959506119361,0.0039163007955641807,0.00395986103116796
2017-02-13,0.0054277131725399786,0.0041315400999026456,0.0042616831878662812,0.0041301884310383135
2017-02-14,0.003987208611384096,0.0041522910968057368,0.0042082206901649993,0.004116113953641711
2017-02-15,0.0052066928482443608,0.004284080064763802,0.0044259718915621261,0.0042378201605334188
2017-02-16,-0.00085138250282981818,0.0042072465833777753,0.0039769777697572523,0.0040293539132637158
2017-02-17,0.0015750496614062031,0.0041415581965429105,0.003626187809820922,0.0038548932288832382
2017-02-21,0.0059374314584378614,0.0043099520938934327,0.0041916594435145362,0.0041108990327963068
2017-02-22,-0.0008882467112289389,0.0040709583040231508,0.0037701198331519226,0.0039100434772598057
2017-02-23,0.00067663824783917867,0.0035891485992662728,0.0033856477531999927,0.003715559167406656
2017-02-24,0.0012684557133010206,0.0035927321305944484,0.0030808902197773502,0.0035476386404917682
2017-02-27,0.0015615459692987679,0.0035925244453258801,0.0028427438857382896,0.0034016185136758908
2017-02-28,-0.0027031361340956314,0.0033669971443768569,0.0028153762149689052,0.0033383532103822785
2017-03-01,0.013900498962829641,0.0045823003163014374,0.0067071490865028257,0.0054177974383604896
2017-03-02,-0.0063171261652323956,0.0047942630634032072,0.0066309799948690313,0.0055143344542692829
2017-03-03,0.00062929761128610313,0.0047940648290349759,0.0059376021802236565,0.0052351406451540744
2017-03-06,-0.0029826526884537906,0.0045900478089573671,0.0054757044416646064,0.0050552595900788186
2017-03-07,-0.0029910521846102539,0.0046212308876559345,0.0050770020622592582,0.0048882229785354161
2017-03-08,-0.001858090920545649,0.0046398604584687083,0.0046164120619752568,0.0046744520198623183
2017-03-09,0.001267064166953491,0.0046392699364708415,0.0041677450235584257,0.0044526392934655249
2017-03-10,0.0034983673153762217,0.0045149981543186448,0.0040427458044966598,0.0043666067371897731
2017-03-13,0.00050469794206997403,0.0044297137538463231,0.0036229792870462576,0.0041456001928329963
2017-03-14,-0.0038341648235509906,0.0043456186465858776,0.0036661897264495366,0.0041155173249970475
2017-03-15,0.0086165044611510189,0.0046692309058850223,0.0050598011338457149,0.0047611080096989309
2017-03-16,-0.001969065066358956,0.0045431371972956833,0.0046105003479410076,0.0045595017551891461
2017-03-17,-0.0017578247899250026,0.004556133271179541,0.0041980186237207543,0.0043610945219317481
2017-03-20,-0.0010972498440219613,0.0045491218024982256,0.0037867505510828518,0.0041518220829319524
2017-03-21,-0.012923035414831011,0.0052232266631299044,0.0066986978328251474,0.0056757685277666952
2017-03-22,0.0023508717311280644,0.0052458533679699392,0.0060830388543589358,0.0054355839918384056
2017-03-23,-0.0010679204054350744,0.0052491054754059616,0.0054617561426139579,0.0051676940116778779
2017-03-24,-0.00072666283306137118,0.0052439547329047554,0.0048959403492787367,0.0049078874422498258
2017-03-27,-0.0010265679393180068,0.0052373497149554851,0.0044030618743964526,0.0046673340789596101
2017-03-28,0.0072501627837004527,0.0054491033948971257,0.0051012287905799619,0.004986190199257493
2017-03-29,0.00093459666542862019,0.0044805365508886882,0.0045817815666484565,0.0047395390625626626
2017-03-30,0.0031789654962410831,0.0043110549423303439,0.0043376655224719582,0.0046073299898781676
2017-03-31,-0.0023302527506402224,0.0043401495176670678,0.0040172489746400841,0.0044325780828152724
2017-04-03,-0.0017405770722984737,0.0043062242637767027,0.0036764865249745812,0.0042409827244036255
2017-04-04,0.00063694515503220808,0.0042563520422906828,0.0033006639272666854,0.004028388131110618
2017-04-05,-0.0029770901464393502,0.0042880136312123205,0.0032385365578626538,0.0039359149400600918
2017-04-06,0.0028073077424865833,0.0043244464569878825,0.0031570065855958131,0.0038380179064136637
2017-04-07,-0.0010200503052658243,0.0042592174864585237,0.0028603239309999222,0.0036553240030788
2017-04-10,0.00059524324582126988,0.0042598020285457361,0.0025721635438944869,0.0034728497898563371
2017-04-11,-0.0011908410172034314,0.0041811215533762332,0.0023614488567154485,0.003316086146263407
2017-04-12,-0.0043911790244836263,0.003838449250531882,0.0028840324560100135,0.0034387541230804187
2017-04-13,-0.0065160305410144328,0.004082004959294225,0.003891766355800652,0.0038585479559344088
2017-04-17,0.0088209475245546436,0.0045164945311210371,0.0052610359569863086,0.0046022238774874602
2017-04-18,-0.0029889578826916298,0.0045590808777494999,0.0048917863115086257,0.0044671920799440202
2017-04-19,-0.0018402047689835095,0.003550252654784136,0.0044520702344334672,0.004277716672523098
2017-04-20,0.0081062657098219509,0.0039513973738289987,0.0053850768099916466,0.0048000133659363278
2017-04-21,-0.0031919686148655169,0.004008235483127183,0.0050236415603887525,0.0046642236058833317
2017-04-24,0.010937708317218051,0.0046926775838724748,0.0066420081502750585,0.0056163003823126723
2017-04-25,0.0058020413260459714,0.0048633028896969488,0.0064827273985943058,0.0056351499838818361
2017-04-26,-0.00062926332403121226,0.0045872944743035058,0.0058051527185580916,0.0053496748536575739
2017-04-27,0.00083853545561845546,0.0045863661141627614,0.0052058108696620715,0.0050820697660405546
2017-04-28,-0.0021816119776364375,0.0045571300829441112,0.0047573374499552557,0.0048703832373140641
2017-05-01,0.0025170954740044555,0.0045620959196452206,0.0044014726643758859,0.0046885121897041297
2017-05-02,0.00037704431700232277,0.0045462453600374677,0.0039404062957511471,0.0044495110000315951
2017-05-03,-0.0012155942959086446,0.0045521363546963895,0.0035660868355839783,0.0042386436833834612
2017-05-04,0.0011734776211867334,0.0045108363516224489,0.0032324897835299491,0.0040382168366694315
2017-05-05,0.003929375211664283,0.0045525372300256207,0.0033833696326752037,0.0040274650406140824
2017-05-08,-0.00016694028817270163,0.0045469730098711232,0.0030270985892451589,0.0038211535030685767
2017-05-09,-0.00091815431301548432,0.0045496591293784985,0.0027384780743525796,0.0036366734000818413
2017-05-10,0.0017940594304431097,0.0045595422510513609,0.0025774288698158523,0.0034963865634355601
2017-05-11,-0.0020447522266740896,0.004475975140826152,0.0024800633050117708,0.0033794005781683117
2017-05-12,-0.0016725980315853005,0.0042486821450286446,0.0023409587848882197,0.0032493186760424392
2017-05-15,0.0055085638872800066,0.0039595527541567291,0.0032330984590768878,0.0035407191759097346
2017-05-16,-0.00091607505000167871,0.0039081100581466093,0.0029206470543897277,0.003371489641703349
2017-05-17,-0.017903467949408905,0.0055794905482286468,0.0084220529739579934,0.0065025890709203569
2017-05-18,0.0040205890782875975,0.0053528865499544564,0.0077445340947156303,0.0062985563279510434
2017-05-19,0.0064829720159904018,0.005499582488041682,0.0075091964887991315,0.0063172401609204627
2017-05-22,0.0050645735514991659,0.0050543278132779371,0.0070880467392380768,0.0062033669447749285
2017-05-23,0.0022104023829194928,0.0049099225453502291,0.0064163463903519164,0.0059263963060037783
2017-05-24,0.0023301096588145514,0.0049354849139567804,0.0058327937564434619,0.0056703524546930758
2017-05-25,0.0047679838197212847,0.0050458436099065449,0.0056359489303212697,0.0055866782827465383
2017-05-26,-0.00020660946749916494,0.0050224197921111087,0.0050417927139623292,0.0053003910760081336
2017-05-30,-0.00086938043540002799,0.0049945673690520512,0.0045262460698400142,0.0050359024252768867
2017-05-31,-0.00024840803455920824,0.0049941646359258135,0.0040499214928342072,0.0047781222847874064
2017-06-01,0.0079207117076667746,0.0052919448819803679,0.005066460901821928,0.005178916364177044
2017-06-02,0.0033229522651963671,0.0053374084287588098,0.0047690274907057255,0.005024266952711018
2017-06-05,-0.00073739983536692702,0.0052671735478853794,0.0042782765536048964,0.0047721387681639738
2017-06-06,-0.0032020845599348147,0.005315485961509196,0.0040857789124100806,0.0046391068249448091
2017-06-07,0.0018488916522055767,0.0053275848803145008,0.0037468055093899675,0.0044397095574017125
2017-06-08,0.00049201230219784987,0.0053135987805096162,0.0033584604272283484,0.0042147510566137953
2017-06-09,-0.0015188005968772504,0.0053047732448675486,0.0030797331383777384,0.0040272061466495425
2017-06-12,-0.00020557122742079052,0.0052917721934316667,0.0027561307786108866,0.0038210962256667916
2017-06-13,0.0048780782084283866,0.005260743435346521,0.0032918285035149963,0.0039395765546539254
2017-06-14,-0.0012684659956030823,0.0052644004517874406,0.0029984511191018756,0.0037588745237346157
2017-06-15,-0.0019261296422328352,0.0034456788381882911,0.0028168355242456436,0.003617626494890237
2017-06-16,0.00021846671980883076,0.0033266848685289591,0.0025213479406965217,0.0034326771012789773
2017-06-19,0.0082906773787935501,0.0035216689901885665,0.0043396800147351292,0.0041807269718799438
2017-06-20,-0.006767007755111889,0.0036618679538475631,0.0049218631528905876,0.0045066472690724795
2017-06-21,-0.00024696687163949078,0.0036287783906542572,0.0044036335047053076,0.0042760942354704177
2017-06-22,-0.00045276237861314604,0.0035926051475146316,0.0039439306775484791,0.0040591850286368749
2017-06-23,0.0011931912500420889,0.003441120969778784,0.0035676900682769241,0.0038693223338146011
2017-06-26,0.00065819618657513685,0.0034439570650705519,0.0032045864604703447,0.0036766577230771739
2017-06-27,-0.0080890177447689587,0.0038851846227349229,0.0046154025957809248,0.0043254192419828431
2017-06-28,0.008910613450939988,0.0043659507359517765,0.0057377137704252524,0.0049777735649817537
2017-06-29,-0.0088276832504779121,0.0044520828507000855,0.0064747730279304536,0.0054857274681563307
2017-06-30,0.0018628792768667054,0.0044093601669253652,0.0058508300650940495,0.0052374533114305016
2017-07-03,0.0016943094096298664,0.0044225335922507296,0.0052877128170503752,0.0049974887601703438
2017-07-05,0.0023092962872094847,0.0043946306517434969,0.0048409188525426619,0.0047969458462065193
2017-07-06,-0.0091866606243114646,0.0048333834132497115,0.0059687974462849132,0.0053989900767571009
2017-07-07,0.0064640449491961587,0.0050436777523413558,0.0060710797873909971,0.0055147594847420427
2017-07-10,0.0010733625802427148,0.0050379512570332277,0.0054513144537466441,0.0052427593574341765
2017-07-11,-0.00074275139678768522,0.0050404785361746179,0.0048871054159274766,0.0049792610973627667
2017-07-12,0.0074867015156769214,0.0051979973549918027,0.0055061038306662867,0.0052838250280098364
2017-07-13,0.0016787613720418454,0.0052038099687262505,0.0049817056781903853,0.0050407092961593028
2017-07-14,0.0046533785430650223,0.0052893133783066017,0.0049177941746582944,0.005003325731356487
2017-07-17,-0.00012233649565652612,0.0052891585284862161,0.004398949065296886,0.0047467292063552019
2017-07-18,0.0005293497382124195,0.0049550420711396391,0.0039416550498908689,0.0045062529286707259
2017-07-19,0.0053991310335264201,0.0048703545070904212,0.0042731064589244397,0.0046033406894511898
2017-07-20,0.00044551200344919195,0.0048710601967346364,0.0038271722245654003,0.0043693842869863249
2017-07-21,-0.00089051144254534008,0.0048740771724607845,0.0034462153030605527,0.0041547163808805425
2017-07-24,-0.00024316611071305784,0.0048670729913382667,0.0030843063861294411,0.0039422600574722782
2017-07-25,0.0024277271125625133,0.0048950415053058416,0.0029646464364961474,0.0038179390799192056
2017-07-26,4.0445338662423452e-05,0.0045486154735456044,0.0026517220743937984,0.0036220376197271657
2017-07-27,-0.00093008873356156113,0.0040942892393173421,0.0024079694720493261,0.0034487312699131491
2017-07-28,-0.0011736766928927018,0.0035966207258513287,0.0022167897912398274,0.0032927381208977188
2017-07-31,-0.00056714991624995359,0.0035746674862131567,0.0019989140522635187,0.0031289100022662795
2017-08-01,0.0022264235295814359,0.0035892285389572454,0.0020464403869363064,0.0030506992961223103
2017-08-02,0.00048500646845332877,0.0035535447937913023,0.0018431985407751197,0.0028982085334339214
2017-08-03,-0.001941652131672873,0.0029319694030103764,0.0018633054737907005,0.0028172065478032069
2017-08-04,0.0018204580462218829,0.002583206166729691,0.0018548151742255907,0.0027339338341467109
2017-08-07,0.0018573110479037944,0.0026053462255198087,0.0018553146175684342,0.0026593072822465387
2017-08-08,-0.0024638569135396809,0.0026577762354040783,0.0019919518172410548,0.0026404133745132129
2017-08-09,-4.0331129943267779e-05,0.0020642967006316813,0.0017817471632575854,0.0025049485362940447
2017-08-10,-0.014215968817744201,0.0037716173390708167,0.0065542697723267578,0.0050849451713111966
2017-08-11,0.0014759698805929195,0.003640236958433833,0.005899360915932547,0.0048465296207243691
2017-08-14,0.0098640626175754594,0.0042562381710627532,0.0068776386672924246,0.0055560721342012643
2017-08-15,-0.00012177899036903286,0.0042546791086601459,0.0061517881087345483,0.0052710935124177542
2017-08-16,0.0017429458139799688,0.0040983724241866071,0.005557262776755144,0.0050308816469913416
2017-08-17,-0.015713619793462318,0.0053974646669289906,0.0086075609238985221,0.006889889537052097
2017-08-18,-0.0015644704189058591,0.0054051228185734356,0.0077305625658955846,0.0065550192081080217
2017-08-21,0.00078250501608729541,0.0054076808246237467,0.0069232753006233444,0.0062235585115606312
2017-08-22,0.010402967910290611,0.005861689689967955,0.0077453044471527547,0.0067588154750955086
2017-08-23,-0.0035918416960627362,0.0059164508422435477,0.0071114033873197185,0.006511801643225088
2017-08-24,-0.002333532303025482,0.0059357734092982898,0.0064456746048492533,0.006221554619029266
2017-08-25,0.0023335323030255171,0.0059528815516541097,0.0058588780061656492,0.0059482354518574938
2017-08-28,4.0559379169873981e-05,0.0059515374542894938,0.0052403711896728258,0.005643006202192654
2017-08-29,0.0011443166633429858,0.0059361960053941273,0.0047149850784115191,0.0053656419150728578
2017-08-30,0.004726585037610349,0.0060285729452850796,0.0047173073522155653,0.0053052014529595629
2017-08-31,0.0059979615092552417,0.0061606792011861082,0.0049997499314980848,0.0053784942537374314
2017-09-01,0.001413293435595104,0.0061553338464927481,0.0045163568469543374,0.0051220230600073965
2017-09-05,-0.0072080998607914285,0.0063492904899290128,0.0051681064284564947,0.0053672412433984108
2017-09-06,0.0034080861184358174,0.0063710841095151842,0.0048672856339871465,0.0052046186995226389
2017-09-07,-0.00012160138370336414,0.0063711357500323825,0.0043537722647788825,0.0049376845703558775
2017-09-08,-0.0011753174191949799,0.0055277256467538317,0.0039294453239635367,0.0046990204434843412
2017-09-11,0.010609122948632326,0.0060062052044797011,0.0059045008587563542,0.0055792528881002607
2017-09-12,0.0033651514417662254,0.0056369962394388412,0.0054913890007945972,0.0053988592251548581
2017-09-13,0.00047964239098040323,0.005637950686063522,0.0049163293106832652,0.0051240529390374455
2017-09-14,-0.00031978283115933944,0.0056249184870463534,0.0043996235435191005,0.0048621551575163541
2017-09-15,0.0013456121076173676,0.0044027660887730139,0.0039808898814942557,0.0046322310707264201
2017-09-18,0.0021244136572416712,0.0044144793030686863,0.0036851884722876337,0.0044455732546040006
2017-09-19,0.0010005900889642864,0.0044166809754065768,0.003326368495259063,0.0042292939669002346
2017-09-20,0.00036013515309713022,0.0037553253704328193,0.002979550529643841,0.0040138764860745873
2017-09-21,-0.0026831651207494499,0.0037171724539760021,0.0029226789252331494,0.0039012845970829752
2017-09-22,0.00020053306279900441,0.0036806403080983856,0.0026156613660519414,0.0037016267650346298
2017-09-25,-0.0020465826063972431,0.0036720933328791886,0.0025121798459598614,0.0035708103664769762
2017-09-26,0.00060230908947792603,0.003674551129618044,0.002263049559910493,0.0033929184531804281
2017-09-27,0.0038868736737008155,0.0037672592584851979,0.0026680839641118033,0.0034455021060028229
2017-09-28,0.0011988648459497417,0.0036258896647163781,0.0024458930915743768,0.0032906023731390441
2017-09-29,0.0035087954497612286,0.0034588843610021038,0.0026922562125440497,0.0033130683861224458
2017-10-02,0.0043295125666730581,0.0035778827620925645,0.0030899078666169985,0.0034283010113625645
2017-10-03,0.0021376080984923701,0.0032298418379634402,0.0029243628666588764,0.0033218759579991303
2017-10-04,0.0011859643055711019,0.003149833537733343,0.0026688613316417182,0.0031736453843661003
2017-10-05,0.0059075117502918727,0.0034155009478253179,0.0035606173147353583,0.0035432600851646612
2017-10-06,-0.0011394837740444684,0.0034148937518417785,0.0032252257570372822,0.0033806900412696869
2017-10-09,-0.0016524664949192371,0.0024840203552406129,0.0029778841566541004,0.003249495836481269
2017-10-10,0.0026351175163654627,0.0024395362531025111,0.0029125597170482904,0.0031933814843647791
2017-10-11,0.0015693453932072144,0.002462311218591022,0.0026979570561693669,0.0030698861983033655
2017-10-12,-0.0014911317596256687,0.0024837546538400705,0.0025035719694988059,0.0029502760101279635
2017-10-13,0.0012166689028122221,0.0024804269278125087,0.0023044206927082919,0.0028251980469074993
2017-10-16,0.0013328987950482726,0.0024526907743854932,0.0021456019255104053,0.0027131589565687203
2017-10-17,0.00070445502634060395,0.0024475387336375001,0.0019447718310975392,0.0025835506690718908
2017-10-18,0.00097835388054618323,0.0024559763439434903,0.0017936402212094641,0.0024704206696944571
2017-10-19,0.00027397800348654051,0.0023823526703805708,0.0016089527599625674,0.0023452477164188214
2017-10-20,0.0051470023151158383,0.0026454064361069451,0.002714647261320426,0.0027566884933578743
2017-10-23,-0.0038970553483184027,0.0027473809734633666,0.002988788363248058,0.0028910382811813892
2017-10-24,0.0017555988059953342,0.0027720154688900532,0.0027861640543500039,0.0027983039194647607
2017-10-25,-0.0049623326831661294,0.0028565569651104903,0.0033369323100544599,0.0030838172625764541
2017-10-26,0.001291554871230689,0.0028585764898369499,0.0030400191760231151,0.0029539376121726153
2017-10-27,0.0081429409584600678,0.0032971581165427313,0.0045447630040590581,0.0038057747463879025
2017-10-30,-0.0037317288757197156,0.0032604152668530783,0.004394207174317934,0.0037984351144132429
2017-10-31,0.0015566080597970669,0.0032439159554129762,0.0039914722951596192,0.0036369769385781528
2017-11-01,0.0013212992175026775,0.0032465299536870293,0.0036186526761843385,0.003475546617266369
2017-11-02,0.00038807395842991059,0.0029669095126167648,0.003241271051937365,0.0032994760189511418
2017-11-03,0.0033334238749302115,0.0030484777560264489,0.0032599100250915933,0.0033028865061739228
2017-11-06,0.0015463096175228419,0.0030456917153265373,0.0029966356775562265,0.0031713184464388891
2017-11-07,-0.00069552318675871372,0.002992195420376458,0.002698260700500619,0.0030166056868909984
2017-11-08,0.0016994718454143068,0.0029957472211838252,0.0025302429837792367,0.002911827491198679
2017-11-09,-0.0036343836636902635,0.0030860597770858761,0.0027862972864629819,0.0029919458327550348
2017-11-10,-0.00030983073257037771,0.0030748252862457187,0.0024959889966523893,0.0028400995383631731
2017-11-13,0.00092933961268652917,0.0030673935493883771,0.0022708375724101249,0.0027103350458200681
2017-11-14,-0.002325038209495498,0.0031071498960306533,0.0022817806992212054,0.0026743045305465548
2017-11-15,-0.0050180884810774543,0.0032962982663618935,0.0030333909949518834,0.0029924631075894433
2017-11-16,0.0084650852448422895,0.0038006200117379576,0.0046575425261712287,0.0039019378167136575
2017-11-17,-0.0029429523012250609,0.0036814642799295138,0.0043687933752847539,0.0038168971269447018
2017-11-20,0.0017048058828164903,0.0035971023588311146,0.0039812506909717082,0.0036609383523516781
2017-11-21,0.006521836548143211,0.003861574370585472,0.0046029507974373867,0.0040392645189213754
2017-11-22,-0.00088526941172205548,0.0037040119375088654,0.0041359962791532737,0.0038421949796396968
2017-11-24,0.0023070238194844764,0.0037285944642883374,0.0038405265208913122,0.0037173178402954078
2017-11-27,-0.00049947194733591894,0.0032556897760354993,0.0034423261918898286,0.0035300926270875979
2017-11-28,0.010093747192956503,0.0038726492892403679,0.005464104150559361,0.004626421057336667
2017-11-29,-0.00060867321294010902,0.0038593762758858084,0.0048948180712420969,0.0043932269378904607
2017-11-30,0.0087168650078394711,0.0043135461555437616,0.0058620936766163841,0.0049968762433659861
2017-12-01,-0.0020772885359373184,0.0043376153297892406,0.0053248792804201639,0.0047857504885354708
2017-12-04,-0.0012109199744327393,0.0042816629213366262,0.0047934055657470097,0.004556281343718117
2017-12-05,-0.0036031497882485415,0.0043430655210478335,0.0045801667233299082,0.0044701228791228934
2017-12-06,0.00018968754244464803,0.0043404872495074178,0.0040975038796260636,0.0042411551298423425
2017-12-07,0.0031484110032723302,0.0043807583735861293,0.0039260831376762484,0.0041448650564767297
2017-12-08,0.0054382118794267372,0.0044731771839797447,0.0042715492192252954,0.0042917747549604075
2017-12-11,0.0030085787555503593,0.004522951654788292,0.0040505821077323166,0.004181214190330222
2017-12-12,0.0017632643676036208,0.0045353459765788279,0.0037077746122434496,0.0040056468913126867
2017-12-13,-0.00011270397442080522,0.0045055197372535806,0.0033167174280194114,0.0038002574300538797
2017-12-14,-0.0040942996267083085,0.0044585661343360889,0.00348613675642751,0.0038306774628697371
2017-12-15,0.0082928887563894372,0.0044423562171913723,0.0048452987908674944,0.0044815043495091411
2017-12-18,0.0063212030539731385,0.0046151230482547817,0.0051742688283599519,0.0046980053124872417
2017-12-19,-0.0038477222949424624,0.0046791335670803508,0.00493755401978646,0.0046200243733601929
2017-12-20,-0.00052448626439911903,0.0044476204461060334,0.0044225070861397403,0.004386076979893576
2017-12-21,0.0020577783919237835,0.0044669749419005379,0.0040612492565242353,0.0042115732615287558
2017-12-22,-0.00026180695933679371,0.0044374738681576186,0.0036343782130766689,0.0039963068815967173
2017-12-26,-0.0011969341429207479,0.004444134706148929,0.0032944641848177644,0.0038100770276933375
2017-12-27,0.00048665689305672549,0.0038298809920426441,0.0029546848221679253,0.0036178310842847278
2017-12-28,0.0020554828939243581,0.0038549597605633695,0.0027980585955484803,0.0034931837300228993
2017-12-29,-0.0037778278127398885,0.0034314905109082746,0.0030195532980625459,0.0035226832972605031
2018-01-02,0.0071316528867184136,0.0037553154845110757,0.0041792650400758425,0.0040316764678210758
2018-01-03,0.0063052333599198252,0.0040021089959091493,0.0046823283273142299,0.0043133015660128133
2018-01-04,0.0042062113158673371,0.0040314206772545684,0.0045910566952022608,0.0043027124843294804
2018-01-05,0.006641788082950178,0.0042960704202501965,0.0050680283198313919,0.0045905703506651753
2018-01-08,0.0018266907759732416,0.0042576327252387179,0.0046060057184827237,0.0043931403857682657
2018-01-09,0.0022613028302817823,0.0041114965067793486,0.0042420430267743059,0.0042286006258791305
2018-01-10,-0.0015312934943508239,0.0040705121553845525,0.0038555045306641576,0.004040723067032799
2018-01-11,0.0072697360392855476,0.0043653255605595699,0.0047393822978268911,0.0044698551231661379
2018-01-12,0.0064979496476297938,0.0046007172942421513,0.0051394616037665217,0.004712109856762502
2018-01-16,-0.0034242547513829206,0.0045732604539861993,0.004845240611336653,0.0045995797016918126
2018-01-17,0.0094865390151645749,0.0046878387459482352,0.0060646491871042887,0.0052952773617269359
2018-01-18,-0.0016825055103993805,0.00448547577690057,0.0054763254805225581,0.0050516382078597466
2018-01-19,0.0045394577085939572,0.0045176961403593265,0.0053022116020127984,0.0050027803623194271
2018-01-22,0.008097934545239327,0.0048656604196644689,0.0059670819566863152,0.0053928364158526126
2018-01-23,0.00212067181566199,0.0048670104963378855,0.0054207290517233686,0.0051598586261937217
2018-01-24,-0.00038856788616989423,0.0048674339520299011,0.0048515605491625787,0.0048966136705167413
2018-01-25,0.0004236616567899688,0.0048609932287774944,0.0043435020029510014,0.0046472671339622493
2018-01-26,0.011511165101576007,0.00549934173546523,0.0064493559460507182,0.0057173485841375167
2018-01-29,-0.0066516690590555779,0.0056783575169787274,0.006490323100534154,0.0058175370627444279
2018-01-30,-0.010310081431509709,0.0060700110294554929,0.0074134331442546964,0.0064100812507487523
2018-01-31,0.00049651862898587959,0.0058578440394334392,0.0066344931183364162,0.0060831636959705121
2018-02-01,-0.0011359852678639718,0.0056913145696415148,0.0059557780059001026,0.005782165576119094
2018-02-02,-0.022009948743513329,0.0074651418629207216,0.011192166995844348,0.0088619342834338026
2018-02-05,-0.042722428678150272,0.012032579573581568,0.021569721001492376,0.015912293440465238
2018-02-06,0.019510519500631488,0.012792542741544666,0.021173907657838723,0.016307881879642674
2018-02-07,-0.0054395183950623456,0.012840284003410758,0.019094113346164818,0.015566346594412007
2018-02-08,-0.038230316293319813,0.015421851526140364,0.024165668796009065,0.019084961096537595
2018-02-09,0.014909511037007607,0.015694130347311572,0.022619512429742056,0.018709396515841532
2018-02-12,0.014577883519240116,0.015963091626382282,0.021255982960745684,0.018338179707330229
2018-02-13,0.0024840473054075708,0.015954389452214484,0.019044357366556353,0.017414850001709881
2018-02-14,0.013405836149789454,0.016094366834777035,0.01805805434090527,0.017056404803221265
2018-02-15,0.01267958270704366,0.016337860736766692,0.017118090570744805,0.016670513852088981
2018-02-16,0.00029317229562504969,0.016306429932370949,0.015311447019454505,0.015815309794086036
2018-02-20,-0.0062807878325309057,0.016266322409636345,0.013980056760367728,0.015134611031485057
2018-02-21,-0.0049871767934613698,0.01629760653915821,0.01270149503374822,0.014444306809391658
2018-02-22,0.0012953452586660754,0.016299948638632628,0.011375322621433391,0.013709193674952925
2018-02-23,0.015813975227731064,0.016678832146983631,0.012390913376099995,0.013933986269045967
2018-02-26,0.011545121113620164,0.016680005598436572,0.01222643659210821,0.01371383819957714
2018-02-27,-0.012565048784138578,0.016849462135264278,0.012294905106678562,0.013603325602312888
2018-02-28,-0.010181719752355883,0.016845558944340859,0.01190232064300434,0.013300833147206929
2018-03-01,-0.014647290154155088,0.017160643491804621,0.012499632439520432,0.013441549652285468
2018-03-02,0.0051417577635345102,0.017197239475314621,0.011414034496104467,0.012855018422361624
2018-03-05,0.011491249385194642,0.016677097889271741,0.011429519205511553,0.012725220234581589
2018-03-06,0.0025319979272367767,0.013681587958842598,0.010285394018511505,0.012098727551569106
2018-03-07,-0.00036630989130288994,0.012967634312516066,0.0092009945484235051,0.011478445270333185
2018-03-08,0.0048268657546425668,0.012955502819084252,0.0085080178153764743,0.010995867339276377
2018-03-09,0.017253053409262375,0.010471417845644364,0.010837096664050883,0.011772211936715821
2018-03-12,-0.0012559148227557807,0.0099304975621590866,0.0097092530965666862,0.011175160343317709
2018-03-13,-0.0064836562199501301,0.0094916245888649557,0.0091555030528230087,0.010798127968626066
2018-03-14,-0.0051447686107695305,0.0095449381867086323,0.0085060165607570414,0.010372390046174412
2018-03-15,-0.0010901060463242612,0.0090652876073487165,0.0076236159677639179,0.0098461495449847537
2018-03-16,0.0010838557111184516,0.008613918137690791,0.0068359757884051053,0.0093471636925987096
2018-03-19,-0.013622938193860606,0.009136438607837279,0.0086314159319591261,0.0098585478996648691
2018-03-20,0.0016991865298829152,0.0090358429262622185,0.0077574815349473686,0.009368062420123037
2018-03-21,-0.0019212301778937101,0.0089770494617910767,0.0069914977573714062,0.0089080663836903617
2018-03-22,-0.025314984759245727,0.010608767305419051,0.01293346525047453,0.011640581057777794
2018-03-23,-0.021544697683485322,0.011101826562732932,0.015055046275675851,0.012975754870284172
2018-03-26,0.02699132614646254,0.012369828063066609,0.018083967267143997,0.014979531425341858
2018-03-27,-0.017158035009009913,0.012642726447683727,0.017902612400691423,0.015211428009479085
2018-03-28,-0.0029591693773362163,0.012453633820912437,0.016067176519110792,0.014461136062536194
2018-03-29,0.012696707701445469,0.012346098947650262,0.015452009782814696,0.014294497166492455
2018-04-02,-0.021820880698145955,0.013225423142658364,0.016918683517079709,0.01521559948746176
2018-04-03,0.012735204307584789,0.013282268184256896,0.016168814653896833,0.014986045637931126
2018-04-04,0.010642343098662986,0.013481879348771424,0.015224859512507401,0.014609906027723281
2018-04-05,0.0078611792515393044,0.013595744502940899,0.014064021671820479,0.014081343424812058
2018-04-06,-0.022537988838215717,0.014459508428095246,0.016119229281906011,0.015141066787710225
2018-04-09,0.0049162209444260606,0.013978642738253779,0.014584151939314388,0.014447963038447767
2018-04-10,0.015775184192091004,0.014414104499286599,0.014830012727239505,0.014586120662936988
2018-04-11,-0.0052559082571062479,0.014389084307133137,0.0134710183844241,0.013937068614134514
2018-04-12,0.0081935487275039357,0.014459565243546094,0.012593709429742689,0.013473348413612043
2018-04-13,-0.0029376404703978821,0.014472425403138913,0.011340509691689163,0.012815653665750175
2018-04-16,0.008188396480459121,0.01458577566450801,0.010784048193423271,0.012430682390139725
2018-04-17,0.010641615511478731,0.014461252660761238,0.010755712551443978,0.012263526258197164
2018-04-18,0.00073982101833001642,0.0144572069754903,0.0096258895183387698,0.011636554566144503
2018-04-19,-0.0055627855607096521,0.014504258216884615,0.0089618701092070794,0.011178681508711865
2018-04-20,-0.0085159986946685383,0.013489151027488815,0.0088744881225318404,0.010941611015872141
2018-04-23,-0.00014968015068154696,0.012599587919298752,0.00793786573198795,0.010380231542462813
2018-04-24,-0.013558924251360769,0.011468009972162145,0.0093368439675343556,0.010740518091462805
2018-04-25,0.0024686810459089688,0.010821278286709543,0.0084237878321187665,0.010219212034025855
2018-04-26,0.010114533058891399,0.011035280627976506,0.0087879984611015476,0.010208792437731392
2018-04-27,0.00093804306626563854,0.010665884654125263,0.0078714114694057469,0.0096894525754776476
2018-04-30,-0.0077199915350773035,0.0096402005787251163,0.0078413614045576875,0.0095108763540145917
2018-05-01,0.0017753302869332498,0.0092185565920940623,0.00705832263835042,0.0090402583968595043
2018-05-02,-0.0067402647554843853,0.009032738829328521,0.006995867963908769,0.0088372372148309095
2018-05-03,-0.0022061738662257722,0.0088737716870572244,0.0063346014460547977,0.0084127169062601231
2018-05-04,0.012863167362364243,0.0078497662793264901,0.0080742773857928711,0.0089578196359162456
2018-05-07,0.0033777360959615843,0.0078090219796097815,0.0073781423453992316,0.0085649979264470436
2018-05-08,0,0.0069669220221923525,0.0065992111327929665,0.0081254704806575945
2018-05-09,0.0096193333463728062,0.0071960650764417702,0.0073038335732593792,0.0082869838229417438
2018-05-10,0.0093073822385583913,0.0072634708475781355,0.0077461126198644405,0.0083946070311237044
2018-05-11,0.0030466162480460176,0.0072657150855985507,0.0070610326927631568,0.0080218870312775033
2018-05-14,0.00047631219945451806,0.0070320315360926861,0.0063191708960025714,0.0076117206805987898
2018-05-15,-0.006910727748914317,0.0067952318864682995,0.0064418295735164883,0.0075445528926153874
2018-05-16,0.0041960299511286945,0.0068577068325684385,0.0060596260671380636,0.0072793486830623104
2018-05-17,-0.00084507939703517372,0.0067466007589821499,0.0054330549690105251,0.0069109653047436312
2018-05-18,-0.0025030995928086936,0.0064964440651247551,0.0049867394709705642,0.0066039267149314365
2018-05-21,0.007490263677298473,0.0067087903366920111,0.0055780701351058675,0.0066978405658922845
2018-05-22,-0.0027837193361087481,0.0060169012877141692,0.0051421505048153873,0.0064148165021085078
2018-05-23,0.0027472425410774667,0.0060229352378844492,0.0047605501538414306,0.0061473260722123601
2018-05-24,-0.0020507921340639163,0.005600968429534019,0.0043556193462261396,0.0058678131268817268
2018-05-25,-0.0023850903710575769,0.0056223912984453422,0.0040391666376862756,0.0056175593820284725
2018-05-29,-0.011567739693546804,0.0059432314887301468,0.006309866403112663,0.0064639412304970979
2018-05-30,0.013256379657590774,0.0066295543386081209,0.0081852215330644081,0.0074281520427901138
2018-05-31,-0.0061446067021538788,0.0066005486026590419,0.0078198158252674906,0.0073099464872283222
2018-06-01,0.0097695195114911419,0.006935132102125644,0.0082467155843986961,0.0075918467470088022
2018-06-04,0.0047403866066291741,0.0063989504454511513,0.0076746926570406271,0.0073566058644657754
2018-06-05,0.00072689809634069868,0.0063562985131886771,0.0068721468314144312,0.0069828735449547841
2018-06-06,0.0083259698222049715,0.0066233389965166352,0.0071864787172904853,0.0071285796620626498
2018-06-07,-0.00010809409464153144,0.0062643934245871571,0.0064279637483354371,0.0067628508509256328
2018-06-08,0.0029515988179172168,0.0059453219887888077,0.0058989288414353427,0.0064833425042081522
2018-06-11,0.0013293940821590263,0.0059136388504470554,0.0053095524205143754,0.0061649887174878735
2018-06-12,0.0012916312061035716,0.0059197294149799058,0.0047840087541170077,0.0058628669109349182
2018-06-13,-0.0031960036257024983,0.0057589938708400099,0.0045113500909013072,0.005653081592490272
2018-06-14,0.0025145914637993054,0.0057098017083192102,0.0041888492166826264,0.0054216155678172492
2018-06-15,-0.0012767162877965286,0.0057138102709957516,0.0037898769246490199,0.0051592174093200429
2018-06-18,-0.002058618192548043,0.0057049318906973014,0.0035125653667551363,0.0049375664790701186
2018-06-19,-0.003840066974992163,0.0055207201612057387,0.003580462992277285,0.0048390306776208546
2018-06-20,0.001704013900674753,0.0054987343634619115,0.0032918846981618787,0.0046222248372866344
2018-06-21,-0.0062884195475350953,0.0056423331646786555,0.0040716149098310069,0.0048148611861993131
2018-06-22,0.0018215563429085627,0.005638398664327954,0.0037317625703204389,0.0046039554916583233
2018-06-25,-0.013706231717121922,0.0063953222036236476,0.0069794698281232985,0.0061532791534756196
2018-06-26,0.0022115440844962075,0.0058697582888192438,0.0063204892779658139,0.0058792561289932668
2018-06-27,-0.0083184706899582777,0.005396974153990145,0.0067674410743089322,0.0061667481567876511
2018-06-28,0.0057009818436129364,0.0053725766762038997,0.0065680168811929661,0.0061217664072096009
2018-06-29,0.0014387005226433997,0.0049189325597239651,0.0059097418251628812,0.0058254104979289989
2018-07-02,0.0021355396562929775,0.0048270447221128053,0.005371419242321678,0.0055675775418761106
2018-07-03,-0.0035372772480123751,0.0048887174415810945,0.0050580808423045269,0.0053990147943169696
2018-07-05,0.0081246201208473347,0.0048717493936993178,0.0058025197860451906,0.0057302155182101045
2018-07-06,0.0084228900640281202,0.0052230845091650619,0.0064128312078283699,0.0060536221057886216
2018-07-09,0.0089641383666478214,0.0055554301222861127,0.0069979053016856032,0.0064044737649056032
2018-07-10,0.0035915161248245273,0.0056053000647658157,0.0064619146159681264,0.0061810561065496882
2018-07-11,-0.0073410692056510036,0.0058335699285722549,0.0066470543716507608,0.0063066662224426796
2018-07-12,0.0090251919761824562,0.0061312739836933347,0.0071859225919247713,0.0066288795416619452
2018-07-13,0.00078728030001031066,0.0061079745141219546,0.0064369207585509959,0.0062936333391099527
2018-07-16,-0.00089444076284988822,0.0061045764517368003,0.0057712359107162901,0.0059773607030415531
2018-07-17,0.0040368868799125126,0.006153761532268329,0.0054685484624308655,0.0058125383822354108
2018-07-18,0.002101509874982832,0.0061116521878405924,0.0049806913756720618,0.0055541584939510771
2018-07-19,-0.0037786526428323242,0.006158004553929077,0.0047646062190691051,0.0054029279560118496
2018-07-20,-0.0011436507757755542,0.0060007671110256207,0.004292174898302724,0.0051384103726504898
2018-07-23,0.0018576305027234289,0.0060013200297500948,0.0039278964475945258,0.004909991257675596
2018-07-24,0.0050192537305401384,0.0052803833294453907,0.0041690859915248539,0.0049210266750506259
2018-07-25,0.008486926077625764,0.0055892125971692547,0.0053207711145284069,0.005384946110000754
2018-07-26,-0.0023620905826984263,0.0052970202304139236,0.0048748721610658071,0.0051629281748769556
2018-07-27,-0.0067995968746655915,0.0053614447218312588,0.0053158636552285603,0.0053491771676436994
2018-07-30,-0.0052370466890328564,0.0054784057395117283,0.0053001940271471155,0.0053380701134462067
2018-07-31,0.0049173219289004423,0.0055672170528152844,0.0052258641745470003,0.0052974992947338231
2018-08-01,-0.0016723183950247858,0.0055234157581526408,0.0047336090733729472,0.0050533962620567018
2018-08-02,0.005432957776617375,0.0053556979509799098,0.0048815007864504538,0.0050926255923131152
2018-08-03,0.0042756876781732808,0.0051039516011282251,0.004766501963363666,0.0050169216052538173
2018-08-06,0.0036605439835954694,0.0047647153353197131,0.0045667876263920078,0.0048982150197311655
2018-08-07,0.0032968132949041107,0.0047540521366472134,0.0043426069313195984,0.0047623688571669489
2018-08-08,-0.00041999018668484588,0.0044626524009491984,0.0038886843944113451,0.0045199314811436497
2018-08-09,-0.0013670037489190443,0.0039919915961620176,0.0035314632810468818,0.0043097183736023814
2018-08-10,-0.0067228286802227515,0.0042620215465750799,0.0043607650036468423,0.0046082477971732295
2018-08-13,-0.0037507596094105717,0.0043391515682143613,0.0042457810427696321,0.0045298093501708551
2018-08-14,0.0063605397889099427,0.0044761855265607556,0.0047447464222837975,0.0047447762976389543
2018-08-15,-0.0074955500655164717,0.0047565305864351037,0.0054080263540734258,0.0050872329395889844
2018-08-16,0.0080590390365434111,0.0050157828840132236,0.0060321655543915803,0.0054577244436420855
2018-08-17,0.0035140712121052914,0.0050705143633462636,0.0056195512558584303,0.0052955594738261788
2018-08-20,0.0021375703284087929,0.0050760256796152066,0.0051163782537606405,0.0050690803719843055
2018-08-21,0.0023426673379877963,0.0049780313189412249,0.004694622370301875,0.004865678499605207
2018-08-22,-0.00059374941726712458,0.0046040229168120735,0.0042073852965817194,0.0046198050145454025
2018-08-23,-0.0013285729403245093,0.0045832639816374586,0.0038098154861707068,0.004402822860501341
2018-08-24,0.0059999142271840861,0.0045270886206430112,0.0043372283059168225,0.0045876204398592624
2018-08-27,0.0078645637670316983,0.0047133604403106428,0.0052363644020692879,0.0050126611190827392
2018-08-28,0.00048304532111217177,0.0045845861898077015,0.0046885260239713329,0.0047578805810478547
2018-08-29,0.0053665079746537114,0.0047242532196273808,0.0048317390855021885,0.0048222013277509712
2018-08-30,-0.0040567295514928525,0.0046546288472586175,0.0046870004270414467,0.0047512070620235498
2018-08-31,3.4432199381205825e-05,0.0045553873302372058,0.0041922089067388093,0.0045074039367728773
2018-09-04,-0.0017238964938292437,0.0044977956347265983,0.0038280616816451008,0.004310707962325416
2018-09-05,-0.0026949977739665286,0.0044777078206128017,0.0036298550372047263,0.0041773537225112531
2018-09-06,-0.0030145478234282685,0.004527187059081862,0.0035154200017698655,0.0040760281609250907
2018-09-07,-0.0019452844615018127,0.004537752118312365,0.0032624175941021087,0.0039154844113346915
2018-09-10,0.0017370719454547557,0.0042990980404325942,0.0030196322020045402,0.0037549511650929734
2018-09-11,0.0032919261332495509,0.004280265524732158,0.003076019902676265,0.0037112491419583923
2018-09-12,0.00024222143945087143,0.0040374228417620331,0.0027534075249541845,0.0035216331860219597
2018-09-13,0.0058971792663823231,0.0039026216610044445,0.0036083718016231879,0.0038261446126861198
2018-09-14,0.00017183543753550919,0.0034618675148240744,0.0032283406156287321,0.0036302062034032747
2018-09-17,-0.0053086310981326707,0.003574376878955256,0.0037381893119031217,0.0038312809587540018
2018-09-18,0.0054118366740741816,0.0037432751083386791,0.0041275710415051908,0.0040174170837872078
2018-09-19,0.0010648480625463246,0.003714081191048419,0.0037223990169512364,0.0038261032607897097
2018-09-20,0.0080708884414359226,0.0041271944692344688,0.0049104838458079074,0.0044372382817934718
2018-09-21,-0.0009136109750085069,0.0041215546987361778,0.0044110336977497156,0.0042194364213527062
2018-09-24,-0.0033271962524796103,0.0039674647248742721,0.0042166125748816074,0.004138877001398495
2018-09-25,-0.00092858885241122661,0.0035624881815491559,0.0037942473214966151,0.0039374484472964339
2018-09-26,-0.0029966572738790009,0.0036233483334368482,0.0036487040374310678,0.0038537184289092244
2018-09-27,0.0027903444306449023,0.0034753393870815045,0.0034939429489530627,0.0037609351710108253
2018-09-28,0.00010351582600374555,0.0033549466313212697,0.0031254204468643427,0.0035680865428286529
2018-10-01,0.0034677774604456894,0.0034433822973865364,0.0031968263135142639,0.0035581828889084594
2018-10-02,-0.00058297359945397038,0.0034242201449039694,0.0028711897231903402,0.003380618988527824
2018-10-03,0.00054886341650257746,0.003373009858150533,0.0025797741279495836,0.0032118299108192029
2018-10-04,-0.0078466570799773355,0.0037418340343649387,0.0041997848881986941,0.0039295380099326491
2018-10-05,-0.0056124615489261172,0.0039226396203108542,0.004517798071333924,0.0041288151494311672
2018-10-08,0,0.0039033614543939154,0.004040841438448039,0.0039169379730032853
2018-10-09,-0.0014605222035416847,0.0038472130192727214,0.0036727843179188602,0.0037445260429890721
2018-10-10,-0.032175370879156812,0.0081584826417011921,0.014759484203691501,0.010777048616346232
2018-10-11,-0.022272791394427126,0.009467093781881035,0.016537513309659,0.01241523349926001
2018-10-12,0.01379293614392694,0.0099567385562529063,0.016026243935114929,0.012559806101372655
2018-10-15,-0.0056328844265515592,0.0099656426696382444,0.014553977914193215,0.012047688370387022
2018-10-16,0.021629964171157139,0.0110110127832025,0.016218066731598049,0.013319821716806761
2018-10-17,0.00017858591025450869,0.011008510439128469,0.014506099730593412,0.012636418590862659
2018-10-18,-0.014546515913955289,0.011336242602310654,0.014514191970692985,0.012840221175923917
2018-10-19,-0.00054258945015287006,0.011335051047672042,0.012984155556368939,0.012182511735808926
2018-10-22,-0.0044987520626850498,0.011355254687336652,0.011786364597868663,0.011644574272422385
2018-10-23,-0.0051039430651476786,0.011410574345406691,0.010786322789049436,0.011164296774476754
2018-10-24,-0.030767053824952987,0.01330724574074502,0.016804705521405741,0.014381882016220556
2018-10-25,0.017781555822933604,0.013874533306626934,0.017004565493588846,0.014757135563653599
2018-10-26,-0.01774392232342422,0.014430678351046914,0.01715498627176788,0.015082454143196195
2018-10-29,-0.0055553762213893321,0.014463274660106343,0.015543721696552314,0.014415914857530627
2018-10-30,0.014709458728010194,0.014831983339605764,0.015380489672247239,0.014445537673230393
2018-10-31,0.010624282616122433,0.015020533821712404,0.014554128152106242,0.014110058147030112
2018-11-01,0.01058561005342662,0.015104326927500897,0.013851683834645754,0.013798183968973397
2018-11-02,-0.0059403828589553263,0.015110596054638895,0.012670948888942109,0.013224209148700275
2018-11-05,0.0055016346676824597,0.015160590764455743,0.011597239042128765,0.012665643893990379
2018-11-06,0.0063079452761859948,0.015222561044460183,0.010749641735504118,0.012180135429672936
2018-11-07,0.021183238628087752,0.014226739617019689,0.013497768619599886,0.013356387575018457
2018-11-08,-0.0018167583770237695,0.013332714984410283,0.012100079684312063,0.012683999418509341
2018-11-09,-0.0098164869981064128,0.013155500953258899,0.011679136358916258,0.012427059138117513
2018-11-12,-0.018862064033851413,0.013757529173652767,0.013426737235663396,0.013212356523412244
2018-11-13,-0.0018728148702002504,0.012886124834042703,0.012038409585325156,0.01254832546459419
2018-11-14,-0.0068597956096097283,0.012977035808783378,0.01119598157538512,0.012100417527895754
2018-11-15,0.010382386066468031,0.012775488215420881,0.011038061008878705,0.01193974404909021
2018-11-16,0.0025971268612838046,0.012788105112700123,0.0099408272420006914,0.011356770929950412
2018-11-19,-0.017058848654602533,0.013306912103806169,0.01171566901582532,0.012049027060385147
2018-11-20,-0.01867987764503248,0.013900298178078011,0.013401234501245486,0.012866815094460735
2018-11-21,0.0034018711305598124,0.012102328112621472,0.012082591376177758,0.012253844716105716
2018-11-23,-0.0067011665595846284,0.011528332101145747,0.011214826710333385,0.011816581680829627
2018-11-26,0.016015548041488987,0.011401096044538175,0.012325478746405515,0.012301147111740053
2018-11-27,0.0033585745444729845,0.011358075625618285,0.011126093009526373,0.011718122739384572
2018-11-28,0.022764163568980221,0.01200407556888396,0.014236340299541963,0.01324400523940104
2018-11-29,-0.0021873537888358646,0.011776811412177382,0.012770889218022252,0.01258339218823396
2018-11-30,0.0060768984086100649,0.011616237116263575,0.011741474693960342,0.012091337911640443
2018-12-03,0.013154414019905605,0.011909008679401718,0.01203733791303321,0.012201814130072423
2018-12-04,-0.032938790135245463,0.013948450928469452,0.018245842878332207,0.015572162046926108
2018-12-06,-0.0015182915462805446,0.013881103525459631,0.016333697306994834,0.014780850065409093
2018-12-07,-0.023510117067540078,0.014067154487396318,0.017999357074048841,0.015871318037372871
2018-12-10,0.0018952055451993354,0.014067671983138423,0.016121409518866536,0.015068777091222407
2018-12-11,0.00022691327271395431,0.013895459641827068,0.014419784111652546,0.01429567723774525
2018-12-12,0.0050224119994540318,0.013287443576226476,0.013091564594034806,0.013654750497406932
2018-12-13,-0.00033897457414149078,0.013281059076843073,0.011710432595263569,0.012954477234067873
2018-12-14,-0.018637172278918559,0.013834771409026579,0.01338567231652513,0.013629785450350771
2018-12-17,-0.019813272880039399,0.014340135704703253,0.014894768717106377,0.014368386287340157
2018-12-18,-0.0010971394977443217,0.014330471882896965,0.013331318431587131,0.013635462718945524
2018-12-19,-0.015088853178496649,0.014219559874608642,0.013700873656374818,0.013787697713106449
2018-12-20,-0.016411827361965212,0.014078934457332291,0.014284283903302481,0.014072148206336363
2018-12-21,-0.020702595072880282,0.014800933458130064,0.015778216054245377,0.014868845412544676
2018-12-24,-0.026778159173485899,0.015895780572373806,0.018508799075781946,0.016452394609417515
2018-12-26,0.049289865000743574,0.019008563613307841,0.027567347948985563,0.022058155832361509
2018-12-27,0.0076480321151802871,0.019070556081414437,0.024893079709013843,0.02106549914850708
2018-12-28,-0.001290674276187231,0.018380942416235613,0.022272527964667495,0.019988654605723178
2018-12-31,0.0087204204787192912,0.018477610910108917,0.020299299205013211,0.019162365589477079
2019-01-02,0.0010397195317642764,0.018429045582101757,0.018162198157510186,0.018181989196916024
2019-01-03,-0.02415199455643734,0.018977453272489932,0.019507847696272618,0.018864202663948237
2019-01-04,0.03294711347203183,0.018978175682551751,0.0228374112942024,0.020708055354034447
2019-01-07,0.0078535612227611951,0.019056227668948704,0.020726156625683941,0.019801743440392948
2019-01-08,0.0093516666941846575,0.018435732050620893,0.019003936138856353,0.019016926827096509
2019-01-09,0.0046625816129533338,0.018460325278939024,0.017125057794800998,0.018101191178543297
2019-01-10,0.0035215496609858695,0.018477042526424729,0.015397868228530127,0.017208368344367668
2019-01-11,0.00038602563966264481,0.018443083261711391,0.01377335398316029,0.016325748024128617
2019-01-14,-0.0061196789179064973,0.018493623185120774,0.012619600547085625,0.015608398082392455
2019-01-15,0.011395638203108481,0.018197250272729101,0.012384489024002248,0.015239617404456181
2019-01-16,0.0024166921796964463,0.017657962748628856,0.011129624204203254,0.014477754828699233
2019-01-17,0.0075582312952385189,0.017736961568817391,0.010512858793111136,0.013941217035221993
2019-01-18,0.013222137908676721,0.01766231518588084,0.0111077066120027,0.013870986708538584
2019-01-22,-0.013602514540621018,0.017542559503927576,0.011649489143658792,0.013844373775089623
2019-01-23,0.0020902508715402706,0.016927196437879374,0.010461467754945967,0.013150548717545889
2019-01-24,0.00053116810485536934,0.015833211796357351,0.0093600360032076012,0.012476836633171671
2019-01-25,0.0084260148580055476,0.011522410447389024,0.0091808368062252406,0.012132768841962752
2019-01-28,-0.007629435661757787,0.011521794008842691,0.0088922364607230478,0.011760293391193185
2019-01-29,-0.0013277473011030672,0.011522004635592805,0.0079755926424214512,0.011164691749968135
2019-01-30,0.015706748416242266,0.011886521839751744,0.010011416061701936,0.011698525644957948
2019-01-31,0.0087441513080044053,0.012044017590344276,0.0097711205942746324,0.011437480939826411
2019-02-01,0.00048158305864539925,0.010765872643493983,0.0087422092506849267,0.010851615798960108
2019-02-04,0.0070107368021011026,0.0080053682610109686,0.0084244325724570825,0.010530757425477526
2019-02-05,0.0041831578877383202,0.0078661896936258937,0.0077638014733151283,0.010077551674399877
2019-02-06,-0.0013192690317925851,0.0075888919044259989,0.0069691738971910805,0.0095695031246666347
2019-02-07,-0.0095784500845186981,0.0078161136297568469,0.0075633887280606472,0.0095703981970378677
2019-02-08,0.0012206559650548802,0.0077811353105946219,0.0067868902627351126,0.00908747872533309
2019-02-11,0.00055449468845768766,0.0077816443731408731,0.0060754420763128435,0.0086229223040101746
2019-02-12,0.012777220686053414,0.0081758384322421079,0.0078854467742879523,0.0091238723687318019
2019-02-13,0.0032416570484376387,0.0078023536569617313,0.0072004086514613668,0.0087161560531455289
2019-02-14,-0.0022204424869532394,0.0077994372089034199,0.0065163471950169432,0.0082986309227663334
2019-02-15,0.010838331995855486,0.0079905162400579748,0.0075805087364425013,0.0085864714358287308
2019-02-19,0.0017290420224710774,0.0074334771510108574,0.0068241634964088492,0.0081641717998839018
2019-02-20,0.0020134342209544233,0.006797636231170045,0.0061697770958923075,0.0077713398327719924
2019-02-21,-0.0035623114074862009,0.0068281698883531214,0.0057437733279769249,0.0074581067820980139
2019-02-22,0.0061809220135519887,0.006965628966095744,0.0058338242193320851,0.0073403951385208072
2019-02-25,0.0013603173284676088,0.0067128700073554246,0.0052532748514120542,0.0069769840930068655
2019-02-26,-0.0007153144245455092,0.0064944432437357615,0.0047095490523802004,0.0066228123786847568
2019-02-27,-0.00043017971186965571,0.0064883665225194372,0.0042167395862586837,0.0062844239896258161
2019-02-28,-0.0018638868210796554,0.0054715177550734729,0.0038625806149536509,0.0059909927225315048
2019-03-01,0.0062240470502840902,0.0052963605922773044,0.0044365950392663287,0.0060147045305399601
2019-03-04,-0.0036439886986345113,0.0053575901385882526,0.0042898054922233114,0.0058212428994421578
2019-03-05,-0.0013608407349078257,0.0051321384376272015,0.003884883837393896,0.005539257238606419
2019-03-06,-0.0060755190885801742,0.0052258493144242413,0.004410923302799072,0.0055951967703985585
2019-03-07,-0.0084004214931211185,0.0055453432338549184,0.005447789621393152,0.0059356812865702059
2019-03-08,-0.0020024920182300193,0.0051345881036684391,0.0049542632412682861,0.005666575555877928
2019-03-11,0.014397428267425898,0.0060542375226667455,0.0078161990477572003,0.0070446905360699377
2019-03-12,0.0037640068723329275,0.0061112033307392137,0.0071908221776318696,0.0067883483298657385
2019-03-13,0.006597189324411638,0.0056000074174717869,0.0070760808551545012,0.006769475344592441
2019-03-14,-0.00063988532644103661,0.0055547402024131148,0.0063355052569740765,0.0064252752563637239
2019-03-15,0.0049283170769874882,0.0056411910032348189,0.0060801779029221034,0.0062916275183110271
2019-03-18,0.0036192081793803652,0.0051579547598484144,0.0056740271619093018,0.0060774983283272974
2019-03-19,0.00024790740298354926,0.0051437428875180059,0.0050762150272972515,0.0057661541035411452
2019-03-20,-0.0030143580078114541,0.0051681440319276519,0.0047362050253909145,0.0055526854089829056
2019-03-21,0.011231335539024164,0.0056905495785610589,0.0065706841372919428,0.0063532175726188703
2019-03-22,-0.019433436432043802,0.0070253175897674013,0.010491463307723351,0.0086077221916345918
2019-03-25,-0.0007526659402051387,0.0070207470668203131,0.0093898851469734878,0.0081694702274552194
2019-03-26,0.0074264437458060771,0.0072126908276626545,0.009031410067127231,0.0080982359862201928
2019-03-27,-0.0052427694359877637,0.0073067084117384995,0.008411326917453105,0.0078595131284039041
2019-03-28,0.0037832540958449784,0.0073437003402757944,0.0077112216101317237,0.0075515596474748691
2019-03-29,0.0062855126535801258,0.0073463174495440303,0.0074479450078604346,0.0074346630542523771
2019-04-01,0.011789767744954603,0.0077623693909582075,0.0084957184845123549,0.0079778854093823601
2019-04-02,0.00048932784569277971,0.0077571745032211431,0.0076019520126466202,0.0075700683100464418
2019-04-03,0.001572447909280105,0.0076453769877625434,0.0068356607586644823,0.0071987915680086466
2019-04-04,0.0026499963549005542,0.0074346862244451051,0.0062278007789454562,0.0068805950399487819
2019-04-05,0.004828333914722727,0.0074993133659957932,0.0059741914693286526,0.0067037012263821217
2019-04-08,0.0007621608132863429,0.0067752821624552945,0.005354339248760883,0.006364254711265757
2019-04-09,-0.0051379846045817709,0.0068202643118857485,0.0053117733566146125,0.0062524597405000113
2019-04-10,0.003405281359510428,0.0067022128429159349,0.004989101841125167,0.006028558836045232
2019-04-11,-0.00027748777243493452,0.0067009726386092726,0.004464113533240951,0.005719866206658878
2019-04-12,0.0067430809388211279,0.0067795336027044245,0.0050036462524473656,0.0058302741388908709
2019-04-15,-0.00065501221912793808,0.006732651374330479,0.0044849736740750039,0.0055349607931654225
2019-04-16,0.00065501221912787877,0.0067340161623366873,0.0040221635082574696,0.005255008656930191
2019-04-17,-0.0024502386523157886,0.006722561969763759,0.0037607144694043033,0.0050451928933689296
2019-04-18,0.0019673931232941414,0.0062513379626193541,0.0034768528580638165,0.0048265554765618123
2019-04-22,0.00086155920377740339,0.0044981571735603233,0.0031335700869174659,0.0045869709414446151
2019-04-23,0.0089520890060380744,0.0049205779676554607,0.0048870634031189623,0.0051913641687994054
2019-04-24,-0.0022220649889225503,0.0046584721573757421,0.0044826583104094417,0.004974835979334841
2019-04-25,-0.00061606298649120612,0.0045106549361777666,0.0040188664002391468,0.0047235629644886128
2019-04-26,0.0046458018453379114,0.0045507725843955014,0.0041518338925836083,0.0047158445532220544
2019-04-29,0.0015665853304722779,0.0043424482874125821,0.0037790233734147443,0.0045011876016118014
2019-04-30,0.00051025261037210626,0.0034525271673331481,0.0033877552554354151,0.0042732489530862318
2019-05-01,-0.0075450747016379037,0.0038411429766164328,0.0045351007692490666,0.0047039776975318403
2019-05-02,-0.0021608176982791522,0.0038554126110832291,0.0041698366652465017,0.0045145962027083771
2019-05-03,0.0097400848059024901,0.0043882279987437888,0.0057344468483980001,0.0052754474870645111
2019-05-06,-0.0041238699282177922,0.0043521511587488303,0.005450538061756216,0.0051718412474073142
2019-05-07,-0.016840590911585601,0.0057526037901025565,0.0089714989037729068,0.0072411116497871535
2019-05-08,-0.0013903005361330439,0.0056452770397115966,0.008048404884228498,0.0068835762282618822
2019-05-09,-0.0030304580682553642,0.0056345842440588432,0.0073251752310145675,0.0066002747769777189
2019-05-10,0.005010856997184762,0.0057445734413022692,0.0069244704708232062,0.006458957594153332
2019-05-13,-0.02545129317985351,0.0079445001870151431,0.01295809777499821,0.01011549071154977
2019-05-14,0.0090029453582270644,0.0081942835212899731,0.012269492384845237,0.010009802176578063
2019-05-15,0.005840250811767575,0.0082964002346886372,0.011280694154806724,0.0096740569880086717
2019-05-16,0.0092187352703580888,0.008531080082892422,0.010899553407751224,0.0096294936910000569
2019-05-17,-0.0064861238241300636,0.0086422963215074897,0.010171242404108093,0.0093627674379268711
2019-05-20,-0.0066343208533512412,0.0087665775622486654,0.0095690219077784276,0.0091267022524871722
2019-05-21,0.0089752369609222803,0.0087677609001133028,0.0094532491725425223,0.009111669026883578
2019-05-22,-0.003075747728458143,0.0087806471154045166,0.0085663983535885016,0.0086986368828014735
2019-05-23,-0.0122934975851396,0.0091998527830007733,0.009430406204244738,0.0091220975408364286
2019-05-24,0.0022653472105554255,0.0091550372685641427,0.0084954345703160111,0.0086835808851255455
2019-05-28,-0.0093443613456147146,0.0093839145540007326,0.0086718708836271297,0.0087519042605256944
2019-05-29,-0.0067332756850460246,0.0095032460003416086,0.0083203651354977447,0.0085714611071829663
2019-05-30,0.0027278087619525015,0.0093721568468753871,0.0075412843016797928,0.0081772272210654442
2019-05-31,-0.013567166767586515,0.0098390684524068944,0.0090725067073499852,0.0088649389130659399
2019-06-03,-0.0025462720984616815,0.0096118666496061104,0.0081942054333418602,0.0084484778450968374
2019-06-04,0.021474920502797586,0.010704965009781258,0.012080995168749246,0.010505061692790313
2019-06-05,0.0086244788543614198,0.010204659843597846,0.011473303034250405,0.010332417558506342
2019-06-06,0.0064813879341907611,0.010302371339753461,0.010663537120640897,0.010014180260927227
2019-06-07,0.0099579124752497469,0.010518444393551622,0.010526197001366448,0.010008567717460051
2019-06-10,0.0045783685993962221,0.010508582731249855,0.0096349857527475505,0.0096047087869793792
2019-06-11,-0.00024238779603284505,0.0088342986357357774,0.0086184749656335238,0.0091121491964726731
2019-06-12,-0.0017666670359514343,0.0086109370425057567,0.0077489812923883673,0.0086625774410674997
2019-06-13,0.0041177694388421435,0.0085609936064894535,0.0071713718273507749,0.0083205664257542371
2019-06-14,-0.001105581361598909,0.0083127897265876903,0.0064332978431220871,0.0079013210348372297
2019-06-17,0.00038024383138616244,0.0081857322332171238,0.0057566286995877096,0.0074968156722128275
2019-06-18,0.010416300487918471,0.0083803620045556377,0.0069434056743687116,0.0078378538061310721
2019-06-19,0.0022548486342230715,0.0081521126415382301,0.0062917067922572513,0.0074697517558470952
2019-06-20,0.0095087057089853558,0.0083967078982703797,0.0070534783149738935,0.0076979880871947152
2019-06-21,-0.0014546356113960873,0.0079406547351702425,0.0063422738843599228,0.0073174254357476548
2019-06-24,-0.0012251335403553416,0.0079292153037704947,0.005699100004187314,0.0069527216775967984
2019-06-25,-0.0098564106544279245,0.0079601534178125807,0.0067389582936776167,0.0072952853235760439
2019-06-26,-0.00099789403808250399,0.007819653572130528,0.0060440057585503006,0.006928105686857677
2019-06-27,0.0035398809803114696,0.0078359091893527612,0.0056329526856228372,0.0066672227578595126
2019-06-28,0.0051326186603419099,0.0073154125539461098,0.0055365042788090048,0.0065300115469941414
2019-07-01,0.009037476556840722,0.0075680172357252464,0.0063919871876049212,0.0068223561893992098
2019-07-02,0.0026008262403456749,0.0058783066615126613,0.0058342831257746225,0.0065243022071925358
2019-07-03,0.0079632829314385048,0.0058314750435567112,0.0063177418974335103,0.0066821594463402053
2019-07-05,-0.001138509287162173,0.0056542454736064297,0.005673652335617712,0.006349468459593899
2019-07-08,-0.0055100393512664088,0.0053413965884576749,0.0056413093684772441,0.0062705843517722
2019-07-09,0.0012457949493492515,0.0052497661677813456,0.0050764060243306108,0.0059618290655640031
2019-07-10,0.0047664846234607367,0.0053565918275973508,0.0050159539104965498,0.0058532899119104068
2019-07-11,0.0023416627611824092,0.0053676055752115651,0.0046070068160577087,0.0056020747015990222
2019-07-12,0.0044668469128474201,0.0053815447987181049,0.0045793180399623535,0.0054991080186106225
2019-07-15,0.00033282821161744331,0.0053763786738079159,0.0040985702254065885,0.0052179735110632489
2019-07-16,-0.0032306706959264538,0.0054240280265580396,0.0039403133052049446,0.0050545272895191453
2019-07-17,-0.0068282223687567518,0.0051309205096177505,0.0046632369978350987,0.0052588861539458508
2019-07-18,0.0036541555359475815,0.0051710512269651718,0.004479642170370504,0.0051210917283560425
2019-07-19,-0.0055701888458076229,0.0048754842598239881,0.0047179609933997264,0.0051677580070093234
2019-07-22,0.0024535264778771191,0.0048954609730419239,0.004360193021383559,0.0049635803362968241
2019-07-23,0.007124385614334823,0.005140849545364895,0.0050359111016106814,0.0052200674150397076
2019-07-24,0.0046886197664212067,0.0047613076212681552,0.0049683952702533332,0.0051693818747710028
2019-07-25,-0.0047887750748292863,0.0048751286110880702,0.0049329944853650299,0.0051325914256075845
2019-07-26,0.0066776929167463167,0.0050368561862960855,0.0053278386060565145,0.0053073819852197217
2019-07-29,-0.001822764487878527,0.0049212655937998515,0.004834582241042466,0.0050679108339786779
2019-07-30,-0.0024575619518436113,0.0045207340616655817,0.0044616667856029356,0.0048702473524203631
2019-07-31,-0.011000737604252043,0.0051136711853188316,0.0063346998328352496,0.0057835111420435851
2019-08-01,-0.0087461245981536231,0.0051772264788759736,0.0068848875571779619,0.0061443934253733179
2019-08-02,-0.0075580311724873341,0.0054401337854818694,0.0070246785250889024,0.0063000473831252091
2019-08-05,-0.030534372518832762,0.008642593602458613,0.015031515816059471,0.011355893969148595
2019-08-06,0.013925686633880951,0.0091822144026220531,0.014816953932160513,0.011638435026978325
2019-08-07,0.00059032516560480553,0.0091211028249051553,0.013255315757176167,0.011042766920912122
2019-08-08,0.019430062335866454,0.010089435744228723,0.014699257842934977,0.012145005697001443
2019-08-09,-0.0068350827995228803,0.010155540134015331,0.013498081948252317,0.011722750646917775
2019-08-12,-0.012247850744439286,0.010518077251835376,0.013257471199176729,0.011776314331854268
2019-08-13,0.015431986739666774,0.011046058036918124,0.013719973652461968,0.012191310134341497
2019-08-14,-0.030013164059905669,0.012834471861492575,0.018186482480038936,0.014961425072539355
2019-08-15,0.0026380027175107578,0.012822011474268752,0.016309209903147652,0.014218147629520792
2019-08-16,0.014647072856160445,0.013174955985507698,0.015990610081628467,0.014261620670131786
2019-08-19,0.011975785672058722,0.013433147350280101,0.015272314072162075,0.014049782417217922
2019-08-20,-0.007692381783041242,0.013448800730550419,0.014086497406886523,0.013548949078199968
2019-08-21,0.0081028724789260331,0.013529741699117413,0.013110104341206595,0.013106573665617719
2019-08-22,-0.00030770771062143328,0.013487476647272834,0.011726841240372208,0.012434368272274836
2019-08-23,-0.026023173814667167,0.014613101174823598,0.015667040545654792,0.014383070619180642
2019-08-26,0.010997565097532913,0.014812964738040826,0.014851067812862745,0.014081196405140831
2019-08-27,-0.0039313204029526403,0.014828847150018679,0.013399045793187387,0.013416318831602174
2019-08-28,0.0070170140292124417,0.014707339008163407,0.012388512409146587,0.012919818051377475
2019-08-29,0.012692140614168826,0.014850441326614347,0.012449830458413075,0.012897231174543345
2019-08-30,-0.00044451781267286164,0.014754297531203915,0.011137241219069498,0.012236195257563922
2019-09-03,-0.0058643267448954097,0.013145014902688103,0.010300901863990922,0.011755469355163849
2019-09-04,0.011286589510122189,0.013017854451450123,0.010505440682011266,0.011709426290863988
2019-09-05,0.012773494152083627,0.013326860769579165,0.010996538442131179,0.011820144370539243
2019-09-06,0.00077178096846786852,0.012599945799333021,0.0098416571440013544,0.011216229144979181
2019-09-09,0.00050338430633200951,0.012507413245363976,0.0088055239153630484,0.010641839887228078
2019-09-10,-0.00023510788885063955,0.012204001699580885,0.0078766018233185076,0.010096009515585782
2019-09-11,0.0070859278775716157,0.011812741656407198,0.0077249440000373383,0.0098365392650837033
2019-09-12,0.0034578690107672574,0.0097518822542860123,0.0070803375245884438,0.0093956074871049469
2019-09-13,-0.00066423684196155084,0.0097351587102465723,0.0063398095938379719,0.0089159305237754179
2019-09-16,-0.0030934575506341194,0.0091937452614201162,0.0058368180091905421,0.0085147744160411383
2019-09-17,0.002528638295741631,0.0088132672937035698,0.0053416811870484245,0.0081173053523648439
2019-09-18,0.00059815944523216029,0.008644821181005298,0.0047852278177363452,0.0077030747781239852
2019-09-19,-6.656923014354019e-05,0.008452829567913404,0.0042801414119851902,0.0073078087057525725
2019-09-20,-0.0047359735056993479,0.0085186305093463595,0.00437510884602997,0.0070927149792272357
2019-09-23,-0.00023464126391582453,0.0062216991096873415,0.0039146230005243365,0.0067291493408284655
2019-09-24,-0.0078774580282905005,0.0059803791817187044,0.0049669193255460695,0.0068526447642353969
2019-09-25,0.0058968337926902136,0.0060605943265105251,0.0051663100782772479,0.0067631450610040767
2019-09-26,-0.0020853700815654619,0.0058725052332950518,0.0047140599842752234,0.0064498833200511687
2019-09-27,-0.0054015363140862641,0.0052811576168682655,0.0048593423566110731,0.0063528383273373269
2019-09-30,0.0046270727647448979,0.005380635286695125,0.0048137850995918349,0.0062019093486588399
2019-10-01,-0.011965635495430758,0.0058643449182632134,0.0068682827657242226,0.0069953523780460812
2019-10-02,-0.017822736912207145,0.0066259854915285705,0.010063231922613417,0.0087066902154553875
2019-10-03,0.0081591049942758027,0.006250929995341669,0.0097123173467596208,0.0086534911156063241
2019-10-04,0.013441321022411168,0.0069338156201959504,0.010563953273317557,0.0092445404819191009
2019-10-07,-0.0043237408586884012,0.0069999904298173772,0.0096445131557423725,0.0088760829959484994
2019-10-08,-0.015646479517022319,0.0078254532325862658,0.011107464673108348,0.0097666573884584162
2019-10-09,0.0094514026335599764,0.0079494433885757519,0.010796592958883503,0.0097355913052748315
2019-10-10,0.0067411286376707754,0.0080540640703231775,0.010116407399752904,0.0094788103572110306
2019-10-11,0.010313051719602629,0.0083763858141993278,0.010156040867211001,0.0095655091232141887
2019-10-14,-0.0011143825914328156,0.0083514943426578093,0.0090974997988010793,0.0090814785780550817
2019-10-15,0.0098516321768924459,0.0086186129975391029,0.0092532444786196516,0.0091614078340713691
2019-10-16,-0.001607420344626033,0.0086250675518206709,0.0083075138722573071,0.0087061262435366524
2019-10-17,0.0029448539598754004,0.0086501547351824533,0.0075462747338800778,0.0083116897942630916
2019-10-18,-0.0043867215627319562,0.0086409415571285977,0.0070289170646085286,0.0080062538755241355
2019-10-21,0.0067563847982446013,0.0087718615438613107,0.0069752625175907267,0.0078901815290654629
2019-10-22,-0.0032720012157083913,0.0086242760445778208,0.0064081688603347788,0.0075564586481370322
2019-10-23,0.0029051966024659526,0.0085476027761646253,0.00587705163954235,0.0072273146673437726
2019-10-24,0.0016329848788995142,0.0085426814748636448,0.0053070817500789295,0.0068758514768858716
2019-10-25,0.004086283879723541,0.0085060838727726695,0.0050864168675752832,0.006649764790843591
2019-10-28,0.0056206336479552475,0.0085359562359677912,0.0051976546404612946,0.0065541274672256322
2019-10-29,-0.00029655495556469463,0.0081060548026746834,0.0046508149799299753,0.0062184984244706802
2019-10-30,0.0030623809765639707,0.0070918640549688192,0.004379463372510042,0.0059783415856064955
2019-10-31,-0.0026666611576689216,0.0068790653540483958,0.004094627686480134,0.0057339008951807673
2019-11-01,0.0092208261922305211,0.0065222133043361576,0.0055152069631317193,0.0061718895886844708
2019-11-04,0.0040098615466976828,0.0065121792909738933,0.0052487907370820401,0.0059909012633984427
2019-11-05,-0.0011065890263117131,0.0054980987639016606,0.0047206727503580764,0.0056942305959914816
2019-11-06,0.000228011054867509,0.0050759470921780533,0.0042235291855280211,0.0054025026401110744
2019-11-07,0.0035105633362216551,0.0049101222860526358,0.0040908886580216693,0.0052441144907914424
2019-11-08,0.0024629326982613191,0.0043697426639607816,0.0038211913724775972,0.0050355999504420905
2019-11-11,-0.0019114406790349339,0.0043835189967317487,0.0035230560452498743,0.0048152778447094931
2019-11-12,0.0021055959737168802,0.0038189242840747221,0.0032888061662682245,0.0046164449623090241
2019-11-13,0.00032365354069438626,0.0038026609446544062,0.0029451565531067986,0.0043807399880004217
2019-11-14,0.0014547656192272667,0.0037593136565195698,0.0027133791292820609,0.0041813190333802449
2019-11-15,0.0072102032340250304,0.0039710986387201351,0.0040357585624722124,0.0045753457837207911
2019-11-18,0.00073760006329890587,0.0036761923662964519,0.003624732888135336,0.0043468167113289132
2019-11-19,-0.00028880517789656802,0.0036032292652252145,0.0032446313341302616,0.0041247636068964567
2019-11-20,-0.0037254841227329547,0.0036407711230264416,0.0033463341711913656,0.0040865915536511914
2019-11-21,-0.0016101736178501941,0.0036402630871282551,0.0030784563865922415,0.0039101756203140043
2019-11-22,0.0022213409637627337,0.0035585597269244514,0.0029271805743374493,0.0037754419094004404
2019-11-25,0.007720281671603468,0.0037501878158709753,0.0043330426618719206,0.0043346095970711327
2019-11-26,0.0022630225897596937,0.0037835928658236672,0.0040055537964224387,0.0041739769342073888
2019-11-27,0.0044476069509842391,0.0038517173431539429,0.004097781166792101,0.0042021418183600268
2019-11-29,-0.0037154898572947909,0.0038949217770123295,0.0040242292887787742,0.0041560417181995598
2019-12-02,-0.0085308513604474712,0.0038154953954081883,0.0052450569188276334,0.004777337854964675
2019-12-03,-0.0067292513372122576,0.0040022739547868908,0.0055736040743192272,0.0050068896171543394
2019-12-04,0.0061508529661747392,0.00422476265085778,0.0056937376427189223,0.0051327720089325212
2019-12-05,0.0017969503311491132,0.004243521123861246,0.0051556497916184071,0.0049024194736247079
2019-12-06,0.0090925422812160699,0.0046395026714681955,0.0061481253115232065,0.0054678860210695211
2019-12-09,-0.0031491818318687245,0.0046602092737623793,0.0056765328431172034,0.0052820199172744454
2019-12-10,-0.0011159247354981048,0.0046472717375415258,0.0051017132120739521,0.0050233743407559414
2019-12-11,0.002835045229012179,0.0046666188996802417,0.0047359770321137419,0.0048491864199763602
2019-12-12,0.008581891680716356,0.005045249014182557,0.0057160612070618023,0.0053411641543833583
2019-12-13,0.00059870210176446957,0.0050365308174475255,0.0051196067641600075,0.0050706089863376807
2019-12-16,0.0068468500249531895,0.0050111135393754013,0.0055085542375968872,0.0052752159642535726
2019-12-17,0.00021900753873571583,0.0050086379812224087,0.0049279740960400664,0.0050049884667965495
2019-12-18,6.2850517329705302e-05,0.0050082413594775086,0.0044078036469991774,0.004748190562334529
2019-12-19,0.0040903586516758544,0.0050224567307555106,0.0043461699428654771,0.0046865643753769542
2019-12-20,0.0043744787033307255,0.0051041396782048392,0.0043518464268621259,0.0046562971847473981
2019-12-23,0.001526740228038625,0.0050913721978417615,0.0039518402046611672,0.0044436569059513398
2019-12-24,3.1267708599586902e-05,0.0047897789391569299,0.0035346609931450773,0.0042156346847169101
2019-12-26,0.0053092294553558428,0.0049086978512008711,0.0039538141270288232,0.0043374197348713239
2019-12-27,-0.0002480146142259743,0.0048072164271338331,0.0035381378111441746,0.0041155850235043223
2019-12-30,-0.0055284562447576483,0.0048935956060786575,0.0040159060032025698,0.0042779222669590139
2019-12-31,0.0024261929802998172,0.0045390337438724468,0.0037522371056181903,0.0041302782312690493
2020-01-02,0.0093087773568885541,0.0047614444178263942,0.0053473445572028164,0.0049008786996759656
2020-01-03,-0.0076010821038678825,0.0048650309136697304,0.0058677563753708611,0.0052339655846229908
2020-01-06,0.0038076079187447575,0.0049225977054270509,0.0055176106710370446,0.0051092801815133294
2020-01-07,-0.0028158836744076403,0.004527108564644805,0.005093236906651072,0.0049282034924162717
2020-01-08,0.0053155770863489143,0.004627268377090054,0.0051384746474028254,0.004968300179386236
2020-01-09,0.0067576083276378561,0.0048613384729250054,0.005500562827888922,0.0051751457019311468
2020-01-10,-0.0028819963455624211,0.0048627186657882382,0.005085875905486658,0.004993446708054297
2020-01-13,0.0068539684624481408,0.0047236038959505913,0.0054852788185883973,0.0052094862886837351
2020-01-14,-0.0015255476978692473,0.0047340127106325399,0.004953391376604362,0.004965642177063594
2020-01-15,0.0022572540768584044,0.0045079561199722288,0.0045439969297253651,0.004764594589712642
2020-01-16,0.0082837974036118686,0.0048734315564803263,0.0054993259916739055,0.0052243042968701343
2020-01-17,0.0031077287794532595,0.0049227062206325016,0.005111327100028774,0.0050527039953207611
2020-01-21,-0.001960184147498024,0.0048568097486201868,0.0046549969019550764,0.0048333288825723004
2020-01-22,0.00012105796185117945,0.0047573659192355336,0.0041639077717685585,0.0045854581866384518
2020-01-23,0.0011460906102495499,0.004752016402292115,0.003759415790095067,0.0043652189489141154
2020-01-24,-0.0089328656641758462,0.0051547468854332536,0.0052216648169999616,0.0050129065144070006
2020-01-27,-0.016159318207359084,0.0061820868506303975,0.0086044953224586936,0.0069805920266575103
2020-01-28,0.010424529755013399,0.0066067135019578201,0.0089980017740608816,0.0073974915072399332
2020-01-29,-0.00082635449344855801,0.006492658543453822,0.0080565377855857379,0.0070227401144142094
2020-01-30,0.0032400270189593579,0.0065103903951437836,0.0073502242067282498,0.0067406801104562819
2020-01-31,-0.018324575925459038,0.0074055398483547459,0.010506124560508586,0.0086297218843449479
2020-02-03,0.0074011215009203088,0.0073954058686222374,0.0099628430941681688,0.0085148429091890104
2020-02-04,0.015126266032749048,0.0080874798462303894,0.011187822792389545,0.009387901107313577
2020-02-05,0.011481782849600816,0.0084618223267841266,0.011247229460991996,0.0096178247135809396
2020-02-06,0.0033592398548901144,0.0084115333752027965,0.010171383136973137,0.0091858993157621568
2020-02-07,-0.0053438910786490464,0.0083605316098730106,0.0094062246575006992,0.0088768456560556572
2020-02-10,0.0074376249542256467,0.008499947464595297,0.0090468393838866908,0.0087435905906705618
2020-02-11,0.0017318157349892945,0.0083696010659807529,0.0081287194205647163,0.0083129571964212692
2020-02-12,0.0064215653086596722,0.0084850269454735099,0.0078171710827695876,0.0081436098700709558
2020-02-13,-0.0010672192201413985,0.0084733623969607715,0.0070081611256162689,0.0077330743712128672
2020-02-14,0.0016007987064078917,0.0082761665742024735,0.0063090386898295931,0.0073536828159420963
2020-02-18,-0.0025802668250465414,0.008267098832119766,0.005759750925995023,0.0070238709804905618
2020-02-19,0.0047698295927754535,0.0083240837767670686,0.0055758442815795799,0.006832013951239513
2020-02-20,-0.0041170092276772126,0.008374791115017096,0.0053162001992113532,0.0066108811564734799
2020-02-21,-0.010351331530806175,0.008684984355705961,0.006636233912288526,0.0070744880482322345
2020-02-24,-0.033728007117871092,0.011327756707190741,0.016209484052847556,0.01260164233123758
2020-02-25,-0.030770918811229123,0.01275164169804552,0.019989191767179237,0.015414480041464923
2020-02-26,-0.0036846979706103649,0.012563824056448986,0.017954654823498475,0.014669808293475087
2020-02-27,-0.045951538438576967,0.016229378487100637,0.026080730067219837,0.020120569979942937
2020-02-28,-0.0042106355735336875,0.016240514459832885,0.023403193693553224,0.019134433565677181
2020-03-02,0.042395060450656635,0.018352979684737484,0.028242446957891975,0.022566524060051101
2020-03-03,-0.029050047680388772,0.019398151892550505,0.028405804022805715,0.023296217168477476
2020-03-04,0.041173480601681502,0.021204029708634109,0.031377744704121822,0.025650885197405614
2020-03-05,-0.033806868619944162,0.022364358414867995,0.031878380814446473,0.026579344552829943
2020-03-06,-0.016669241212987695,0.022660394586577284,0.029471302163359674,0.025760468967662885
2020-03-09,-0.081312469407109011,0.029028460315360508,0.044913134573080583,0.035474122306249301
2020-03-10,0.05045077161330272,0.031099029130366038,0.046073938371049242,0.037243792149788187
2020-03-11,-0.049976942369710876,0.033043674008736187,0.046880541713385467,0.038706065741554017
2020-03-12,-0.10056879938056923,0.039944045080429917,0.061490201128653138,0.048577277749535012
2020-03-13,0.082027895048546406,0.043953368105857288,0.06611014280042693,0.052883213582472999
2020-03-16,-0.11588633905470654,0.051022079720442516,0.078628045255969281,0.06212837684085068
2020-03-17,0.052584904852923359,0.052356263627901481,0.07415477088022053,0.061240990438022606
2020-03-18,-0.051959751291434909,0.053619320818810282,0.07027878190671745,0.060377103228572961
2020-03-19,0.0021226731429100074,0.053613518480743687,0.062866421063139041,0.057282682452671013
2020-03-20,-0.04405005997234919,0.054461658530018983,0.059580458831263006,0.056100052731106638
2020-03-23,-0.025900922890709027,0.054246992699713358,0.054534726743178531,0.053847749307178068
2020-03-24,0.086730952590055879,0.057197086041137775,0.062319184559798478,0.057981444519964134
2020-03-25,0.014859336694409864,0.057287588498648449,0.056134700397865736,0.055206368350574325
2020-03-26,0.056748637057488761,0.057769464184299013,0.056258023717359953,0.055362528632655714
2020-03-27,-0.030238248189036466,0.058156187136206232,0.052104150667435137,0.053384864749249271
2020-03-30,0.031959528085059377,0.05782167082039124,0.048745833673287046,0.051643882013342531
2020-03-31,-0.015017445141966481,0.057553683947073608,0.044113827448107545,0.049223306068634169
2020-04-01,-0.046049157945002674,0.057738115729637184,0.044507626393528177,0.048915160932354845
2020-04-02,0.02281319848846931,0.057467964040658195,0.041095394520597663,0.046962409165861439
2020-04-03,-0.014559706273542661,0.057439298073584923,0.037329106204103284,0.044789726409889936
2020-04-06,0.065006547917192098,0.056391308219773943,0.044271209498045298,0.047202677465335928
2020-04-07,0.0010192061468673552,0.055251855751432946,0.039599996825376335,0.044781551581246713
2020-04-08,0.033017219124395959,0.054611259493636495,0.038373886310843319,0.04374771195951066
2020-04-09,0.015102900831415512,0.049880761559092317,0.034980903978924519,0.041776618255615641
2020-04-13,-0.0091725350717339286,0.046431329567355323,0.031555633323934851,0.039738781933422583
2020-04-14,0.029066762258901167,0.039072113070936138,0.031073810986468949,0.03880388353526551
2020-04-15,-0.021477495146169236,0.037569077028803279,0.02940615484773525,0.037433881971443692
2020-04-16,0.0048131436509403179,0.035743573949354804,0.026389596903024195,0.035545500456277697
2020-04-17,0.026656748287565302,0.03623405722621667,0.026443243099449933,0.034759064506185662
2020-04-20,-0.017774756226615087,0.035095350288038812,0.024951642757069195,0.033450971655577026
2020-04-21,-0.030834070656117141,0.035294159816773432,0.026233862919257767,0.033198565414105444
2020-04-22,0.021952078595166794,0.029894138188705781,0.025435235439500107,0.032250885979520201
2020-04-23,-7.1973206916676823e-05,0.029708917225349549,0.022749988956453242,0.030595885341526931
2020-04-24,0.013842485447199912,0.02704034194451577,0.021269049783339732,0.029354025621441952
2020-04-27,0.0143150968129893,0.026376288776806974,0.020071930208676952,0.028213208570497066
2020-04-28,-0.0046088209901303731,0.025410629653994838,0.0180708093904344,0.026805050776859924
2020-04-29,0.025841955074877253,0.025842102247833513,0.019869691744934657,0.02671030394144238
2020-04-30,-0.0093544694595025374,0.023794186394132708,0.018257736437048616,0.025511701489055676
2020-05-01,-0.026829959005677726,0.024002781920171933,0.020264384814078509,0.025646576605945905
2020-05-04,0.0027543680713598838,0.023788938915856817,0.018166825320042847,0.024346064503147923
2020-05-05,0.0091970273538534795,0.018943344919634276,0.016761381094547841,0.023279095822798797
2020-05-06,-0.0068019157512616384,0.019002938735366858,0.015297330765031685,0.02218899001493916
2020-05-07,0.011994507842422565,0.01771435162696575,0.014696268455094823,0.021389319108680305
2020-05-08,0.016410667771899781,0.017772418904684558,0.01505477494176868,0.020944776828880934
2020-05-11,0.00020518818918647115,0.017653730734638745,0.013465712728126992,0.019870065903005031
2020-05-12,-0.020132676543625275,0.017019888621282651,0.015037462165644869,0.019896482944777218
2020-05-13,-0.017844266316733297,0.016808728708986458,0.015639174619623032,0.019700883590663638
2020-05-14,0.011896253130099732,0.016983847772187744,0.014965667173017397,0.019064742764620054
2020-05-15,0.0045864375548627882,0.015936553710189306,0.013541936236585801,0.018144462404752724
2020-05-18,0.030004970773496828,0.016828296401237085,0.0180766944946327,0.019655258621386198
2020-05-19,-0.010324045558146729,0.015523654851255298,0.016814597539613167,0.018930263178172872
2020-05-20,0.0168452786263662,0.01520122833222627,0.016820738233957338,0.018732210728992719
2020-05-21,-0.0069281727150715157,0.015279956238806644,0.015360654387825527,0.017905476945137125
2020-05-22,0.0018977491455520077,0.014969182178162612,0.013765175369085116,0.016997224460231667
2020-05-26,0.012245182129766488,0.014877081014577961,0.013474900349596822,0.016583411107352529
2020-05-27,0.014769228944580153,0.015204340963988998,0.013743521247072617,0.01641102019746668
2020-05-28,-0.0018466826626221784,0.014069547394548859,0.012320290109663614,0.015579809023705532
2020-05-29,0.0044461191412815803,0.013948665087202498,0.011197554813114966,0.014847026700166931
2020-06-01,0.004033924797139622,0.012624838619407115,0.010176575892114544,0.014142773298714101
2020-06-02,0.0082457218194219566,0.012743893416401897,0.0098208219195254631,0.013668043962223257
2020-06-03,0.013220279736993848,0.012919610815247248,0.010588389575610611,0.013623929785872279
2020-06-04,-0.0026298970459132272,0.012843241749912509,0.0095432943336323968,0.012951523168204982
2020-06-05,0.025306508660570323,0.013775936148116213,0.014175452356386242,0.014663208898383991
2020-06-08,0.012014650450552795,0.013547269362991197,0.013770443881601447,0.014420260338245615
2020-06-09,-0.0074843378915542963,0.013650170979425079,0.012763352321865085,0.013883481147320261
2020-06-10,-0.0055955690791550123,0.012947063535528295,0.01168694180089754,0.013289356012356543
2020-06-11,-0.059377718851351333,0.018110528346058474,0.028537876342224162,0.022616755613921586
2020-06-12,0.011904787198017632,0.018110808732856778,0.02607437632130976,0.021783899257774689
2020-06-15,0.0092921514571778809,0.018200736974667953,0.023688969926462609,0.020873879564084447
2020-06-16,0.019064915003735878,0.017447792469825772,0.022839177606941423,0.020700098107503728
2020-06-17,-0.0041623670794133961,0.017319423524498837,0.020512617749811664,0.019681899945498908
2020-06-18,0.00038482031694019443,0.016905078081889614,0.018347850198188801,0.018672286297767605
2020-06-19,-0.0057310047916748555,0.016882651062330275,0.016609749206432392,0.017806551873381884
2020-06-22,0.0063945893399707382,0.01693777945725982,0.015128951369008979,0.017013378204818193
2020-06-23,0.0045927679807912835,0.016746516788857444,0.013686739537440875,0.016205520229807577
2020-06-24,-0.025839612674090701,0.017404700443729691,0.016834446470318041,0.017410501303567777
2020-06-25,0.010663407479930323,0.01756241722108021,0.015794319301135128,0.016857752696776789
2020-06-26,-0.02403786862731527,0.018339603493084972,0.017751964493480186,0.017707268456809578
2020-06-29,0.014590759475096101,0.01860569649121287,0.017166358003788875,0.017420724634393994
2020-06-30,0.012727955415773939,0.01873158797219987,0.016375202212631845,0.017009807965266289
2020-07-01,0.0069803517473741774,0.018562593128921882,0.01497540851219359,0.01628719562617886
2020-07-02,0.0054920141975865946,0.018593874172522985,0.013617735937921647,0.015548687701009596
2020-07-06,0.015319204890446626,0.018040096719197918,0.01397461245813518,0.015525892056455975
2020-07-07,-0.010367155148382974,0.017988924194045047,0.01333144462757815,0.015089591854020267
2020-07-08,0.0076190814704583517,0.017991752224228344,0.01240129078673838,0.014516585147140201
2020-07-09,-0.0057090464351883868,0.017993534644199363,0.011382102300613064,0.013889472308934853
2020-07-10,0.010158839698754129,0.012354825591393252,0.011148192993947205,0.013562665642162663
2020-07-13,-0.0086965216650285795,0.012220351547142863,0.010702881081199451,0.013157289169734805
2020-07-14,0.012875695508478174,0.012381799737596816,0.01117130420837454,0.013129401583816499
2020-07-15,0.0091454974887771583,0.011803280126847383,0.010796594603683294,0.012786988691084928
2020-07-16,-0.0032990901664385897,0.011789629195354524,0.0097688260919255258,0.012175580947124027
2020-07-17,0.0028946762930223218,0.011807070329773111,0.0088328817913354337,0.011586984480187726
2020-07-20,0.0080492932432142308,0.011874520835042618,0.0086818238253730372,0.011283239808726283
2020-07-21,0.0021250854024996821,0.011797690698561042,0.0078231994440532693,0.01072529483603573
2020-07-22,0.0056761415407495328,0.011821241858289498,0.0074434989212918403,0.010332018808876001
2020-07-23,-0.01200352966131072,0.010656533964255106,0.0085522795685718488,0.010511138084587575
2020-07-24,-0.0064610337755366468,0.010486350702203421,0.0081769297505197049,0.010178905500828816
2020-07-27,0.0072658766610332942,0.0091494394814691377,0.0080030204827063311,0.0099261473815704382
2020-07-28,-0.0063624366010786616,0.0086655501670233354,0.0077029078520934376,0.0096293105468079291
2020-07-29,0.012223537158281504,0.0086291633590340686,0.0087949305644929292,0.0099193117458908735
2020-07-30,-0.0035741140054191913,0.0085243714898653577,0.0080271726711307421,0.0094779164405118677
2020-07-31,0.007871162580617477,0.0086171084662101331,0.0079962141634539255,0.0093297015003184283
2020-08-03,0.0069279761360817125,0.0080573258008946151,0.007794287871684011,0.0091180415885622774
2020-08-04,0.0038551893008680867,0.0077646460315655245,0.0071814508040123713,0.0087356203342538272
2020-08-05,0.0061914979912940076,0.0077009051572943061,0.0069946778335817222,0.0085154812605880252
2020-08-06,0.0066623049502650411,0.0077390952342119091,0.0069294787572042396,0.0083486950905225805
2020-08-07,0.00071785737379690101,0.0073999499865477509,0.0062062230478011965,0.0079235200929874423
2020-08-10,0.0029845010092468044,0.0071709934920903559,0.0057092217394392776,0.0075759275488218383
2020-08-11,-0.0082890732797320042,0.006824178171332307,0.0063101440128908518,0.0076502342438761056
2020-08-12,0.013845908303444813,0.0072092205081823509,0.0083783154225785875,0.0084761071997879623
2020-08-13,-0.0018091019990432414,0.0071827782258280471,0.0075373407422487555,0.0080614663021290264
2020-08-14,2.9514469273930183e-05,0.0071535577899780088,0.0067416154290043653,0.0076477841337681141
2020-08-17,0.0031716587985774155,0.0069596554473279806,0.0061944642045128062,0.0073243213948121586
2020-08-18,0.0021580225108824213,0.006960162182377644,0.005623924044320606,0.0069818924097124514
2020-08-19,-0.0041724172746765622,0.0069067634794576374,0.005365130987015492,0.0067537431140162751
2020-08-20,0.0031087314386920284,0.006401746332257088,0.0049960531059877154,0.006482141818943893
2020-08-21,0.0035410005094765312,0.006286655904417026,0.0047409043685674801,0.0062506171507797871
2020-08-24,0.010082322817511832,0.0064780441452416812,0.0061896353741416558,0.0067326455891211258
2020-08-25,0.0034931710096794263,0.0063679775563129926,0.0057523662602822446,0.0064819664713825402
2020-08-26,0.0099756523579791305,0.006168960781450494,0.0068098826764781892,0.0069112708237516005
2020-08-27,0.0021840181322715711,0.0061364370229793908,0.0061687590886933159,0.0065928818796885183
2020-08-28,0.0064388895628398777,0.0060523602221438325,0.0062237232197422448,0.0065776448833771437
2020-08-31,-0.0036292239341136658,0.0059067575631373452,0.0057984513316536269,0.006344761431845182
2020-09-01,0.0093747032095120864,0.0062081328671127565,0.00666893112348087,0.0067096127973952958
2020-09-02,0.0143602602480291,0.006850914905797036,0.0087648804180097285,0.0078191253309424658
2020-09-03,-0.035020920333177816,0.010297522164729487,0.017514322002012118,0.013329341129446955
2020-09-04,-0.008197835626853894,0.010458174899134413,0.016088569916096199,0.012908317177197851
2020-09-08,-0.027703078613869211,0.012136765967154768,0.018988569680029512,0.015056833783403759
2020-09-09,0.019554813255848832,0.012766565216345543,0.019103161180519131,0.015565233418425051
2020-09-10,-0.017516239821003917,0.012990021611189876,0.018796498215478838,0.015771198685570566
2020-09-11,0.00050921787637447425,0.012984220581125147,0.016813641387299873,0.014962739303561042
2020-09-14,0.013085135786704153,0.013309807642184139,0.016137006694919468,0.014785712312071608
2020-09-15,0.0050394944018170426,0.013338584395898648,0.014608274669607277,0.014117195546580981
2020-09-16,-0.0039763738749196333,0.013359474469016148,0.013186495398580337,0.013451648375187319
2020-09-17,-0.0088341360949400361,0.013472460904370421,0.012438461352844604,0.013063550652984965
2020-09-18,-0.011579461454017762,0.013701393675102836,0.012271472697846158,0.012922813658538214
2020-09-21,-0.011191779104130824,0.01390554027664964,0.012063267287195407,0.012760281874611453
2020-09-22,0.010132703167658552,0.013907371153093356,0.011702660757734995,0.012522359263172878
2020-09-23,-0.023464040332988947,0.014843615450494417,0.014821405223464167,0.01400659317033188
2020-09-24,0.0026616890207747739,0.014687119086667729,0.013310002251208198,0.013314452518207429
2020-09-25,0.016037841804431838,0.015110711061795009,0.013898467609435586,0.013611334183247368
2020-09-28,0.016472917032598382,0.015486396405590136,0.014450097599151297,0.01392398204464231
2020-09-29,-0.0054607776729479396,0.015513249658035747,0.013153261004734598,0.013321845129744828
2020-09-30,0.0075532908894082934,0.015463481888055656,0.01223997796970816,0.012861944729348561
2020-10-01,0.0063994762372472664,0.015193948900408469,0.011315666475350507,0.012368588828554563
2020-10-02,-0.0095399397693584735,0.013194065434097018,0.01098351202419766,0.012115479178685381
2020-10-05,0.017577838379502875,0.013644491831350268,0.012581975581272622,0.012767317351966916
2020-10-06,-0.014318224821550846,0.012571782180880205,0.012947864689989905,0.012930781466458222
2020-10-07,0.017256835110359785,0.012402422708134419,0.013916803930122,0.013426259129131394
2020-10-08,0.0088237066352537218,0.011931975783463238,0.013058081982457125,0.013039316341772975
2020-10-09,0.0088907070279901339,0.012095921400527943,0.012337736353965737,0.012685655707944318
2020-10-12,0.015959421736245209,0.012267250413507192,0.013142161888480958,0.013050041719549554
2020-10-13,-0.0065477130223950842,0.012302814101154955,0.012113944215125046,0.01255230992989536
2020-10-14,-0.0063029128855457278,0.012351315431566751,0.011195689247486504,0.012073819081086668
2020-10-15,-0.0012366598853840482,0.012195464781896129,0.010028989566025659,0.011460904381842782
2020-10-16,-0.00060445782345845526,0.011918197570573816,0.0089742731864162276,0.010874448641232473
2020-10-19,-0.015320400231923485,0.012145631746383747,0.010553340515344307,0.011397356546689
2020-10-20,0.0039978916239463277,0.01196586577379221,0.0096070299423708545,0.010886141482214954
2020-10-21,-0.0018947161307475869,0.01076259177613882,0.0086344663583866697,0.010344866536371195
2020-10-22,0.0054700953009161127,0.010815509671194443,0.0081010860972779344,0.0099652813081171857
2020-10-23,0.0033896929227981796,0.010231770710196982,0.0074027076388698126,0.0095144705688758949
2020-10-26,-0.018652765145258633,0.010417176415234127,0.010650126469770217,0.010782634183807897
2020-10-27,-0.0034536237647246029,0.010374147467712966,0.0096501636503913395,0.010287440481405829
2020-10-28,-0.034776609498840219,0.012854608276046207,0.017787159425564053,0.014703385505253646
2020-10-29,0.010112165305903436,0.012973283450373574,0.016539577073768519,0.014310701572665277
2020-10-30,-0.010479518792967529,0.013009480260571346,0.015518058855724683,0.013974927297303265
2020-11-02,0.011146062894597294,0.012649477951596074,0.014747713861132916,0.013718316422704813
2020-11-03,0.017501682178348164,0.012848118862288243,0.015338116804818754,0.014142272548402477
2020-11-04,0.022103519687064883,0.013214103054161597,0.01690915072396907,0.015128120960833666
2020-11-05,0.019314701876414927,0.013761268655741414,0.017416860919226524,0.01559742960498723
2020-11-06,-0.00022827269581634588,0.013617007265320683,0.015578448482068913,0.014797197035136231
2020-11-09,0.012487189869391357,0.013434441756088749,0.015011210072929704,0.014582672154663665
2020-11-10,-0.0014673475930380307,0.013358452509722021,0.013442461235750686,0.013842117083352611
2020-11-11,0.0074009968705225186,0.013386584913495819,0.012470555809394573,0.013338712842027388
2020-11-12,-0.0097483254097485636,0.013560076757796965,0.011975716238081533,0.013024289580752368
2020-11-13,0.013749603582399196,0.013903596410568909,0.012350892407703368,0.013098628441263525
2020-11-16,0.012405375014359147,0.013757504368417002,0.01236180813888927,0.013030962867829014
2020-11-17,-0.0053927170496188585,0.0137812858410975,0.011316700924104037,0.012479324246696602
2020-11-18,-0.012108171898710902,0.014038330859103771,0.011479361532343173,0.012442707219959971
2020-11-19,0.0042013376523334445,0.014016461682002906,0.010437951933496106,0.011878720068777236
2020-11-20,-0.0068712072852399617,0.014080034504764151,0.009828701356950827,0.011476712960635002
2020-11-23,0.0059764154076920994,0.013514324486758681,0.0091883733335319778,0.011050574666290286
2020-11-24,0.015985381423735921,0.01395769362900289,0.01089254090951939,0.011638596235627522
2020-11-25,-0.0015430921555335173,0.011595932032371961,0.0097669946581605462,0.011052119409525654
2020-11-27,0.0027812629887421134,0.011390329957087353,0.0088239692023793156,0.010521784614761271
2020-11-30,-0.0044370402960419979,0.01119075364549451,0.0081380225672684769,0.010079974652267452
2020-12-01,0.010878182820303063,0.011177565670808182,0.00875493582721679,0.010162617095931175
2020-12-02,0.002101416796934188,0.010480616775712959,0.0078868442093041717,0.0096639796600626708
2020-12-03,-0.00027269696111861482,0.0092422273859261248,0.0070552620073239284,0.0091684616455736372
2020-12-04,0.0085807586978311548,0.0083932921202555417,0.0073856117931876018,0.0091113973700393432
2020-12-07,-0.0020570947091949781,0.0084057319209507805,0.0066696429421864122,0.0086682737436898985
2020-12-08,0.0029221021801880782,0.0079552980863543017,0.0061069669895372448,0.0082752003505132919
2020-12-09,-0.0090094867184412376,0.0081998569951738254,0.0067875037263335552,0.0083515347002810613
2020-12-10,-0.000327101740690638,0.0080314548361343011,0.0060726900610640492,0.0079236366789420046
2020-12-11,-0.0011734069714473996,0.0077344436494281646,0.0054568698395989932,0.0075261746451933814
2020-12-14,-0.0044871140737607808,0.0071676877909176906,0.0052771944534239518,0.0072795874596058505
2020-12-15,0.013428715352507675,0.007259311372758437,0.0076383967063208946,0.008107169285620797
2020-12-16,0.0015683941518322688,0.0071670443530490709,0.0068679003660221689,0.0077071110323318984
2020-12-17,0.0055763201387894635,0.0067521034305355098,0.0066297446110796564,0.0075212458440905754
2020-12-18,-0.0040009453341129445,0.0067460148985554183,0.0061938940578463095,0.0072465841262749986
2020-12-21,-0.0035819059621239181,0.0066173669272430319,0.0057669289005638719,0.0069674018386635776
2020-12-22,-0.001686720206478779,0.0064919888513653582,0.0052129627052488903,0.0066313439097038032
2020-12-23,0.00089794718039224082,0.0054230631325916483,0.0046798767035903348,0.0062974503378563119
2020-12-24,0.0038829718560649822,0.0054812800139931667,0.0045317205182628575,0.0060991671337559845
2020-12-28,0.0085542837872091392,0.0057720401901562536,0.0055735398901360245,0.0063872868155540963
2020-12-29,-0.0019097481468016791,0.0057021433274300143,0.0050577569259892749,0.0060895322789322106
2020-12-30,0.0014256952081056664,0.0051671390337670016,0.00456850582392067,0.0057946029821880924
2020-12-31,0.0050680943831249107,0.0052690423418653449,0.0046726986320337538,0.0057261015897983377
2021-01-04,-0.013707721647191147,0.0060954221065143066,0.0074194081001130166,0.0069497898350028694
2021-01-05,0.0068638507752998871,0.0059856764060833012,0.007311674414108924,0.0069412438094477551
2021-01-06,0.0059608213150601228,0.0061150069209867748,0.0070622053453834859,0.0068495195550479756
2021-01-07,0.014747825523369746,0.0069167400897771902,0.0091323308637960374,0.0079983849674957353
2021-01-08,0.0056817823835813028,0.006737720940775245,0.008554303233785223,0.0077977567918519402
2021-01-11,-0.0067634561357028901,0.0069049801334473051,0.0082273781262534717,0.0077005807427974853
2021-01-12,0.00021096183270162232,0.006900154468706678,0.0073593954673501971,0.0073057169318414463
2021-01-13,0.0026895689803381815,0.0068532555126352545,0.0066914361370249342,0.0069828023049041746
2021-01-14,-0.0035084121933190156,0.0062101561273806326,0.0061872486037294842,0.006716730665901418
2021-01-15,-0.0073191719521440626,0.006412609454732196,0.0064295949981699801,0.0067793843054468955
2021-01-19,0.0078214255271288492,0.0065288228317383866,0.0067310246565941579,0.0068906832848773421
2021-01-20,0.013743958908372655,0.0071603051410992422,0.0086037570652099434,0.0078500321761597134
2021-01-21,0.00091085396026362034,0.007118282794636898,0.0077062078545225851,0.0074527625846904123
2021-01-22,-0.0035457353411470203,0.0071523639901188932,0.0070726911016653531,0.0071586679655038527
2021-01-25,0.0039362994307126564,0.0072035212119228309,0.0065663732895188624,0.0069044420235903816
2021-01-26,-0.0015621448059427087,0.0071595292546793336,0.0059145469666570553,0.0065687302677825132
2021-01-27,-0.024744145208887198,0.0088438513498887202,0.012265399996752359,0.010003032930548786
2021-01-28,0.0085633227410266462,0.0090386876601676585,0.011619730157695705,0.009868518159550475
2021-01-29,-0.020222614900226348,0.010101680649619112,0.013776985658361621,0.011337737911026406
2021-02-01,0.016508483659704181,0.010695147243035602,0.014364897271233978,0.011955871951450672
2021-02-02,0.014041094281466143,0.010716749010003895,0.014300723219987462,0.01218046877462598
2021-02-03,0.00078639347945809077,0.010607733391510504,0.012795789566597979,0.011558082846351642
2021-02-04,0.011301201235191467,0.01082281366539117,0.012511163590081652,0.011532652171579814
2021-02-05,0.0039283129651155333,0.010345528497374351,0.011327387167948609,0.011011131811706262
2021-02-08,0.0071961010713443799,0.010392546409264489,0.010630359079912879,0.010691066759692086
2021-02-09,-0.00066628048325885567,0.010282995692299787,0.0095127500372281047,0.010144624713729478
2021-02-10,-0.00043567120082068321,0.010283348950262962,0.0085106928328821472,0.0096250221019846104
2021-02-11,0.001613694389472557,0.010272087278007583,0.0076463269556735717,0.0091453456126919866
2021-02-12,0.0049277273432445107,0.010301187022841676,0.0071853706991581263,0.0088148659328977919
2021-02-16,-0.00086639240515520616,0.010172191109406795,0.0064384601285865121,0.0083670029791698356
2021-02-17,0.00022960930624216835,0.010020846926490254,0.0057596492209700751,0.007937968065660413
2021-02-18,-0.0042652882769728838,0.0095855196523027108,0.0054933945913281535,0.0076504556543298971
2021-02-19,-0.0017673416748299475,0.0095915003564413549,0.0049766059345647288,0.0072793457265430484
2021-02-22,-0.0077215019601106086,0.0097133591902153638,0.0056336137430919326,0.0073247625243338561
2021-02-23,0.0012136023724077002,0.0096772033994148073,0.0050680024850769511,0.0069594694126728137
2021-02-24,0.010959085663615219,0.0099765389160285274,0.006675929228765704,0.0074566043822628337
2021-02-25,-0.024390928026319474,0.0099329532937773215,0.012435348762741234,0.010465781911578936
2021-02-26,-0.0051661863218250897,0.0098148617093468584,0.011359939053673239,0.010062220432381752
2021-03-01,0.023951328285242855,0.010225806033503374,0.014763867974485251,0.012185649949411979
2021-03-02,-0.0078335886899097741,0.0096958167776537603,0.013662007920029964,0.011822756421279767
2021-03-03,-0.013334354313888927,0.0096458020300645552,0.013597108858843295,0.011982500279743522
2021-03-04,-0.012452111541657981,0.010038093950559808,0.013375952744554918,0.01203028635749114
2021-03-05,0.018229229625213197,0.010535307937065164,0.014477356526845744,0.012786144537419743
2021-03-08,-0.0049909735152150001,0.010557775429638214,0.013139902774763517,0.01223224936720829
2021-03-09,0.014176500318177854,0.010905323771204001,0.013353661228234366,0.012440355631996238
2021-03-10,0.0062052981172805817,0.010992232544250725,0.012262029175614654,0.011963978263851829
2021-03-11,0.010088109512767821,0.011220881583645884,0.011859168533721886,0.011789830094716668
2021-03-12,0.0013456260281773655,0.011219113980411198,0.01062421971396098,0.011192906469582821
2021-03-15,0.0059460828274592089,0.011243762213624952,0.0098676448974724853,0.010783720592274572
2021-03-16,-0.0012618484541106652,0.011245633374897647,0.0088439123108678616,0.010238114718205502
2021-03-17,0.0034038397274279214,0.011271243951997358,0.0080553741656027005,0.0097721904491175453
2021-03-18,-0.014656555355406751,0.011699232315218723,0.0097403370237126793,0.010364728508024317
2021-03-19,-0.0018519659012053917,0.011699886786659086,0.0087513020635932755,0.0098502697988669084
2021-03-22,0.0079531927656986013,0.011707644295632589,0.0085976092770184455,0.0096773116678268989
2021-03-23,-0.0079019715970971328,0.011837117519616382,0.0084630573227696421,0.0095146960286057354
2021-03-24,-0.0050962613566654415,0.011636617516910072,0.0079052544147469525,0.009169170324878545
2021-03-25,0.0056097578455116016,0.010355600798112461,0.007502553865621809,0.0088776829359072003
2021-03-26,0.015986575151058998,0.010894150865822435,0.0098053438806263594,0.0098228808088815685
2021-03-29,-0.00050526787926274551,0.0094874644419579608,0.0087730766564434147,0.0093201726491479696
2021-03-30,-0.0026563964924222715,0.0093432621747187566,0.0079362955893071772,0.0088817059522047145
2021-03-31,0.0040448973709375979,0.0089008065676198529,0.0073253033447747973,0.0085224615008474853
2021-04-01,0.01074120845131878,0.0087886450270575969,0.0081242087044407878,0.008769633454686291
2021-04-05,0.01425106998113896,0.0084130666558367827,0.0096654442619112536,0.0094617716838512698
2021-04-06,-0.0005906816415931379,0.0083397628841688047,0.0086490711168560504,0.0089781680502075845
2021-04-07,0.0011566828294047983,0.0077181528009612988,0.0077532398377139627,0.0085252884350487182
2021-04-08,0.0047352932518863319,0.0076658819800358565,0.0072508470416334054,0.0082252531163991473
2021-04-09,0.007243882706118282,0.0075033952773233669,0.0072494547097647997,0.0081324469633653595
2021-04-12,0.00036462831935881498,0.007497803205468727,0.0064861595442450007,0.0077159782031757489
2021-04-13,0.0029593827893352807,0.0074085865847054481,0.0059504455131933762,0.0073795990621494008
2021-04-14,-0.0034209811608671712,0.0074426270706096026,0.0055377670468328803,0.0070839921863712907
2021-04-15,0.010685250419263062,0.007779596409441052,0.0068824709513707954,0.007522107977099817
2021-04-16,0.0033365580638438164,0.007094929212835957,0.0063341336471415327,0.0072136786418979006
2021-04-19,-0.0049249922595110164,0.0071679361805197352,0.0060784956197343009,0.0070184755089222105
2021-04-20,-0.0073485799536716079,0.0071355957492252198,0.0063528586216288581,0.0070521813189932392
2021-04-21,0.0094174855481881422,0.0072269717477523856,0.0070728252447794715,0.0073231713502685944
2021-04-22,-0.0091748657330014971,0.0074255932229667244,0.0075402597964707319,0.0075288625226335344
2021-04-23,0.01078391653859964,0.0077058814131985929,0.0082911389700640551,0.0079148391889786677
2021-04-26,0.0020855574220589941,0.0068424817565918257,0.0074742423220600061,0.0075375835932163151
2021-04-27,-0.00021535092889869917,0.006841718395909766,0.0066858592443764381,0.0071511039276820152
2021-04-28,-0.00028744218052870299,0.0068161880580746735,0.0059813957961265627,0.006784741774509398
2021-04-29,0.0063523709704606584,0.0069036215679371109,0.0060574086807154313,0.0067427524459029919
2021-04-30,-0.0065919300008898682,0.006638071245503769,0.0061680197930528494,0.0067278223524199036
2021-05-03,0.0021541247530490791,0.0058430602215451188,0.0056003236713901752,0.0064188207320596416
2021-05-04,-0.006188219517346296,0.0060032166837671631,0.0057227364379673845,0.0063961347477029728
2021-05-05,0.00031270568849590795,0.0059980500194854415,0.0051204811141410574,0.0060687119081776989
2021-05-06,0.0079538758392148738,0.0061659274217641903,0.0057989903987978294,0.0062827344276657629
2021-05-07,0.007251380084349909,0.0061663680391174308,0.0061171181402536953,0.0063862139028135929
2021-05-10,-0.0099516641170279054,0.0065550917642846207,0.0070528314323457936,0.0068270723653008642
2021-05-11,-0.0089647593797138013,0.0068227323155983267,0.0074744449370974146,0.0070699870188399867
2021-05-12,-0.021474048064729561,0.0083079033251160939,0.011701316581967347,0.0095446172699873537
2021-05-13,0.011940938624492126,0.0083929630998266277,0.011749631945210743,0.0098106242650952413
2021-05-14,0.015238625866732995,0.0090275126432863301,0.012525423120181857,0.010480700618489892
2021-05-17,-0.0025477973551605434,0.0089781830375099004,0.011260871802141324,0.0099754550796076098
2021-05-18,-0.0086530020304711342,0.0090361170585170139,0.010789841325213118,0.0098512018583864214
2021-05-19,-0.0026251677005868072,0.0088069026942231947,0.0097218743948820022,0.0093824682677229945
2021-05-20,0.010700355501690477,0.0088925534801716759,0.0099252906744538901,0.009522468193782628
2021-05-21,-0.00081891183376575887,0.0085613314053196964,0.0088850008045141694,0.0090375174749811552
2021-05-24,0.010142597767563521,0.0088443503106450556,0.0091503578799897681,0.009154030743174793
2021-05-25,-0.0022212694085512632,0.0088581553105342818,0.0082443948851680937,0.008712637645445085
2021-05-26,0.0019827220451778317,0.0088690102993857801,0.0074271310046178322,0.0082892803027517174
2021-05-27,0.0005248541122211685,0.0087553118982277994,0.0066471734094746982,0.0078656530770013239
2021-05-28,0.0017869384832198928,0.0086395871912700942,0.0059988800035560329,0.0074833791437590265
2021-06-01,-0.0008809709491639702,0.0086283984408253231,0.0053800065985373765,0.0071048207612613226
2021-06-02,0.0015712544761782854,0.0085239661335166691,0.0048630592147357859,0.006758514208579868
2021-06-03,-0.0037183727370900459,0.0085641359280171966,0.0046566871382140553,0.0065186189072541905
2021-06-04,0.0091044169831897299,0.0086212375898395421,0.0058245918143098475,0.0068214510239823604
2021-06-07,-0.00097075583600048825,0.0084701670744285473,0.0052277307908198591,0.0064786735798806755
2021-06-08,0.00021320186689805366,0.0081727732187812999,0.004676796594276748,0.0061465791886857182
2021-06-09,-0.0014929023547004293,0.0079301522318839524,0.0042359995981497553,0.0058502365674024635
2021-06-10,0.0046373880500859034,0.0063957678040163588,0.0043192623978910811,0.0057404945690962567
2021-06-11,0.0016512326178687781,0.0058234760666730258,0.0039332093716367821,0.0054708872245617188
2021-06-14,0.0022365182919886883,0.0047489144325119541,0.0036573913631145804,0.0052381053567607215
2021-06-15,-0.0018357504364191373,0.0047324543000870946,0.0033727148114465169,0.0050030961336110799
2021-06-16,-0.0055994200574649954,0.0044966739646591031,0.0039205694937685812,0.0050658883059077463
2021-06-17,-0.00033143839364380519,0.0044588108327301649,0.0035097952085743267,0.0048070663648443306
2021-06-18,-0.013582202881463524,0.0048352792478414093,0.0068374101052629749,0.0062645607861796281
2021-06-21,0.014214402211850287,0.0057834986026664191,0.0088209969734771281,0.0074515215012365757
2021-06-22,0.0053319977455363226,0.0054522244644947824,0.0082422102664609937,0.0072674393985015335
2021-06-23,-0.0012060679824341929,0.0054362468414228373,0.0073917619047757874,0.0069050393096367225
2021-06-24,0.0058982568259587399,0.0055763511425220092,0.0071181740609870901,0.0068110611830582198
2021-06-25,0.0035458705369105959,0.0056312146439269446,0.006561201196649412,0.0065581109156432581
2021-06-28,0.0020137608782080708,0.0056350405990167208,0.0059372161396778547,0.0062540754865248842
2021-06-29,0.0005379830059166629,0.0056328809988882194,0.0053158549203615405,0.0059355755191473928
2021-06-30,0.00084133050557214876,0.005625059836763582,0.004769509223325483,0.0056372630567601053
2021-07-01,0.0055214446289907912,0.005698622720984833,0.004929081531412494,0.0056257885112313086
2021-07-02,0.0076145696289725562,0.0055882791642560643,0.0055707279525699007,0.0058551442167754583
2021-07-06,-0.001823223388325189,0.0055989242582114651,0.0050488846928784283,0.0055845193859175371
2021-07-07,0.0035277717985126409,0.0056540197019912678,0.0047835158707860382,0.0054141193633644629
2021-07-08,-0.0081813487135902474,0.0059332305076695074,0.0056296103438446326,0.0057510752307736931
2021-07-09,0.010618147019349714,0.0063059660772170701,0.0069212007140179825,0.006406394016251993
2021-07-12,0.0035754856845450524,0.0063457138765560554,0.0063936871236443642,0.0061819176353588752
2021-07-13,-0.0034148325583996551,0.0063718943784161555,0.0059190881314967643,0.0059632711849718512
2021-07-14,0.0014910503429742782,0.0063673935438855146,0.0053360218957381935,0.0056768711466345968
2021-07-15,-0.0034211191165341589,0.0062897717044574555,0.0050119172917498381,0.0054931398138855624
2021-07-16,-0.0078746920056441353,0.0065311770939810209,0.0057006672230734499,0.0057756561472945044
2021-07-19,-0.014877949586119956,0.0066708419012623072,0.0083826464918905271,0.0072220303189141632
2021-07-20,0.014228619688773626,0.0066723572350416028,0.0098339073320809229,0.0081967866605981345
2021-07-21,0.0080636709358500036,0.0068080820002534787,0.0095062686962392538,0.0081835725266897197
2021-07-22,0.00209188271235716,0.0068188011547027604,0.0085539762845433728,0.0077917501691120439
2021-07-23,0.010235827648722771,0.0070707273947483744,0.0089157636662316169,0.0080695384250592406
2021-07-26,0.0024515706488983631,0.0070474843689039566,0.0080495163290091338,0.0076945906466043268
2021-07-27,-0.0045678688306970399,0.0071068660863237189,0.0074839064422050636,0.007441276453833379
2021-07-28,-0.00041034473996980194,0.0071064402779089401,0.0066963244447731879,0.0070606071988675058
2021-07-29,0.0041388685363804249,0.0071639802631343263,0.00626886396470856,0.0068249527391164889
2021-07-30,-0.0048683230008238947,0.0071402607874674409,0.0060149013370534524,0.0066552264263578138
2021-08-02,-0.0021001504434519135,0.0069501634639465969,0.0054612596397366226,0.0063485351141814904
2021-08-03,0.0081027403611939157,0.0071708636207529009,0.0060820363164220854,0.0065451469366613873
2021-08-04,-0.0049312193988391559,0.0072121337073221773,0.0058699503878073128,0.0064020891946448156
2021-08-05,0.006312729209582927,0.0071176314021801218,0.005961137815799906,0.0063932094020078267
2021-08-06,0.0016511935982189392,0.0067201001842245077,0.0053826962859637156,0.0060875658388233524
2021-08-09,-0.00081395663210015782,0.0066748533962883352,0.0048281715509424505,0.0057809051711390442
2021-08-10,0.0012431098887808942,0.0066368576827912961,0.0043540850771868244,0.0054983188664800451
2021-08-11,0.0024820348562189986,0.0066516722105599861,0.0040495116857470611,0.0052748847403985971
2021-08-12,0.0029924575458868063,0.0066413312298406659,0.0038613205444755017,0.00509288212493029
2021-08-13,0.0018180445328131072,0.0064165415989794481,0.0035480831814388445,0.0048656173397545544
2021-08-16,0.0023518941525089354,0.0055118878074855325,0.003343261376388107,0.0046754624902450815
2021-08-17,-0.0065767474771968462,0.0047350719803251782,0.0041943579699927633,0.0048989096017176487
2021-08-18,-0.0110054994669066,0.005022531048841916,0.006188563219970346,0.0058061592820753188
2021-08-19,0.0015472418604736591,0.0050126557174025267,0.0055783011084931762,0.0055298944642214144
2021-08-20,0.0079255184894575694,0.0047988333087144262,0.0061201898067755802,0.00581404711363413
2021-08-23,0.0087583423578297109,0.0051540003138676425,0.0067310542107576719,0.006172008225958309
2021-08-24,0.001585933359583343,0.0050642084459150217,0.0060620713914251072,0.0058767197865196245
2021-08-25,0.0020960529960735866,0.0050850231023578888,0.0055025135416696246,0.0056144096502285116
2021-08-26,-0.0059203996582910742,0.0051723790386181212,0.0055885911143851537,0.0056457549858199164
2021-08-27,0.0089012654880048486,0.0054341607301878619,0.00639002237653492,0.0060506484902623468
2021-08-30,0.0043879555226444752,0.0055020249845574689,0.006042908199851693,0.0059054828595393643
2021-08-31,-0.0014827604657847268,0.0052057168375347967,0.0054454666769016861,0.0056220203560438413
2021-09-01,0.00053126031497093874,0.0050889835361034577,0.0048763647697695825,0.0053361620428563159
2021-09-02,0.0030719234762189725,0.0049373131984150288,0.0045727988653590504,0.0051546905045048979
2021-09-03,-0.00024283555958245901,0.0049237879787571246,0.0040914771650618752,0.0048907716863915698
2021-09-07,-0.0035818563207581831,0.004985182697247308,0.0039947574712727273,0.0047760498730461381
2021-09-08,-0.0012190636995721886,0.0049848857790660995,0.0036143731218780317,0.0045473287522679829
2021-09-09,-0.0042894093324824167,0.0050458907043296622,0.0037590904399390193,0.0045221988175268794
2021-09-10,-0.0079157875833010243,0.005305304660906938,0.0048822686695122871,0.0049670135128778966
2021-09-13,0.0025559526791318629,0.0053204922661135752,0.0045139579870257206,0.0047809403178869104
2021-09-14,-0.0054111386496808406,0.0054309381070720706,0.0047070943971967028,0.0048476482380102534
2021-09-15,0.0083178660459907582,0.0055490317292171895,0.005618075225831856,0.0052979631606344824
2021-09-16,-0.0015863984155994192,0.0049861342944916608,0.005074795304353447,0.0050510630841039527
2021-09-17,-0.0097888136480921498,0.0054344163408612256,0.0063061091357734418,0.0057047350258662734
2021-09-20,-0.016814697062932423,0.0063662304910670833,0.0094000222026049407,0.0075870287514698239
2021-09-21,-0.00094529396226237443,0.0060611996878752487,0.0084182569491902913,0.0072038921990529355
2021-09-22,0.0097077440852196724,0.0064284054933127022,0.0086914727805416283,0.0074920281670873296
2021-09-23,0.012076695743372065,0.0069567991405699312,0.0094658689665298567,0.0080685869555074535
2021-09-24,0.0016460079227504484,0.0068395880563545449,0.0084984709595057068,0.0076722109017480916
2021-09-27,-0.002865069538957119,0.0065748589026216686,0.0077084973640951238,0.0073346711211286107
2021-09-28,-0.020357486944322732,0.0079364617834625541,0.011420253947590801,0.0094794719198082588
2021-09-29,0.0016815791683041906,0.0079384433068064846,0.010242231294099229,0.0090087246567157001
2021-09-30,-0.012297659694872353,0.0084003804650629905,0.010684995474947008,0.0093896033645492431
2021-10-01,0.011814027712741242,0.0087791297293920625,0.01092014435798328,0.0096594674433397622
2021-10-04,-0.012979596363283687,0.0092462785182869118,0.011361937624811566,0.010041004548122835
2021-10-05,0.010351128579786078,0.0094978668576880705,0.011167097825627739,0.010072446643661486
2021-10-06,0.0041472928635384954,0.0095391388990823806,0.010158900860669095,0.009645142148255903
2021-10-07,0.008608535120986022,0.0096840365117738855,0.0098683326222504582,0.009546547964944252
2021-10-08,-0.0018254545700427212,0.0095296480904352963,0.0088641777888395293,0.0090750288529024576
2021-10-11,-0.0072661371429707635,0.0096502531299267995,0.0085684460722943636,0.0089106794752676875
2021-10-12,-0.0024646502596709328,0.0095899473117678439,0.0077427071916450884,0.0084892660418973056
2021-10-13,0.003591269959963801,0.0094420657517726436,0.007109082620810489,0.008133301674574326
2021-10-14,0.016680844922733255,0.010145900750103999,0.0098021100807358288,0.0093466889993354188
2021-10-15,0.0075867305664660007,0.010051178161465182,0.0094008928174679381,0.0091858795873929755
2021-10-18,0.0029562905162001784,0.0093448629336343909,0.0085117189412980045,0.0087644914727719458
2021-10-19,0.0076850079183050516,0.0094991974160915319,0.0083529250451206162,0.0086625985921722163
2021-10-20,0.0039202954993131454,0.0092893042058472229,0.0076740360181530021,0.008311042330080334
2021-10-21,0.0026049702700013072,0.008907195806214848,0.0069620282294634381,0.0079274629713362577
2021-10-22,-0.0010369790467169644,0.0089026083988531148,0.00624427215638001,0.0075277974733682727
2021-10-25,0.0053485215400094124,0.0089597064272985121,0.0060756962023411814,0.0073390482752492669
2021-10-26,0.00089968626316507211,0.0077198087604271092,0.0054491425517176582,0.0069682429754571633
2021-10-27,-0.0044399355706259344,0.007774298249113477,0.0052628062108929985,0.0067581115657880525
2021-10-28,0.009602488709611454,0.0075821158681818653,0.0063717549587514917,0.0070940569270267319
2021-10-29,0.0020271358139298066,0.0071214733362605651,0.0057707248180036063,0.0067604738943596284
2021-11-01,0.0017187862322840138,0.006514568112852631,0.0052184151964515067,0.0064365386008253811
2021-11-02,0.0040347760680832607,0.0061559950819678171,0.0050041352213904353,0.0062381141409789372
2021-11-03,0.0060867301394431405,0.0062360795163254905,0.005238583034490275,0.0062231414584061799
2021-11-04,0.0047016013245598006,0.0060240017130000038,0.0051356803610057324,0.0060881233686342672
2021-11-05,0.0034634027358494486,0.0060598465611265253,0.0048475975408932065,0.0058786254675398863
2021-11-08,0.00085339493510371901,0.0058410886862927391,0.0043525875198358998,0.0055834793758349072
2021-11-09,-0.003310778436766016,0.0058619667935668118,0.0041651248799688999,0.0053994298895412903
2021-11-10,-0.0080774075568307672,0.0060811199079257106,0.0051891728416403812,0.0057238894209077238
2021-11-11,0.00032344536982286759,0.0048034072087550107,0.0046435907663990436,0.0054311215032649945
2021-11-12,0.0075184859784713396,0.004798039010797602,0.0053437696849998311,0.0056745163534658782
2021-11-15,0.00034229628769343512,0.0047528995366781434,0.0047820636661144835,0.0053844070180506772
2021-11-16,0.0039500993123934075,0.0045185452193624541,0.0046276520224593394,0.0052586104153290467
2021-11-17,-0.0024323151218871839,0.0044659403155365386,0.004279645074443653,0.0050477025303996004
2021-11-18,0.0033909208718650502,0.004492242938056396,0.0041172756092369943,0.004907260456485602
2021-11-19,-0.0017899840185443365,0.0045040739865907248,0.0037686038941845716,0.0046897216279511685
2021-11-22,-0.0028191425505420904,0.0043879068562926319,0.0035988071903154091,0.0045374989283671861
2021-11-23,0.0013249914226577879,0.0043932943134280594,0.0032729575323361669,0.0043249933062898139
2021-11-24,0.00266642914485417,0.004320980878233579,0.0031609760650290267,0.0041887939586424273
2021-11-26,-0.022555625696858705,0.0062847672039614243,0.010475908832283129,0.0081649874710768931
2021-11-29,0.01219185499709944,0.0068355615161519974,0.010840848598883108,0.008652424584449623
2021-11-30,-0.019649259731471365,0.0081167641542196391,0.013085789249185128,0.010295015632339352
2021-12-01,-0.011169359058415897,0.0084442654226425662,0.012725612777954337,0.010385762868498499
2021-12-02,0.015200185048796711,0.0090003047511959134,0.013257529994802213,0.010962765430144909
2021-12-03,-0.0087393682683927186,0.0091498120609209282,0.012485391175152752,0.010761117928068682
2021-12-06,0.011773640596398087,0.0094894801474736876,0.012346324020367212,0.010866616513199331
2021-12-07,0.020473702443414999,0.010534345917550319,0.014345029515515698,0.012173424669113966
2021-12-08,0.0026444973311588408,0.010524925155290495,0.012884974608733791,0.01157896273293009
2021-12-09,-0.0067744449867631349,0.010478858674800577,0.01191623587841008,0.011191713481920161
2021-12-10,0.0093695844554525266,0.010686005049805714,0.011452299532473715,0.011023062953736583
2021-12-13,-0.0088978284555643675,0.010738849562000682,0.010989012781416188,0.01082932409323412
2021-12-14,-0.0069038886379813296,0.010848973015642365,0.010302400554881965,0.010503009193428123
2021-12-15,0.015504363764168057,0.011355144915492273,0.011532069411034398,0.011104972376313093
2021-12-16,-0.0088577119002402043,0.011513750961984754,0.011049104576492323,0.010901113536771133
2021-12-17,-0.010700073767953608,0.011735251293799582,0.010980186031290211,0.010881176708949371
2021-12-20,-0.010690190623893522,0.011969541744279586,0.010922802906783073,0.010862229212816406
2021-12-21,0.017603112216358383,0.012584356531707256,0.012546713139810128,0.011712223405261551
2021-12-22,0.009949025013835891,0.012776048064245602,0.012071976981229452,0.011548024474249874
2021-12-23,0.0062028464112378655,0.012837276856902237,0.011148146182596831,0.011129632190338875
2021-12-27,0.014052914197545618,0.012216058465974082,0.011786509667223562,0.011455578604652081
2021-12-28,-0.00081753309384014297,0.011909384368999028,0.010548512699918806,0.010870790637602153
2021-12-29,0.0012784562119540805,0.011072962032045058,0.0094521842026832857,0.01032085874365642
2021-12-30,-0.0027684583951275831,0.010805367979323898,0.0085444661236542367,0.0098302873241026632
2021-12-31,-0.0025233803097418086,0.01027239350405224,0.007725270914870133,0.0093599059186367586
2022-01-03,0.0057733253493177017,0.010167094210983732,0.007376320606123735,0.0090653286473280012
2022-01-04,-0.00033504671037003193,0.0098206154015554308,0.0065992829767397045,0.0086007784976403229
2022-01-05,-0.019388812694817278,0.0097099003683832029,0.010489310758510813,0.010206304789706981
2022-01-06,-0.00093977367482882236,0.009694155743807607,0.0093913336147146229,0.0096871104654765988
2022-01-07,-0.0039613845098528345,0.0096159569832133251,0.008584650901304924,0.0092749854434819364
2022-01-10,-0.001245338194325149,0.0093890743111623345,0.0076985166312393818,0.0088078320942753061
2022-01-11,0.0090672788979771698,0.0093971765009486247,0.0079910472392494269,0.0088341196642462184
2022-01-12,0.0026998012010579862,0.0092891435880796003,0.0072486725742703781,0.0084241554989519865
2022-01-13,-0.013874489678103277,0.0091593666268343955,0.0089741236918566315,0.0091170117180055278
2022-01-14,0.00040892589880503786,0.0089431205414508708,0.0080287832769067018,0.0086501233770794536
2022-01-18,-0.017868305084442933,0.0094983494574833651,0.010743572685293062,0.009963423289908931
2022-01-19,-0.010437588887786009,0.0094842921046980194,0.010683077065781513,0.010011850451717362
2022-01-20,-0.011129760165628786,0.0089806401113379872,0.010773895337510246,0.010129194965802541
2022-01-21,-0.019825979897820777,0.009765050733023143,0.01309485976926285,0.01147377355017062
2022-01-24,0.0042376595746318833,0.0097123806850827766,0.011864730660045378,0.010967155848239887
2022-01-25,-0.012284124226536115,0.009591720601666763,0.011949786965085652,0.011105882561098929
2022-01-26,-0.0025121118141963046,0.009606415635959837,0.010747095791987233,0.010565871250944317
2022-01-27,-0.0049499699577648451,0.0096657440989123111,0.0098641013217765899,0.010145151158097937
2022-01-28,0.024532038027501368,0.011096595666262659,0.014078514618580128,0.01236178675584026
2022-01-31,0.017850734498263729,0.011779155278606132,0.014909507152081187,0.013015270524654151
2022-02-01,0.0067342963482713994,0.011804637739608026,0.013671315674639231,0.012529669384208516
2022-02-02,0.0096669356898521474,0.01200068088193576,0.012969727327390369,0.012273480270607384
2022-02-03,-0.023785452184764192,0.012389811359581237,0.015739142565089941,0.013861791360464931
2022-02-04,0.0046910811249673634,0.012432360150191292,0.01423298055122629,0.01323385650372017
2022-02-07,-0.0032144225515148101,0.012421577039945599,0.012811272019795929,0.012595821267345757
2022-02-08,0.0081942199425124786,0.012552899857073061,0.012030461367105531,0.012227173267180548
2022-02-09,0.014530130709273056,0.012807058694815441,0.012570224351619462,0.012476612494501268
2022-02-10,-0.018129174499531785,0.013419748674543415,0.013861523213807792,0.01315165275574131
2022-02-11,-0.019915560063954958,0.013794783721739529,0.015265626982791939,0.013976134174117603
2022-02-14,-0.0032747292621606978,0.013813902037333868,0.013732307311238217,0.01329930370288946
2022-02-15,0.015998185990851642,0.013698801805903115,0.014214408263160505,0.013593326545894076
2022-02-16,0.0011202686095574399,0.013500842859457728,0.012723620639148139,0.012900626887897103
2022-02-17,-0.021592880763046392,0.014120616304924753,0.014925244308372072,0.014014592632516087
2022-02-18,-0.0064961628883569763,0.013485115405478384,0.01366200426680096,0.013453175804137973
2022-02-22,-0.010789617554466301,0.013666427547612044,0.013137863519735603,0.013211007909788859
2022-02-23,-0.017897952426234771,0.01397294140709353,0.014217950151161464,0.013751775416230072
2022-02-24,0.014937104960263367,0.014355605577871451,0.014364661712672342,0.013874865939820076
2022-02-25,0.021824254008581984,0.015121944469208665,0.016134882010781271,0.014862386102718903
2022-02-28,-0.0025619736585318462,0.014103557901892787,0.014476887642268579,0.014122954347528137
2022-03-01,-0.015347530877393508,0.013955473642528034,0.014655154774071968,0.014250148278364762
2022-03-02,0.018229086536651937,0.014460383363521689,0.015436280910690646,0.014696598686632171
2022-03-03,-0.0049907160863333459,0.014341393484984201,0.01398586658358642,0.01403145524761296
2022-03-04,-0.0081580486737248895,0.013443060225172145,0.013030515066860416,0.013559090623838871
2022-03-07,-0.029922296912899809,0.014979410827490536,0.017745541097269696,0.015968670262276101
2022-03-08,-0.0076106929896074937,0.015058627278436086,0.016232926804009264,0.01533919332067293
2022-03-09,0.026457812782119203,0.016075005018606665,0.018729909277468267,0.016785808061497855
2022-03-10,-0.0045257331138076912,0.015775730234688732,0.016874360825739048,0.015988597282796363
2022-03-11,-0.012796785356779732,0.015512195260804423,0.016141461696986669,0.015698646129875281
2022-03-14,-0.0073348824327132758,0.014949473241267051,0.014805320956756572,0.015072584095307477
2022-03-15,0.021752043962457269,0.015703761601335225,0.016431320890756013,0.015867566096713501
2022-03-16,0.021932067775399838,0.016058076177640747,0.017669005754510986,0.01657417413148202
2022-03-17,0.012433096132905972,0.016295034655119313,0.016753250054015494,0.016207748494828859
2022-03-18,0.010893247470286948,0.015752735364108292,0.015756575706278277,0.015757166121779503
2022-03-21,-0.0002925209627841051,0.015685756062865062,0.014093716901260529,0.014948846531481515
2022-03-22,0.011633597941296207,0.01571588944247548,0.013637243309637311,0.014651118437361065
2022-03-23,-0.012962112647130078,0.015471689116879534,0.013504917508980792,0.014491079350645768
2022-03-24,0.014961932765878689,0.015472888563684744,0.013808624984321779,0.01453885091336686
2022-03-25,0.0048716705709443628,0.014723519825783541,0.012541496481539577,0.013878533233313169
2022-03-28,0.00708788677520271,0.014797491596746901,0.011656712014320092,0.013355752698038761
2022-03-29,0.012294974985725616,0.01465423975677854,0.011787129844358177,0.013253496071150983
2022-03-30,-0.0061941092853189149,0.014143907258711617,0.010900575303253593,0.012725028144607796
2022-03-31,-0.01551089954414088,0.014520129146248575,0.011965602136424546,0.013030445411412361
2022-04-01,0.0028299207617624523,0.014418976561860652,0.010776928963918105,0.012394115620309627
2022-04-04,0.0085302959490994416,0.012914255298439058,0.010366626650483466,0.012063551993777165
2022-04-05,-0.012711836673549083,0.013113405244440043,0.010876199557354983,0.01212993970295843
2022-04-06,-0.010049630561610326,0.011916809890464257,0.010715987510915521,0.011938232738565277
2022-04-07,0.0050263441553930416,0.011926837457306888,0.0098447314732789289,0.011436593653049932
2022-04-08,-0.0026776014504534557,0.011593965820029726,0.0088864447407424451,0.010882695525430768
2022-04-11,-0.017239850877005181,0.012107462216914,0.011073283693489051,0.011675230256206745
2022-04-12,-0.0037121479976322098,0.011118546336845597,0.010042414946438798,0.011138128462965999
2022-04-13,0.011388312614197257,0.010298348217519168,0.010325638537393354,0.011163399191628348
2022-04-14,-0.012529767505403836,0.010304204759405253,0.010802502659653317,0.011307468360974132
2022-04-18,0.00041084944363760931,0.010012588754391698,0.0096637989643059662,0.010727993120221584
2022-04-19,0.016013847805392147,0.010633429419317214,0.011224966487471996,0.011367725581759781
2022-04-20,-0.00074198642296281368,0.010311659340533283,0.010045397298577481,0.010786923602082398
2022-04-21,-0.015066204700951418,0.010453660906395969,0.011230588155889626,0.011288091119695266
2022-04-22,-0.027822767984588853,0.011695784525100946,0.015991315515823553,0.013859637183069226
2022-04-25,0.005780858077340972,0.011716468450668845,0.01453483407416015,0.013274879305391795
2022-04-26,-0.02938851790758527,0.013339714211662735,0.018486376557118638,0.015651475233852349
2022-04-27,0.0028079134108031107,0.013068430419908284,0.016582333072091577,0.014874819228096888
2022-04-28,0.024945510362296554,0.014141409000160938,0.018558952382559599,0.016166696356561202
2022-04-29,-0.037655686244273436,0.016088740895507311,0.023646097186130408,0.019417026925599105
2022-05-02,0.0060014520601401394,0.016132204820432476,0.021319329611288709,0.018518115018800175
2022-05-03,0.0045735156551886293,0.016051653721403176,0.019177968118376576,0.017627258153478858
2022-05-04,0.029998635011936059,0.017163098576307684,0.021776574327369441,0.019226024478981186
2022-05-05,-0.036189891909313675,0.018841645704109889,0.02532423753699049,0.021532460221268868
2022-05-06,-0.0059869087598375947,0.01885567712615251,0.022808380494100375,0.020515030258625881
2022-05-09,-0.03254104297863869,0.020202080494746522,0.025059163438519827,0.022015262153216867
2022-05-10,0.0023079384750796365,0.019837584590957306,0.0224373495268873,0.020898259470775359
2022-05-11,-0.01601364662974929,0.020141067602902647,0.02130809936878144,0.020462336422200543
2022-05-12,-0.0010445976222352624,0.019980802791288926,0.019064268037518962,0.019415087151208498
2022-05-13,0.023626603836302711,0.020476658588238592,0.02005991860433667,0.019876435522091947
2022-05-16,-0.0040659402966455047,0.020496626566359956,0.018034041189629882,0.018900227702519333
2022-05-17,0.020361585458622534,0.020688625924491433,0.018522962662089762,0.019051408418414902
2022-05-18,-0.041146397571208373,0.022641621344447554,0.024760559832978851,0.022270230123676751
2022-05-19,-0.0061432393443643539,0.022431684296612724,0.022316275148923259,0.021216521245236743
2022-05-20,0.0004362629894989869,0.021551906081284065,0.019961236792773167,0.020128232135839069
2022-05-23,0.018537356014718245,0.02190879773359989,0.019684702005390152,0.019974847003780608
2022-05-24,-0.0076632869414831675,0.020970156585703979,0.017936978223276914,0.019104126732639455
2022-05-25,0.0087961692594664114,0.021052835391577891,0.016518555292581869,0.018335979705464137
2022-05-26,0.019784378278686104,0.020776887034799265,0.01722133734464594,0.018485927051968158
2022-05-27,0.024252638014903693,0.019753253455179205,0.018838727613266982,0.019140940262740869
2022-05-31,-0.0056267568538651775,0.019747738360573523,0.017036731054049015,0.018245659045287591
2022-06-01,-0.0081214339320081971,0.019804676279627825,0.015664983301261232,0.017498840976144504
2022-06-02,0.018864222231674509,0.019105555250559597,0.016354972868954418,0.017640135486955727
2022-06-03,-0.016547627890403056,0.017698249265160587,0.016393684997438408,0.017533948239864969
2022-06-06,0.0030403978931563113,0.017660636290752995,0.014725866022272903,0.016661926921136955
2022-06-07,0.0095463280214579827,0.016232951648484786,0.013845843413219726,0.016092577970048955
2022-06-08,-0.010931655847137896,0.016407847061690344,0.013314132482845921,0.015653244683001697
2022-06-09,-0.024070342873451413,0.016892740203500792,0.016052700091440098,0.016687114873454909
2022-06-10,-0.029424146731493381,0.018127303520302618,0.019475816449018697,0.01836278474544472
2022-06-13,-0.038707695142360485,0.019380469437993288,0.024558156969354952,0.02129087230646446
2022-06-14,-0.0030181903455676661,0.019370892487448828,0.022006916039681648,0.02022083248803979
2022-06-15,0.014155690823417343,0.019092431662186753,0.020676561595190684,0.019698533400414539
2022-06-16,-0.033655959143571487,0.018344095083011363,0.02384451460387739,0.021505844668412766
2022-06-17,0.0021533834244224408,0.018298926414986299,0.021348913634893302,0.020413596582399822
2022-06-21,0.024862044533758572,0.019124519721844327,0.022096269875067725,0.020901089893255054
2022-06-22,-0.0018144025232503642,0.018674318702866004,0.019780154832981865,0.019836814474732917
2022-06-23,0.0097545853579795797,0.018723019987548516,0.018221800330225621,0.01906998901953242
2022-06-24,0.031298994659884394,0.019891309688103889,0.021483775719448917,0.020621851026436145
2022-06-27,-0.0038270002585052126,0.019411991563548503,0.019291741277722603,0.019601001476422904
2022-06-28,-0.020644596153319587,0.019202235844970335,0.019569795484061667,0.019707847879061411
2022-06-29,-0.00081464021532454763,0.019161837692279381,0.017507548199747591,0.018698280805727708
2022-06-30,-0.0081575096265991166,0.01916260387982445,0.016078569209814646,0.017925334889805168
2022-07-01,0.010520994592494958,0.018840037414918482,0.015131245015229292,0.017327867743667444
2022-07-05,0.0018868585161000962,0.018477927971191872,0.013560077712929117,0.016449484003877007
2022-07-06,0.0033714389028040299,0.018480799526938402,0.012221860992484315,0.015641727258265278
2022-07-07,0.014866157278781423,0.018655655009462844,0.012794515830744863,0.015565909279046622
2022-07-08,-0.00082301049115332872,0.018495736702481207,0.011449680236943493,0.014769411401339378
2022-07-11,-0.011489181137943694,0.017880807309130612,0.011457591311733011,0.014474877897580358
2022-07-12,-0.0088881798497544677,0.016744677856994301,0.010991863679179982,0.014016770499620534
2022-07-13,-0.0052657935983728456,0.014382502650229291,0.010109528681272623,0.013401333065676551
2022-07-14,-0.0024312704479670451,0.014376942047435073,0.0091073745571493107,0.012736846656162266
2022-07-15,0.018924744960935033,0.014648705816307435,0.011746685125032323,0.013484032544160382
2022-07-18,-0.008291119228507891,0.012703760691310991,0.011141643539154858,0.013058004675022597
2022-07-19,0.026660678766701855,0.014024737869512312,0.015539219255262677,0.014984642695564931
2022-07-20,0.0063528933692544682,0.012953963567057724,0.014186110068751215,0.014356931791245805
2022-07-21,0.010131491466217054,0.01314431151629257,0.013473158463114188,0.013991928149673974
2022-07-22,-0.0093213560727307097,0.01312858379315026,0.012751405216080113,0.013597257661548463
2022-07-25,0.0012143807544604489,0.011110899833435377,0.011418126471146695,0.012905206173663595
2022-07-26,-0.011901699175634946,0.011393082143259998,0.011516465531678659,0.012808393969308543
2022-07-27,0.025635110840191787,0.011889083168850021,0.015412169355144582,0.014607030883947953
2022-07-28,0.01246423044679312,0.012210035572976431,0.014869410866321474,0.014407099645078632
2022-07-29,0.014473394081010359,0.012499267072078999,0.014791055772122167,0.014413742809809149
2022-08-01,-0.0029654791704615798,0.012293771362519922,0.013295829347028755,0.013706195324729492
2022-08-02,-0.0066191896301793013,0.012375358020232775,0.012255039644664701,0.013170238357284968
2022-08-03,0.015538158551879292,0.012831713629688733,0.012978276911459037,0.013425836944759316
2022-08-04,-0.00067596255648051478,0.012394579030017699,0.011612059350001674,0.012738660857339523
2022-08-05,-0.0016914798962615685,0.012398982911106053,0.010413652516108863,0.012096786466596341
2022-08-08,-0.0011616992435648781,0.012132690976263297,0.009328731747001209,0.011481897624079198
2022-08-09,-0.0039788112471353882,0.012001822787411848,0.0085314932218265756,0.01096511147407472
2022-08-10,0.020786416776812922,0.012816437774607014,0.012026808627359635,0.012305194631412114
2022-08-11,0,0.012804902320237186,0.010757104657262833,0.011673732626081521
2022-08-12,0.016787451037651516,0.012655004956777821,0.012203931454828561,0.012281298030618377
2022-08-15,0.0041121143688783116,0.01255219071645031,0.011069356407663015,0.011723404012634612
2022-08-16,0.0019567961804264366,0.011054833998376661,0.0099393325370591423,0.011138998456247525
2022-08-17,-0.0071233369087513121,0.011078289058306233,0.0094435507500574035,0.010804802211008498
2022-08-18,0.0029022870045694797,0.010863576574302352,0.0085457108883056875,0.010291341152775085
2022-08-19,-0.013529128051227841,0.011082634042741155,0.0097483742662307082,0.010659468234071238
2022-08-22,-0.021042251932270092,0.012037020379377162,0.01282887032999524,0.0121053489568855
2022-08-23,-0.0024222335058849964,0.011751625343246239,0.011525509714822687,0.011509658880560934
2022-08-24,0.0031961231627795107,0.010283652706220885,0.010407350287345423,0.010965698478407712
2022-08-25,0.014018677589388354,0.010383247421610779,0.011222968247030327,0.0113081484312393
2022-08-26,-0.034435144905020566,0.012515064140413496,0.018382596496279668,0.01528609562025641
2022-08-29,-0.006634211944065274,0.012585220121598215,0.016707436571173403,0.014652628576209043
2022-08-30,-0.011038564560736952,0.0127392926537993,0.015737875680540161,0.014332290903036395
2022-08-31,-0.0076379763802952947,0.012374764358131242,0.014484899771351535,0.013809669604843148
2022-09-01,0.0031327222139596678,0.012393653378801545,0.013031218162660278,0.013138404468671965
2022-09-02,-0.010600462672522034,0.012612615878773235,0.012582689665432597,0.012907086645379384
2022-09-06,-0.0037800982387655559,0.012638237977803462,0.011380557627471999,0.012302947263711634
2022-09-07,0.017805270659008526,0.013220623865710901,0.012923591071288154,0.012958743247721116
2022-09-08,0.0065152748939973698,0.01246208568518343,0.011920785474589064,0.012465191719294055
2022-09-09,0.015415722493694104,0.012930034981583891,0.012696968183997948,0.012790909042720146
2022-09-12,0.010690286492423443,0.012601943908477388,0.012321803679266406,0.012596620231404737
2022-09-13,-0.044456224246112369,0.016024397328895244,0.022731754256379605,0.018451096025734474
2022-09-14,0.0038086325157098743,0.016041045516789251,0.020403118820069895,0.017545632455393544
2022-09-15,-0.011418278983916424,0.016164680621146,0.018950071901172875,0.017032381099812151
2022-09-16,-0.007658018438956706,0.01624216729415685,0.017291998997512624,0.01633879830273495
2022-09-19,0.0077250257204947003,0.016051166133311548,0.015847579876449368,0.015691663366830793
2022-09-20,-0.011544960740585095,0.015561665137291509,0.015085551168342662,0.015327559530020123
2022-09-21,-0.017597815222013539,0.016042325770185224,0.015620361819105665,0.015569488851291578
2022-09-22,-0.0084352607866825975,0.016137011407944577,0.014471602799817587,0.015009445267410052
2022-09-23,-0.016896789866177188,0.016274275606043418,0.014988066307329314,0.015208722934224787
2022-09-26,-0.009941992615303312,0.014508798955396305,0.014123822030132965,0.014766822599235358
2022-09-27,-0.0025558776994220309,0.014444072634229246,0.012684336054913399,0.014032333939548315
2022-09-28,0.019485253635417712,0.014883631759306607,0.01430555580082412,0.014669126324889138
2022-09-29,-0.021110171884966795,0.01552055179553823,0.015901163882526416,0.015434664755778928
2022-09-30,-0.015584352519351497,0.015891520782696161,0.015838308588503179,0.015449698794982947
2022-10-03,0.026058806362949532,0.016759326114028937,0.018343769867943248,0.016814577380246512
2022-10-04,0.030516023982871121,0.018075451326254474,0.021341055698326714,0.018643491711613048
2022-10-05,-0.0023309135099958038,0.017639223774739102,0.019116463015251613,0.017702121925351044
2022-10-06,-0.010369480223063242,0.01773121769740952,0.017715997025007826,0.017110850960827304
2022-10-07,-0.028290084093410228,0.018507574096391196,0.020276859028816898,0.018534723746106992
2022-10-10,-0.0076647844263078571,0.018432407159239793,0.018457263982507403,0.01774985289911523
2022-10-11,-0.0063530350468828847,0.015586978305249194,0.016751378624977598,0.016958409582767443
2022-10-12,-0.0033039336038044667,0.015581219704157961,0.015055568541956653,0.016122049737705303
2022-10-13,0.026048779331109523,0.01643722902296962,0.017805726500915699,0.017371883301318343
2022-10-14,-0.02305248723272179,0.017141210401069255,0.018971519456893522,0.018020705126399493
2022-10-17,0.025372505978005153,0.017972910055825821,0.020412928558230271,0.01888511683542804
2022-10-18,0.011681083938101697,0.017977307252427192,0.018990515165537923,0.01829283046157397
2022-10-19,-0.0071117714831744694,0.01761329854684265,0.01728083307389431,0.017499217440479702
2022-10-20,-0.0084206966028330943,0.01761295009466303,0.015908594521127018,0.016813422110146602
2022-10-21,0.024011021702007161,0.018021303887530336,0.017826175595033213,0.01766564357916223
2022-10-24,0.012162096804780939,0.018089252690009661,0.016846404625727673,0.017194741249239039
2022-10-25,0.015842588489948673,0.018424001135621825,0.01665048350839584,0.01706434806758347
2022-10-26,-0.00756271219422838,0.017981095438548866,0.015271863147541483,0.01636435880344075
2022-10-27,-0.0053542095162993526,0.017391699264211715,0.013867853298426353,0.015616650444234735
2022-10-28,0.023512076973365884,0.017831670962208942,0.01626091746506439,0.016576295434982555
2022-10-31,-0.0072493989797680052,0.016930537768476042,0.014901164604086527,0.015891871880613286
2022-11-01,-0.0043855896934083477,0.015525572227508456,0.013471542028967986,0.015140005692823812
2022-11-02,-0.025416504548284164,0.016524880340706719,0.016564591646074184,0.016458969150167292
2022-11-03,-0.010350231155761815,0.016524276943900917,0.015522049288560226,0.015953702624635857
2022-11-04,0.014290430222569362,0.015596349105333291,0.015283667442155995,0.01579525891799163
2022-11-07,0.0095202347383846492,0.015647376868793032,0.014317798932822198,0.015284131339567499
2022-11-08,0.0053808188663696278,0.015629139795341491,0.013030354383481496,0.014599298780828562
2022-11-09,-0.020817403725376219,0.016290869429612255,0.014916600412304202,0.015334992735219762
2022-11-10,0.053497394969309088,0.01935365714705482,0.027393397525475632,0.022312394062953985
2022-11-11,0.0096321043156325625,0.018778499893824515,0.024877179685415168,0.021385424459037808
2022-11-14,-0.0085431759020090699,0.018002587258691607,0.022576457343411526,0.020467079098228896
2022-11-15,0.0084928895615184029,0.017913046099520984,0.020547091657067522,0.019601635427745748
2022-11-16,-0.0076579170304370715,0.017924300280467636,0.018694253638488985,0.018752761653221567
2022-11-17,-0.0030646821974705863,0.017838294420406301,0.016776726458830566,0.01781680920808866
2022-11-18,0.00453007825247534,0.017041254945545037,0.015141702755444991,0.016963106502614567
2022-11-21,-0.0036425380209895455,0.016842563473127767,0.013640767812490294,0.016133787290049897
2022-11-22,0.013367210397568998,0.01673489406999306,0.013586496972140844,0.0158788354254903
2022-11-23,0.006281857890254967,0.016708382198014272,0.012472636757713486,0.015194401826928265
2022-11-25,-0.00022375072605163729,0.016665508120578536,0.011156314222420154,0.014414848893730582
2022-11-28,-0.016085696644502243,0.016218377063194164,0.012301244039985936,0.014590546440077982
2022-11-29,-0.0017190768750832692,0.016141741744640566,0.011029393863922024,0.013852478601618905
2022-11-30,0.031014740033947774,0.017541090663678628,0.017020600549895095,0.016397971124648771
2022-12-01,-0.00073616539375125165,0.016595692919341869,0.015227247366502678,0.015558223075050349
2022-12-02,-0.0011543928508060634,0.016435549591264309,0.013629445126612039,0.014764340046650424
2022-12-05,-0.018152962142740189,0.01662507059526034,0.014646345157704519,0.015137376482316502
2022-12-06,-0.014519617610312764,0.016804826497205438,0.014621087520866312,0.015076739688859137
2022-12-07,-0.0017028826939696367,0.016766022888300466,0.0130996535117594,0.014313184573252747
2022-12-08,0.0078035027711904981,0.01620111234985884,0.012225369884077776,0.01380108665704256
2022-12-09,-0.0074983041220508945,0.01105390004401044,0.011437335703010809,0.013305842705156066
2022-12-12,0.014314373593886339,0.011304640599102661,0.012067741158301445,0.013410109403858511
2022-12-13,0.0075412971042248455,0.011268946909581048,0.011308339123578148,0.012943533018559038
2022-12-14,-0.0064140567515267146,0.01119998714268633,0.010513365388373013,0.012445704267073671
2022-12-15,-0.024765877930738815,0.012376387308827201,0.014529088869148088,0.014168305128036162
2022-12-16,-0.011876279371343291,0.012639527267854367,0.014038687297440637,0.013956051889830505
2022-12-19,-0.0085160903227322702,0.012741968404661944,0.013121453871627326,0.013510981657709809
2022-12-20,0.0013675178505190668,0.012719585681823915,0.011752108848138392,0.012824935607114082
2022-12-21,0.014841800596487141,0.012801081847793584,0.012431631384978053,0.013040666412747049
2022-12-22,-0.014368799924201349,0.013123175305897917,0.012842462745358571,0.013179503919566432
2022-12-23,0.0057356451369790992,0.013185602305045684,0.011769562630795106,0.012634047400695292
2022-12-27,-0.0039509746337701417,0.012716254808225309,0.010674273920389429,0.012050653858043697
2022-12-28,-0.012505954677625287,0.013014427386655623,0.011064894010417284,0.012096955104720645
2022-12-29,0.017840269217852023,0.011712957590725565,0.012712220290826552,0.012787893145534491
2022-12-30,-0.0026373949399601435,0.011726639380114584,0.011431168190166189,0.012160295029249082
2023-01-03,-0.0042188154726150243,0.01176169036355546,0.010396969065640671,0.011613153666327659
2023-01-04,0.0076903033873711151,0.011172193016138596,0.0099149243990800835,0.011282414674569745
2023-01-05,-0.011478833160210509,0.01099386704250912,0.010246819155990241,0.011302210132184187
2023-01-06,0.02267304254833644,0.012100556391952847,0.013667889885867156,0.012898552024344038
2023-01-09,-0.0005670466585029712,0.011974757171461891,0.012227562288875721,0.012237954652781265
2023-01-10,0.0069883906828054586,0.011959325286023281,0.011374451392914427,0.011818398415552329
2023-01-11,0.01256860258273469,0.011860813010573285,0.011623100695096958,0.011895548078425362
2023-01-12,0.0036341313535727835,0.011768418445391296,0.010522288627180632,0.011343471635571646
2023-01-13,0.0038720870592442399,0.011712741754813608,0.0095694021757803255,0.010830799586907391
2023-01-17,-0.0018338275359959229,0.010329038198328545,0.0085983342042408872,0.010291350254740905
2023-01-18,-0.015913699095963223,0.010597123216376391,0.010478274889199422,0.010983864663717693
2023-01-19,-0.0073065169739789668,0.010551876148740988,0.0099253430057157348,0.0106732972264846
2023-01-20,0.018457798480180782,0.011326213014134192,0.012122211513246293,0.011687445349172413
2023-01-23,0.011927001793432224,0.011152659664101438,0.012083421863595258,0.011711621496998451
2023-01-24,-0.0010739767188513965,0.010682526307939545,0.010818408031934111,0.011115809141907939
2023-01-25,0.00037483523655641835,0.010605588721786317,0.009677730217734222,0.010546048631447143
2023-01-26,0.010930361653139415,0.01084765607867743,0.0099408918567440909,0.010585107847821174
2023-01-27,0.0022950806375663579,0.010493572653675827,0.0089504493603713084,0.010068107908057903
2023-01-30,-0.012626125477974037,0.010108029431050269,0.0097965424471680804,0.010352392072464352
2023-01-31,0.014596276455224502,0.010605518879026105,0.010926483991055906,0.010851725581471116
2023-02-01,0.010571496942345691,0.010824737312003537,0.010856415220773644,0.010824029196477696
2023-02-02,0.014452200099826522,0.011165178187143377,0.011664588235414127,0.011239673305489088
2023-02-03,-0.010686016682813505,0.011125761593793625,0.011475551641227669,0.011185540919743152
2023-02-06,-0.0061300456776632881,0.0099979048366400976,0.010623846778753641,0.01078714230468605
2023-02-07,0.012993747156539686,0.01041075872764659,0.011138239956849733,0.01102768977203299
2023-02-08,-0.010994950187806267,0.010582365687789787,0.011109729852501336,0.011024420188863224
2023-02-09,-0.0087068414558205808,0.010386454130877106,0.010672520580622305,0.010815034223904845
2023-02-10,0.0023308685816305968,0.010367725463924319,0.009602538523953541,0.010286484509894188
2023-02-13,0.01167056770594534,0.010655992957699393,0.010050245121340092,0.010433158786914401
2023-02-14,-0.00046025684566864441,0.010648597633545438,0.0089915687659058285,0.0098988335515893359
2023-02-15,0.003241951992000698,0.010062596744937575,0.008171945768377202,0.00944665233750599
2023-02-16,-0.013864315735253516,0.01040180543353009,0.0095848008990483523,0.0099768352410880522
2023-02-17,-0.0025013424544600587,0.0095643021566652799,0.0086455809194301864,0.0094978517935627553
2023-02-21,-0.02026497635403136,0.010241907560920369,0.011913467541963686,0.011056907184478847
2023-02-22,-0.0013788672683142265,0.010243732861315134,0.010673557143120727,0.010498562012576998
2023-02-23,0.0053049712999397739,0.010311846288900865,0.0098370931564465604,0.010100103759271523
2023-02-24,-0.010739683930462637,0.010301823825847994,0.010024115103096816,0.010165872684913452
2023-02-27,0.0034000748395004755,0.010317084366616035,0.0090938665408586122,0.0097039436103422885
2023-02-28,-0.0037029516358284024,0.0099577542718958453,0.0083006684727083922,0.0092801430223440548
2023-03-01,-0.0038431609602289298,0.009446840748626192,0.0076206859867270216,0.0088874033148196741
2023-03-02,0.0077471874081989911,0.0093089160693762257,0.0076461537045883063,0.0087800475617172292
2023-03-03,0.015910666450405005,0.0094270928363531983,0.0098691840877835613,0.0097311480492806874
2023-03-06,0.00069242268049482276,0.0091205539402152841,0.008832696387884106,0.0092343739927600813
2023-03-07,-0.015447332305148938,0.0096559119167041671,0.010494628885938384,0.010030369099336134
2023-03-08,0.0016306519673885281,0.0092156233091789698,0.0094149664646565514,0.0095296052607597697
2023-03-09,-0.018622115075584592,0.0098093029818372666,0.011843559802785182,0.010789363084637653
2023-03-10,-0.014534568095324371,0.010148628186534508,0.012428461730449324,0.011220280173270616
2023-03-13,-0.0014262417362415594,0.010140252212139053,0.01113463793242664,0.010654043129208762
2023-03-14,0.016394918772344245,0.010462039737757955,0.012367004561305074,0.01135945014753412
2023-03-15,-0.0062740316065206534,0.010555181537340242,0.011411701712514065,0.01095763405799097
2023-03-16,0.017393058748417824,0.011225518664256995,0.01283297499824183,0.011760723574531912
2023-03-17,-0.01176166011884236,0.011104870065822498,0.012625986202852959,0.011760817232319032
2023-03-20,0.0095698330277802831,0.011295325966259498,0.01207678611682866,0.011560419983407632
2023-03-21,0.013045043447550598,0.010749864337748997,0.012276548457893079,0.011717350170936334
2023-03-22,-0.017193467559073795,0.011412505678775036,0.013404998283184604,0.012374497896722915
2023-03-23,0.002699520099600226,0.011366728653478998,0.012050421774003384,0.011770476594140716
2023-03-24,0.0065407173899790566,0.011206004146629936,0.011168094230450187,0.011356399329252668
2023-03-27,0.001868174109706287,0.011187984948764723,0.010023925273714245,0.010789811518433633
2023-03-28,-0.002247050338429583,0.011168611213310883,0.0090218129751781628,0.010260748163040278
2023-03-29,0.014430109153898541,0.011593566519214591,0.010332477801861455,0.010750695912272082
2023-03-30,0.0058382605049947123,0.011537508538881984,0.0096033918573389492,0.01036475976136193
2023-03-31,0.013996231083264471,0.011412771887967422,0.010628217397085502,0.010783082531135822
2023-04-03,0.0038031635322666995,0.011443364555541104,0.0096571224804494118,0.010300183846479353
2023-04-04,-0.0055634798020659315,0.010980309829833097,0.0089887970932444709,0.009928727979703459
2023-04-05,-0.0026218824288660749,0.010989902913162234,0.0081248773554420829,0.009455638641177622
2023-04-06,0.0038933427667640305,0.010207679140788651,0.0074727859070552252,0.0090545018466633275
2023-04-10,0.0010259101832891166,0.0096791866673093703,0.0066995911599874369,0.008595978855984017
2023-04-11,0.00026869060756576363,0.0096741178408286561,0.0059935011718781081,0.008155304206927616
2023-04-12,-0.0040843976801877985,0.0089990556805226614,0.0056634005614849547,0.0078438713960499434
2023-04-13,0.013195410944535435,0.0093659368464091442,0.0077770854910368305,0.008531446162844257
2023-04-14,-0.0024460884251872555,0.0085377992368537523,0.0070415280092238136,0.0081305197327687789
2023-04-17,0.0035819828535078859,0.0081620287569576355,0.0064986624467125303,0.0077960166834564115
2023-04-18,0.00065197982915131782,0.0078778729429526025,0.0058198888663421565,0.0073988239799051619
2023-04-19,-0.0001688857879330788,0.0073180359590773294,0.0052060147536413942,0.0070193439079442648
2023-04-20,-0.0054721053097671864,0.0063458711607754688,0.0052603097814046982,0.006880295317812533
2023-04-21,0.00077657890202359123,0.0063194828973823433,0.004717764529444766,0.0065318393101322213
2023-04-24,0.0010426947195886313,0.0061523309001907649,0.0042453838671999205,0.0062054132436023569
2023-04-25,-0.016001171538271113,0.0071048255650714006,0.008100995337817482,0.007762743537642198
2023-04-26,-0.0042444477486364932,0.0071503042860752153,0.007490258187062282,0.0074856998455171634
2023-04-27,0.019712496754409094,0.0077552933721699866,0.011072473970418745,0.0094493589617876735
2023-04-28,0.0084987928255766346,0.0078772955369732257,0.0106078103187649,0.0093586480999689591
2023-05-01,-0.0010101606584480979,0.0072324326459224765,0.0094986628910753192,0.0088841379597986297
2023-05-02,-0.011302992555618296,0.0076139845922332389,0.0098859094430965525,0.0091548282687933438
2023-05-03,-0.0068875647051137232,0.007667924971837021,0.0093633687274992071,0.008953973828680805
2023-05-04,-0.0071083662539012781,0.0078089566230170647,0.0089578967007667935,0.0087868748524256874
2023-05-05,0.018343413880003261,0.0087775816307136215,0.011466965474610366,0.010155606135641608
2023-05-08,0.0002666473046648455,0.0087747860223418919,0.010257058930987084,0.0096348229076907189
2023-05-09,-0.00439506477531786,0.0088294444742984205,0.0093823837699617413,0.0092454578390812874
2023-05-10,0.004661486972889789,0.0088437236243645596,0.0086469180824821877,0.0088940197699717751
2023-05-11,-0.001745473611103991,0.0083461271228479714,0.0077733319423229337,0.0084556428918497947
2023-05-12,-0.0013110495672932106,0.0083333434508570323,0.0069773577937504664,0.0080324337619323664
2023-05-15,0.0034439756968269435,0.0083304340488246642,0.0064279865545655299,0.0076976678147268286
2023-05-16,-0.0067049976021455607,0.0084630211626330679,0.0064843355469543472,0.0076042343527649749
2023-05-17,0.012065849810155684,0.0088825974613717905,0.0079217568958308334,0.0081609077464898025
2023-05-18,0.0095869397286190393,0.009055319514115345,0.0082816223365563772,0.0083145243434644498
2023-05-19,-0.0014560621937321214,0.0090595068088039736,0.0074358750825093082,0.0079012780778465359
2023-05-22,0.0004061801862468218,0.0090569615281305936,0.0066533290210905819,0.0074969109619550892
2023-05-23,-0.011286371089865714,0.0086945837284533971,0.0078031957636560834,0.0079574822533355228
2023-05-24,-0.0072712158434840276,0.0087942338136228777,0.0076997407274049705,0.0078915416374234579
2023-05-25,0.0086226639871817851,0.0078502827124779778,0.0078929634905132683,0.0079676734306354125
2023-05-26,0.012867444020727294,0.0081421140051312537,0.009107871389922589,0.0085844364678284608
2023-05-30,0.00038099110671781255,0.0081394260827118876,0.0081481094647148644,0.0081448026339196629
2023-05-31,-0.005560771006123337,0.0078363565277136012,0.007700505510399247,0.0079244082661867193
2023-06-01,0.0094563398970207834,0.0079691702493724214,0.0080822460332601077,0.0080906648773191869
2023-06-02,0.014357498351839318,0.008443229173110002,0.0096688009876267876,0.0089177770903787739
2023-06-05,-0.0019179735354588111,0.0073924291241199607,0.0086904714789941204,0.0084818592100192342
2023-06-06,0.0021749459185823649,0.0074081693287424699,0.0078336143364043549,0.0080759384016722852
2023-06-07,-0.0034637167154949562,0.0073834280492613069,0.0071757841072774553,0.0077394080076815001
2023-06-08,0.0060304078804324333,0.0074328209771873733,0.0069618004771955996,0.0075858535840646326
2023-06-09,0.0017926537108594748,0.007433382415759097,0.0062782206215484622,0.0072188654144322035
2023-06-12,0.0090308960221528716,0.0076972128552267784,0.006916954527164133,0.0074200083814515028
2023-06-13,0.0065713214020925005,0.0077982786919378313,0.0068492233821510675,0.0073395571010578956
2023-06-14,0.0011902989541485696,0.007657423946400321,0.0061492154841844143,0.0069730817975802613
2023-06-15,0.012321356514517491,0.0076777403075863086,0.0077854637709204718,0.0076774387275936572
2023-06-16,-0.0034120677071529056,0.0074117700898393077,0.0071287585251775297,0.0073629463856651157
2023-06-20,-0.0052016537695697774,0.007495411269967763,0.0067872526751203942,0.0071761690144678892
2023-06-21,-0.0051369359001442929,0.007582370771129855,0.0064908444126462782,0.0069990336901608972
2023-06-22,0.0036032103399324506,0.0071953036162254007,0.0060250704478955561,0.0067369234678587636
2023-06-23,-0.007588792810601641,0.0072116817701318205,0.006368605372146347,0.0068268954630074314
2023-06-26,-0.0040941112354796003,0.0070092028492749134,0.0059832814467147633,0.0066046972812837026
2023-06-27,0.010903574567530968,0.0068406699758460383,0.0072399801910241791,0.0071518261580261798
2023-06-28,0.00050425596360075355,0.0068410687550347626,0.0064795605829796356,0.0067866916139491303
2023-06-29,0.0039337490273870556,0.0067843814804674132,0.0060566195654751537,0.0065574921195232531
2023-06-30,0.011731683201133098,0.0069597653262662021,0.0075413918208157606,0.0072431948531724213
2023-07-03,0.0011498522885556855,0.006180416932927639,0.0067647989277696075,0.0068811118681119249
2023-07-05,-0.001488274888694888,0.0061744935377647499,0.0060871172204407424,0.0065449390143648926
2023-07-06,-0.0078616088532148919,0.0064014135664326585,0.0064810011260991408,0.006688280302714204
2023-07-07,-0.0025277842336685992,0.0063794759683572216,0.0059059833307922036,0.0063952133177952461
2023-07-10,0.0025277842336684816,0.006260903076012867,0.0054020782953667834,0.0061194646297934759
2023-07-11,0.0063484210046972564,0.006407288773226826,0.0056041457670187858,0.0061427443008033626
2023-07-12,0.0080137732948705239,0.0063392841391162382,0.006161921153886315,0.0063546859114125363
2023-07-13,0.0079054613560818818,0.0064150000865624279,0.0065478761209929832,0.0065263666503411278
2023-07-14,-0.00062308020719502386,0.0064109903273841789,0.005863223613816527,0.0061945894443196318
2023-07-17,0.0034661318591179555,0.005840437411971898,0.0054685214573457685,0.0059780474698506569
2023-07-18,0.0074033162825395578,0.0060223793852776314,0.0059064032997606869,0.0061354914713118609
2023-07-19,0.0022212468759442226,0.0059298305412117469,0.0053754318420306977,0.0058628682232739742
2023-07-20,-0.0066566703323059544,0.0060049186273444331,0.0056549505721318633,0.0059470183633841571
2023-07-21,0,0.0059506211006363314,0.0050579415554752698,0.0056418369945422505
2023-07-24,0.0044575320398459245,0.005789981196993566,0.0049436966533287071,0.0055348217129653132
2023-07-25,0.00272627662295765,0.0057495586032633231,0.0045867882145444478,0.0053210980706400804
2023-07-26,0.00015362970729420217,0.0052071304304023396,0.004103123361228582,0.005048270636399059
2023-07-27,-0.0066520551191900047,0.0054142391414507916,0.0047242422160295909,0.0052308236930114797
2023-07-28,0.0097427201151958128,0.0057694277161991049,0.0060695049766172167,0.0058410122736506339
2023-07-31,0.0019021928182660331,0.0051561219450040295,0.0054949777099199872,0.0055738241535439464
2023-08-01,-0.0028657508158820839,0.0051894230781864134,0.0050792056045960345,0.0053648874078623295
2023-08-02,-0.014008395542752319,0.0060523649147509193,0.0077385846765056733,0.0067473942953821895
2023-08-03,-0.0028699847855809275,0.0058268960010226601,0.0070395963499516028,0.0064651587812339997
2023-08-04,-0.0045330039052774397,0.0058873286446738914,0.0066147077257618613,0.0062986715028199754
2023-08-07,0.0086905484327827152,0.0061739319332922418,0.0070787437480326508,0.0065771194026448248
2023-08-08,-0.0043580689620372559,0.0060870314035805038,0.0066246089285197478,0.0063899863991067748
2023-08-09,-0.006707687889249558,0.0060075433438366048,0.0066413078628065336,0.0064224637986251918
2023-08-10,0.00035895343717777132,0.0057421427571903317,0.0059423350306822198,0.0060939414074301862
2023-08-11,-0.00058332924321463306,0.0057419339640075052,0.0053213843212735834,0.0057841626005906777
2023-08-14,0.0055049277782218452,0.0058210234182620533,0.0053585959769742635,0.0057568486410021734
2023-08-15,-0.011717353511146179,0.0061651178173858096,0.0071014727582797733,0.0065997585545521801
2023-08-16,-0.0073651431235675184,0.0063619373998480252,0.0071549842009188654,0.0066802443820274723
2023-08-17,-0.0076491252934407913,0.0064174870760814731,0.0072565048531142038,0.0067833627559437072
2023-08-18,0.00048125784742174347,0.0064183892704835202,0.0064939827509593066,0.0064370622307402224
2023-08-21,0.0064851566657118456,0.0065042373943519829,0.0064922184938255856,0.0064418878323099314
2023-08-22,-0.0027123059702251926,0.0065039453452999099,0.0059321531936119623,0.0061712063105415944
2023-08-23,0.011076171869738806,0.0069594686661195518,0.0072586961547913779,0.0068222845824064595
2023-08-24,-0.013955934148002206,0.0074806495136740267,0.009005806764679181,0.0078336466620179002
2023-08-25,0.0070251365425737598,0.0073267806406613302,0.0086460484080621534,0.0077565889646796608
2023-08-28,0.0063212104611348394,0.0074497438053381781,0.0082337635865037673,0.007625219688617982
2023-08-29,0.014351286319973851,0.0080861627073743423,0.0097687140426118528,0.0085396440015673633
2023-08-30,0.0041104113814718676,0.00751126115457771,0.0089286793862275241,0.0082050299133304954
2023-08-31,-0.0014645027691392106,0.0074909573431461741,0.0080128650392851837,0.007797739488266139
2023-09-01,0.0018635023682703879,0.0074337519295709642,0.0072152153901008991,0.0074210195473286217
2023-09-05,-0.0043312102217803149,0.0072403283935561676,0.0067379034497008009,0.0071721904748950705
2023-09-06,-0.0067451398547175769,0.0073312729164604819,0.0067393513523136515,0.00713063641993672
2023-09-07,-0.0030750250840227392,0.0072090705155391692,0.0061827373527766237,0.0068342487593540287
2023-09-08,0.0015049931196800378,0.0072164745917953112,0.0055708162594715225,0.0065009815353750458
2023-09-11,0.0065550439805438145,0.0073626708444063296,0.0057810825417742105,0.0065064079944040501
2023-09-12,-0.0055008137819595416,0.0073625171024649504,0.0057261263290818562,0.0064129482858557374
2023-09-13,0.001165571785936982,0.0068854750960437748,0.0051480607714864852,0.0060950119691573429
2023-09-14,0.0085852341107764216,0.0069557755048268548,0.0059952708623466069,0.0063878696204163433
2023-09-15,-0.012121345092500091,0.007266615947494769,0.0076249602976420135,0.0071705711867215876
2023-09-18,0.00058618884987391285,0.0072670012894581132,0.0068250083594115028,0.0068051262858399107
2023-09-19,-0.0020759821197182228,0.0071359603404246878,0.006174668544716184,0.0064892017664536644
2023-09-20,-0.0092357824368447684,0.0074039910627542345,0.0068964600161120363,0.0068138633190902688
2023-09-21,-0.016666476784944286,0.0079103461943267218,0.0096748756213029929,0.0083404439234628352
2023-09-22,-0.0022511063767061252,0.0072861887165302621,0.008711835088774109,0.0079443975447046986
2023-09-25,0.0041963922866510963,0.0071764478854079265,0.0080149109873965275,0.0076526516930947221
2023-09-26,-0.014800310991899133,0.007775344329360878,0.0097570938091266577,0.0086378058954769289
2023-09-27,0.00039912347502551624,0.0070827941848995418,0.0087288351794349676,0.008195514112853082
2023-09-28,0.0057805832611244638,0.0071408652501878025,0.0082241765204518601,0.0079869468948062915
2023-09-29,-0.0024298932561456067,0.007154015457427527,0.0074357608755858812,0.0076159455587626454
2023-10-02,-0.00039764036715421881,0.0071424233285604152,0.0066531237333626288,0.0072262144906438995
2023-10-03,-0.013476646851370995,0.007691374547044872,0.008469666250830666,0.0080720728015776372
2023-10-04,0.007255676227948718,0.0077145731389485026,0.0082411870883588138,0.0079941858331574033
2023-10-05,-0.00037693225620630131,0.007684331698274466,0.0073730690547030263,0.007584887224878557
2023-10-06,0.011802996906564058,0.0081179578856637059,0.0084470033161830622,0.008106080211196371
2023-10-09,0.0063818637988131387,0.0081110553833269108,0.008076331415203716,0.0079505032108649985
2023-10-10,0.0051914133243276782,0.008100852451032977,0.0075876121252582852,0.0077191015284019853
2023-10-11,0.0040878169734912453,0.008148091490308422,0.0070284803288083453,0.0074362020094989618
2023-10-12,-0.0061151165414953792,0.0080359078649147112,0.0068555494782818662,0.0073148380245276652
2023-10-13,-0.0049933941236994231,0.0076469709110571424,0.0065257676862002841,0.0071168510086995502
2023-10-16,0.010466530411664704,0.0079960237736692221,0.0074818558451139024,0.0075192710642624947
2023-10-17,-4.5897362212840862e-05,0.0079825444833966815,0.006692006785951706,0.007133421637675396
2023-10-18,-0.013414740924636485,0.0082736809385016864,0.0084745158371202743,0.0079870308151578865
2023-10-19,-0.0088251322546751797,0.0076458728616553137,0.0085457900045217295,0.0080747564080475096
2023-10-20,-0.012364098997543555,0.0081147732575647322,0.0094339074749182437,0.0086005009357873821
2023-10-23,-0.001734883339170432,0.0080696685570437812,0.0084735383539794561,0.0081775752354768839
2023-10-24,0.0075111135284203533,0.007549035148251431,0.0082899968079880801,0.0081133929833564853
2023-10-25,-0.014456030832770346,0.0082115046163306771,0.0098374083552917237,0.0089522127921503915
2023-10-26,-0.012046887048886217,0.0085448478804781257,0.010317227342301576,0.0093080960053713042
2023-10-27,-0.0045430420024325496,0.0085878500086163448,0.0094490205922815856,0.0089465361556456558
2023-10-30,0.011884737645364943,0.0089891941419890341,0.0099838163996800386,0.0092823034401899891
2023-10-31,0.0062608317608571955,0.0085839682852064097,0.0093584654078309078,0.0090257876594767306
2023-11-01,0.010608150316530233,0.0087566496048485064,0.0096213964921561309,0.0091962842442138686
2023-11-02,0.018983016845805504,0.0097308558120142667,0.012088341576951179,0.010590088402234996
2023-11-03,0.0090819411030570469,0.0095837414794726003,0.011549836903814557,0.010449073669487486
2023-11-06,0.0022979205783261437,0.0094908225890724725,0.010381477438237405,0.0099394602667231616
2023-11-07,0.0028420757472069325,0.0094409768842896261,0.0093720615635557031,0.0094721340156100949
2023-11-08,0.0007319991623168338,0.0093980489085732331,0.0083890163258625895,0.0089890362556879974
2023-11-09,-0.0078291809675801079,0.0094614160939727691,0.0082800779499407479,0.0088798706627843289
2023-11-10,0.015484212381428003,0.010012978423686708,0.010139029504854477,0.0097438686360355273
2023-11-13,-0.00095363557557995521,0.00973795640834621,0.009078646352978512,0.0092487631863826161
2023-11-14,0.01921497522517495,0.010643704868496801,0.011822880793731172,0.010672730940130385
2023-11-15,0.0021147778446638701,0.010223223752345474,0.010616914112710821,0.010147102822067138
2023-11-16,0.0012222044230102889,0.010034682112925979,0.009511774227328346,0.0096341426436712674
2023-11-17,0.001243120067347759,0.0096503142581739702,0.008525734493971926,0.0091482003028425726
2023-11-20,0.007668220135037645,0.0097937814082947102,0.0083612701748742423,0.0090111470916180107
2023-11-21,-0.0021818026049406605,0.0096610209647823679,0.0075419310306564331,0.0085765214963171837
2023-11-22,0.0038533303976834477,0.0091448834037263522,0.0069623422759646763,0.0082271419335321304
2023-11-24,0.0006152099777466262,0.0087402198058832876,0.006233383081240218,0.0078073764022689729
2023-11-27,-0.0018025230898381739,0.0086903357356221365,0.0056332823121048523,0.0074286285818430673
2023-11-28,0.00098958328573486008,0.0082769891571056031,0.0050579591439808879,0.0070543602016213177
2023-11-29,-0.00070361078353487828,0.0081592525513487519,0.0045349061940336997,0.0066960514396372083
2023-11-30,0.0039296264019176097,0.0078561350371998129,0.0044204855030502881,0.0064728348318109875
2023-12-01,0.0058984336740039922,0.0067409707968988375,0.0047529840760796851,0.0064177085992258515
2023-12-04,-0.0052631725840563293,0.0065346502474999532,0.0048593089253397012,0.006311765510780316
2023-12-05,-0.00019707581990836929,0.0065145662827141527,0.0043471915487205501,0.0059881908256707696
2023-12-06,-0.0040379129524529657,0.0065460630286312063,0.0042871211426004033,0.0058226334702900168
2023-12-07,0.0076014616568002985,0.0067611582589169579,0.0051244482646452911,0.0060241992337893282
2023-12-08,0.0042898262100504224,0.006600650552527898,0.004968752136714813,0.005873852199263503
2023-12-11,0.003881986499828986,0.0056863025791960061,0.004771243241950396,0.0057060413257703337
2023-12-12,0.0045569507372082603,0.0057729417096215093,0.004729161623729352,0.0056017494456993763
2023-12-13,0.013695845688702479,0.0049239112292892608,0.0074436021895607505,0.006855600344246226
2023-12-14,0.0032043601159370614,0.0049532498134999435,0.0068102390263241504,0.0065822581875285696
2023-12-15,-0.0016480195958501406,0.0049594145785335627,0.0061356888932047422,0.0062661876305604523
2023-12-18,0.0056093263990596946,0.005108008684334679,0.0060340907422406593,0.0062036320768053882
2023-12-19,0.0060624659598810596,0.0049989346257982301,0.0060397764504507003,0.0061896603462066897
2023-12-20,-0.013954104579225074,0.0058725791602204655,0.0082538794865641887,0.0073452303668474677
2023-12-21,0.0094372744104027594,0.0061804438068986823,0.0085037433476339505,0.0075804606098558843
2023-12-22,0.00200764663155541,0.0061951992489552845,0.0076587890516309478,0.0072194258256137352
2023-12-26,0.0042136448732998264,0.0062534613947557412,0.0071046886218583041,0.0069773618680854799
2023-12-27,0.001806336375722246,0.0062625839888054997,0.0064057669760382132,0.0066439074259518173
2023-12-28,0.00037764095567497318,0.0062611768418307616,0.0057319807204248372,0.0063040952217821274
2023-12-29,-0.0028989866525497617,0.0062330123890722792,0.0052882234356908522,0.0060504435597675639
2024-01-02,-0.0056121680547953617,0.0062197820673847229,0.0053545804447860416,0.0060080548907667335
2024-01-03,-0.0082002777108756159,0.0063767442641254361,0.0060320921991332951,0.0062619091870585123
2024-01-04,-0.0032262743523950705,0.0064172710536460221,0.00558486152724132,0.0060275401798713249
2024-01-05,0.0013687315930584936,0.0063608019961381903,0.0050326164027805148,0.005734584481490404
2024-01-08,0.014175043275426418,0.0069005277813436782,0.0077748410053242074,0.0070491204021378914
2024-01-09,-0.001518147339446566,0.0068419581833483577,0.0069870935585055905,0.0067045928835299069
2024-01-10,0.005639400501745476,0.0069028286031451776,0.006739150444979373,0.0066058075178134423
2024-01-11,-0.00044077016456820243,0.0068279181776168584,0.0060309016443353845,0.0062683691260133909
2024-01-12,0.00069247625629399712,0.0061045584076221066,0.0054030847104245914,0.005950727576230927
2024-01-16,-0.0036779305418758374,0.0061178914519614113,0.0051049088262761179,0.0057639188166515665
2024-01-17,-0.005574135530266533,0.0062326837505248239,0.0052021411631778501,0.0057452226069520549
2024-01-18,0.0088534361847483235,0.0064181217046241296,0.0061095404574145924,0.0061274103625292443
2024-01-19,0.012389152134211079,0.006857781424765801,0.0077819924056474086,0.0070099751095285901
2024-01-22,0.0021121546861637966,0.006125061159725634,0.007024226941443442,0.0066837037392764274
2024-01-23,0.0029121039754982287,0.0057868198756936455,0.0064162201655446989,0.0064072412989825186
2024-01-24,0.0010926657147703844,0.0057745517524804436,0.0057596083758395316,0.0060882558088069805
2024-01-25,0.0054241689098239246,0.0058248423329971509,0.0056941015609921113,0.0060251418033399669
2024-01-26,-0.0012712706823895992,0.0058177703724500837,0.0051245936325815047,0.0057300709672838818
2024-01-29,0.0078881151671185458,0.0060786873185313724,0.0057839121792452076,0.0059810181449374685
2024-01-30,-0.00077366337353219959,0.0060464999038012304,0.0051848455214100536,0.005679364026598281
2024-01-31,-0.01645191827906883,0.0069655308717974235,0.0086970812044582235,0.0074897409620141523
2024-02-01,0.013003205076593046,0.007321923224972081,0.0097122626423681233,0.0082094416336714951
2024-02-02,0.010472524908622239,0.0076533526183382604,0.0098690015756313556,0.0084630264408877016
2024-02-05,-0.0036478407573560154,0.0076906093452654761,0.0089765863287809416,0.0081111780343147873
2024-02-06,0.0028988563729214658,0.0070369771864072046,0.0081328934180038889,0.007749349974094496
2024-02-07,0.0083059702139703963,0.0072700252004081929,0.0081678021840616028,0.007806798104116365
2024-02-08,0.00044146366744097896,0.0071605075952825689,0.0073081715940653226,0.0074074945826209304
2024-02-09,0.0057628254675285324,0.0072748651515791313,0.0070263453596077748,0.0072598136428783161
2024-02-12,-0.00043905185582635497,0.0072738796478900546,0.0062876209011363173,0.0068886632498330455
2024-02-13,-0.013868780706439311,0.0078644847506121555,0.0083723328250724528,0.0078703634643497028
2024-02-14,0.0090465600144787571,0.0080242497127083756,0.0085114520010478659,0.0079957728684868345
2024-02-15,0.0068760994950575081,0.0079267555816567477,0.0082104811665394736,0.0078909581049819398
2024-02-16,-0.004992352347355053,0.0075103314586709245,0.0076755662449690199,0.0076506768347079143
2024-02-20,-0.0055207183671276538,0.0075964422799521744,0.0072956918796337877,0.0074650789383057924
2024-02-21,0.00090553596691418962,0.00757118997277232,0.006538019201525685,0.007087782639045909
2024-02-22,0.020484308254773743,0.0088455393232649178,0.010868207441843074,0.0093366849005513553
2024-02-23,0.00068929639293031756,0.0087633465055979767,0.0097257067765077043,0.0088602386757183904
2024-02-26,-0.0036691164443570217,0.008797076576561879,0.0088523432456348271,0.0084852629894335927
2024-02-27,0.0018559625710391277,0.0086284221096711716,0.0079611622370008815,0.0080711943915616462
2024-02-28,-0.0013225769983709751,0.0086317553746451843,0.0071452029582373027,0.0076684210895985984
2024-02-29,0.0035885834747942857,0.0078497016925763753,0.0065892887721389027,0.0073628803427882193
2024-03-01,0.0093443497534177779,0.0075848199164482216,0.0072248429519919961,0.0075843584751391687
2024-03-04,-0.0010729130739059135,0.0072182658159749054,0.0064798852642304079,0.0072031491986414963
2024-03-05,-0.0100444068496223,0.0075154859941694678,0.0073327452036887368,0.0075356375600326353
2024-03-06,0.0050543962436742501,0.0075722986856316945,0.0069371972766665516,0.0073254311976404494
2024-03-07,0.0098775696647837273,0.0076660660999487932,0.0076166292637125906,0.0076192116558403307
2024-03-08,-0.0060202944747327122,0.0077827387350742705,0.0073252455375348233,0.0074747268971577527
2024-03-11,-0.00086029409636335214,0.007677728807829666,0.0065631851211577601,0.007096365165463794
2024-03-12,0.010699901449839365,0.0080412857101203692,0.0075734996768286843,0.0075346763572879914
2024-03-13,-0.0015686985396104708,0.0074275273619845853,0.0068101748072699692,0.0071652142004956683
2024-03-14,-0.0019785342873025768,0.0071604385483399671,0.0061551364168201854,0.0068262526233424364
2024-03-15,-0.0068904515902584694,0.0071611283431552352,0.006309059206511849,0.0068326996642388794
2024-03-18,0.0059255032401059286,0.0071966074980896024,0.0062342361349822734,0.0067474710148596913
2024-03-19,0.0055417661929181667,0.0071974163103124015,0.0061020320104674232,0.0066367647118480535
2024-03-20,0.009206708490921478,0.0074833131590507753,0.0068367047598076377,0.0069367376611825949
2024-03-21,0.0032992234607971348,0.0059635455372459949,0.006290421342571257,0.0066629560996970035
2024-03-22,-0.0018974926250094276,0.0059766330665383454,0.0056899574854346506,0.0063494514262286529
2024-03-25,-0.0027666572526815372,0.0059522887745486405,0.0052374966749016766,0.0060868234168583299
2024-03-26,-0.0018487400527864592,0.0059521763911616135,0.0047569596479516488,0.0058039866777492791
2024-03-27,0.0083688094608919111,0.0062323985659861634,0.0056665974298810932,0.0061091187907269737
2024-03-28,-0.0001913568192820625,0.0061806736031877908,0.005069081241440618,0.0057959348600998472
2024-04-01,-0.0017411471967616946,0.0058297909269091255,0.004600302861553612,0.005526005263148749
2024-04-02,-0.0063783748436986292,0.0059969232453484355,0.0050066917484263172,0.0056170657211915952
2024-04-03,0.0010978720589213463,0.0055658646332309826,0.0045049566504640403,0.0053401139398277925
2024-04-04,-0.012281197313867807,0.0061026955863090317,0.0068118476957782104,0.0063834094297267338
2024-04-05,0.010392606086880196,0.0061453142603837534,0.0076630455746912393,0.006890119772578536
2024-04-08,0.00055909746411332312,0.0059973593838847069,0.0068585954814897477,0.0065389322086918536
2024-04-09,0.0011562447130703082,0.0059998466125962945,0.0061562688334956487,0.0062141420301222005
2024-04-10,-0.010063573866492693,0.0059445387349387532,0.0071115976090810173,0.0066993698920207118
2024-04-11,0.0075184677947898139,0.0061677279378100826,0.0071948125784517692,0.0067857303993919035
2024-04-12,-0.013899055095645931,0.0068923381117100939,0.0089470111736600876,0.0077948634755900872
2024-04-15,-0.012607305857278962,0.0072854386648434364,0.0097891797076708545,0.0084010905863868401
2024-04-16,-0.0018254527587405383,0.0071755592810240302,0.0087936844970773528,0.0079908521769614261
2024-04-17,-0.005935757329859727,0.0071912970403530639,0.0083011898329762076,0.0078097162669678718
2024-04-18,-0.0020599511394481149,0.0069057040912274929,0.0074817432362965222,0.0074375292418369489
2024-04-19,-0.0087665869698491106,0.0071405292225701893,0.007755758821874275,0.0075809275033372099
2024-04-22,0.0091669881542208835,0.0074167929225684784,0.0080578018271976453,0.0077541461690976447
2024-04-23,0.011796718419985818,0.0078475617813810652,0.0089316879325913694,0.0082480519565896158
2024-04-24,-0.00047464105851724084,0.0078373846486041142,0.0079915640701332495,0.0078262285543028096
2024-04-25,-0.0038063810249037845,0.0076581444466578899,0.0073477741072371901,0.0075215504848695222
2024-04-26,0.0094294823355374497,0.0079429907686005431,0.0078086397591405629,0.0077335543728881953
2024-04-29,0.0035351710318610769,0.0079727281643901145,0.0071609615803554325,0.0074213759059238663
2024-04-30,-0.015967978006631474,0.0086185281331522222,0.0095926409777659545,0.0086641081748412632
2024-05-01,-0.0032524962214218081,0.0086456750813667799,0.0087023419305796226,0.008283596235081259
2024-05-02,0.0093097914335981309,0.0084581273380290051,0.0088271766363202941,0.0083918646069259771
2024-05-03,0.012319264263830038,0.0085864904706500818,0.0096274655177494683,0.0088632657425515102
2024-05-06,0.010273778417728656,0.008887615836245125,0.0097601525823975445,0.0090142544871130176
2024-05-07,0.001103057647745953,0.0088872778154822259,0.0087436725682172797,0.0085587837442021239
2024-05-08,9.6355904606858613e-05,0.0085976970895852347,0.0078206972116446755,0.0081196323628629861
2024-05-09,0.0057454505377310516,0.0085290408276237906,0.0074520255150720095,0.0079143292151260779
2024-05-10,0.0012873999743356552,0.00794784377969141,0.0066901141365907418,0.0075192211100785092
2024-05-13,0.00013417811412643369,0.0074311447897175273,0.0059841208612252421,0.0071334856745252041
2024-05-14,0.0045777288521451779,0.0074901988671339289,0.0057305219896754073,0.0069205141590901265
2024-05-15,0.012307024039364773,0.0078685805804185761,0.0075208825253704897,0.0076321981547979
2024-05-16,-0.0020595221891824885,0.0078685749661600995,0.0067896439890384203,0.0072697707647121808
2024-05-17,0.0014363925564624699,0.007627252508072487,0.0061067222888846525,0.0069116519466726339
2024-05-20,0.0011513908506540086,0.0073511619677072305,0.0054862360384003196,0.0065670700816913953
2024-05-21,0.0024495822567635896,0.0068834204188816007,0.0050278344584685913,0.0062780421976382662
2024-05-22,-0.0028835497978586025,0.0069127386344480833,0.00467827610993167,0.0060252733046283532
2024-05-23,-0.0073309680370467981,0.0070532746452172035,0.0053157908499720224,0.006168292777741711
2024-05-24,0.0065946021338459688,0.0068903820815858618,0.0055949853752500717,0.0062122403320476159
2024-05-28,0.00069850752782923975,0.0068466699319695359,0.0050140474302400222,0.0058975866441664578
2024-05-29,-0.0070270258119967052,0.0060495477239580321,0.0054761624938136052,0.0060200734695809426
2024-05-30,-0.0066558578841334716,0.0061873349100898629,0.005731559417966197,0.0060866411540861573
2024-05-31,0.0090669246066241178,0.006169275366999934,0.006536240743254703,0.0064469677110230925
2024-06-03,0.00081502705209359969,0.0055231294035673652,0.0058575428519264897,0.0061215586503635929
2024-06-04,0.0011172654381305324,0.0050289011088589814,0.0052629177289382255,0.0058181578257023338
2024-06-05,0.011814988576102055,0.0056752715623696508,0.0070765410638208154,0.0066652276736541699
2024-06-06,-1.8757656934736041e-05,0.0056752322134084269,0.0063294563046356932,0.0063231929539157832
2024-06-07,-0.0012162468978642979,0.0055345924337625108,0.0056873073587724214,0.0060110246939154765
2024-06-10,0.0030848903048878037,0.0055699794328906461,0.0052706433794325056,0.0057853980764589188
2024-06-11,0.0024054435536245912,0.0055958090236348287,0.0048353879931665655,0.005540971366263546
2024-06-12,0.0081794495598395568,0.0057974536058430712,0.0056644029390536307,0.0058585379425052132
2024-06-13,0.0020114854581952178,0.0051224632711278908,0.0051456373049869825,0.0055941780018380696
2024-06-14,0.00060843164272817818,0.0051035338575208013,0.0046104342997545841,0.0053105897667783909
2024-06-17,0.0079273219041054842,0.005393052779698493,0.0054381403126569795,0.0056272880289746398
2024-06-18,0.0025372691263531354,0.0054166982536451476,0.0049946214042732931,0.005398472651305334
2024-06-20,-0.0027201406846867619,0.0054231499681120978,0.0046299921648440805,0.0051931755992505489
2024-06-21,-0.0013415071828646061,0.0053930320489388528,0.004184422333076517,0.0049449094709968049
2024-06-24,-0.0032559195472098785,0.0051891897891449953,0.0040159325976440756,0.0048028135419261129
2024-06-25,0.0038433585897731277,0.0050489426680305587,0.0039820161668397093,0.0047156607863178893
2024-06-26,0.0012472635714515352,0.0050542269188839674,0.0036050375151601764,0.0044910218912984192
2024-06-27,0.0015753348783811953,0.0048166730383533557,0.0033005109277774959,0.0042895824812228403
2024-06-28,-0.003942942738950842,0.0046650462829261746,0.0034386127138763341,0.0042561891195242989
2024-07-01,0.0020561382800893279,0.0042265335633442517,0.0032101069829828591,0.004089792378804356
2024-07-02,0.0067068908287486123,0.0044810145878730247,0.0041521447941403368,0.0044217643526570701
2024-07-03,0.0044529336027136004,0.0045835039562847103,0.0042140204849099323,0.0044248911578030382
2024-07-05,0.0057499211698510792,0.0039600366712420195,0.0045627506626696969,0.0045746972499295865
2024-07-08,0.0011533187786148236,0.0039684228675069605,0.0041135123348271761,0.0043552363720207599
2024-07-09,0.00097181218328700283,0.0039650521024954003,0.00370481723799397,0.0041431530701283286
2024-07-10,0.0098465326272048626,0.0044825797265385199,0.0055110232778742448,0.0050144357712631447
2024-07-11,-0.00865984369177248,0.0048532316767888823,0.0062686266923947347,0.0054890253023924225
2024-07-12,0.0062878165065789297,0.0047101507167509379,0.0062724693519350333,0.0055740579953310904
2024-07-15,0.0027461786853020271,0.0047286669321980369,0.0057431173495840109,0.0053588487587301553
2024-07-16,0.0059126015907985897,0.0049081283989974474,0.0057774119661988012,0.0054167720806953612
2024-07-17,-0.014120352748585932,0.0055602896363143375,0.0081596362400931412,0.0068077686484802422
2024-07-18,-0.0077145480185793732,0.0057940181795776008,0.0080725820579729286,0.0069038082017973349
2024-07-19,-0.006662788945031607,0.0059514978135216598,0.0078110060921351377,0.0068800862328234859
2024-07-22,0.010257296830807425,0.0063711028136448902,0.0083577437500892658,0.0072885692520211227
2024-07-23,-0.0015697383348141707,0.0063390933404650169,0.0075082834364241999,0.0069323391010059146
2024-07-24,-0.022923389398448131,0.0081067640395100313,0.012255440115798469,0.0097877357453851586
2024-07-25,-0.0052239300499260909,0.0081857383374858445,0.011207789210136052,0.0094312638832763761
2024-07-26,0.011137532149954435,0.0085489449203043025,0.011193773075300723,0.0096155253019021749
2024-07-29,0.00058739983195042983,0.0085043736575007838,0.01001546066047773,0.0091239792856311532
2024-07-30,-0.0050792042162959398,0.0085675493490608365,0.0092416029392865234,0.0088035293917409947
2024-07-31,0.016123809891503256,0.0091734750716411743,0.010969103381471572,0.0097851745675719363
2024-08-01,-0.014262208397787322,0.0096608355449002963,0.01170209813969751,0.010320646104981145
2024-08-02,-0.018793642802819945,0.010456515396757814,0.013423542105453637,0.011453569897714636
2024-08-05,-0.02955638347264292,0.012367343984521249,0.017856907540833973,0.014332613769297047
2024-08-06,0.0091773068285535622,0.012534557204654876,0.016490600645901219,0.013903371237811372
2024-08-07,-0.0067064830450161237,0.012430456943310225,0.015051488653840719,0.013359305748506148
2024-08-08,0.022854380872307629,0.013299727494727773,0.016902733316498161,0.014589592783196948
2024-08-09,0.0043997634367696735,0.013261742552469277,0.015245769856416978,0.013910657340741119
2024-08-12,0.00052526715471876877,0.013248038946900227,0.013638254284498122,0.013197853592336366
2024-08-13,0.016311848742340495,0.013677222434751118,0.014213263728697365,0.013541515662567867
2024-08-14,0.0031499293344436421,0.013326413552904391,0.012790539614089822,0.012885169276218789
2024-08-15,0.016995040689874147,0.013749878400517199,0.013734795393662637,0.013353200715715283
2024-08-16,0.0022393711633094259,0.013678094069096787,0.012325527990558192,0.012687736233838856
2024-08-19,0.0095160099987484405,0.013651277330862124,0.011817182466903135,0.012407104025321488
2024-08-20,-0.0016272721970093005,0.013651614174971356,0.010594632798049123,0.011781655602925668
2024-08-21,0.0034304565851966708,0.012675996297166569,0.0095995104967379671,0.011229580184033893
2024-08-22,-0.0078795883279763751,0.012744442140728389,0.0092810594150270487,0.010940837043870099
2024-08-23,0.010569446725622872,0.012720229343966216,0.0095526484238333507,0.010904267243012992
2024-08-26,-0.0023867653193425306,0.012730742911136459,0.0086105634696816372,0.010372193816416235
2024-08-27,0.0013724629699745415,0.01268369354825742,0.0077259415952441015,0.0098494938737565593
2024-08-28,-0.0058224358375210828,0.012229973741155068,0.0073845982045679607,0.0095237257688604304
2024-08-29,8.9636925191258153e-05,0.011806867917833442,0.0066051070748321889,0.009035044036762984
2024-08-30,0.0095006858615013269,0.011236335306990079,0.0072769882467807259,0.0090826825253068726
2024-09-03,-0.020793727974768254,0.010207604865317273,0.011350747595324276,0.010838981593250785
2024-09-04,-0.0020488152959045858,0.010009691866436984,0.01019367968898152,0.010303151663089292
2024-09-05,-0.0024351431389024319,0.0099116891408431215,0.0091823128297086592,0.0098047148344075803
2024-09-06,-0.016973556894264042,0.0093021786186905341,0.011183569280451991,0.010739150480830814
2024-09-09,0.011134040688200729,0.0095791948639419606,0.01117368112529785,0.010779290512347588
2024-09-10,0.0043462286111503653,0.0096276510177301204,0.010181299550644129,0.010318079466095727
2024-09-11,0.01020681127373226,0.0091976515191884416,0.010186407006765175,0.010307006700277168
2024-09-12,0.0083879578605896756,0.0093604798264502135,0.0098530136293514467,0.010131472356706375
2024-09-13,0.0052093029907823545,0.0086332991411942998,0.0091155290353387101,0.009751704603207189
2024-09-16,0.0014756151021779278,0.0086250789502173211,0.008179840075529448,0.0092630401269976487
2024-09-17,0.00040853910548790978,0.0083589837775116874,0.0073185523000886352,0.0087886410539401959
2024-09-18,-0.0029701208031538205,0.008377427405344192,0.0066793180589317302,0.0083903725886301048
2024-09-19,0.016920308323790854,0.0091601162657071813,0.0096410579575234596,0.0095910479268767335
2024-09-20,-0.0017299890325561445,0.0089973872592543445,0.0086578618170316205,0.0091152984870139231
2024-09-23,0.0024956779810614547,0.0086993527183326213,0.007823844241246259,0.008683469393919575
2024-09-24,0.0028571828599997123,0.0087064389952640313,0.0071135595694505173,0.0082872628794537339
2024-09-25,-0.00220790061103961,0.0087150237236319709,0.0064387226077959473,0.0078929294904159335
2024-09-26,0.0039566341565817039,0.008662525511755623,0.0060246750805267434,0.007591705851224261
2024-09-27,-0.0014511251051324418,0.0086685774326838889,0.0054275704209973234,0.0072167287856366039
2024-09-30,0.0039992984787070298,0.0084516745400292879,0.0051735572099152168,0.0069622191692786583
2024-10-01,-0.0089989731602042166,0.0073390000867318474,0.0061326062119646772,0.0071918980790033225
2024-10-02,0.00042198467364129805,0.0073252947804475985,0.0054884151969197652,0.0068241384282100642
2024-10-03,-0.0018299608421714036,0.0073164803935567065,0.0049767371274561005,0.0064997580283441365
2024-10-04,0.0090464921800580272,0.0065740211975130816,0.0060151586929531788,0.0067975047672441356
2024-10-07,-0.0090815963236340422,0.0064142950658897836,0.0067409780921033136,0.0070592494737883012
2024-10-08,0.0094131087330055416,0.0066804960022627197,0.0073534992836370421,0.0073287355268013927
2024-10-09,0.0069026050649684924,0.0064654756090727948,0.0072655593527371403,0.0072872438993019616
2024-10-10,-0.0017516779145616303,0.0061998307858990766,0.0065455601188736711,0.0069354429443805963
2024-10-11,0.0059705910852484939,0.0062340562867731391,0.0064346777228763653,0.0068450805504396816
2024-10-14,0.0081448714829748439,0.0064862571922392779,0.0068111561582935723,0.0069859507667335112
2024-10-15,-0.0077999437757569736,0.0067160362788693017,0.0070200643267082927,0.0070715676899962623
2024-10-16,0.0043369956332281632,0.0067531132802548391,0.0065716777724889944,0.0068474313247409192
2024-10-17,8.6000701108443007e-05,0.0055937525055526479,0.0058780131184320234,0.0064961006599650204
2024-10-18,0.0038388488442361404,0.0056459952190187832,0.0055306584297121261,0.0062811676821151255
2024-10-21,-0.0016434167628713782,0.0056303536759913699,0.0050010708717447673,0.0059814582311850523
2024-10-22,-0.0005312140126283128,0.0055952495242246672,0.0044793979011485139,0.0056769954330606557
2024-10-23,-0.009179582112508515,0.0059393865315316213,0.0057362836399107936,0.0061181633035022054
2024-10-24,0.0021604671066293522,0.0058929572868322358,0.0052208700062127637,0.0058442699971315197
2024-10-25,-0.00034546449668765842,0.0058845241665588773,0.0046722431487575631,0.005545437511259293
2024-10-28,0.0030865543073511498,0.005856982680983224,0.0044010508212624835,0.0053506421316862791
2024-10-29,0.0016172857722106628,0.0055123453168214511,0.004002314495247363,0.0051017639524127498
2024-10-30,-0.0030299014474856156,0.0055530228234465006,0.0038276464846415488,0.0049338855035024774
2024-10-31,-0.019797665752492675,0.0070898521215815771,0.0094926400931772039,0.00781688304058893
2024-11-01,0.0042114880218927292,0.0068600935588102249,0.008696867195869179,0.0075343850153198793
2024-11-04,-0.0021562155680064292,0.0065703559511751742,0.0078382556945541786,0.0071801941729134596
2024-11-05,0.012019075599363247,0.0067795394708884335,0.008834151771347977,0.0078003517453373384
2024-11-06,0.02456169136705787,0.0085874147299241366,0.013531043070565161,0.010727935817152758
2024-11-07,0.0077023219773892813,0.0087496606311369927,0.01258318139544473,0.010464813547865605
2024-11-08,0.0043223567855435099,0.0087010517567580777,0.011419532252278982,0.010021445362350969
2024-11-11,0.0009524320233579573,0.0085109759392228267,0.010222817558799309,0.0095119473879663012
2024-11-12,-0.0031112750719250325,0.0083593514653614431,0.0092488272546865525,0.0090773031268991597
2024-11-13,0.00048565075154511207,0.0083036180787613486,0.0082752532166769088,0.0086128551896046401
2024-11-14,-0.0064508649885445177,0.008427952678256103,0.0079439652856859271,0.0084216692511302396
2024-11-15,-0.012891378731031031,0.0088658293804823197,0.0091500162123092626,0.0089694384571486537
2024-11-18,0.0040890386026070039,0.0089052738029596658,0.008385838341343094,0.0086068442115725865
2024-11-19,0.0036488095814181361,0.008941782968591416,0.0076759748580881694,0.0082462944217507397
2024-11-20,0.00033866486397222695,0.008703331601397345,0.0068672709860336236,0.0078238547986390038
2024-11-21,0.0053540999750276326,0.0087719963169776722,0.0065924810159008838,0.0076130199115349096
2024-11-22,0.0030944963100148163,0.0087989060382402656,0.0060567174474751512,0.0072883369637629838
2024-11-25,0.0033863652088356455,0.0088044182125538682,0.0056249937650065382,0.0069967576105207253
2024-11-26,0.0052080044859196947,0.0088737345539726658,0.0055441055211965327,0.0068389682282401117
2024-11-27,-0.0030347921123566476,0.0088738181158707439,0.0051411747156825871,0.0065586076343010589
2024-11-29,0.0061929385124338846,0.0078144029754117564,0.0053680386967212253,0.0065229632401631399
2024-12-02,0.0017908262637095261,0.0077677805858260684,0.0048676568594094192,0.0062140848368803939
2024-12-03,0.00046352840648072706,0.0077534956555047763,0.0043586968646015488,0.0058970205343303328
2024-12-04,0.0061904141898142563,0.0074033672986583395,0.0047815098299889159,0.0059270134847347541
2024-12-05,-0.001646787342231257,0.0049781129603334714,0.0043396602071511456,0.0056469222429973449
2024-12-06,0.0018936946855353048,0.0046898426873161342,0.0039728247486177674,0.005390506997752142
2024-12-09,-0.0051629783345878699,0.0047321563041458278,0.0042376807623119286,0.0053681881162898626
2024-12-10,-0.0031138339952738606,0.0047783621730062885,0.0040380122615761736,0.0051870314729814829
2024-12-11,0.0077007028752763577,0.0050312806189302091,0.0049904508187506996,0.005490432444613026
2024-12-12,-0.0051658582593726377,0.0051610363699159641,0.0050260220662748118,0.0054588435351790657
2024-12-13,-0.00019843173026604151,0.0049555607366021364,0.004496286609954968,0.00517909383797661
2024-12-16,0.0042608625173926823,0.0041419738536614204,0.0044501982541806659,0.0050947234099137069
2024-12-17,-0.0041286046816317781,0.0041439358586486249,0.0043877655959096637,0.0050065081267176284
2024-12-18,-0.030256610641314269,0.0078917449406025585,0.014088807154608125,0.010681987643253003
2024-12-19,-0.00030730620744283106,0.0078916807695368837,0.012602161602392515,0.010134289206454598
2024-12-20,0.011939560195145525,0.0082445716034142066,0.012472457703794938,0.010329024431833157
2024-12-23,0.0059704551547163365,0.0083232495031035237,0.011470790203349495,0.0099792036063762902
2024-12-24,0.01105367568985796,0.0086494101612399135,0.011388589533507578,0.010091800076369818
2024-12-26,6.6692813853340112e-05,0.0085706681768496478,0.010186307811786302,0.0095739454090995341
2024-12-27,-0.010582379501924498,0.0088653929769378949,0.010266744598640664,0.0096795177162424476
2024-12-30,-0.011477302487702387,0.0091249105137700594,0.010520006188297499,0.0098740368713393107
2024-12-31,-0.0036447700337363469,0.0091524781550634086,0.0095495179920883251,0.0094379753434088633
2025-01-02,-0.0024599358313550229,0.009168406495375923,0.0086119040846871827,0.0089873783248482809
2025-01-03,0.012425987395675624,0.0094796558170776,0.0094980495957106541,0.0093880875855685535
2025-01-06,0.0057439816116715984,0.0095591812003166677,0.0088751913697174868,0.0090896590771270339
2025-01-07,-0.011368421757193178,0.0098823424300546036,0.0094267396341031311,0.009342580652555289
2025-01-08,0.0014599452771517484,0.0098201042077617606,0.0084567738615734678,0.008875166248909265
2025-01-10,-0.015385175179108918,0.010381947279214411,0.010225181777113186,0.0097243035678853239
2025-01-13,0.0015492770451444092,0.010244012936240056,0.0091718877976416802,0.0092382843552582666
2025-01-14,0.0013750045248620301,0.010183321085590238,0.008226600033227633,0.0087749855720729141
2025-01-15,0.018026569513328664,0.010951982468740145,0.010914806465033395,0.01008940312669516
2025-01-16,-0.0019250581580586552,0.010918949810837157,0.0098003862126800623,0.0095909871649825628
2025-01-17,0.0099898362811393932,0.011106801411158823,0.0098385680725878687,0.0096316153479762221
2025-01-21,0.00911194418813655,0.0090409783517217211,0.0096975998449461403,0.0095809167347913823
2025-01-22,0.0056056935100507769,0.0091271987864555374,0.00902881576663765,0.0092605047866715969
2025-01-23,0.0054432173160004881,0.0088124646689936095,0.0084345322495174083,0.0089523245857426083
2025-01-24,-0.0029235343246847719,0.0087352486771652468,0.007656531721611382,0.0085430913160520188
2025-01-27,-0.014246355350771879,0.0089634432099563541,0.0093535934570263633,0.0092726389118206118
2025-01-28,0.0085556114732824561,0.0091653159337597209,0.0091995361830808399,0.0092034503268222743
2025-01-29,-0.0044929426330256204,0.0089113974798947886,0.00847009323961565,0.0088460048313813641
2025-01-30,0.0053527308081659378,0.0086173759219497128,0.0079450820644700673,0.0085610626699965855
2025-01-31,-0.0053362260497406286,0.0086613345260966607,0.0074963007476833024,0.0082951880919627866
2025-02-03,-0.0067522989503430702,0.0087747266973949127,0.0073535248787730788,0.0081540471573579645
2025-02-04,0.0066858656392535494,0.0084563946480405074,0.0072249306144362355,0.0080193339171399317
2025-02-05,0.0040464319431537596,0.0084071175071587893,0.0067107689723942508,0.0077146682348749971
2025-02-06,0.0034696031494635027,0.0080510546773353252,0.0061996100977104139,0.0074005614637165928
2025-02-07,-0.0091956638299701167,0.0083030669677246465,0.0069036351978990365,0.007599177738927051
2025-02-10,0.0067681651602388973,0.0077068893392691377,0.0068767546912617654,0.0075202099731756936
2025-02-11,0.0007602521284138967,0.0077009758787148271,0.0061601461611543061,0.0071383471873019619
2025-02-12,-0.0032265823363159894,0.0077285858532482763,0.0056956200097998616,0.0068484658038949339
2025-02-13,0.010502057249309953,0.0069998456549751897,0.0069289761964075767,0.0072966194999591989
2025-02-14,-4.9076361504739354e-05,0.0069866062700242784,0.006197503578228734,0.0069221984487149888
2025-02-18,0.0029314945155036417,0.0066522559129114619,0.0056961366293841612,0.0066320821946426276
2025-02-19,0.0023521503613693965,0.0063543499236825354,0.0052022399276645823,0.0063355602708122993
2025-02-20,-0.0041690244343026246,0.0062988579284552525,0.0050126632800091952,0.0061533298322101124
2025-02-21,-0.017252072728344909,0.0072853195631082867,0.0089234655382212594,0.0079900264432591489
2025-02-24,-0.0045606875328874658,0.007327245186825644,0.008237873750184874,0.0077159871296449108
2025-02-25,-0.0049856943188218506,0.0066920435877893735,0.0076981478751277886,0.0074878919884326968
2025-02-26,0.00050467019433311235,0.0064137553427798567,0.0068891307845676177,0.0071054305279761856
2025-02-27,-0.016090462317387581,0.0072850586683442494,0.009473578726698571,0.0084456335729081525
2025-02-28,0.015484764825800204,0.0079767405957258137,0.01094324190790062,0.0093900824263732589
2025-03-03,-0.017675058124439785,0.0088218483944080533,0.012581143457743851,0.010516513259959689
2025-03-04,-0.011907587838964675,0.0090903720740854541,0.012449348022767964,0.010663789703781817
2025-03-05,0.010690385651925656,0.0092797651773819153,0.012117998268318777,0.010666452282766027
2025-03-06,-0.017910491695462893,0.010066511153944227,0.013477160241661837,0.01159631213566609
2025-03-07,0.0055892369186399888,0.010114085128096343,0.01231076733636381,0.011142305262659332
2025-03-10,-0.02699666432272876,0.011597745493948096,0.016340378540256797,0.013587415440953692
2025-03-11,-0.0083477466867622144,0.011649100450159112,0.015084540152764944,0.013157680646800753
2025-03-12,0.0052925698289784193,0.011707826736960622,0.013698063380464582,0.012594174587575674
2025-03-13,-0.013420309348840833,0.012064737890852328,0.013642964960150588,0.012679210562569015
2025-03-14,0.020445468140267049,0.012686374518565673,0.015248207364082255,0.013656055769819958
2025-03-17,0.0076818667086344401,0.012802129971505165,0.01406444017656896,0.013181053860845586
2025-03-18,-0.010867434596180626,0.013014219359519902,0.01348580768529206,0.012968279618534119
2025-03-19,0.010832187953967027,0.013227248004217715,0.012998494771078671,0.012770758717673964
2025-03-20,-0.0028959974426863251,0.013210238135165968,0.011698121784654868,0.012149968334170487
2025-03-21,0.00032983755223471312,0.01263464010398125,0.010464157930434072,0.011526943946697123
2025-03-24,0.017750019933975739,0.013204063669996685,0.012272388621851911,0.012291855589817239
2025-03-25,0.0024009369755894215,0.013167864858333236,0.011029148546499801,0.011685768793404413
2025-03-26,-0.012010061230411853,0.01343845262167438,0.01123218626449256,0.011718601885013339
2025-03-27,-0.00265926860372378,0.012961498580833973,0.010116518597104166,0.011149001662757499
2025-03-28,-0.020343750265887851,0.013293041680499039,0.012831554613397628,0.012379702409857586
2025-03-31,0.0066902587161655801,0.012779771172397023,0.011860478378848413,0.011933452339951472
2025-04-01,0.002820461499574517,0.012515221490857686,0.010683059417330831,0.011356146202914181
2025-04-02,0.0063084683313066317,0.012365532351267217,0.0099630096531518279,0.010956529021203559
2025-04-03,-0.050536529322263164,0.016265427891345868,0.024293978847999151,0.019063972696351218
2025-04-04,-0.060326595809965626,0.021094242677159231,0.034641269593036227,0.026287285247290151
2025-04-07,-0.0017827766547531929,0.020215958906893775,0.030994349577529126,0.024944679961170713
2025-04-08,-0.015786711295426383,0.020436774781363066,0.028607058836802719,0.024185437310109217
2025-04-09,0.099862871458010885,0.030247162734484485,0.051470473782564641,0.039034614762759233
2025-04-10,-0.044808118748382017,0.031721822041363153,0.050208776506455124,0.039649814442015097
2025-04-11,0.017685461970366075,0.031638772313499187,0.045599255516304005,0.038028601910511155
2025-04-14,0.0096547495336659836,0.031665787044172333,0.041013126199114715,0.036206056479504943
2025-04-15,-0.0028049519240955145,0.03157863835184449,0.036704696805162487,0.034359532138069637
2025-04-16,-0.022478730006617785,0.031884294731083535,0.034334333757759274,0.033362389514892038
2025-04-17,0.0014257004856924008,0.031879312124525896,0.030716179841353112,0.031653552611303065
2025-04-21,-0.024090451079885663,0.032331139688449265,0.029510285154222937,0.030980439586101974
2025-04-22,0.025685056289012017,0.032596557164824597,0.028785933495733357,0.030492311898415878
2025-04-23,0.015376535724403154,0.032772995081710686,0.026649419204804375,0.029333372828701982
2025-04-24,0.020830560538646615,0.032993222648077761,0.025591711268173552,0.028597085701034128
2025-04-25,0.0071994462090490662,0.033027121529375571,0.023115253700754554,0.027224936769527322
2025-04-28,0.00038108769360842922,0.032712453426235306,0.020675613859961733,0.02582812394807851
2025-04-29,0.0062797429804559417,0.032708384088398219,0.018704861431433017,0.024583049143660645
2025-04-30,0.00039675133299295497,0.032702423612045395,0.01673107752834033,0.023321865616663134
2025-05-01,0.00706187423718725,0.032710123430742387,0.015294351171456657,0.022237479196880874
2025-05-02,0.014735040614723718,0.030872499188651401,0.015184137334342759,0.021604792873811458
2025-05-05,-0.0057509389987245646,0.027799279901117687,0.01382248462267025,0.020576629887932817
2025-05-06,-0.0083933434407162163,0.027859710319677409,0.0129204685572129,0.019700323581145932
2025-05-07,0.0041967090469271816,0.027651095181950944,0.011707829839695051,0.0187364273799496
2025-05-08,0.0069435998892656576,0.016381821905406643,0.010922515256507774,0.01791004460658693
2025-05-09,-0.0012750338611694624,0.012963680002968379,0.0097860213515167556,0.016995743560187449
2025-05-12,0.032513213002877885,0.014327374914918098,0.01697158728781651,0.019122778857277478
2025-05-13,0.0065822563297154432,0.014240058547781227,0.015462633660938739,0.018260482303074928
2025-05-14,0.0012771611218635117,0.014229105267232117,0.013841989015028026,0.017328121842829398
2025-05-15,0.0048723957125051693,0.013356263832727091,0.012570941727236388,0.016510949395412457
2025-05-16,0.0063140681803876813,0.013426895595222218,0.011592944066326518,0.015790410084691984
2025-05-19,0.0010932218581512902,0.012301373515381792,0.010380563978233944,0.014984086858450268
2025-05-20,-0.0033678184156015266,0.010904347508240647,0.0094060260993184298,0.014254991868516457
2025-05-21,-0.016994365011937837,0.011023761796420973,0.011337563671999508,0.014552153038991204
2025-05-22,0.0003946302102362482,0.0099917715234417292,0.010142160845395846,0.013805948557179329
2025-05-23,-0.0068492539360136152,0.0099794544372330991,0.0095746121167963813,0.013275353929561862
2025-05-27,0.020577508096394449,0.010988809828464563,0.012570812449524457,0.014175856365854521
2025-05-28,-0.0058022522974634939,0.01097567717442988,0.011539215175113918,0.013572988856812135
2025-05-29,0.0039396715692962131,0.011010616216179072,0.010470290917679778,0.01293659634771928
2025-05-30,-0.0011190269098129057,0.010899668670842126,0.0093782747755466831,0.012277833468488241
2025-06-02,0.0056170107075630095,0.010465383246814394,0.0087562430339900715,0.011782434219668902
2025-06-03,0.0056863592406495951,0.01046361866683973,0.0082343408928088439,0.011321512649293574
2025-06-04,-0.00026854848770040476,0.010294100777331573,0.0073659975298147077,0.010740865683469261
2025-06-05,-0.0048443674262508918,0.010308311562067596,0.0069354102142190014,0.01030419165404773
2025-06-06,0.010216558319085361,0.010443634974658469,0.007704254970407525,0.010295461887051957
2025-06-09,0.00090082291364857055,0.010441685688270879,0.0069026612334367179,0.0097712860009898858
2025-06-10,0.00565370603234998,0.0076007610552580214,0.0066716013117480424,0.0094406920451760249
2025-06-11,-0.0028560496447685539,0.0074841909835527453,0.0061024269897321246,0.0090016499387614007
2025-06-12,0.0039663988120715241,0.0075311468999450775,0.0057391772963804964,0.0086313361313091648
2025-06-13,-0.011243130081980407,0.0078645762970173429,0.0071855493624007633,0.0089269683809517341
2025-06-16,0.0094693681832720058,0.0080213237169307686,0.0076967189418395187,0.0089826823057535133
2025-06-17,-0.0085817871241683653,0.0082440421506968387,0.0078816876381042518,0.0089434014943947197
2025-06-18,-0.00015072443318721169,0.0082096441354775479,0.0070499179846767171,0.0084845895037075018
2025-06-20,-0.0023513398424885017,0.0072961821986553864,0.0063927173160956644,0.0080834592253111875
2025-06-23,0.009828919420942845,0.0076195059469104393,0.0072121424794221144,0.0082745904696776649
2025-06-24,0.010986816119520414,0.0078579108752397635,0.0081088855586707292,0.0085844612842744979
2025-06-25,0.00056022740800296795,0.0063710881400107994,0.0072571337973493704,0.0081458617384506816
2025-06-26,0.0077932607886517851,0.00647643445019033,0.0073674809471142768,0.0081112914192348565
2025-06-27,0.0049561212666419411,0.006511244849059134,0.0069524418736732789,0.0078530285520901928
2025-06-30,0.0047697853152889073,0.0065932724060857751,0.0065741409169741433,0.0076011931228816944
2025-07-01,-0.0003238664527740109,0.0064729394428165218,0.0058818739303757089,0.0072118521996871795
2025-07-02,0.0045231211921110282,0.0064269076720931658,0.0056363887206234715,0.0069896776368421976
2025-07-03,0.0078505042383259782,0.0066620610287580224,0.0061433855167303333,0.0070804714390972686
2025-07-07,-0.0074798765800793516,0.0067828526480774552,0.0064329355053802254,0.0071214200539784821
2025-07-08,-0.00054778587676488895,0.0063877374961332665,0.0057590052306333113,0.0067581926698907085
2025-07-09,0.0059785493271697692,0.006523018383102203,0.0058035785002573965,0.0066843216972829987
2025-07-10,0.0028163876953407108,0.0064302528110332545,0.0053415004125257938,0.0064035415874762695
2025-07-11,-0.0035217010088143719,0.006446737092119249,0.0050304847604090222,0.0061761677580707526
2025-07-14,0.0019064648000917212,0.0063996510498452548,0.0045794697451302909,0.0058901616413854314
2025-07-15,-0.0042824676465291946,0.0059625591246500274,0.004521630275239762,0.005749657090630746
2025-07-16,0.0033377962635928867,0.0056236739610588931,0.0043109499018456213,0.005555788817403145
2025-07-17,0.0061008900764435593,0.0054593404633075512,0.0047235159775264567,0.0056126817491915929
2025-07-18,-0.000732504557334665,0.0054616930111362838,0.0042375222875238533,0.0053296935248275928
2025-07-21,0.0018943478951733137,0.0054528046262954082,0.0038836821316115232,0.0050915542967275729
2025-07-22,0.0001430870413278501,0.0049903626259470398,0.0034742602521685233,0.0048304844509647381
2025-07-23,0.0084713944186924472,0.0047388225210587952,0.004899927766737912,0.0053081705292516981
2025-07-24,0.00033097490506409994,0.0047377445444060466,0.004385127429500286,0.0050368602690200612
2025-07-25,0.0042155379567812212,0.0045053319184390336,0.0043517382861768313,0.0049608508604044813
2025-07-28,-0.0002511005278458048,0.00436726589167373,0.0038939326116560749,0.0047069461735574089
2025-07-29,-0.0026411464479572516,0.0042760088282015173,0.0036776758773995298,0.0045428376053570068
2025-07-30,-0.0012601632939269942,0.0042846712360767826,0.0033373405868801142,0.0043280985791126908
2025-07-31,-0.0037582174139573861,0.0042475506167515146,0.0034256551753473895,0.0042745307803924888
2025-08-01,-0.016526226537602218,0.0053493900194951996,0.0080007076823701683,0.0066148369904696306
2025-08-04,0.015085405109181525,0.0060989358304067995,0.0098347825698697384,0.0078827283538283107
2025-08-05,-0.005082920296747279,0.0062027267175198842,0.0090854594988865594,0.0076490047420911204
2025-08-06,0.0076305724604387266,0.0062926900394874993,0.0088137158258890774,0.0076471635131910055
2025-08-07,-0.00083808505116773826,0.0062639017615374049,0.0078921319450589687,0.0072595755711357471
2025-08-08,0.0077675054740408041,0.0064523680492420679,0.0078673645885027465,0.0073119564997785099
2025-08-11,-0.0019795560341607501,0.006453468458573231,0.0070922541461243497,0.0069649193303602669
2025-08-12,0.010589808369094971,0.0068071639287833217,0.0079163668028588222,0.007407664630637573
2025-08-13,0.0034172868046882391,0.0068091357024031227,0.0072436634727894031,0.0071101287374103596
2025-08-14,9.3009245300872649e-05,0.0066711107443576494,0.0064790630919571261,0.0067453245042966552
2025-08-15,-0.0023439428152555583,0.0066896632062621569,0.0058890933448100865,0.0064419615951631717
2025-08-18,-0.00021764032983260864,0.0066764162903071569,0.0052682644012751571,0.0061117688933334576
2025-08-19,-0.0054399662590859576,0.006786248774647792,0.0053030495397830488,0.0060479476184046102
2025-08-20,-0.002660617109700641,0.0065436144776245481,0.0048901578929520188,0.0057989474644897909
2025-08-21,-0.0040198787023870254,0.0066046487000811565,0.0047289322611750008,0.0056463222547523629
2025-08-22,0.015240110357538828,0.0073719668083713358,0.0080213735112272255,0.0072054809607032368
2025-08-25,-0.0044108290858472952,0.007437439929922276,0.0074407680416880041,0.0069765752063606972
2025-08-26,0.0041782281955974861,0.0074725905498661373,0.0069125640258200574,0.0067491555423219215
2025-08-27,0.0022760521036258672,0.0074845994955309155,0.0062660127485134626,0.0064431383501249769
2025-08-28,0.0035350684092173997,0.0074791613924868171,0.0058232013826756803,0.0062138795840240403
2025-08-29,-0.0059815885762749994,0.0066386005340771286,0.0058552215887805199,0.0061910427010204074
2025-09-02,-0.0074378449992175627,0.0059547142330478317,0.0062041279427051087,0.0063267892786555511
2025-09-03,0.00540491326799287,0.0059688752736034301,0.0060527332925273134,0.0062407327344080584
2025-09-04,0.0083226877014070753,0.0060149436204250291,0.0065697709521265156,0.0064791036118892493
2025-09-05,-0.0029004915368707395,0.0060469058192612153,0.0060176475903641977,0.0062146754032517708
2025-09-08,0.0024535655150853598,0.0058180204631294707,0.0054930558676219597,0.0059465931174653196
2025-09-09,0.0023093114385266829,0.0058240944335389731,0.0050205093442672599,0.0056885028492766297
2025-09-10,0.0028865403343123022,0.0053599887743494903,0.0046723478339077296,0.0054732412435198469
2025-09-11,0.0082760447337781404,0.005618739451839049,0.0055824054592905712,0.0058146388006771067
2025-09-12,-0.00033459254003738442,0.0056191990621492875,0.0049952968883844604,0.0055172653698087248
2025-09-15,0.005309653366226374,0.0057192932821699205,0.0050597308798372466,0.0054968570412326943
2025-09-16,-0.0013778337303519087,0.0057273788569676678,0.0045673172014654255,0.0052329471789254707
2025-09-17,-0.0012430424306990641,0.0056036117505111381,0.004122783044491333,0.0049799475909022848
2025-09-18,0.0046615236769070581,0.005668598647793224,0.0042360161264600018,0.0049490272282900838
2025-09-19,0.0049406433475496008,0.0057048696063146127,0.0043860070036926052,0.004948189479444939
2025-09-22,0.0047198931124290324,0.0046953550014021172,0.0044547866556888527,0.0049258360012607123
2025-09-23,-0.0054584331149984434,0.0047500855288625729,0.0046727933543379702,0.0049816587084299214
2025-09-24,-0.0031866436938144398,0.0047114931699358022,0.0044157601601696557,0.0048322562992540912
2025-09-25,-0.0046241424508109445,0.0047966948935387081,0.004458215889208552,0.0048118499756384693
2025-09-26,0.0057125925906312972,0.0049005236632562801,0.0047357463987359374,0.0049093667188243647
2025-09-29,0.0028065978489793704,0.0047560500053761374,0.0044178313072922382,0.0047412437788516889
2025-09-30,0.0037596656203880132,0.0045343895973852365,0.0042942757111273924,0.0046524146280359207
2025-10-01,0.0034017799195840766,0.0044360613138473923,0.0041312303773573351,0.0045428709365526662
2025-10-02,0.0011511619554406625,0.0040350392989212044,0.003730775564701101,0.0043250926113001104
2025-10-03,-1.4713555580661802e-05,0.0039825758511924754,0.0033369135962862777,0.0041031457609451687
2025-10-06,0.0035797646662827694,0.0040250027300560926,0.0033868771593397796,0.0040538495443963795
2025-10-07,-0.0037143117809444069,0.0040772302622315328,0.0034548475965197768,0.0040211861081462892
2025-10-08,0.0059452546462897245,0.0042396348305765085,0.0040765166618068295,0.0042529459467099736
2025-10-09,-0.0029011790781115722,0.0038691988417534542,0.0038701109136361216,0.0041376899723638482
2025-10-10,-0.027399832538963102,0.007245870770776615,0.01273312104001688,0.0095122822073875849
2025-10-13,0.015227587680655873,0.0079175118321303476,0.013269581095505198,0.010228543599696412
2025-10-14,-0.0012223931057610573,0.0079162355048185556,0.011881257296311431,0.0097113448216146984
2025-10-15,0.0044297042667863348,0.0079731198936227755,0.010809989636033881,0.0093188746321104052
2025-10-16,-0.0068335225027077754,0.0080510249147742463,0.010140222221624664,0.0091009331910300896
2025-10-17,0.0056602493678371436,0.0080746780424507583,0.009416314031741117,0.0088174899344112614
2025-10-20,0.010346787167762106,0.0083330280315349337,0.0096096189775914144,0.0089821443062665252
2025-10-21,-1.4942990429156014e-05,0.0082431573280782149,0.0085951071066148223,0.0085212115942530642
2025-10-22,-0.0052125696080209645,0.0082946037837745065,0.0080333597780155013,0.0082502745725506581
2025-10-23,0.0059125418319969534,0.0083354198937601494,0.0076563389189254543,0.0080471201408789557
2025-10-24,0.008139340211438471,0.0084356376198745434,0.0077553460482863001,0.0080563896512842337
2025-10-27,0.011728614603400918,0.0088115919393321508,0.0086964587025960063,0.0084953465405184416
2025-10-28,0.0026524950416700003,0.0087914267740652405,0.0078682819701624204,0.0081029250615908561
2025-10-29,0.00048016576939499743,0.0087591156717440281,0.0070408806809096093,0.0076886091729903485
2025-10-30,-0.011058934288291149,0.0090978486488975073,0.0080074469170137649,0.008089081695270877
2025-10-31,0.0032748535991825116,0.0091272708143570625,0.007310287143625094,0.0077435382749165508
2025-11-03,0.0018748907715987952,0.0091017634299946099,0.0065920620126698999,0.007370052106608912
2025-11-04,-0.011924451941663715,0.0094478526470694116,0.00795001484809418,0.0079438754181836314
2025-11-05,0.0034594857288829657,0.0093857881435547141,0.0072770733931714149,0.0076152114313717146
2025-11-06,-0.010787246744836403,0.0096690439905001892,0.0081017020558941423,0.0079892909487290151
2025-11-07,0.00098398890286698353,0.0074834004463288631,0.0072597319367988088,0.0075856915500958485
2025-11-10,0.015483783745324687,0.0075096397293818928,0.009492759243219932,0.0087042059127225447
2025-11-11,0.002286741267620282,0.0075220632742029111,0.0085519482905825322,0.0082891374145004047
2025-11-12,0.00055614553493550461,0.0074575992651358253,0.0076531376064359214,0.0078657325758270131
2025-11-13,-0.016733127522772336,0.0082024882288407944,0.010141790942289591,0.0091478155713984391
2025-11-14,-0.00016383779399072634,0.0081043342811179583,0.0090713894954540294,0.0086785344982757157
2025-11-17,-0.0093600161138741207,0.008044123879451047,0.0091298448088115713,0.0087490716707079204
2025-11-18,-0.0084330114419298666,0.0082621850573738921,0.0089947979066975648,0.0087179812908285987
2025-11-19,0.0038557337390654808,0.0082248703308743804,0.0082279066620361153,0.0083599967867918779
2025-11-20,-0.015359584109870688,0.0088145575961219701,0.010066882498419312,0.0093001222599744717
2025-11-21,0.0099118530524763548,0.0089048427391037518,0.010036068193090449,0.0093630940259517795
2025-11-24,0.014611339452438529,0.0091155233646857976,0.011102989684763594,0.010012487244654606
2025-11-25,0.0093619677675986883,0.0093339863798329124,0.010777309128362458,0.0099493494656731074
2025-11-26,0.0068797706329206971,0.0094592989158119589,0.010118624532561104,0.0096862646932262073
2025-11-28,0.0054435909666967859,0.009211132868962392,0.0093720748219003527,0.0093490437798625595
2025-12-01,-0.0045759238898669518,0.00923881428524073,0.0086288148121865405,0.0089865491476202163
2025-12-02,0.001850473223761602,0.0092385681349703638,0.0077620877527105813,0.0085454481532287203
2025-12-03,0.0034568578671407297,0.0088791332231653135,0.0071126632344956581,0.0081802935373328396
2025-12-04,0.0007308726355028201,0.0088468815669572043,0.006370150515626955,0.007763948711974414
2025-12-05,0.0018975931835084833,0.0085222721053468398,0.0057604883518164894,0.0073899320450841787
2025-12-08,-0.003008730800329791,0.0085459541995594173,0.0053251359651093786,0.0070749722381611615
2025-12-09,-0.00086340069670598745,0.0078155760034383792,0.0047785720241653356,0.0067174589712169644
2025-12-10,0.0066101591391830522,0.0079376620724578729,0.0051967914371440303,0.0067068062378092801
2025-12-11,0.0023243323899324697,0.0079536872164222821,0.0047629630698459808,0.006404949416369707
2025-12-12,-0.010810206581406788,0.0074232264426356892,0.0064436609959177271,0.0069718789402067396
2025-12-15,-0.0015119508356710961,0.0074308309389988841,0.0058029141549868248,0.0066313638034839473
2025-12-16,-0.0027361150535985287,0.0071561910008544564,0.0053325711687161629,0.0063502850222170526
2025-12-17,-0.011064581322954193,0.0073332484980626177,0.006872702829745489,0.0069667785857081372
2025-12-18,0.007522894645792734,0.0074741485530857689,0.00700756905917685,0.0070243717057985357
2025-12-19,0.0090226791565437871,0.0069381187904417555,0.0074542985671149581,0.0072490338660606141
2025-12-22,0.00621047884157309,0.0067196542452471527,0.0072226908552477237,0.0071519680883185598
2025-12-23,0.004560079363435816,0.0059597741010872559,0.0067744132817942199,0.0069364987683108292
2025-12-24,0.0035115018507672828,0.0056349904679874729,0.0062594144534156189,0.0066735731187493623
2025-12-26,-0.00010141480775991423,0.0054209841933353228,0.0055987741901553124,0.0063311885811818923
2025-12-29,-0.0035700184467802221,0.0053425356413667321,0.0052560464503226788,0.0061114693107692433
2025-12-30,-0.001221959902357149,0.0052507516040210395,0.0047328064222988721,0.0058107116623632021
2025-12-31,-0.0074364348377805476,0.0054921951899367513,0.0053832776190787333,0.0059931618808828262
2026-01-02,0.0018313152201985445,0.005452925862366946,0.0048841053864966269,0.0057150294785760607
2026-01-05,0.0066381259181915522,0.0056489757925921643,0.0052817167173446157,0.0058139381934684056
2026-01-06,0.0059295437565997549,0.0057869559328596019,0.0054174830888622343,0.0058256019862213994
2026-01-07,-0.0032286186657920035,0.0057928779412198313,0.0050560947491425385,0.0056201665901101277
2026-01-08,-0.00010153246851990349,0.0057897044178287617,0.0045225365734594281,0.005331854849369726
2026-01-09,0.0065916105199917141,0.0057886469503609294,0.0050052507925253458,0.0054708995097697841
2026-01-12,0.0015692011602722827,0.0057759351690482488,0.0045315016112918308,0.0052138188048242839
2026-01-13,-0.0020015084477309304,0.0052648552272337749,0.0041507604960753916,0.0049865939761744409
2026-01-14,-0.0049273724888856769,0.0053682726066648151,0.0043172734550256959,0.0049807035144967269
2026-01-15,0.0027195960519165296,0.0053678528886717293,0.0040484960918217034,0.0048027374504492791
2026-01-16,-0.00083825642793195745,0.0047673609401592976,0.0036404383324251397,0.0045639813430874325
2026-01-20,-0.020566855255717744,0.0064068564754217756,0.0097571174033974379,0.0078132251113742779
2026-01-21,0.011475018699616915,0.006600089063519169,0.010124044787053074,0.0082528445636982899
2026-01-22,0.005209663778086045,0.0065566533466654368,0.0093501414757395825,0.0080007848815836918
2026-01-23,0.00036266941646986676,0.0064773886230161878,0.0083645933741100034,0.0075910773780672675
2026-01-26,0.0050653810305921502,0.0065286243084157151,0.0078169530412034935,0.0073775211746448036
2026-01-27,0.0039762496097779368,0.0065888503671154867,0.0072142855551022012,0.0071109839621549637
2026-01-28,-0.00010066964734378686,0.0065403520007424028,0.0064528102197433553,0.0067461468303626647
2026-01-29,-0.0019863486397249069,0.0065497193863091243,0.0058395311429366341,0.0064307080047989046
2026-01-30,-0.0029869405743984268,0.0063702344214569637,0.0053911466289147609,0.0061733934183870872
2026-02-02,0.0049589070085995224,0.0064530410465551413,0.0053075155509479839,0.006062902237407449
2026-02-03,-0.0084913354649320295,0.0065607653411883108,0.0060791720369180405,0.0063476911538074589
2026-02-04,-0.004855623207264491,0.0065164807404466778,0.0058549535839101316,0.0062146256813106187
2026-02-05,-0.012567930681256348,0.0070598134817147044,0.0076821195966716499,0.0071101830696411314
2026-02-06,0.019003078798157141,0.0082399211856025046,0.010928649045506363,0.0090338769825765945
2026-02-09,0.0048101394245550514,0.0081780625301327119,0.010008785352109891,0.0087042279457204223
2026-02-10,-0.0026405409324224806,0.0081918380082543502,0.0090296798759893649,0.0082996669426871686
2026-02-11,-0.00023114885650317492,0.0081797664783205652,0.0080770527353144356,0.0078740946910084222
2026-02-12,-0.015569436795382833,0.0088212809593571206,0.010033568514557743,0.0089466176119923895
2026-02-13,0.00070425106011649124,0.0088017035912043885,0.0089798213579221405,0.0084904279621971172
2026-02-17,0.0016121827537749706,0.0088070885698424903,0.0080640920097968631,0.008070845284497143
2026-02-18,0.0050250607580059649,0.0075945766243188688,0.0075547277302564645,0.0078198345767558231
2026-02-19,-0.0026408282429682679,0.0071723420223289442,0.0068595862575243239,0.007465402126337819
2026-02-20,0.0072058248615269977,0.0072582129927400577,0.006930217982613055,0.0074398519616075938
2026-02-23,-0.010263859697353819,0.0076119918672478007,0.0077130862958104838,0.00776858668473675
2026-02-24,0.0072421872097078429,0.0076994791847770656,0.0076212344985170724,0.0077175626157801793
2026-02-25,0.0084029028181233003,0.0078753977967715109,0.0077838504211780891,0.0077888107585639462
2026-02-26,-0.005569928872744709,0.0079732420708812368,0.0073942872160138928,0.0075961455024369327
2026-02-27,-0.0048135072187894283,0.0080332933882817058,0.0069551676540104178,0.0073653424237646514
2026-03-02,0.00056836143808134819,0.0080064888495941892,0.0062260816426685083,0.0069896885187972725
2026-03-03,-0.008853326204464676,0.0081727226189815261,0.0068328289217183848,0.007197798935722771
2026-03-04,0.0070305833857426895,0.0081030680143452868,0.0068728350342164629,0.0071812525955832242
2026-03-05,-0.005591272564328495,0.0081267443575511866,0.0066363510232480228,0.0070384361079912465
2026-03-06,-0.013193786382772557,0.0081761928627117481,0.0083694757151125659,0.0078735776158663055
2026-03-09,0.0087218156683187553,0.0072524328997527849,0.0084411203466787082,0.0079624687679749739
2026-03-10,-0.0016083082110627642,0.0071812424876425279,0.0075841506595033447,0.00757096318331138
2026-03-11,-0.0012559228897518618,0.0071624358957537932,0.0068066835861406508,0.0071934184781125461
2026-03-12,-0.015301438459733196,0.0079375384986744742,0.0091592334253948176,0.0083656526556405708
2026-03-13,-0.0056762150235875261,0.0072453516244119177,0.0085765452806765893,0.0081368096707950342
2026-03-16,0.010125429394262926,0.0075892382822319417,0.0089078935357826006,0.0083569932690345985
2026-03-17,0.0026270911632708125,0.0076033980194333602,0.0080536187761711866,0.0079715471300641633
2026-03-18,-0.014051911808400095,0.0081499638609255978,0.0095592816365942714,0.0087713527935693123
2026-03-19,-0.0024674226283852175,0.0081472462197544823,0.0086209934005076396,0.0083577379887764675
2026-03-20,-0.014439445095387089,0.0086143081034804284,0.01005767054052859,0.0091496646564998979
2026-03-23,0.010445249178190171,0.0086252028861392299,0.010136371907164309,0.0092873596911722603
2026-03-24,-0.0033624612191459919,0.0085051142450031057,0.0091901064978775968,0.0088746920833861175
2026-03-25,0.0055572182632252047,0.0083875302248796538,0.0085873733422327913,0.008600721545308684
2026-03-26,-0.018020121487025215,0.0092214801854829873,0.011132804696775285,0.0099522684766166786
2026-03-27,-0.017198951843375027,0.0099331466036460536,0.012582220043989857,0.010896021177414514
2026-03-30,-0.0033489923071651985,0.0099605239413889674,0.011353103491248304,0.010390982855155917
2026-03-31,0.028653407820692582,0.011676637226950065,0.016349860031638831,0.013389438009133258
2026-04-01,0.0075062489031340243,0.011691432351187431,0.01500410253772297,0.01292221817026629
2026-04-02,0.00090005436086326089,0.011626133444554423,0.013426112391176595,0.012262396176164557
2026-04-06,0.0047157086312759802,0.011294913647727889,0.012192455730139959,0.011728321055146927
2026-04-07,0.00043990379276420265,0.011125702074447599,0.010907038298938711,0.011127331882802422
2026-04-08,0.025150689620180074,0.012461130498586822,0.014888996784126841,0.013217090534005263
2026-04-09,0.0057524406415813507,0.012524193980225092,0.013563329047736581,0.012670098314503091
2026-04-10,-0.00066199449657157298,0.01204867817410403,0.012135022176676816,0.012021733479020644
2026-04-13,0.0097250057134066793,0.012177374992161507,0.011692825056756345,0.011812173460846419
2026-04-14,0.012111239170364246,0.012267695439278662,0.011777697104896196,0.01184241990077993
2026-04-15,0.0078599983495115829,0.012379024585750202,0.011105279559138039,0.011506371087409886
2026-04-16,0.0024543333053888188,0.011986184798331464,0.00999332465519236,0.010943458924785071
2026-04-17,0.012013237341879625,0.012271108787310766,0.010428653049062788,0.011055096157783762
2026-04-20,-0.0020017372548961723,0.011847176023794133,0.0093705300779469841,0.010506870664276052
2026-04-21,-0.0065684177504439153,0.011707161218940131,0.0088811198337955463,0.010181812668414053
2026-04-22,0.010075780503951338,0.011898251307311215,0.0091325627375096908,0.010171259192921485
2026-04-23,-0.0038882904816336587,0.011865082830480156,0.0083514503110270009,0.0097273296695232405
2026-04-24,0.0077194375643763807,0.011292627571531474,0.0082289319537898371,0.009545565456307914
2026-04-27,0.0017213055408080294,0.010624565162020374,0.0074003267112368772,0.0090720630051314491
2026-04-28,-0.0048778697536611924,0.010654120239373524,0.0069692604351662274,0.0087436523138523445
2026-04-29,-0.00015452126278138871,0.0085123782181664581,0.0062338790632052686,0.008295100836581016
2026-04-30,0.0099004618152380222,0.0086339070823743553,0.0071198895616949301,0.0084693413271423289
2026-05-01,0.0027652684110198661,0.0086536802623911301,0.0064871876628923575,0.0080821679766369201
2026-05-04,-0.0036701188010403421,0.0086283124242015462,0.0060299948110770548,0.0077547580544909825
2026-05-05,0.007990221711526798,0.0088108048254546007,0.0064697294021592439,0.0077786251699936606
2026-05-06,0.013803688898871048,0.0074518127737191013,0.0084613405718653237,0.0085738259431489862
2026-05-07,-0.0030707924798578511,0.0073720060547000981,0.0076916435635919628,0.0081916066078949554
2026-05-08,0.0082222018754650843,0.0075963670013306644,0.007800642621198387,0.0081946712749656793
2026-05-11,0.0022749733270959259,0.007296216827546019,0.0070508950474904289,0.007807363443453408
2026-05-12,-0.0015161013155970994,0.006783480112923985,0.00634285498938854,0.007422215832503856
2026-05-13,0.0055792448425891535,0.0066695593850266332,0.0061976642483955527,0.0072590051921182421
2026-05-14,0.0078633178275700176,0.0068755671151235825,0.0065646924650091887,0.0073216813278793886
2026-05-15,-0.012102281834028297,0.0068833706033065538,0.0079855616487614061,0.0079305005062316868
2026-05-18,-0.00070375689653465049,0.0068706045548447827,0.0071494342874677298,0.0075268241528780883
2026-05-19,-0.0066830701355833052,0.0068761306476602677,0.0070586269055730984,0.0074467520630961386
2026-05-20,0.010196829759483024,0.0068850469789752669,0.0077880959458933282,0.0077657091353392702
2026-05-21,0.0019811239783797071,0.0068442804128778841,0.0070220026497783581,0.0073937879168254296
2026-05-22,0.0039238407349429768,0.0066809067393766609,0.0065212055782220973,0.0071232676767347533
2026-05-26,0.0066167026147664516,0.0068319402732035447,0.0065404165351450995,0.0070742436701175648
2026-05-27,-0.00017325717290322425,0.0067444220013530088,0.0058504395024777433,0.006711440453328543
2026-05-28,0.0055014180120098923,0.0068556045902929148,0.0057823208079710517,0.0066004279919565853
2026-05-29,0.0024883063996868804,0.0065121379383142764,0.005290228812516575,0.0063109628095224827
2026-06-01,0.0027194125046700462,0.0065111723427437153,0.0048855150787952325,0.0060485491534676234
2026-06-02,0.0013570186308611517,0.0064663708256214626,0.0044116783632773288,0.0057541812738366995
2026-06-03,-0.0070419185312829294,0.0064110217855301342,0.0050485689165398785,0.0058956258004624279
2026-06-04,0.0037715644628917525,0.0056820193504236328,0.004820308930306408,0.0057188314427814024
2026-06-05,-0.026148277086187284,0.0081240676575636897,0.012463337492906092,0.0098897810502282298
2026-06-08,0.0022616132324887938,0.0079294381794232892,0.01119333748496563,0.0094094889202679284
2026-06-09,-0.0029397674358474239,0.0079403605893050774,0.010097578410551866,0.0089749014938475674
2026-06-10,-0.015891160823072677,0.0086925742874863886,0.011492374439894764,0.0098867016933007826
2026-06-11,0.016854017638559631,0.0093918765228699404,0.012746423746509175,0.010787862364304283
2026-06-12,0.0053936758447666192,0.0093043185249585859,0.011653128441931041,0.010375420515039254
2026-06-15,0.017480295410686308,0.0097224029085724462,0.013028755409335379,0.011288954271410339
2026-06-16,-0.0059794039024054866,0.0098126458297215675,0.011956146043715303,0.010875282377511149
2026-06-17,-0.012566499634242041,0.010097063558805899,0.012080683970140116,0.011056051800587977
2026-06-18,0.010343315448328203,0.010104510595598056,0.011753772800332889,0.010986859001640035
2026-06-22,-0.0031519418478261887,0.010119368984095387,0.010606973532346152,0.010470598712152739
2026-06-23,-0.014628429664887567,0.010598648501277884,0.011524083516914738,0.010957608730827059
2026-06-24,-0.00046362452088405214,0.010495382783102546,0.010309538799729781,0.010396334207678404
2026-06-25,0.0014445913008191049,0.010500280999228893,0.0092437352307272111,0.0098734022942757668
2026-06-26,-0.0072576467361807799,0.010553496712605911,0.0088821168671701835,0.0096438067791131381
2026-06-29,0.016340624198741247,0.01115425969691723,0.010794294783567514,0.010507345439930605
2026-06-30,0.0077566403209279227,0.011271912997408935,0.010258973326473329,0.010265496786880404
2026-07-01,-0.0013534198977212118,0.011271891363649165,0.0091958455867061258,0.0097481052720650024
2026-07-02,-0.0013149336271025228,0.011165238761711799,0.0082460093943901754,0.0092572083156912816
2026-07-06,0.008689545400113111,0.011301625177122781,0.0083366046204688283,0.0092020179931445543
2026-07-07,-0.0047632258412680433,0.0097300836551450255,0.0077547949915779523,0.0088587952721029123
2026-07-08,-0.0030942118529105555,0.0097415343024077374,0.0070727862746770764,0.0084609599340026917
2026-07-09,0.0084296207065004784,0.0099004193951022189,0.0073641799000907547,0.008457831236780804
2026-07-10,0.0043008975551764635,0.0092906803073125044,0.0068618117459418194,0.008138254744408711
2026-07-13,-0.0076856338155300193,0.0086641383531174832,0.0070342989543151924,0.0080941316996354616
2026-07-14,0.0035443530504950028,0.0086163117616163392,0.0064882645701492851,0.00776013627641903
2026-07-15,0.0039558014200618786,0.0077295025865105442,0.0060669378339320654,0.007467434634011302
2026-07-16,-0.0054333517148104013,0.0077093198290322431,0.0059456244344899276,0.0072896126850191204
2026-07-17,-0.0099464584387168337,0.007515608315172867,0.0069330200509898424,0.0075972239229303113
2026-07-20,-0.0016156827599172101,0.007160005667801457,0.0062430361025770549,0.0072254462339498135
2026-07-21,0.0083067128316069699,0.007363356449044435,0.0067067649008908294,0.0073407434063865748
2026-07-22,-0.0011634178861416992,0.0066020563108433019,0.0060212344734461081,0.0069737519672229973
2026-07-23,-0.012426173368713682,0.0071621846790064052,0.0077386154178404861,0.0076948601877646142
2026-07-24,0.0010154965735656703,0.0071584990633106983,0.0069365107602003704,0.0073070451830690598
2026-07-27,0.00021655211458314317,0.0069722866961260919,0.0062049596440884687,0.0069324099603604314
2026-07-28,0.0023919177341965672,0.0059622181556121118,0.0056520326818982579,0.0066200154167018726
2026-07-29,-0.015507089295929732,0.0066755720955806756,0.0085819777694995519,0.0079680063722883197
2026-07-30,0.016626804898639082,0.0076350643474163609,0.010686926694631591,0.009207892109906881
2026-07-31,0.0071740147835804915,0.0077962221282333755,0.010082738683718314,0.009025153639047925
2026-08-03,0.014142527904258826,0.0081857329718151312,0.011015058538013663,0.0096596670718949711
2026-08-04,0.017868407620299842,0.0090463145981871905,0.01268547239379488,0.010765976510952719
2026-08-05,-0.0019985978768768298,0.0090308814704608362,0.011381381575963303,0.010233037894891857
2026-08-06,-0.0015990909095692069,0.008839216563564508,0.010204905467938197,0.0097210733602915572
2026-08-07,0.0060967256138952106,0.0088918708171645908,0.0095260741719697482,0.0094215894025193956
2026-08-10,-0.00029746097386132897,0.0087244680309673268,0.0085214181865514282,0.0089385994700398267
2026-08-11,-0.0032003754929251995,0.0087178174252979766,0.0077550070913710188,0.0085400787330555828
2026-08-12,0.0025015309905517201,0.008690846062491004,0.0070259262342491158,0.0081403572415329837
2026-08-13,0.0069532258512130501,0.0087448331731355862,0.0070114464632401964,0.0080295460264947979
2026-08-14,-0.001981673765436055,0.0084688757812325603,0.0063335386150263793,0.0076432291306554661
2026-08-17,-0.0047385759801002432,0.008527252815231404,0.0060482881523833514,0.0074042195146584201
2026-08-18,-0.0067786805028420766,0.008459402587624806,0.0062012525776113095,0.0073440636499886667
2026-08-19,0.0020956400290855414,0.0084683764935906593,0.0056251905080064498,0.0069986366185655711
2026-08-20,-0.0084353712852466792,0.0082189224137797137,0.0062885063683744118,0.0071553037628636464
2026-08-21,0.0040829139984774757,0.0082663555037956454,0.005913568061657961,0.006909815729588013
2026-08-24,-0.0029427366251496201,0.0082923623604173186,0.0054505201169143735,0.0066209491736212139
2026-08-25,0.0031908415190819673,0.0083057981840460437,0.0050796485661795624,0.0063617150300604962
2026-08-26,0.00022199093609589067,0.0075475331434377334,0.0045444603243788816,0.0060356610498684187
2026-08-27,0.006531409939845632,0.0067287212963932719,0.0050053530217504059,0.0060870531013159637
2026-08-28,-0.0022720644075461742,0.0065544244379187626,0.0045907845116368029,0.0058192114224884526
2026-08-31,-0.0029939983934993636,0.0057799763196109679,0.0043189173668736524,0.0056011875579814099
