Date,EEM,GLD,IWM,QQQ,SPY,TLT,USO,VNQ
2015-01-02,30.19809913635254,114.08000183105469,102.27600860595703,94.46273040771484,169.2675018310547,91.56647491455078,159.1199951171875,51.64283752441406
2015-01-05,29.660646438598633,115.80000305175781,100.90867614746094,93.07709503173828,166.21063232421875,93.00482177734375,150.32000732421875,51.92547607421875
2015-01-06,29.536014556884766,117.12000274658203,99.16291809082031,91.82909393310547,164.6450958251953,94.6805191040039,144.39999389648438,52.44054412841797
2015-01-07,30.174715042114258,116.43000030517578,100.38408660888672,93.0128402709961,166.69674682617188,94.49352264404297,146.9600067138672,53.2444953918457
2015-01-08,30.688796997070312,115.94000244140625,102.08678436279297,94.79308319091797,169.65472412109375,93.24214935302734,148.39999389648438,53.445499420166016
2015-01-09,30.587539672851562,117.26000213623047,101.10647583007812,94.1690673828125,168.29525756835938,94.26338195800781,146.24000549316406,53.47063446044922
2015-01-12,30.33829116821289,118.55999755859375,100.77106475830078,93.18719482421875,166.9768829345703,94.80281066894531,139.27999877929688,53.8788948059082
2015-01-13,30.603126525878906,118.16000366210938,100.84844970703125,93.15966796875,166.50726318359375,94.80281066894531,140.9600067138672,53.79723358154297
2015-01-14,30.431764602661133,117.97000122070312,100.44426727294922,92.6457748413086,165.50205993652344,95.52200317382812,146.16000366210938,54.26203918457031
2015-01-15,30.501859664916992,120.94000244140625,98.75016784667969,91.44364929199219,163.9859161376953,97.02501678466797,139.60000610351562,54.387657165527344
2015-01-16,30.7589054107666,122.5199966430664,100.3582763671875,92.51728057861328,166.1363983154297,95.7880630493164,146.63999938964844,54.85873794555664
2015-01-20,30.712167739868164,124.19999694824219,99.9369125366211,93.25140380859375,166.4907684326172,97.0610122680664,139.83999633789062,54.42533874511719
2015-01-21,31.38980484008789,124.2300033569336,99.61869049072266,93.72859191894531,167.33116149902344,95.93913269042969,142.16000366210938,54.387657165527344
2015-01-22,31.98957061767578,125.2300033569336,101.6482162475586,95.46295928955078,169.819580078125,95.59384155273438,139.27999877929688,55.354949951171875
2015-01-23,31.748104095458984,124.2300033569336,101.57943725585938,95.67401885986328,168.88851928710938,96.92435455322266,136.0,55.19791030883789
2015-01-26,31.76367950439453,122.98999786376953,102.5597915649414,95.56388854980469,169.28399658203125,96.62952423095703,134.9600067138672,55.66270065307617
2015-01-27,31.59232521057129,124.4000015258789,102.06961822509766,93.08623504638672,167.0510711669922,96.78053283691406,137.67999267578125,55.68156433105469
2015-01-28,31.24960708618164,123.41999816894531,100.34967041015625,92.60909271240234,164.9087371826172,98.3627700805664,132.47999572753906,55.31096649169922
2015-01-29,31.24960708618164,120.76000213623047,101.73422241210938,93.49917602539062,166.43312072753906,97.7154541015625,133.44000244140625,55.50567626953125
2015-01-30,30.392812728881836,123.44999694824219,99.49832153320312,92.77426147460938,164.3402099609375,99.44866943359375,142.55999755859375,54.362545013427734
2015-02-02,30.93804359436035,122.41999816894531,100.4098892211914,93.58177947998047,166.37539672851562,99.0732192993164,148.9600067138672,54.21806716918945
2015-02-03,31.52222442626953,121.05000305175781,102.20719909667969,94.4811019897461,168.78138732910156,96.97621154785156,156.9600067138672,54.689144134521484
2015-02-04,31.366443634033203,121.58000183105469,101.82882690429688,94.3984603881836,168.13870239257812,97.14199829101562,146.24000549316406,54.463043212890625
2015-02-05,31.553377151489258,121.79000091552734,103.14458465576172,95.2152099609375,169.83604431152344,96.07538604736328,152.24000549316406,55.11626052856445
2015-02-06,31.015939712524414,118.63999938964844,103.03276062011719,94.6370620727539,169.3663330078125,94.37472534179688,155.75999450683594,53.514591217041016
2015-02-09,30.969202041625977,119.16999816894531,102.21580505371094,94.33427429199219,168.6083221435547,94.22339630126953,158.16000366210938,53.137725830078125
2015-02-10,30.891315460205078,118.47000122070312,102.86937713623047,95.80248260498047,170.4046173095703,93.47388458251953,151.52000427246094,53.307315826416016
2015-02-11,30.665428161621094,117.06999969482422,102.72320556640625,96.15116119384766,170.50347900390625,93.64683532714844,148.0800018310547,53.150299072265625
2015-02-12,31.3197078704834,117.33999633789062,103.89274597167969,97.27072143554688,172.14315795898438,93.33695983886719,153.44000244140625,53.78467559814453
2015-02-13,31.678007125854492,117.9800033569336,104.51193237304688,98.10576629638672,172.8517608642578,92.3785629272461,156.9600067138672,53.426658630371094
2015-02-17,31.607898712158203,116.01000213623047,104.83868408203125,98.19757843017578,173.12368774414062,90.98765563964844,158.32000732421875,53.29475402832031
2015-02-18,31.600101470947266,116.33999633789062,104.95050048828125,98.3351821899414,173.1401824951172,91.52816009521484,154.0800018310547,53.790958404541016
2015-02-19,31.46769905090332,115.94000244140625,104.9591064453125,98.8215560913086,173.01657104492188,90.92284393310547,152.8000030517578,52.63525390625
2015-02-20,31.678007125854492,115.27999877929688,105.24290466308594,99.48226165771484,174.05470275878906,91.18949127197266,149.1999969482422,53.14399719238281
2015-02-23,31.358652114868164,115.43000030517578,105.34609985351562,99.58320617675781,174.0300750732422,92.23435974121094,144.8800048828125,53.57112121582031
2015-02-24,31.81041717529297,115.26000213623047,105.48370361328125,99.65660858154297,174.5244140625,93.44507598876953,144.32000732421875,52.51591110229492
2015-02-25,31.748104095458984,115.69999694824219,105.60405731201172,99.40885162353516,174.37612915039062,93.8486328125,149.1999969482422,52.52846145629883
2015-02-26,31.75589370727539,116.06999969482422,105.99105072021484,99.91355895996094,174.1701202392578,92.5658950805664,144.24000549316406,51.95687484741211
2015-02-27,31.732532501220703,116.16000366210938,105.41487884521484,99.47309112548828,173.576904296875,93.34415435791016,144.8000030517578,52.36516571044922
2015-03-02,31.685787200927734,115.68000030517578,106.18025970458984,100.37237548828125,174.67274475097656,91.60549926757812,146.55999755859375,52.666656494140625
2015-03-03,31.444334030151367,115.47000122070312,105.55248260498047,99.9043960571289,173.95591735839844,91.27337646484375,147.9199981689453,52.56616973876953
2015-03-04,31.101608276367188,115.11000061035156,105.22569274902344,99.51893615722656,173.22262573242188,91.3022232055664,152.0800018310547,52.06367874145508
2015-03-05,31.054872512817383,115.0,105.5353012084961,99.6933364868164,173.41213989257812,91.18670654296875,149.67999267578125,52.21440505981445
2015-03-06,30.579757690429688,111.86000061035156,104.20232391357422,98.56460571289062,170.9731903076172,89.1722412109375,145.9199981689453,50.48084259033203
2015-03-09,30.46291160583496,111.97000122070312,104.65811920166016,98.84912109375,171.6817626953125,89.99535369873047,146.8000030517578,50.88283157348633
2015-03-10,29.785266876220703,111.41999816894531,103.45416259765625,97.01377868652344,168.89674377441406,91.17948150634766,143.27999877929688,50.84513473510742
2015-03-11,30.01114845275879,110.75,104.09053039550781,96.45402526855469,168.50123596191406,91.8437728881836,142.16000366210938,50.889095306396484
2015-03-12,30.19809913635254,110.72000122070312,105.81908416748047,97.0871810913086,170.6435546875,91.77880096435547,139.52000427246094,51.77474594116211
2015-03-13,29.83200454711914,110.87999725341797,105.44068145751953,96.66509246826172,169.5970916748047,91.49716186523438,134.39999389648438,51.74333572387695
2015-03-16,30.190298080444336,110.80999755859375,106.05986785888672,97.91307067871094,171.86302185058594,92.37808990478516,130.8000030517578,52.277225494384766
2015-03-17,30.54080581665039,110.20999908447266,106.34365844726562,98.06909942626953,171.35218811035156,93.14346313476562,127.68000030517578,52.25837326049805
2015-03-18,31.288555145263672,112.37000274658203,107.19503021240234,99.0326156616211,173.41213989257812,94.94134521484375,134.0800018310547,53.35127639770508
2015-03-19,30.7589054107666,112.29000091552734,107.40142822265625,99.1794204711914,172.62107849121094,94.45759582519531,128.63999938964844,53.326168060302734
2015-03-20,31.21845054626465,113.56999969482422,108.34737396240234,99.8213882446289,174.14476013183594,94.9557876586914,131.44000244140625,54.664031982421875
2015-03-23,31.31192398071289,114.29000091552734,108.25282287597656,99.62825775146484,173.8054656982422,94.8402328491211,134.24000549316406,54.59492874145508
2015-03-24,31.436546325683594,114.56999969482422,108.22702026367188,99.26958465576172,172.82882690429688,95.75724029541016,134.32000732421875,54.13014602661133
2015-03-25,30.93804359436035,114.7300033569336,105.64177703857422,96.99776458740234,170.29624938964844,94.94851684570312,138.8800048828125,53.196258544921875
2015-03-26,30.649850845336914,115.4800033569336,105.51241302490234,96.66661834716797,169.8906707763672,93.4683609008789,145.67999267578125,52.918216705322266
2015-03-27,30.735532760620117,115.05999755859375,106.18523406982422,97.05293273925781,170.27969360351562,94.63086700439453,137.1199951171875,52.987735748291016
2015-03-30,31.327503204345703,113.75,107.62574768066406,98.16586303710938,172.3570556640625,94.1615219116211,137.83999633789062,53.7459602355957
2015-03-31,31.25739860534668,113.66000366210938,107.2807388305664,97.12651824951172,170.8507537841797,94.36365509033203,134.72000122070312,53.27207946777344
2015-04-01,31.6468505859375,115.5999984741211,107.32383728027344,96.62067413330078,170.24656677246094,95.60310363769531,140.63999938964844,53.196258544921875
2015-04-02,32.12199020385742,115.27999877929688,107.52225494384766,96.68501281738281,170.8590545654297,94.59019470214844,140.47999572753906,53.600624084472656
2015-04-06,32.53480529785156,116.69000244140625,107.99665832519531,97.47603607177734,172.00942993164062,94.06198120117188,147.44000244140625,54.15667724609375
2015-04-07,32.37123107910156,116.11000061035156,107.30661010742188,97.31046295166016,171.5542449951172,94.85061645507812,152.47999572753906,53.202545166015625
2015-04-08,33.04887771606445,115.47000122070312,108.22954559326172,98.08309936523438,172.13356018066406,94.87962341308594,144.55999755859375,53.28470230102539
2015-04-09,33.376014709472656,114.66999816894531,107.84138488769531,98.69930267333984,172.89501953125,93.64955139160156,144.24000549316406,52.1789436340332
2015-04-10,33.399383544921875,115.97000122070312,108.3589859008789,99.10401153564453,173.8385467529297,93.78703308105469,147.27999877929688,52.141029357910156
2015-04-13,33.204654693603516,115.13999938964844,108.42797088623047,98.85566711425781,173.0522918701172,93.91726684570312,148.0,52.00202941894531
2015-04-14,33.35265350341797,114.44000244140625,108.40208435058594,98.57052612304688,173.3833770751953,94.58292388916016,150.55999755859375,52.18526840209961
2015-04-15,33.58631134033203,115.43000030517578,109.16118621826172,99.18680572509766,174.16131591796875,94.50330352783203,157.67999267578125,51.79352569580078
2015-04-16,33.85115432739258,115.02999877929688,109.1008071899414,99.04884338378906,174.1116485595703,94.03303527832031,159.52000427246094,51.92620849609375
2015-04-17,33.259178161621094,115.5999984741211,107.33250427246094,97.50361633300781,172.10873413085938,95.11113739013672,158.72000122070312,51.686092376708984
2015-04-20,33.228031158447266,114.72000122070312,108.38484954833984,98.9660415649414,173.68128967285156,94.27180480957031,159.1199951171875,51.76191711425781
2015-04-21,33.42274856567383,115.37999725341797,108.272705078125,99.38911437988281,173.47439575195312,93.84492492675781,155.60000610351562,51.85038757324219
2015-04-22,33.781036376953125,113.83000183105469,108.43658447265625,99.9317855834961,174.3268585205078,92.41232299804688,154.8800048828125,51.957794189453125
2015-04-23,34.03029251098633,114.66000366210938,108.92828369140625,100.30889129638672,174.7655029296875,92.81025695800781,158.0800018310547,52.09680938720703
2015-04-24,34.15491485595703,113.05000305175781,108.56597900390625,101.67013549804688,175.17103576660156,93.38910675048828,157.36000061035156,52.204227447509766
2015-04-27,34.287330627441406,115.33000183105469,107.36699676513672,101.41260528564453,174.4427032470703,93.38910675048828,156.16000366210938,52.13471603393555
2015-04-28,34.341861724853516,116.33000183105469,107.96217346191406,101.21026611328125,174.9972686767578,92.10114288330078,156.8000030517578,52.03361511230469
2015-04-29,33.9134635925293,115.51000213623047,106.78903198242188,100.57565307617188,174.27716064453125,90.9723892211914,160.9600067138672,50.98475646972656
2015-04-30,33.399383544921875,113.47000122070312,104.5290756225586,98.99363708496094,172.53082275390625,91.13155364990234,164.0800018310547,50.1569938659668
2015-05-01,33.60189437866211,113.08000183105469,105.2104721069336,100.29972076416016,174.40138244628906,89.9048080444336,163.1999969482422,50.53611755371094
2015-05-04,33.796627044677734,114.0999984741211,105.59003448486328,100.46527099609375,174.89794921875,89.05655670166016,162.24000549316406,50.58664321899414
2015-05-05,33.43053436279297,114.41999816894531,104.24440002441406,98.82806396484375,172.89501953125,88.93327331542969,166.0800018310547,49.487220764160156
2015-05-06,33.01771926879883,114.36000061035156,104.60668182373047,98.14744567871094,172.1832275390625,87.41071319580078,166.55999755859375,49.39244842529297
2015-05-07,32.97098159790039,113.41999816894531,105.00347900390625,98.73611450195312,172.87022399902344,88.58523559570312,161.60000610351562,50.15068817138672
2015-05-08,33.39158630371094,113.97000122070312,105.78841400146484,99.96856689453125,175.14625549316406,88.82455444335938,163.36000061035156,50.852054595947266
2015-05-11,33.07224655151367,113.52999877929688,105.84883117675781,99.58226776123047,174.31027221679688,86.66392517089844,163.0399932861328,50.08747863769531
2015-05-12,32.96320343017578,114.5,105.65904998779297,99.13158416748047,173.7888641357422,86.88866424560547,165.9199981689453,50.23914337158203
2015-05-13,33.025508880615234,116.55000305175781,105.65904998779297,99.33394622802734,173.822021484375,86.19258880615234,164.8800048828125,49.7589225769043
2015-05-14,33.35265350341797,117.18000030517578,106.78043365478516,100.78713989257812,175.63453674316406,86.42462158203125,164.24000549316406,50.71933364868164
2015-05-15,33.60968780517578,117.52999877929688,106.65966796875,100.78713989257812,175.8249053955078,88.15740203857422,164.16000366210938,51.23747634887695
2015-05-18,33.26696014404297,117.5199966430664,107.8672866821289,101.22862243652344,176.3711395263672,86.67840576171875,163.52000427246094,51.10477066040039
2015-05-19,33.32149124145508,115.88999938964844,107.72065734863281,101.11830139160156,176.31321716308594,85.90985870361328,157.0399932861328,50.92786407470703
2015-05-20,33.298118591308594,116.08000183105469,107.91902923583984,101.18267059326172,176.18907165527344,86.0549087524414,158.72000122070312,50.88363265991211
2015-05-21,33.1812858581543,115.69000244140625,107.79827117919922,101.70691680908203,176.70217895507812,87.25843048095703,164.0,50.64353942871094
2015-05-22,33.29033660888672,115.5999984741211,107.33250427246094,101.60576629638672,176.2801055908203,87.2946548461914,162.0,50.580345153808594
2015-05-26,32.760677337646484,113.91000366210938,106.30598449707031,100.43767547607422,174.3848419189453,88.78827667236328,157.52000427246094,50.19491958618164
2015-05-27,32.76846694946289,113.88999938964844,107.60848236083984,102.05641174316406,176.0400848388672,88.9913101196289,155.83999633789062,50.68777084350586
2015-05-28,32.34007263183594,114.0199966430664,107.51361846923828,101.82647705078125,175.8414306640625,88.77377319335938,156.47999572753906,50.58664321899414
2015-05-29,32.02851104736328,114.0999984741211,106.86668395996094,101.21947479248047,174.7489776611328,88.96946716308594,162.47999572753906,50.005348205566406
2015-06-01,31.903888702392578,114.0,107.20306396484375,101.55978393554688,175.1048583984375,88.01329803466797,162.8800048828125,50.61825942993164
2015-06-02,32.02851104736328,114.45999908447266,107.41012573242188,101.23784637451172,174.93106079101562,86.78534698486328,165.44000244140625,50.15068817138672
2015-06-03,31.864944458007812,113.63999938964844,108.47972106933594,101.54138946533203,175.39456176757812,85.3902816772461,161.36000061035156,49.43036651611328
2015-06-04,31.38201332092285,112.83999633789062,107.39283752441406,100.76876068115234,173.91299438476562,86.50202178955078,157.27999877929688,49.33557891845703
2015-06-05,31.241823196411133,112.23999786376953,108.16919708251953,100.52965545654297,173.6150665283203,85.44840240478516,159.1999969482422,48.78585433959961
2015-06-08,31.234031677246094,112.56999969482422,107.66889190673828,99.50871276855469,172.5474395751953,85.35397338867188,157.67999267578125,48.6973876953125
2015-06-09,31.047090530395508,112.81999969482422,107.3410873413086,99.3431396484375,172.52259826660156,84.67816162109375,161.67999267578125,48.343570709228516
2015-06-10,31.49884796142578,113.77999877929688,108.67813110351562,100.70440673828125,174.59170532226562,83.93708038330078,165.1199951171875,48.68476486206055
2015-06-11,31.34308624267578,113.26000213623047,108.95414733886719,100.8515625,175.1544647216797,85.70270538330078,163.9199981689453,48.981727600097656
2015-06-12,31.34308624267578,113.2300033569336,108.6263656616211,100.02376556396484,173.81369018554688,85.70270538330078,162.16000366210938,48.93751525878906
2015-06-15,30.992565155029297,113.7300033569336,108.28132629394531,99.52709197998047,173.06883239746094,85.84078216552734,161.1999969482422,48.67213439941406
2015-06-16,31.0003604888916,113.31999969482422,109.04903411865234,100.06974792480469,174.0123291015625,86.51651000976562,162.0800018310547,49.06388854980469
2015-06-17,31.187288284301758,113.8499984741211,108.8851318359375,100.34566497802734,174.29371643066406,85.8480224609375,161.67999267578125,49.48092269897461
2015-06-18,31.47549057006836,115.31999969482422,110.34294128417969,101.80811309814453,176.10626220703125,85.4266128540039,162.8800048828125,50.1633186340332
2015-06-19,31.202871322631836,115.12000274658203,110.29116821289062,101.30475616455078,175.32449340820312,86.52375030517578,160.16000366210938,49.77787399291992
2015-06-22,31.654634475708008,113.63999938964844,111.0502700805664,102.05145263671875,176.2227020263672,84.75816345214844,161.27999877929688,49.266075134277344
2015-06-23,31.966201782226562,112.88999938964844,111.28313446044922,102.13441467285156,176.34747314453125,84.24951171875,163.75999450683594,48.855384826660156
2015-06-24,31.74031639099121,112.58999633789062,110.34294128417969,101.60897827148438,175.06668090820312,84.97612762451172,161.67999267578125,48.589988708496094
2015-06-25,31.63124656677246,112.44000244140625,110.28253173828125,101.40615844726562,174.53443908691406,84.67816162109375,159.83999633789062,48.0971565246582
2015-06-26,31.333057403564453,112.55999755859375,109.98064422607422,100.73319244384766,174.50119018554688,83.72637939453125,159.83999633789062,48.44306945800781
2015-06-29,30.63467025756836,113.06999969482422,107.20306396484375,98.35475158691406,170.84182739257812,85.94249725341797,156.0800018310547,47.689937591552734
2015-06-30,31.089801788330078,112.37000274658203,107.70339965820312,98.70504760742188,171.19943237304688,85.34669494628906,159.0399932861328,47.67079162597656
2015-07-01,31.066259384155273,111.9800033569336,108.02255249023438,99.4886474609375,172.5717010498047,84.19465637207031,152.8000030517578,48.45582962036133
2015-07-02,31.215349197387695,111.76000213623047,107.22474670410156,99.5163345336914,172.41366577148438,84.47142791748047,151.44000244140625,48.57709884643555
2015-07-06,30.344329833984375,112.05999755859375,107.19010162353516,99.28587341308594,171.92303466796875,86.03700256347656,141.83999633789062,48.88346862792969
2015-07-07,29.889204025268555,110.76000213623047,107.31137084960938,99.53475189208984,173.004150390625,86.84530639648438,142.0800018310547,49.64936065673828
2015-07-08,28.861257553100586,111.08999633789062,105.67413330078125,97.8016128540039,170.10157775878906,87.59535217285156,139.0399932861328,49.45786666870117
2015-07-09,29.418394088745117,111.36000061035156,106.05528259277344,97.74633026123047,170.4093475341797,85.86953735351562,141.67999267578125,49.221744537353516
2015-07-10,30.163856506347656,111.48999786376953,107.52792358398438,99.23973846435547,172.5550537109375,84.50782775878906,141.36000061035156,49.630218505859375
2015-07-13,30.367883682250977,110.98999786376953,108.74070739746094,100.98210144042969,174.45957946777344,84.24563598632812,140.0800018310547,49.700408935546875
2015-07-14,30.42281723022461,110.73999786376953,109.34705352783203,101.64585876464844,175.21641540527344,84.5223388671875,141.75999450683594,49.80253982543945
2015-07-15,30.077539443969727,110.16000366210938,108.76666259765625,101.7564926147461,175.15814208984375,85.41804504394531,137.83999633789062,49.885520935058594
2015-07-16,30.454191207885742,109.76000213623047,109.41633605957031,103.19459533691406,176.56370544433594,86.00788879394531,136.39999389648438,50.28759765625
2015-07-17,30.414962768554688,108.6500015258789,108.93989562988281,104.71569061279297,176.71336364746094,86.45211029052734,135.9199981689453,50.108882904052734
2015-07-20,30.218782424926758,105.69999694824219,108.350830078125,105.07520294189453,176.80487060546875,86.08797454833984,133.52000427246094,50.16633224487305
2015-07-21,30.22663688659668,105.37000274658203,107.83977508544922,105.01068878173828,176.10626220703125,86.55400848388672,135.27999877929688,50.02592468261719
2015-07-22,29.795045852661133,104.80000305175781,108.23826599121094,103.82146453857422,175.79029846191406,87.0928955078125,130.72000122070312,50.24293518066406
2015-07-23,29.50470542907715,104.33000183105469,107.04281616210938,103.43431854248047,174.80055236816406,88.17793273925781,129.1199951171875,49.6174430847168
2015-07-24,29.08097267150879,105.3499984741211,105.31896209716797,102.42023468017578,172.98753356933594,88.39640045166016,128.24000549316406,49.82807540893555
2015-07-27,28.53167724609375,104.86000061035156,104.444091796875,101.57210540771484,171.98118591308594,88.86972045898438,125.19999694824219,49.91743087768555
2015-07-28,28.8220157623291,105.0199966430664,105.33629608154297,102.44789123535156,174.09361267089844,88.22159576416016,126.80000305175781,49.949337005615234
2015-07-29,29.104509353637695,105.16999816894531,105.63080596923828,102.83507537841797,175.29119873046875,87.89391326904297,129.9199981689453,50.27482223510742
2015-07-30,28.81416893005371,104.2699966430664,105.93400573730469,103.32364654541016,175.33285522460938,88.5711898803711,128.8000030517578,50.02592468261719
2015-07-31,29.128055572509766,104.93000030517578,106.51443481445312,103.20381927490234,175.06668090820312,89.22657775878906,124.72000122070312,50.421630859375
2015-08-03,28.641542434692383,104.0999984741211,105.98599243164062,102.88116455078125,174.4761962890625,90.165771484375,120.80000305175781,50.73435974121094
2015-08-04,28.74355697631836,104.30999755859375,105.73480224609375,102.68756866455078,174.13522338867188,89.45059967041016,121.76000213623047,50.36420822143555
2015-08-05,28.751394271850586,103.93000030517578,105.97731018066406,103.48040008544922,174.70904541015625,88.77918243408203,120.23999786376953,50.03229904174805
2015-08-06,28.50029182434082,104.38999938964844,104.54802703857422,101.82101440429688,173.2786407470703,89.56732177734375,118.95999908447266,50.10252380371094
2015-08-07,28.484601974487305,104.6500015258789,103.84634399414062,101.69192504882812,172.94589233398438,90.74230194091797,116.4800033569336,50.28759765625
2015-08-10,28.963268280029297,105.72000122070312,105.04177856445312,102.8534927368164,175.12490844726562,89.61844635009766,119.12000274658203,50.1280517578125
2015-08-11,28.327659606933594,106.26000213623047,104.1408920288086,101.53524017333984,173.54473876953125,91.0415267944336,115.91999816894531,50.45992660522461
2015-08-12,27.888225555419922,107.75,103.94165802001953,101.88553619384766,173.75262451171875,90.54528045654297,115.5199966430664,50.61949157714844
2015-08-13,27.841144561767578,106.86000061035156,103.5951156616211,101.7196044921875,173.53639221191406,90.25336456298828,112.72000122070312,50.67694854736328
2015-08-14,27.880382537841797,106.8499984741211,104.26215362548828,101.87633514404297,174.16845703125,90.46499633789062,111.91999816894531,50.95138931274414
2015-08-17,27.5743408203125,107.12999725341797,105.36229705810547,102.72444915771484,175.14157104492188,90.87364959716797,111.12000274658203,51.385398864746094
2015-08-18,27.276161193847656,107.11000061035156,104.52203369140625,102.19895935058594,174.63424682617188,90.15850830078125,112.4000015258789,51.525814056396484
2015-08-19,26.93874168395996,108.55000305175781,103.43920135498047,101.5260238647461,173.253662109375,91.048828125,107.44000244140625,51.219451904296875
2015-08-20,26.515003204345703,110.44000244140625,100.82311248779297,98.71428680419922,169.6359100341797,91.96837615966797,106.95999908447266,50.8428955078125
2015-08-21,25.698915481567383,111.12999725341797,99.64500427246094,94.39990997314453,164.5294189453125,92.2457046508789,105.83999633789062,49.89826965332031
2015-08-24,24.576791763305664,110.52999877929688,95.75554656982422,90.76773071289062,157.60154724121094,92.21649169921875,99.91999816894531,47.562278747558594
2015-08-25,24.890674591064453,109.16000366210938,95.01923370361328,90.4266586303711,155.74697875976562,90.73504638671875,101.83999633789062,46.25388717651367
2015-08-26,25.71461296081543,107.66999816894531,97.43609619140625,94.98069763183594,161.72669982910156,88.98355102539062,102.16000366210938,47.50484848022461
2015-08-27,26.85242462158203,107.7300033569336,99.17723083496094,97.38679504394531,165.72702026367188,89.03458404541016,111.5999984741211,48.42392349243164
2015-08-28,26.50715446472168,108.69999694824219,100.15612030029297,97.36837768554688,165.7353515625,89.29739379882812,119.04000091552734,48.35371017456055
2015-08-31,26.554235458374023,108.81999969482422,99.79227447509766,96.16069030761719,164.39633178710938,88.611328125,127.12000274658203,47.249542236328125
2015-09-01,25.526283264160156,109.19999694824219,96.93365478515625,93.15538787841797,159.48948669433594,89.24981689453125,118.4800033569336,46.34962463378906
2015-09-02,25.895092010498047,108.62000274658203,98.67479705810547,95.78272247314453,162.5167999267578,88.48188018798828,120.72000122070312,46.828311920166016
2015-09-03,25.997102737426758,107.83999633789062,98.51888275146484,95.31257629394531,162.63327026367188,88.91339111328125,122.72000122070312,46.95595169067383
2015-09-04,25.220245361328125,107.48999786376953,97.77391815185547,94.17868041992188,160.1714324951172,89.7252197265625,120.63999938964844,46.081539154052734
2015-09-08,26.020641326904297,107.5199966430664,100.00882720947266,96.83365631103516,164.19679260253906,88.40141296386719,120.16000366210938,46.77724075317383
2015-09-09,25.887239456176758,106.12999725341797,98.85675811767578,95.745849609375,162.00111389160156,88.82561492919922,116.08000183105469,46.24111557006836
2015-09-10,26.15403938293457,106.37999725341797,99.30716705322266,96.78755950927734,162.8827362060547,88.22589874267578,119.44000244140625,46.343231201171875
2015-09-11,26.25604820251465,106.16000366210938,99.77497100830078,97.32227325439453,163.62289428710938,88.78173828125,117.19999694824219,47.230403900146484
2015-09-14,26.216815948486328,106.22000122070312,99.31584167480469,97.0272445678711,163.01580810546875,88.92071533203125,115.12000274658203,47.255924224853516
2015-09-15,26.467920303344727,105.9000015258789,100.433349609375,98.1703872680664,165.0533905029297,87.21658325195312,116.55999755859375,47.72184371948242
2015-09-16,27.111371994018555,107.30999755859375,101.29956817626953,98.72352600097656,166.4838409423828,86.88744354248047,122.87999725341797,48.23244094848633
2015-09-17,27.048595428466797,108.41000366210938,101.64607238769531,98.7603759765625,166.1095733642578,87.94799041748047,121.83999633789062,48.78134536743164
2015-09-18,26.546396255493164,109.20999908447266,100.24273681640625,97.355712890625,163.39515686035156,89.30099487304688,116.95999908447266,48.69837188720703
2015-09-21,26.49930763244629,108.52999877929688,100.06082153320312,97.66069030761719,164.239501953125,87.84553527832031,120.4000015258789,49.113224029541016
2015-09-22,26.00495147705078,107.79000091552734,98.54488372802734,96.20056915283203,162.10772705078125,89.0670166015625,119.36000061035156,48.4941291809082
2015-09-23,25.589059829711914,108.22000122070312,98.2503433227539,96.27452850341797,161.8484649658203,89.05962371826172,115.5199966430664,48.79838943481445
2015-09-24,25.479198455810547,110.48999786376953,98.08575439453125,95.92333221435547,161.26332092285156,89.66673278808594,116.72000122070312,48.34070587158203
2015-09-25,25.424270629882812,109.80999755859375,96.79481506347656,95.11012268066406,161.22149658203125,88.8914566040039,117.76000213623047,48.534095764160156
2015-09-28,24.88282585144043,108.41999816894531,94.0843734741211,92.40245056152344,157.17532348632812,90.41268920898438,115.04000091552734,47.779876708984375
2015-09-29,25.000534057617188,107.9800033569336,93.4154281616211,91.92192840576172,157.2672576904297,90.668701171875,116.87999725341797,48.28913879394531
2015-09-30,25.722457885742188,106.86000061035156,94.8662109375,94.03814697265625,160.20162963867188,90.35424041748047,117.44000244140625,48.69524002075195
2015-10-01,25.86370277404785,106.7300033569336,94.701171875,94.46324920654297,160.61961364746094,90.73968505859375,116.63999938964844,48.93376159667969
2015-10-02,26.554235458374023,108.98999786376953,96.1084976196289,96.11741638183594,163.0189208984375,91.28935241699219,118.16000366210938,49.28829574584961
2015-10-05,27.127065658569336,108.7699966430664,98.40198516845703,97.4943618774414,165.91981506347656,90.05079650878906,120.0,50.11988830566406
2015-10-06,27.079988479614258,109.86000061035156,97.7243881225586,97.03228759765625,165.35134887695312,90.43921661376953,125.91999816894531,50.00385284423828
2015-10-07,27.80191421508789,109.69999694824219,99.45317077636719,97.61444854736328,166.7056427001953,90.13871765136719,124.55999755859375,50.57755661010742
2015-10-08,28.1000919342041,109.13999938964844,100.34796142578125,98.00262451171875,168.21044921875,89.38382720947266,128.32000732421875,51.003028869628906
2015-10-09,28.20210838317871,110.87000274658203,100.54776000976562,98.44621276855469,168.310791015625,89.61836242675781,127.91999816894531,50.91922378540039
2015-10-12,27.990236282348633,111.30999755859375,100.40010833740234,98.68645477294922,168.46963500976562,90.29998016357422,122.4800033569336,51.28022003173828
2015-10-13,27.53510284423828,111.86000061035156,99.02748107910156,98.04882049560547,167.40789794921875,90.45391845703125,120.4800033569336,50.88053894042969
2015-10-14,27.74698257446289,113.80999755859375,98.05448913574219,97.8917465209961,166.6053466796875,91.2453842163086,120.4000015258789,50.50021743774414
2015-10-15,28.421823501586914,113.29000091552734,100.40010833740234,99.49967956542969,169.1634979248047,90.7983627319336,121.04000091552734,51.18996047973633
2015-10-16,28.44536781311035,112.48999786376953,100.26978302001953,99.91554260253906,169.93260192871094,90.82764434814453,121.76000213623047,51.57675552368164
2015-10-19,28.1550235748291,112.0199966430664,100.46089935302734,100.48849487304688,170.0162353515625,90.57848358154297,118.63999938964844,52.29873275756836
2015-10-20,28.147172927856445,112.7300033569336,100.3219223022461,99.9709701538086,169.79888916015625,90.0214614868164,117.83999633789062,52.27938461303711
2015-10-21,27.739131927490234,111.7300033569336,98.79290771484375,99.36106872558594,168.74549865722656,90.91555786132812,115.44000244140625,52.08599853515625
2015-10-22,28.311965942382812,111.69000244140625,99.6616439819336,101.38484954833984,171.59625244140625,91.06949615478516,116.08000183105469,52.5436897277832
2015-10-23,28.476757049560547,111.5,100.64332580566406,104.22190856933594,173.47718811035156,90.29261779785156,114.16000366210938,52.03443145751953
2015-10-26,28.21780014038086,111.43000030517578,99.95703125,104.28660583496094,173.05084228515625,90.89361572265625,112.08000183105469,52.02153396606445
2015-10-27,27.89607810974121,111.68000030517578,98.86241912841797,104.49915313720703,172.7165069580078,91.12085723876953,110.55999755859375,52.00217819213867
2015-10-28,27.5743408203125,110.77999877929688,101.74662780761719,105.3678207397461,174.68106079101562,90.7543716430664,117.5199966430664,52.04731369018555
2015-10-29,27.31540298461914,109.72000122070312,100.66069030761719,105.20146179199219,174.58078002929688,89.31055450439453,117.04000091552734,51.976417541503906
2015-10-30,27.362485885620117,109.30000305175781,100.20028686523438,104.73019409179688,173.82835388183594,89.98484802246094,118.4800033569336,51.4993782043457
2015-11-02,27.90392303466797,108.58999633789062,102.2852554321289,105.91305541992188,175.8848876953125,89.57133483886719,118.0,52.595252990722656
2015-11-03,28.272727966308594,106.9800033569336,102.81515502929688,106.28269958496094,176.39483642578125,88.83683013916016,122.23999786376953,52.066650390625
2015-11-04,28.045169830322266,105.97000122070312,102.76304626464844,106.29193115234375,175.85975646972656,88.9396743774414,118.80000305175781,51.834598541259766
2015-11-05,28.092247009277344,105.63999938964844,102.84121704101562,106.00545501708984,175.6842498779297,88.70458221435547,115.83999633789062,52.04086685180664
2015-11-06,27.699901580810547,104.0999984741211,103.57098388671875,106.07941436767578,175.59226989746094,87.40454864501953,113.83999633789062,50.4228630065918
2015-11-09,27.009355545043945,104.4000015258789,102.35475158691406,104.95195007324219,173.95372009277344,86.91248321533203,112.63999938964844,49.559051513671875
2015-11-10,26.891658782958984,104.18000030517578,102.65882110595703,104.6839828491211,174.35501098632812,87.16952514648438,112.72000122070312,50.1263427734375
2015-11-11,26.946590423583984,103.83000183105469,101.76399993896484,104.55459594726562,173.6695556640625,86.98590087890625,110.08000183105469,50.1843376159668
2015-11-12,26.687637329101562,103.8499984741211,99.81806182861328,103.53807067871094,171.24514770507812,87.40454864501953,106.80000305175781,49.842689514160156
2015-11-13,26.318832397460938,103.55999755859375,99.09700012207031,101.50499725341797,169.32232666015625,87.90404510498047,104.4800033569336,49.27540969848633
2015-11-16,26.828882217407227,103.70999908447266,99.94834899902344,102.96513366699219,171.89718627929688,87.82318878173828,107.12000274658203,49.842689514160156
2015-11-17,26.75040626525879,102.33999633789062,99.56610870361328,103.02981567382812,171.77182006835938,87.97010040283203,104.08000183105469,49.842689514160156
2015-11-18,27.040754318237305,102.43000030517578,101.25147247314453,105.00740051269531,174.4971160888672,88.15369415283203,104.4000015258789,50.281036376953125
2015-11-19,27.28400993347168,103.55999755859375,100.82574462890625,105.08133697509766,174.3466339111328,88.74136352539062,103.68000030517578,50.43575668334961
2015-11-20,27.558652877807617,103.08999633789062,101.47730255126953,105.79291534423828,174.9820098876953,88.4696044921875,103.44000244140625,51.06747055053711
2015-11-23,27.299699783325195,102.26000213623047,101.98121643066406,105.48796844482422,174.7814178466797,88.74136352539062,104.16000366210938,51.17707824707031
2015-11-24,27.440948486328125,102.94000244140625,102.72834777832031,105.39555358886719,175.01547241210938,88.7339859008789,106.55999755859375,50.906333923339844
2015-11-25,27.229084014892578,102.45999908447266,103.52754211425781,105.48796844482422,174.99032592773438,88.9396743774414,107.12000274658203,51.11260986328125
2015-11-27,26.632707595825195,101.25,103.91846466064453,105.63581848144531,175.19100952148438,88.85149383544922,104.23999786376953,51.55741500854492
2015-11-30,26.671947479248047,101.91999816894531,103.46672821044922,105.3678207397461,174.46372985839844,89.20405578613281,103.44000244140625,51.17707824707031
2015-12-01,26.87596321105957,102.27999877929688,104.15303802490234,106.42131042480469,176.12733459472656,90.40895080566406,103.5999984741211,51.886165618896484
2015-12-02,26.554235458374023,100.69000244140625,103.0323715209961,105.76518249511719,174.32994079589844,90.43842315673828,99.83999633789062,50.8289794921875
2015-12-03,26.405147552490234,101.76000213623047,101.2948989868164,103.97239685058594,171.88885498046875,87.98006439208984,102.16000366210938,50.02963638305664
2015-12-04,26.585620880126953,104.0199966430664,102.31999969482422,106.40283203125,175.24110412597656,88.75288391113281,99.68000030517578,50.98369598388672
2015-12-07,26.14618682861328,102.66999816894531,100.78233337402344,105.92228698730469,174.17945861816406,89.614013671875,93.76000213623047,50.84187698364258
2015-12-08,25.855854034423828,102.83999633789062,100.22634887695312,105.93155670166016,173.00904846191406,89.65819549560547,93.44000244140625,50.796749114990234
2015-12-09,25.643983840942383,102.63999938964844,99.10566711425781,104.32357788085938,171.66314697265625,89.5625228881836,92.4800033569336,50.51310729980469
2015-12-10,25.471349716186523,102.55000305175781,99.43579864501953,104.79486846923828,172.10617065429688,89.6802749633789,90.95999908447266,50.15210723876953
2015-12-11,24.757278442382812,103.11000061035156,97.22047424316406,102.3829116821289,168.7705841064453,91.09352111816406,88.55999755859375,50.0618782043457
2015-12-14,25.157468795776367,101.79000091552734,96.52550506591797,103.1592025756836,169.623291015625,89.91582489013672,89.27999877929688,50.2939338684082
2015-12-15,25.54197120666504,101.5199966430664,97.91548919677734,103.78755187988281,171.4039306640625,89.3858642578125,91.19999694824219,50.84187698364258
2015-12-16,26.04418182373047,102.75,99.40972137451172,105.33085632324219,173.9119415283203,89.19449615478516,87.91999816894531,51.834598541259766
2015-12-17,25.706762313842773,100.5,98.34986114501953,103.7968521118164,171.26181030273438,90.2028579711914,85.91999816894531,51.57675552368164
2015-12-18,25.620445251464844,102.04000091552734,96.8469467163086,101.8057632446289,168.21080017089844,90.70341491699219,85.27999877929688,50.97724151611328
2015-12-21,25.820476531982422,103.1500015258789,97.57670593261719,102.93665313720703,169.598388671875,90.68125915527344,85.27999877929688,51.17707824707031
2015-12-22,26.027677536010742,102.61000061035156,98.47150421142578,103.61328887939453,171.1374053955078,90.02622985839844,86.16000366210938,51.38334274291992
2015-12-23,26.39426040649414,102.30999755859375,99.71377563476562,104.38265228271484,173.256591796875,89.34906005859375,90.08000183105469,51.9114990234375
2015-12-24,26.298627853393555,103.05000305175781,99.90225982666016,104.36407470703125,172.970703125,89.86096954345703,90.4000015258789,51.9114990234375
2015-12-28,26.115339279174805,102.2699966430664,99.4398193359375,104.30846405029297,172.57545471191406,90.1264877319336,87.44000244140625,52.19908905029297
2015-12-29,26.139245986938477,102.19999694824219,100.51300048828125,105.94918060302734,174.41712951660156,88.62916564941406,90.08000183105469,52.754676818847656
2015-12-30,25.732812881469727,101.41999816894531,99.50090026855469,104.99443817138672,173.18093872070312,88.54061889648438,87.44000244140625,52.5716552734375
2015-12-31,25.653120040893555,101.45999908447266,98.26194763183594,103.68744659423828,171.44851684570312,88.93898010253906,88.0,52.11411666870117
2016-01-04,24.951824188232422,102.88999938964844,95.98469543457031,101.49987030029297,169.0517578125,89.58065032958984,87.83999633789062,51.48661804199219
2016-01-05,25.007610321044922,103.18000030517578,96.19408416748047,101.32373046875,169.33766174316406,89.21925354003906,85.27999877929688,52.480140686035156
2016-01-06,24.52945327758789,104.66999816894531,94.72827911376953,100.35044860839844,167.2015838623047,90.42152404785156,80.87999725341797,52.33634567260742
2016-01-07,23.77236557006836,106.1500015258789,92.197998046875,97.20813751220703,163.19021606445312,90.58377075195312,79.19999694824219,51.316680908203125
2016-01-08,23.517351150512695,105.68000030517578,90.61002349853516,96.41096496582031,161.39892578125,90.98942565917969,78.4000015258789,50.630348205566406
2016-01-11,23.509380340576172,104.73999786376953,90.21739959716797,96.7076187133789,161.55870056152344,89.99373626708984,74.0,50.9179801940918
2016-01-12,23.55719566345215,104.20999908447266,90.48788452148438,97.82918548583984,162.8622283935547,91.2918930053711,73.36000061035156,50.57808303833008
2016-01-13,23.310152053833008,104.72000122070312,87.5824203491211,94.45513916015625,158.8003387451172,92.19175720214844,72.72000122070312,49.85253143310547
2016-01-14,23.61298179626465,103.0199966430664,88.79520416259766,96.4665756225586,161.4073486328125,91.32878112792969,73.83999633789062,49.734901428222656
2016-01-15,22.68057632446289,104.08000183105469,87.3555679321289,93.47256469726562,157.94247436523438,92.75231170654297,70.31999969482422,49.395023345947266
2016-01-19,23.01527976989746,103.9800033569336,86.17770385742188,93.67650604248047,158.1527557373047,92.46463012695312,67.91999816894531,49.656463623046875
2016-01-20,22.51321792602539,105.37000274658203,86.53543090820312,93.38914489746094,156.1260223388672,93.4382553100586,65.91999816894531,48.32304000854492
2016-01-21,22.60088348388672,105.48999786376953,86.334716796875,93.48184967041016,157.00070190429688,92.80394744873047,68.4800033569336,48.591033935546875
2016-01-22,23.373903274536133,105.0,88.44624328613281,96.18848419189453,160.22157287597656,92.44991302490234,74.16000366210938,49.94406509399414
2016-01-25,22.975439071655273,106.08000183105469,86.4830551147461,94.76102447509766,157.79959106445312,92.9514389038086,68.31999969482422,49.63031005859375
2016-01-26,23.310152053833008,107.29000091552734,88.21061706542969,95.61380767822266,159.95248413085938,92.99568939208984,71.76000213623047,50.66959762573242
2016-01-27,23.23045539855957,107.69000244140625,86.99785614013672,93.23157501220703,158.21170043945312,92.97357940673828,73.44000244140625,49.68913650512695
2016-01-28,23.597047805786133,106.54000091552734,86.98040008544922,94.54779815673828,159.0358428955078,93.10633087158203,77.5999984741211,49.31004333496094
2016-01-29,24.36209487915039,106.94999694824219,89.8334732055664,96.522216796875,162.9127197265625,93.89559173583984,77.19999694824219,50.323158264160156
2016-02-01,24.1309814453125,108.05000305175781,89.42341613769531,96.78172302246094,162.85382080078125,93.60810089111328,72.16000366210938,50.40815353393555
2016-02-02,23.349992752075195,108.08999633789062,87.49520111083984,94.6868667602539,159.9188232421875,95.3447265625,68.55999755859375,49.95060348510742
2016-02-03,24.01144790649414,109.25,87.60858154296875,94.232666015625,160.8774871826172,94.55400085449219,74.72000122070312,50.2839469909668
2016-02-04,24.19474220275879,110.56999969482422,87.94888305664062,94.223388671875,161.12986755371094,95.01221466064453,72.95999908447266,50.310096740722656
2016-02-05,23.91581916809082,112.31999969482422,85.54075622558594,90.95128631591797,158.06033325195312,95.12305450439453,71.27999877929688,49.35578536987305
2016-02-08,23.589075088500977,113.83000183105469,84.13600158691406,89.5609130859375,155.93258666992188,97.17007446289062,69.12000274658203,47.94393539428711
2016-02-09,23.2623348236084,113.58000183105469,83.56889343261719,89.28279876708984,155.94105529785156,97.27354431152344,65.44000244140625,47.06153869628906
2016-02-10,23.357967376708984,114.45999908447266,83.6125259399414,89.6257553100586,155.8065185546875,98.13075256347656,63.68000030517578,47.38835906982422
2016-02-11,22.967470169067383,119.05999755859375,82.70508575439453,89.49597930908203,153.77972412109375,98.81796264648438,63.91999816894531,46.71511459350586
2016-02-12,23.365934371948242,118.36000061035156,84.27559661865234,90.85861206054688,156.9501953125,97.17745971679688,66.63999938964844,47.25108337402344
2016-02-16,23.88393783569336,114.7699966430664,86.27367401123047,92.90716552734375,159.59925842285156,96.15026092529297,66.4800033569336,48.12042236328125
2016-02-17,24.354122161865234,115.4800033569336,87.62602996826172,95.01131439208984,162.20631408691406,95.55901336669922,70.23999786376953,48.532203674316406
2016-02-18,24.210676193237305,118.29000091552734,87.2072525024414,93.92679595947266,161.5419158935547,96.73401641845703,69.27999877929688,49.02243423461914
2016-02-19,24.09910774230957,117.58000183105469,87.64350128173828,94.20484924316406,161.46624755859375,96.81532287597656,68.4000015258789,49.30350875854492
2016-02-22,24.69680404663086,115.48999786376953,88.62071228027344,95.73426818847656,163.80410766601562,96.76361846923828,71.27999877929688,49.774105072021484
2016-02-23,24.17083168029785,117.22000122070312,87.80929565429688,94.15850067138672,161.73532104492188,97.1552963256836,67.83999633789062,49.64339828491211
2016-02-24,24.11504364013672,117.61000061035156,88.65560913085938,95.05768585205078,162.47537231445312,96.963134765625,68.72000122070312,49.584564208984375
2016-02-25,24.19474220275879,117.91999816894531,89.46703338623047,95.99383544921875,164.44325256347656,97.31050109863281,70.4000015258789,50.59768295288086
2016-02-26,23.955663681030273,117.11000061035156,90.03419494628906,95.87335968017578,164.06480407714844,96.3719482421875,70.23999786376953,50.336246490478516
2016-02-29,24.16286277770996,118.63999938964844,89.63284301757812,95.01131439208984,162.7781524658203,96.7931900024414,72.0,50.14014434814453
2016-03-01,25.02354621887207,117.7699966430664,91.56108856201172,98.06092071533203,166.60459899902344,95.08872985839844,73.19999694824219,51.55199432373047
2016-03-02,25.358253479003906,118.68000030517578,92.50337219238281,98.0979995727539,167.35302734375,95.481201171875,74.4000015258789,51.92456817626953
2016-03-03,25.645151138305664,120.7300033569336,93.47184753417969,97.91259765625,168.00894165039062,95.8292007446289,74.0,52.19908905029297
2016-03-04,26.15518569946289,120.54000091552734,93.98664093017578,97.94969940185547,168.55564880371094,95.21466827392578,77.19999694824219,52.20561599731445
2016-03-07,26.115339279174805,121.13999938964844,95.00746154785156,97.34716033935547,168.690185546875,95.18502044677734,80.87999725341797,52.342891693115234
2016-03-08,25.669057846069336,120.58000183105469,92.71277618408203,96.5407485961914,166.84840393066406,96.23639678955078,77.19999694824219,51.80690002441406
2016-03-09,25.828439712524414,119.58000183105469,93.18394470214844,97.16180419921875,167.67257690429688,95.65145874023438,81.19999694824219,52.094505310058594
2016-03-10,25.868288040161133,121.5,92.42484283447266,97.01347351074219,167.80711364746094,95.25912475585938,80.31999969482422,51.904945373535156
2016-03-11,26.41020393371582,119.41000366210938,94.40543365478516,98.70978546142578,170.5150604248047,94.29656219482422,81.5199966430664,53.068424224853516
2016-03-14,26.250816345214844,117.87000274658203,94.16114807128906,98.87663269042969,170.29641723632812,94.59269714355469,79.04000091552734,53.074951171875
2016-03-15,25.876258850097656,117.95999908447266,92.69529724121094,98.83955383300781,170.01889038085938,94.68156433105469,77.5999984741211,53.10110092163086
2016-03-16,26.39426040649414,120.58999633789062,93.3497085571289,99.72018432617188,171.00279235839844,94.96292877197266,81.44000244140625,53.741668701171875
2016-03-17,26.976022720336914,120.12999725341797,94.78063201904297,99.6645278930664,172.08767700195312,95.35533142089844,84.4000015258789,54.49988555908203
2016-03-18,27.119468688964844,119.80000305175781,95.63569641113281,99.82073211669922,172.7639617919922,95.55519104003906,83.83999633789062,54.26456069946289
2016-03-21,27.175251007080078,118.95999908447266,95.40880584716797,100.211181640625,173.0091094970703,94.82221984863281,84.72000122070312,53.77478790283203
2016-03-22,27.11149787902832,119.30999755859375,95.29540252685547,100.51799011230469,172.91607666015625,94.80001831054688,84.31999969482422,53.77478790283203
2016-03-23,26.64927864074707,116.61000061035156,93.53374481201172,99.69056701660156,171.77490234375,95.87361145019531,80.87999725341797,53.483970642089844
2016-03-24,26.585525512695312,116.33000183105469,93.81381225585938,99.71845245361328,171.69883728027344,95.91060638427734,80.4800033569336,53.50380325317383
2016-03-28,26.67319107055664,116.5999984741211,93.92759704589844,99.57898712158203,171.8002471923828,96.03650665283203,80.08000183105469,53.986305236816406
2016-03-29,27.039772033691406,118.76000213623047,96.53546142578125,101.17806243896484,173.38943481445312,97.04340362548828,78.4000015258789,55.15620040893555
2016-03-30,27.31869888305664,117.0999984741211,96.54422760009766,101.67081451416016,174.15017700195312,96.02165222167969,77.83999633789062,55.0504264831543
2016-03-31,27.29479217529297,117.63999938964844,96.81549835205078,101.52204895019531,173.7275390625,96.70282745361328,77.5999984741211,55.38749694824219
2016-04-01,27.21510124206543,116.93000030517578,97.24432373046875,102.60049438476562,174.91102600097656,96.95511627197266,74.63999938964844,55.314815521240234
2016-04-04,26.88835334777832,116.1500015258789,96.43045806884766,102.21003723144531,174.3446807861328,97.01445007324219,72.63999938964844,55.23548889160156
2016-04-05,26.36238670349121,117.66000366210938,95.33653259277344,101.22454071044922,172.60330200195312,98.0754165649414,73.04000091552734,54.871971130371094
2016-04-06,26.6811580657959,116.94000244140625,96.4129638671875,102.88868713378906,174.48829650878906,97.3631591796875,76.80000305175781,55.004180908203125
2016-04-07,26.147214889526367,118.61000061035156,95.10899353027344,101.41047668457031,172.40040588378906,98.56509399414062,76.08000183105469,54.66046142578125
2016-04-08,26.60146713256836,118.43000030517578,95.48530578613281,101.33609771728516,172.8653564453125,97.94182586669922,80.23999786376953,54.96451187133789
2016-04-11,26.944137573242188,120.02999877929688,95.18777465820312,100.9642333984375,172.4595489501953,97.81575775146484,82.23999786376953,54.85214614868164
2016-04-12,27.35854721069336,120.05000305175781,96.21167755126953,101.81024932861328,174.0656280517578,97.14059448242188,85.12000274658203,55.24871826171875
2016-04-13,27.844667434692383,118.7699966430664,98.28573608398438,103.1117935180664,175.8239288330078,97.48186492919922,84.08000183105469,55.004180908203125
2016-04-14,27.70919418334961,117.11000061035156,98.1632080078125,103.12110137939453,175.83238220214844,97.01445007324219,83.83999633789062,54.70012664794922
2016-04-15,27.549806594848633,117.91999816894531,98.40824127197266,102.86080932617188,175.63796997070312,97.84540557861328,82.0,55.10993194580078
2016-04-18,27.677316665649414,117.73999786376953,99.1520767211914,103.40936279296875,176.8721160888672,97.4225082397461,81.36000061035156,55.374298095703125
2016-04-19,28.099685668945312,119.58000183105469,99.23085021972656,102.77713012695312,177.42996215820312,97.11833190917969,83.5199966430664,55.4007453918457
2016-04-20,27.97217559814453,118.97000122070312,99.37962341308594,102.86080932617188,177.59909057617188,96.04991912841797,86.08000183105469,54.46219253540039
2016-04-21,27.693252563476562,119.41999816894531,98.88079833984375,102.8700942993164,176.64381408691406,95.4786605834961,85.76000213623047,53.490596771240234
2016-04-22,27.525901794433594,117.88999938964844,99.86095428466797,101.31753540039062,176.64381408691406,95.2338638305664,86.08000183105469,54.07223129272461
2016-04-25,27.350576400756836,118.2300033569336,99.1520767211914,101.31753540039062,176.3395538330078,94.84060668945312,84.4000015258789,54.52165985107422
2016-04-26,27.64543914794922,118.69999694824219,100.12345123291016,100.82477569580078,176.60162353515625,94.41028594970703,86.4800033569336,54.73320007324219
2016-04-27,27.812793731689453,119.04000091552734,100.4735336303711,100.01598358154297,176.96511840820312,95.3525161743164,89.12000274658203,54.70012664794922
2016-04-28,27.525901794433594,121.29000091552734,99.32713317871094,98.80735778808594,175.35902404785156,95.74577331542969,89.76000213623047,54.5877799987793
2016-04-29,27.40635871887207,123.6500015258789,98.4344711303711,98.28672790527344,174.4122772216797,95.9905776977539,90.4000015258789,54.085453033447266
2016-05-02,27.334630966186523,123.23999786376953,99.30963134765625,99.21643829345703,175.7985382080078,95.02410125732422,88.4000015258789,54.92485809326172
2016-05-03,26.561613082885742,122.95999908447266,97.681884765625,98.29603576660156,174.26858520507812,96.2210693359375,85.91999816894531,55.010780334472656
2016-05-04,26.131275177001953,122.20999908447266,96.87673950195312,97.66386413574219,173.2964630126953,96.7488784790039,86.31999969482422,55.797306060791016
2016-05-05,26.123308181762695,122.06999969482422,96.49169921875,97.63594818115234,173.26263427734375,97.39568328857422,87.19999694824219,55.9559440612793
2016-05-06,26.16315269470215,123.18000030517578,97.0605697631836,98.15657043457031,173.89654541015625,96.97933959960938,87.68000030517578,56.570594787597656
2016-05-09,25.828439712524414,120.6500015258789,97.34056091308594,98.43547058105469,174.0403289794922,97.28414154052734,85.44000244140625,57.1919059753418
2016-05-10,26.322532653808594,120.9800033569336,98.32070922851562,99.78353118896484,176.20433044433594,97.29158020019531,87.91999816894531,57.18529510498047
2016-05-11,26.2587833404541,122.12000274658203,97.10429382324219,98.88174438476562,174.5559844970703,97.84170532226562,90.72000122070312,55.96255111694336
2016-05-12,26.18705940246582,121.16000366210938,96.58797454833984,98.44477081298828,174.60667419433594,97.39568328857422,91.5999984741211,56.28641128540039
2016-05-13,25.716875076293945,121.70999908447266,95.94915008544922,98.08219146728516,173.08506774902344,98.33979797363281,90.95999908447266,55.784088134765625
2016-05-16,26.027677536010742,121.80000305175781,97.16555786132812,99.30937957763672,174.7926788330078,97.4922866821289,94.08000183105469,56.31283950805664
2016-05-17,25.908132553100586,122.22000122070312,95.62532043457031,98.06360626220703,173.1612091064453,97.65584564208984,95.36000061035156,55.268531799316406
2016-05-18,25.653120040893555,120.0999984741211,96.12416076660156,98.41690063476562,173.21192932128906,96.26566314697266,93.5999984741211,54.40269470214844
2016-05-19,25.414039611816406,119.87000274658203,95.3540267944336,97.90556335449219,172.61170959472656,96.68196868896484,94.31999969482422,53.79462432861328
2016-05-20,25.669057846069336,119.70999908447266,96.95551300048828,98.9839859008789,173.7021942138672,96.75630187988281,94.0,54.22426223754883
2016-05-23,25.621244430541992,119.37000274658203,96.84174346923828,98.85382080078125,173.4654998779297,96.97187805175781,93.27999877929688,54.23084259033203
2016-05-24,25.88422203063965,117.30000305175781,98.83705139160156,100.83406066894531,175.7140350341797,96.5406723022461,94.55999755859375,54.90502166748047
2016-05-25,26.19503402709961,116.9800033569336,99.41464233398438,101.55924224853516,176.9059295654297,96.17646026611328,96.23999786376953,54.90502166748047
2016-05-26,26.370351791381836,116.58000183105469,99.30086517333984,101.85672760009766,176.9566192626953,96.67453002929688,95.5999984741211,55.010780334472656
2016-05-27,26.36238670349121,115.62000274658203,100.28976440429688,102.38666534423828,177.71742248535156,96.5333023071289,95.83999633789062,55.30821228027344
2016-05-31,26.39426040649414,116.05999755859375,100.63980865478516,102.5819091796875,177.37930297851562,96.76375579833984,94.95999908447266,55.30158615112305
2016-06-01,26.378326416015625,115.94000244140625,101.32241821289062,102.59119415283203,177.74278259277344,97.15632629394531,95.44000244140625,55.347843170166016
2016-06-02,26.593496322631836,115.66999816894531,102.10128021240234,102.80502319335938,178.28379821777344,97.85657501220703,94.87999725341797,55.63207244873047
2016-06-03,26.999923706054688,118.87999725341797,101.48870086669922,102.32157135009766,177.751220703125,99.24966430664062,94.55999755859375,55.85679626464844
2016-06-06,27.286821365356445,118.91999816894531,102.58258056640625,102.69343566894531,178.65570068359375,98.51213836669922,96.31999969482422,55.42717361450195
2016-06-07,27.53386688232422,118.81999969482422,102.88013458251953,102.43314361572266,178.93466186523438,98.75055694580078,97.76000213623047,55.7642707824707
2016-06-08,27.73309898376465,120.58000183105469,103.64153289794922,102.60979461669922,179.5178985595703,99.2794189453125,99.44000244140625,56.12115478515625
2016-06-09,27.414329528808594,121.25,102.97640228271484,102.44242858886719,179.2727813720703,99.92010498046875,98.0,56.24675369262695
2016-06-10,26.720998764038086,121.73999786376953,101.57621002197266,101.28034210205078,177.57369995117188,100.4042739868164,94.95999908447266,55.982357025146484
2016-06-13,26.34644889831543,122.63999938964844,100.4735336303711,100.43428802490234,176.20433044433594,100.85130310058594,94.08000183105469,55.995574951171875
2016-06-14,26.2587833404541,122.7699966430664,100.18476867675781,100.43428802490234,175.85769653320312,100.77676391601562,93.83999633789062,55.85019302368164
2016-06-15,26.537710189819336,123.68000030517578,100.25473022460938,100.14611053466797,175.61257934570312,101.16413879394531,91.76000213623047,56.37894058227539
2016-06-16,26.442075729370117,122.37999725341797,100.2459945678711,100.4436264038086,176.13665771484375,101.65580749511719,89.12000274658203,56.69618606567383
2016-06-17,26.5137996673584,123.94999694824219,99.81719207763672,99.26628112792969,175.48069763183594,101.02262115478516,93.27999877929688,56.60365295410156
2016-06-20,26.983989715576172,123.20999908447266,100.90235900878906,99.89080810546875,176.6107940673828,99.9424819946289,95.27999877929688,56.68299102783203
2016-06-21,27.19118881225586,120.83999633789062,100.70980834960938,100.20777893066406,177.11216735839844,99.4805679321289,95.12000274658203,56.89904022216797
2016-06-22,27.260263442993164,120.9000015258789,100.3160171508789,99.96540069580078,176.82327270507812,99.64447021484375,93.91999816894531,56.81236267089844
2016-06-23,27.918882369995117,120.11000061035156,102.2325668334961,101.3916015625,179.1259307861328,98.50470733642578,95.83999633789062,57.09912872314453
2016-06-24,26.22414779663086,126.0,98.34697723388672,97.21552276611328,172.69366455078125,101.14917755126953,91.19999694824219,56.59229278564453
2016-06-27,25.886810302734375,126.68000030517578,95.11774444580078,95.28593444824219,169.6007537841797,103.67463684082031,89.5199966430664,56.63230895996094
2016-06-28,26.649839401245117,125.31999969482422,96.58797454833984,97.37398529052734,172.65968322753906,103.8906478881836,91.76000213623047,57.82601547241211
2016-06-29,27.324520111083984,125.83999633789062,98.7845458984375,99.09848022460938,175.59967041015625,103.09356689453125,94.31999969482422,58.5262565612793
2016-06-30,27.59760856628418,126.47000122070312,100.622314453125,100.24504852294922,177.99586486816406,103.47351837158203,92.55999755859375,59.13315200805664
2016-07-01,27.862653732299805,128.41000366210938,100.98111724853516,100.7484130859375,178.3697052001953,104.91016387939453,94.23999786376953,59.15314483642578
2016-07-05,27.268293380737305,129.47000122070312,99.4933853149414,100.13319396972656,177.086669921875,106.22372436523438,89.44000244140625,59.80669403076172
2016-07-06,27.196008682250977,130.22999572753906,100.21580505371094,100.9534912109375,178.14877319335938,106.39530181884766,90.63999938964844,59.54660415649414
2016-07-07,27.12371826171875,129.74000549316406,100.42697143554688,101.25180053710938,178.03831481933594,106.38783264160156,86.55999755859375,58.933067321777344
2016-07-08,27.710054397583008,130.52000427246094,102.76762390136719,102.81781005859375,180.68942260742188,107.17145538330078,86.63999938964844,59.88671875
2016-07-11,27.975107192993164,129.2899932861328,103.95555877685547,103.40507507324219,181.3267059326172,106.23114776611328,85.19999694824219,60.286861419677734
2016-07-12,28.368667602539062,127.1500015258789,105.34581756591797,103.9271011352539,182.64370727539062,104.48477172851562,89.5199966430664,60.28018569946289
2016-07-13,28.32047462463379,128.32000732421875,104.93228149414062,103.67544555664062,182.61819458007812,105.7162094116211,86.0,60.613624572753906
2016-07-14,28.730100631713867,127.33000183105469,105.03784942626953,104.38385772705078,183.63787841796875,104.17877960205078,86.95999908447266,60.07345199584961
2016-07-15,28.665847778320312,126.83999633789062,105.3282241821289,104.21609497070312,183.39149475097656,103.2831802368164,87.91999816894531,60.093441009521484
2016-07-18,28.922861099243164,127.04000091552734,105.5042495727539,104.9058837890625,183.88426208496094,103.18614959716797,86.55999755859375,60.253501892089844
2016-07-19,28.62568473815918,127.20999908447266,104.97626495361328,104.52369689941406,183.6973114013672,103.76832580566406,85.5999984741211,60.54693603515625
2016-07-20,28.770263671875,125.38999938964844,105.66262817382812,105.74481964111328,184.46209716796875,103.20111846923828,85.83999633789062,60.553627014160156
2016-07-21,28.68190574645996,127.30000305175781,105.16106414794922,105.50244903564453,183.76531982421875,103.41004943847656,83.91999816894531,60.673641204833984
2016-07-22,28.890745162963867,126.3499984741211,105.94420623779297,105.94059753417969,184.58950805664062,103.58916473388672,83.36000061035156,61.20711898803711
2016-07-25,28.601593017578125,125.47000122070312,105.78580474853516,105.94990539550781,184.08819580078125,103.51457977294922,81.04000091552734,61.093780517578125
2016-07-26,28.826478958129883,126.0,106.29618072509766,106.07107543945312,184.1731414794922,103.67872619628906,80.63999938964844,60.793670654296875
2016-07-27,28.922861099243164,128.02999877929688,106.5953140258789,106.8074951171875,183.9777374267578,104.9698486328125,79.19999694824219,60.3201904296875
2016-07-28,28.93090057373047,127.66000366210938,106.32257080078125,107.18037414550781,184.19017028808594,104.7758560180664,77.36000061035156,60.880367279052734
2016-07-29,29.083505630493164,128.97999572753906,106.53376007080078,107.41339874267578,184.4876251220703,105.64899444580078,78.08000183105469,61.65397262573242
2016-08-01,29.02728271484375,129.22000122070312,106.62175750732422,107.9820327758789,184.33462524414062,104.50353240966797,75.27999877929688,61.78738021850586
2016-08-02,28.818450927734375,130.27000427246094,105.13465881347656,107.16171264648438,183.15357971191406,103.42692565917969,74.63999938964844,60.80034637451172
2016-08-03,28.91482925415039,129.64999389648438,105.9881820678711,107.51593017578125,183.6887969970703,103.4866943359375,77.5199966430664,60.446903228759766
2016-08-04,29.075469970703125,129.8699951171875,106.08499145507812,107.82354736328125,183.88426208496094,104.26433563232422,78.72000122070312,60.20015335083008
2016-08-05,29.412811279296875,127.55000305175781,107.61608123779297,108.85826110839844,185.38827514648438,103.18020629882812,78.87999725341797,60.24017333984375
2016-08-08,29.621644973754883,127.44000244140625,107.56327056884766,108.73707580566406,185.27781677246094,103.37454223632812,80.80000305175781,60.346866607666016
2016-08-09,29.82243537902832,127.95999908447266,107.67765808105469,108.98876953125,185.38827514648438,104.39144134521484,80.55999755859375,60.673641204833984
2016-08-10,29.830472946166992,128.55999755859375,106.9033432006836,108.70909881591797,184.92942810058594,104.79515075683594,78.16000366210938,60.606964111328125
2016-08-11,30.215999603271484,127.66999816894531,107.41368103027344,109.17520904541016,185.78761291503906,103.86058807373047,81.68000030517578,59.92007064819336
2016-08-12,30.103553771972656,127.4000015258789,107.519287109375,109.249755859375,185.6261444091797,104.73542022705078,84.0,60.1734733581543
2016-08-15,30.416807174682617,127.83999633789062,108.58403015136719,109.71585845947266,186.16148376464844,103.74838256835938,86.08000183105469,60.11344909667969
2016-08-16,30.280256271362305,128.47000122070312,107.70408630371094,109.10991668701172,185.2013397216797,103.47175598144531,87.36000061035156,59.39320755004883
2016-08-17,30.08749008178711,128.5,107.38729858398438,109.3056869506836,185.54965209960938,104.09235382080078,87.91999816894531,59.633296966552734
2016-08-18,30.36861228942871,129.11000061035156,108.17924499511719,109.3336410522461,185.966064453125,104.2568130493164,90.4000015258789,59.4132080078125
2016-08-19,30.199941635131836,127.97000122070312,108.17924499511719,109.3056869506836,185.69415283203125,103.71099853515625,90.72000122070312,59.03309631347656
2016-08-22,29.7983341217041,127.77999877929688,108.4256362915039,109.38961029052734,185.68563842773438,104.58580017089844,87.76000213623047,59.35320281982422
2016-08-23,29.677873611450195,127.76000213623047,109.18236541748047,109.58533477783203,186.05950927734375,104.69791412353516,88.72000122070312,59.38654708862305
2016-08-24,29.7581787109375,126.33999633789062,108.29363250732422,108.87689971923828,185.1078643798828,104.4512710571289,86.55999755859375,59.12645721435547
2016-08-25,29.78227996826172,126.2300033569336,108.50480651855469,108.69977569580078,184.9803466796875,104.05497741699219,87.5999984741211,59.39320755004883
2016-08-26,29.525257110595703,126.05000305175781,108.2848129272461,108.85826110839844,184.63201904296875,103.44934844970703,87.5999984741211,58.80634689331055
2016-08-29,29.750146865844727,126.30000305175781,108.84798431396484,109.0074234008789,185.54119873046875,104.83258056640625,86.80000305175781,59.38654708862305
2016-08-30,29.669837951660156,125.02999877929688,109.05037689208984,108.65316772460938,185.23533630371094,104.42877197265625,85.83999633789062,59.273170471191406
2016-08-31,29.340532302856445,124.77999877929688,108.43441009521484,108.54134368896484,184.70848083496094,104.57832336425781,82.87999725341797,59.33319854736328
2016-09-01,29.565431594848633,125.29000091552734,108.51361083984375,108.82096099853516,184.71694946289062,104.69361877441406,80.4800033569336,59.186492919921875
2016-09-02,30.047334671020508,126.56999969482422,109.56071472167969,109.17520904541016,185.54965209960938,103.8398208618164,81.91999816894531,59.699989318847656
2016-09-06,30.689884185791016,128.7100067138672,109.66634368896484,109.85567474365234,186.11050415039062,104.59626770019531,83.12000274658203,60.160133361816406
2016-09-07,30.593494415283203,128.27000427246094,110.35267639160156,109.92092895507812,186.0934600830078,104.52140808105469,84.16000366210938,60.520267486572266
2016-09-08,30.513185501098633,127.58999633789062,110.13269805908203,109.2777099609375,185.6686248779297,103.21056365966797,87.68000030517578,59.779991149902344
2016-09-09,29.485095977783203,126.75,106.692138671875,106.52784729003906,181.22476196289062,101.51029205322266,84.72000122070312,57.41254425048828
2016-09-12,29.685895919799805,126.58999633789062,108.17924499511719,108.43878936767578,183.82481384277344,101.56269836425781,85.12000274658203,58.092769622802734
2016-09-13,28.938926696777344,125.75,106.10259246826172,107.4693374633789,181.18222045898438,100.40917205810547,82.95999908447266,56.63427734375
2016-09-14,29.02728271484375,126.18000030517578,106.12017822265625,107.9820327758789,181.1142578125,100.5589599609375,80.72000122070312,56.815574645996094
2016-09-15,29.525257110595703,125.37000274658203,107.38729858398438,109.65989685058594,182.92405700683594,100.1245346069336,81.12000274658203,57.03047180175781
2016-09-16,29.32445526123047,125.05999755859375,107.22893524169922,109.60759735107422,182.2169952392578,100.9334945678711,80.0,57.05731964111328
2016-09-19,29.55738639831543,125.31999969482422,107.941650390625,109.13099670410156,182.25112915039062,100.60394287109375,79.83999633789062,57.57438278198242
2016-09-20,29.57345199584961,125.44000244140625,107.48407745361328,109.3365707397461,182.2596893310547,100.95594787597656,80.55999755859375,57.48706817626953
2016-09-21,30.400739669799805,127.2699966430664,109.04157257080078,110.4112548828125,184.30926513671875,101.7724380493164,83.19999694824219,58.22574234008789
2016-09-22,30.61759376525879,127.56999969482422,110.60784149169922,111.28966522216797,185.47073364257812,102.58140563964844,84.23999786376953,59.26657485961914
2016-09-23,30.22403907775879,127.6500015258789,109.82469940185547,110.57948303222656,184.4545135498047,102.48399353027344,81.5199966430664,59.44788360595703
2016-09-26,29.78227996826172,127.55000305175781,108.73412322998047,109.654296875,182.95997619628906,103.13567352294922,83.44000244140625,59.58888244628906
2016-09-27,30.207977294921875,126.62000274658203,109.1752700805664,110.73835754394531,184.0957794189453,103.89222717285156,81.19999694824219,58.95768356323242
2016-09-28,30.48105239868164,126.22000122070312,110.01351165771484,110.92522430419922,185.00958251953125,103.66749572753906,85.19999694824219,59.44115447998047
2016-09-29,29.950944900512695,126.06999969482422,108.40765380859375,110.12155151367188,183.3357696533203,103.92965698242188,86.95999908447266,58.64878845214844
2016-09-30,30.0794620513916,125.63999938964844,109.59883117675781,110.94392395019531,184.71925354003906,103.00083923339844,87.44000244140625,58.24589538574219
2016-10-03,30.288284301757812,125.31999969482422,109.25469207763672,110.78504943847656,184.27513122558594,102.6609115600586,88.80000305175781,57.15806579589844
2016-10-04,29.950944900512695,120.97000122070312,108.7164535522461,110.61685943603516,183.3357696533203,101.46031188964844,88.72000122070312,56.379119873046875
2016-10-05,30.384674072265625,120.77999877929688,109.36941528320312,111.00936126708984,184.1470184326172,100.98760223388672,90.80000305175781,55.237571716308594
2016-10-06,30.40877914428711,119.66000366210938,109.25469207763672,110.9532470703125,184.27513122558594,100.42477416992188,92.08000183105469,55.257713317871094
2016-10-07,30.272226333618164,119.73999786376953,108.38115692138672,110.71031951904297,183.64317321777344,100.4923324584961,90.63999938964844,55.16371536254883
2016-10-10,30.601533889770508,120.16000366210938,109.67826080322266,111.41117858886719,184.59963989257812,99.8995132446289,93.36000061035156,55.50618362426758
2016-10-11,29.89472770690918,119.55000305175781,107.67526245117188,109.82254028320312,182.26824951171875,99.67439270019531,92.63999938964844,54.968963623046875
2016-10-12,29.8385009765625,119.73999786376953,107.5870361328125,109.72908020019531,182.5074005126953,99.77189636230469,91.44000244140625,55.60017395019531
2016-10-13,29.57345199584961,120.02999877929688,106.69585418701172,109.3365707397461,181.9095458984375,100.14710998535156,91.91999816894531,56.03664779663086
2016-10-14,29.621644973754883,119.36000061035156,106.26347351074219,109.46739959716797,182.00347900390625,98.74391174316406,91.5199966430664,55.78820037841797
2016-10-17,29.589515686035156,119.68000030517578,106.13995361328125,109.1683578491211,181.37156677246094,99.37422943115234,90.95999908447266,55.9090690612793
2016-10-18,30.11159324645996,120.41999816894531,106.74877166748047,110.14024353027344,182.5074005126953,99.69685363769531,91.5999984741211,56.264976501464844
2016-10-19,30.296321868896484,121.11000061035156,107.19882202148438,110.13091278076172,182.99417114257812,99.77948760986328,93.27999877929688,56.385826110839844
2016-10-20,30.207977294921875,120.73999786376953,106.88113403320312,110.00007629394531,182.652587890625,99.88448333740234,91.44000244140625,56.258243560791016
2016-10-21,30.199941635131836,120.83000183105469,106.82818603515625,110.4112548828125,182.7379150390625,100.0345687866211,91.83999633789062,56.05007553100586
2016-10-24,30.328439712524414,120.55999755859375,107.50760650634766,111.7382583618164,183.5150604248047,99.59937286376953,91.44000244140625,56.177650451660156
2016-10-25,30.360576629638672,121.47000122070312,106.70466613769531,111.38314056396484,182.90020751953125,99.86200714111328,89.91999816894531,56.07695007324219
2016-10-26,30.03929901123047,120.79000091552734,105.64583587646484,110.62618255615234,182.53297424316406,99.18658447265625,88.72000122070312,55.345001220703125
2016-10-27,29.78227996826172,121.01000213623047,104.4369888305664,110.12155151367188,182.0461883544922,98.10604858398438,89.68000030517578,53.89456558227539
2016-10-28,29.66180419921875,121.58000183105469,104.14579772949219,109.43002319335938,181.50819396972656,97.88846588134766,88.08000183105469,54.02215576171875
2016-10-31,29.830472946166992,121.94000244140625,104.56050872802734,109.3272476196289,181.51670837402344,98.4887924194336,84.23999786376953,54.90180206298828
2016-11-01,29.589515686035156,122.7300033569336,103.28108978271484,108.5048599243164,180.20156860351562,98.49628448486328,84.55999755859375,53.70656204223633
2016-11-02,29.236108779907227,123.63999938964844,101.96634674072266,107.63578796386719,179.11703491210938,98.92481994628906,82.23999786376953,52.9208869934082
2016-11-03,29.155797958374023,124.30000305175781,101.47222900390625,106.57982635498047,178.2971649169922,98.1655044555664,80.63999938964844,52.51128387451172
2016-11-04,28.858612060546875,124.38999938964844,102.1251449584961,106.20602416992188,178.10072326660156,99.04513549804688,79.83999633789062,52.927608489990234
2016-11-07,29.90275764465332,122.1500015258789,104.62226104736328,108.72916412353516,182.02911376953125,98.20304107666016,81.27999877929688,53.85427474975586
2016-11-08,30.095531463623047,121.63999938964844,104.89579772949219,109.43939971923828,182.8489532470703,97.80462646484375,80.80000305175781,54.136295318603516
2016-11-09,29.115636825561523,121.55999755859375,108.12527465820312,109.94400787353516,184.78753662109375,93.65450286865234,82.23999786376953,53.317073822021484
2016-11-10,28.288345336914062,119.75,109.85470581054688,108.16845703125,185.24868774414062,92.27120208740234,80.31999969482422,52.42399215698242
2016-11-11,27.750207901000977,117.0999984741211,112.37830352783203,108.2152099609375,184.82168579101562,91.75244903564453,78.16000366210938,52.739585876464844
2016-11-14,27.549407958984375,116.11000061035156,113.95771026611328,107.12184143066406,184.96688842773438,91.20360565185547,78.95999908447266,53.988582611083984
2016-11-15,28.103618621826172,117.12000274658203,114.31067657470703,108.60765075683594,186.41012573242188,91.65470886230469,82.72000122070312,53.538673400878906
2016-11-16,27.87069320678711,116.7699966430664,114.30184173583984,109.25249481201172,186.05995178222656,92.48167419433594,81.83999633789062,53.38423538208008
2016-11-17,27.910842895507812,116.16999816894531,114.97244262695312,110.04682922363281,187.01641845703125,91.12093353271484,81.04000091552734,52.8403205871582
2016-11-18,27.782333374023438,115.1500015258789,115.58129119873047,109.6356430053711,186.59796142578125,90.8577880859375,82.55999755859375,52.99475860595703
2016-11-21,28.055423736572266,115.58000183105469,116.1195068359375,110.77572631835938,188.00709533691406,91.08334350585938,86.16000366210938,52.83360290527344
2016-11-22,28.481107711791992,115.54000091552734,117.17839050292969,111.11212158203125,188.374267578125,91.05323028564453,85.04000091552734,53.76026153564453
2016-11-23,28.175899505615234,113.25,117.91070556640625,110.66357421875,188.47677612304688,90.69989013671875,85.36000061035156,53.53195571899414
2016-11-25,28.31244659423828,112.61000061035156,118.29901123046875,111.01868438720703,189.17703247070312,90.83522033691406,82.63999938964844,53.840850830078125
2016-11-28,28.42489242553711,113.80000305175781,116.76365661621094,110.76638793945312,188.28892517089844,91.50431823730469,83.5199966430664,54.08929443359375
2016-11-29,28.46505355834961,113.2699966430664,116.70187377929688,111.14952087402344,188.6561279296875,91.88777160644531,80.4800033569336,54.60634231567383
2016-11-30,28.513240814208984,111.75,116.12834930419922,109.80384826660156,188.20347595214844,90.39913177490234,87.44000244140625,53.981868743896484
2016-12-01,28.175899505615234,111.54000091552734,115.56365203857422,107.90680694580078,187.51177978515625,89.4446792602539,90.63999938964844,53.189483642578125
2016-12-02,28.208026885986328,112.13999938964844,115.50186157226562,108.12174224853516,187.60565185546875,90.1000747680664,91.83999633789062,53.7199821472168
2016-12-05,28.44095802307129,111.54000091552734,117.48717498779297,108.96277618408203,188.73300170898438,90.00216674804688,90.80000305175781,54.11615753173828
2016-12-06,28.593557357788086,111.43000030517578,118.75779724121094,109.22442626953125,189.33082580566406,89.9343490600586,90.31999969482422,54.46533966064453
2016-12-07,29.075469970703125,111.83000183105469,119.91368103027344,110.60749816894531,191.80735778808594,90.70276641845703,88.72000122070312,55.553184509277344
2016-12-08,29.203983306884766,111.56999969482422,121.80195617675781,110.80374908447266,192.27706909179688,89.63301086425781,90.4800033569336,55.9359130859375
2016-12-09,29.051374435424805,110.4000015258789,122.04019165039062,111.6728286743164,193.4384765625,88.51806640625,91.5199966430664,55.87548828125
2016-12-12,28.858612060546875,110.81999969482422,120.75199127197266,111.16819763183594,193.2164764404297,88.68378448486328,92.95999908447266,56.244789123535156
2016-12-13,29.179889678955078,110.44999694824219,120.76078796386719,112.56995391845703,194.50601196289062,89.00016021728516,93.83999633789062,56.21797180175781
2016-12-14,28.31244659423828,108.83000183105469,119.2519302368164,112.3363265991211,192.90048217773438,88.00577545166016,90.55999755859375,54.989112854003906
2016-12-15,28.360633850097656,107.33999633789062,120.14311981201172,112.51386260986328,193.69471740722656,88.45022583007812,90.87999725341797,54.666805267333984
2016-12-16,28.23212242126465,108.05000305175781,119.9225082397461,112.09680938720703,193.31590270996094,88.2468490600586,92.4000015258789,55.48603057861328
2016-12-19,28.03936004638672,108.58999633789062,120.70783996582031,112.55606842041016,193.73675537109375,89.19603729248047,92.0,56.08365249633789
2016-12-20,28.1357364654541,107.79000091552734,121.73137664794922,112.98722076416016,194.48414611816406,88.7515869140625,92.95999908447266,56.21123504638672
2016-12-21,28.018756866455078,107.8499984741211,120.93721008300781,112.90283966064453,193.94296264648438,89.14334106445312,91.5199966430664,55.35844421386719
2016-12-22,27.685688018798828,107.58999633789062,119.89442443847656,112.58419799804688,193.60794067382812,88.98393249511719,91.68000030517578,55.26587677001953
2016-12-23,27.848163604736328,107.93000030517578,120.5323715209961,112.6591796875,193.89146423339844,89.16524505615234,92.4800033569336,55.40986251831055
2016-12-27,27.97001838684082,108.55999755859375,121.07279205322266,113.24027252197266,194.3724822998047,88.87824249267578,93.83999633789062,55.52639389038086
2016-12-28,28.181232452392578,108.86000061035156,119.8323974609375,112.35922241210938,192.76614379882812,89.52776336669922,94.0,55.19047546386719
2016-12-29,28.644287109375,110.29000091552734,119.93875122070312,112.19992065429688,192.72312927246094,89.84500122070312,93.76000213623047,55.87606430053711
2016-12-30,28.441198348999023,109.61000061035156,119.47801208496094,111.04706573486328,192.01873779296875,89.98096466064453,93.76000213623047,56.58222198486328
2017-01-03,28.78239631652832,110.47000122070312,120.0716323852539,112.04058837890625,193.48768615722656,90.36618041992188,91.5199966430664,56.767337799072266
2017-01-04,29.00172996520996,110.86000061035156,122.07400512695312,112.6497802734375,194.6387939453125,90.7136459350586,92.63999938964844,57.59690856933594
2017-01-05,29.318559646606445,112.58000183105469,120.66525268554688,113.2871322631836,194.48414611816406,92.13361358642578,93.5999984741211,57.78201675415039
2017-01-06,29.196701049804688,111.75,120.22224426269531,114.28062438964844,195.17996215820312,91.28768157958984,93.44000244140625,57.78886413574219
2017-01-09,29.172327041625977,112.66999816894531,119.43370056152344,114.6555404663086,194.53570556640625,92.02033233642578,90.4800033569336,57.267818450927734
2017-01-10,29.342924118041992,113.1500015258789,120.57662963867188,114.90857696533203,194.53570556640625,91.95989990234375,88.55999755859375,56.78102111816406
2017-01-11,29.69224739074707,113.5,120.78929138183594,115.21791076660156,195.08551025390625,92.26956939697266,90.95999908447266,56.431392669677734
2017-01-12,29.822223663330078,113.91000366210938,119.85900115966797,115.03983306884766,194.59585571289062,92.06568908691406,92.31999969482422,56.71934127807617
2017-01-13,29.7978515625,114.20999908447266,120.72727966308594,115.43348693847656,195.0425262451172,91.62755584716797,91.27999877929688,56.63705062866211
2017-01-17,29.781614303588867,115.8499984741211,119.0881576538086,115.0866928100586,194.35531616210938,92.58685302734375,91.44000244140625,57.07585525512695
2017-01-18,29.619131088256836,114.87000274658203,119.47801208496094,115.32101440429688,194.78482055664062,91.40098571777344,89.27999877929688,57.17182540893555
2017-01-19,29.52977752685547,114.7699966430664,118.50337982177734,115.26477813720703,194.06324768066406,90.7740478515625,89.36000061035156,56.58908462524414
2017-01-20,29.58663558959961,115.05000305175781,119.1147232055664,115.517822265625,194.7762451171875,90.5927734375,91.12000274658203,57.00043869018555
2017-01-23,30.025320053100586,115.79000091552734,118.61859130859375,115.611572265625,194.26937866210938,91.49920654296875,90.55999755859375,57.48035430908203
2017-01-24,30.212173461914062,115.2699966430664,120.43489074707031,116.38947296142578,195.51499938964844,90.87226104736328,90.95999908447266,57.494075775146484
2017-01-25,30.545242309570312,114.31999969482422,121.5689468383789,117.56106567382812,197.20724487304688,89.73172760009766,90.4800033569336,57.11699676513672
2017-01-26,30.415258407592773,113.26000213623047,121.08165740966797,117.68286895751953,197.00111389160156,90.03387451171875,92.23999786376953,57.00730514526367
2017-01-27,30.43963623046875,113.48999786376953,120.66525268554688,117.90782928466797,196.69187927246094,90.35859680175781,91.19999694824219,56.45194625854492
2017-01-30,30.27715301513672,113.97000122070312,118.98179626464844,116.98932647705078,195.47201538085938,90.08670806884766,90.23999786376953,56.068023681640625
2017-01-31,30.334026336669922,115.55000305175781,119.81462860107422,116.75502014160156,195.45486450195312,90.7136459350586,90.55999755859375,56.472530364990234
2017-02-01,30.350271224975586,115.19999694824219,119.7437973022461,117.56106567382812,195.53219604492188,90.15271759033203,91.83999633789062,55.793785095214844
2017-02-02,30.480253219604492,115.83999633789062,119.44253540039062,117.45795440673828,195.66104125976562,90.11488342285156,92.08000183105469,56.45882797241211
2017-02-03,30.667102813720703,116.12999725341797,121.26773834228516,117.7953872680664,197.00967407226562,90.0770263671875,92.31999969482422,56.767337799072266
2017-02-06,30.593982696533203,117.69999694824219,120.35514831542969,117.93595886230469,196.65748596191406,90.62205505371094,91.04000091552734,56.671356201171875
2017-02-07,30.43963623046875,117.45999908447266,119.82353973388672,118.36711120605469,196.66607666015625,91.28815460205078,89.5199966430664,56.472530364990234
2017-02-08,30.62647819519043,118.19000244140625,119.61090087890625,118.56394958496094,196.92384338378906,92.5295639038086,89.83999633789062,56.91816711425781
2017-02-09,30.764589309692383,117.29000091552734,121.29426574707031,118.99508666992188,198.09210205078125,91.46224975585938,90.80000305175781,57.05529022216797
2017-02-10,31.048912048339844,117.5999984741211,122.21580505371094,119.38871765136719,198.87379455566406,91.40924835205078,92.0,57.459781646728516
2017-02-13,31.146394729614258,116.80000305175781,122.53475189208984,120.06356048583984,199.95614624023438,91.12162017822266,90.55999755859375,57.48035430908203
2017-02-14,31.178890228271484,116.93000030517578,122.94231414794922,120.4665756225586,200.75503540039062,90.46306610107422,91.04000091552734,57.17867660522461
2017-02-15,31.43072509765625,117.44999694824219,123.6777114868164,121.17888641357422,201.80308532714844,90.04673767089844,90.87999725341797,56.986732482910156
2017-02-16,31.316991806030273,118.08000183105469,123.33212280273438,121.14141082763672,201.6313018798828,90.53882598876953,91.27999877929688,57.32268142700195
2017-02-17,31.18701934814453,117.68000030517578,123.25233459472656,121.66627502441406,201.94906616210938,91.07621002197266,91.12000274658203,57.4323616027832
2017-02-21,31.52820587158203,117.75,124.21810150146484,122.26612854003906,203.15176391601562,90.91725158691406,92.31999969482422,58.165958404541016
2017-02-22,31.625696182250977,117.91000366210938,123.6688232421875,122.31300354003906,202.9713134765625,91.06863403320312,90.87999725341797,57.97396469116211
2017-02-23,31.63381576538086,118.94000244140625,122.93338775634766,121.85372924804688,203.1088104248047,91.34111785888672,92.23999786376953,58.27564239501953
2017-02-24,31.260129928588867,119.69999694824219,122.84479522705078,122.08805084228516,203.36647033691406,92.35546112060547,91.68000030517578,58.54988479614258
2017-02-27,31.162647247314453,119.12000274658203,124.0409164428711,122.23799896240234,203.68438720703125,91.81043243408203,91.76000213623047,58.85838317871094
2017-02-28,30.86206817626953,119.2300033569336,122.1271743774414,121.86310577392578,203.13461303710938,92.1511001586914,91.5999984741211,58.45389175415039
2017-03-01,31.341367721557617,119.05999755859375,124.35987091064453,123.19403839111328,205.97796630859375,90.60697174072266,91.19999694824219,58.27564239501953
2017-03-02,30.788949966430664,117.58000183105469,122.93338775634766,122.57543182373047,204.6808319091797,90.2808837890625,89.36000061035156,57.960269927978516
2017-03-03,31.0245418548584,117.51000213623047,122.84479522705078,122.80034637451172,204.80966186523438,90.51593780517578,90.31999969482422,57.7340202331543
2017-03-06,31.040786743164062,116.72000122070312,122.00309753417969,122.52853393554688,204.19973754882812,90.08369445800781,90.23999786376953,57.473506927490234
2017-03-07,31.07327651977539,115.77999877929688,121.2057113647461,122.32233428955078,203.5898895263672,89.8106460571289,90.16000366210938,57.19927215576172
2017-03-08,30.780834197998047,115.05999755859375,120.40827178955078,122.53793334960938,203.2118682861328,89.32528686523438,85.36000061035156,56.14344787597656
2017-03-09,30.537118911743164,114.47000122070312,119.92985534667969,122.63164520263672,203.46957397460938,88.61235809326172,84.23999786376953,55.30015182495117
2017-03-10,30.878313064575195,114.72000122070312,120.46150207519531,123.14714050292969,204.18258666992188,88.92328643798828,82.31999969482422,55.128780364990234
2017-03-13,31.308876037597656,114.73999786376953,120.74498748779297,123.35334777832031,204.2856903076172,88.36209869384766,82.23999786376953,55.26587677001953
2017-03-14,31.130149841308594,114.12000274658203,120.16909790039062,123.05343627929688,203.50392150878906,88.7867431640625,81.5199966430664,55.252166748046875
2017-03-15,31.942522048950195,116.25,122.02970123291016,123.8125991821289,205.2649383544922,89.87132263183594,83.04000091552734,56.369712829589844
2017-03-16,32.13749694824219,116.7300033569336,122.1891860961914,123.72827911376953,204.8612060546875,89.416259765625,82.87999725341797,56.2599983215332
2017-03-17,32.080631256103516,116.98999786376953,122.67648315429688,123.68505859375,204.5014190673828,89.97748565673828,82.63999938964844,56.52052688598633
2017-03-20,32.454315185546875,117.51000213623047,122.1448745727539,123.79773712158203,204.27711486816406,90.36425018310547,82.16000366210938,56.472530364990234
2017-03-21,32.09687042236328,118.54000091552734,118.69833374023438,121.91932678222656,201.654296875,91.11511993408203,80.87999725341797,56.22571563720703
2017-03-22,32.251224517822266,118.83000183105469,118.72488403320312,122.74581909179688,202.12881469726562,91.47915649414062,80.95999908447266,56.194637298583984
2017-03-23,32.259342193603516,118.66999816894531,119.41596984863281,122.43594360351562,201.9131622314453,91.35018157958984,80.08000183105469,56.60900115966797
2017-03-24,32.34058380126953,118.86000061035156,119.50216674804688,122.68949127197266,201.7664794921875,91.67630004882812,80.72000122070312,56.546844482421875
2017-03-27,32.251224517822266,119.52999877929688,119.7243423461914,122.8866958618164,201.55938720703125,92.09342193603516,80.31999969482422,56.03580856323242
2017-03-28,32.34058380126953,119.04000091552734,120.65728759765625,123.63810729980469,203.02613830566406,91.47915649414062,81.19999694824219,56.27748489379883
2017-03-29,32.3974494934082,119.33000183105469,121.04823303222656,124.21101379394531,203.21592712402344,92.02516174316406,82.95999908447266,56.59518051147461
2017-03-30,32.22685623168945,118.47000122070312,121.96346282958984,124.41764831542969,203.8629913330078,91.28192138671875,84.55999755859375,56.69877624511719
2017-03-31,31.999385833740234,118.72000122070312,122.15895080566406,124.3331298828125,203.38844299316406,91.54737091064453,85.12000274658203,57.037174224853516
2017-04-03,32.17811584472656,119.3499984741211,120.87056732177734,124.25796508789062,203.0347137451172,92.47080993652344,84.4000015258789,57.20293045043945
2017-04-04,32.19436264038086,119.62000274658203,120.72836303710938,124.45521545410156,203.1641845703125,91.96920013427734,85.68000030517578,57.20293045043945
2017-04-05,32.09687042236328,119.62000274658203,119.35997772216797,123.94801330566406,202.56021118164062,92.25040435791016,85.44000244140625,57.28580856323242
2017-04-06,32.04001235961914,119.18000030517578,120.4706802368164,124.01378631591797,203.12965393066406,92.11357879638672,86.87999725341797,57.58964157104492
2017-04-07,31.983137130737305,119.45999908447266,120.41735076904297,123.94801330566406,202.92259216308594,91.7411880493164,87.68000030517578,57.67253875732422
2017-04-10,31.853164672851562,119.45999908447266,120.68391418457031,123.99500274658203,203.04336547851562,92.16681671142578,89.12000274658203,58.03165054321289
2017-04-11,31.78005027770996,121.19000244140625,121.64356994628906,123.45964813232422,202.80177307128906,93.04081726074219,89.36000061035156,58.43220901489258
2017-04-12,31.93440818786621,122.0199966430664,119.99085998535156,122.96186828613281,201.9131622314453,93.55000305175781,88.87999725341797,58.3286018371582
2017-04-13,31.796295166015625,122.5999984741211,118.81800079345703,122.47345733642578,200.60174560546875,93.8388442993164,89.04000091552734,58.19739532470703
2017-04-17,32.129371643066406,122.23999786376953,120.2130126953125,123.48780059814453,202.37904357910156,93.55000305175781,88.4800033569336,58.90181350708008
2017-04-18,31.723188400268555,122.81999969482422,120.23963928222656,123.29999542236328,201.77508544921875,94.77362060546875,88.31999969482422,59.06064224243164
2017-04-19,31.52820587158203,121.7300033569336,120.65728759765625,123.49724578857422,201.40414428710938,94.25685119628906,84.95999908447266,58.977787017822266
2017-04-20,31.91815757751465,121.95999908447266,122.1944808959961,124.53034973144531,203.04336547851562,93.89205169677734,84.31999969482422,58.984676361083984
2017-04-21,31.91815757751465,122.30999755859375,121.91905212402344,124.5021743774414,202.39627075195312,93.89205169677734,82.55999755859375,58.77061080932617
2017-04-24,32.373077392578125,121.4800033569336,123.43850708007812,126.0049057006836,204.6222381591797,93.42843627929688,82.0,58.12141799926758
2017-04-25,32.65741729736328,120.25,124.63800048828125,126.91590118408203,205.81285095214844,92.30360412597656,82.87999725341797,58.36314010620117
2017-04-26,32.53554916381836,120.83999633789062,125.2778091430664,126.7375259399414,205.6834259033203,92.81283569335938,82.08000183105469,57.92805099487305
2017-04-27,32.49494171142578,120.38999938964844,125.24225616455078,127.49826049804688,205.85597229003906,92.78241729736328,81.91999816894531,57.776119232177734
2017-04-28,32.54368209838867,120.7699966430664,123.56278991699219,127.7237319946289,205.4073486328125,92.98758697509766,81.91999816894531,57.17528533935547
2017-05-01,32.73052215576172,119.66999816894531,124.27371215820312,128.86013793945312,205.9249725341797,92.21458435058594,81.19999694824219,57.51369094848633
2017-05-02,32.96611404418945,119.6500015258789,123.64283752441406,129.07614135742188,206.00265502929688,92.68680572509766,79.36000061035156,57.4170036315918
2017-05-03,32.74677658081055,117.9800033569336,122.878662109375,128.66285705566406,205.75244140625,92.74771118164062,79.44000244140625,56.650428771972656
2017-05-04,32.38120651245117,116.79000091552734,122.7098617553711,128.7098388671875,205.99400329589844,92.29077911376953,75.68000030517578,56.374183654785156
2017-05-05,32.64928436279297,117.01000213623047,123.50065612792969,129.17947387695312,206.8049774169922,92.37454223632812,77.27999877929688,56.905967712402344
2017-05-08,32.64115905761719,116.75,122.98533630371094,129.46124267578125,206.77052307128906,91.87188720703125,77.36000061035156,56.505401611328125
2017-05-09,33.05546951293945,116.05000305175781,122.93202209472656,129.91207885742188,206.58070373535156,91.8642578125,76.55999755859375,56.2015380859375
2017-05-10,33.27481460571289,116.04000091552734,123.69612884521484,129.98719787597656,206.95169067382812,91.75763702392578,78.87999725341797,56.643524169921875
2017-05-11,33.34792709350586,116.5,122.83428192138672,129.8838348388672,206.52894592285156,91.75763702392578,79.5199966430664,56.36037826538086
2017-05-12,33.48603439331055,116.83000183105469,122.18559265136719,130.175048828125,206.18382263183594,92.45065307617188,79.5999984741211,56.13249969482422
2017-05-15,33.82722854614258,117.13999938964844,123.13634490966797,130.5883026123047,207.32272338867188,92.1993408203125,81.36000061035156,56.29821014404297
2017-05-16,33.859718322753906,117.6500015258789,123.18083953857422,131.13304138183594,207.13287353515625,92.5420913696289,80.87999725341797,55.918399810791016
2017-05-17,33.28294372558594,119.79000091552734,119.85761260986328,127.7988052368164,203.45750427246094,93.89013671875,81.5199966430664,56.14630126953125
2017-05-18,32.73052215576172,118.80999755859375,120.29298400878906,128.91644287109375,204.27711486816406,93.99674224853516,82.08000183105469,56.45707321166992
2017-05-19,33.42917251586914,119.4000015258789,120.87056732177734,129.46124267578125,205.60577392578125,94.21759796142578,83.83999633789062,56.760948181152344
2017-05-22,33.4616584777832,119.9000015258789,121.68799591064453,130.55072021484375,206.64971923828125,93.95868682861328,84.31999969482422,56.98193359375
2017-05-23,33.4941520690918,119.13999938964844,122.0878677368164,130.68215942382812,207.10696411132812,93.32655334472656,85.12000274658203,57.0302734375
2017-05-24,33.6241455078125,119.61000061035156,122.16785430908203,131.2832794189453,207.5901641845703,93.8520736694336,84.80000305175781,57.49298095703125
2017-05-25,33.7866096496582,119.4800033569336,122.24779510498047,132.4009246826172,208.58229064941406,93.88249206542969,80.31999969482422,57.4998664855957
2017-05-26,33.90846633911133,120.54000091552734,122.21228790283203,132.63580322265625,208.53919982910156,94.04240417480469,82.23999786376953,57.08552169799805
2017-05-30,33.729740142822266,120.13999938964844,121.25257873535156,132.74847412109375,208.35797119140625,94.50699615478516,81.91999816894531,56.72639083862305
2017-05-31,33.469791412353516,120.62000274658203,121.12823486328125,132.7015380859375,208.30625915527344,94.74308776855469,79.68000030517578,56.760948181152344
2017-06-01,33.754112243652344,120.72000122070312,123.46513366699219,133.21807861328125,209.9627685546875,94.7530288696289,79.27999877929688,57.057891845703125
2017-06-02,33.924713134765625,121.61000061035156,124.26483917236328,134.7396240234375,210.6615753173828,95.87496948242188,78.87999725341797,57.64488983154297
2017-06-05,33.884090423583984,121.7300033569336,123.49180603027344,134.71141052246094,210.5063018798828,95.27963256835938,78.4000015258789,57.39630126953125
2017-06-06,33.90034866333008,123.0999984741211,123.37628936767578,134.1761016845703,209.83335876464844,95.79862213134766,79.76000213623047,57.120033264160156
2017-06-07,33.859718322753906,122.44999694824219,123.49180603027344,134.7020721435547,210.2216033935547,95.34070587158203,75.68000030517578,57.52059555053711
2017-06-08,34.06282043457031,121.6500015258789,125.1800308227539,134.84295654296875,210.3251495361328,95.08881378173828,75.44000244140625,57.382469177246094
2017-06-09,33.802852630615234,120.54000091552734,125.82866668701172,131.4711456298828,210.00588989257812,94.94380950927734,75.91999816894531,57.78303909301758
2017-06-12,33.6241455078125,120.36000061035156,125.62432098388672,130.76673889160156,209.9627685546875,94.91328430175781,76.16000366210938,58.30098342895508
2017-06-13,33.7866096496582,120.4800033569336,126.2641372680664,131.82803344726562,210.98947143554688,94.92855834960938,76.80000305175781,58.43220901489258
2017-06-14,33.77848434448242,119.81999969482422,125.51770782470703,131.255126953125,210.7220001220703,96.39396667480469,73.83999633789062,58.51506423950195
2017-06-15,33.42917251586914,119.31999969482422,124.87794494628906,130.67282104492188,210.31646728515625,96.24127960205078,73.44000244140625,58.8120231628418
2017-06-16,33.48603439331055,119.33999633789062,124.56693267822266,130.10585021972656,210.3624267578125,96.43209838867188,73.91999816894531,58.66010284423828
2017-06-19,33.81910705566406,118.43000030517578,125.49105072021484,132.2813720703125,212.11373901367188,96.29468536376953,72.95999908447266,58.66700744628906
2017-06-20,33.4453125,118.18000030517578,124.22045135498047,131.2454071044922,210.6832275390625,97.15714263916016,71.5999984741211,58.52888488769531
2017-06-21,33.51877212524414,118.5199966430664,123.90946197509766,132.5450897216797,210.6312713623047,97.3555908203125,69.68000030517578,58.41150665283203
2017-06-22,33.690155029296875,118.91999816894531,124.38033294677734,132.50735473632812,210.53582763671875,97.56927490234375,70.23999786376953,58.46672439575195
2017-06-23,33.869712829589844,119.43000030517578,125.20671844482422,133.01593017578125,210.78729248046875,97.52351379394531,70.87999725341797,58.66963195800781
2017-06-26,34.19615936279297,118.36000061035156,125.35774993896484,132.39442443847656,210.9259796142578,97.88984680175781,71.44000244140625,59.08793640136719
2017-06-27,33.7962532043457,118.80999755859375,124.25592041015625,129.99282836914062,209.22669982910156,96.84423065185547,72.80000305175781,58.558048248291016
2017-06-28,34.05742263793945,118.9000015258789,126.1574935913086,131.8669891357422,211.09938049316406,96.52368927001953,73.5999984741211,58.697505950927734
2017-06-29,33.6248779296875,118.31999969482422,125.41110229492188,129.57843017578125,209.2440643310547,95.71469116210938,73.68000030517578,58.02819061279297
2017-06-30,33.77993392944336,118.0199966430664,125.21556091308594,129.6255645751953,209.6342010498047,95.49334716796875,76.0,58.02819061279297
2017-07-03,33.975807189941406,116.08999633789062,126.2641372680664,128.26002502441406,209.98963928222656,95.18589782714844,76.95999908447266,58.767234802246094
2017-07-05,33.9105110168457,116.5199966430664,125.81092071533203,129.52195739746094,210.47509765625,95.20884704589844,74.0,57.93755340576172
2017-07-06,33.50244140625,116.47000122070312,124.1680679321289,128.3541259765625,208.5504608154297,94.42112731933594,74.4800033569336,56.849910736083984
2017-07-07,33.5677375793457,115.27999877929688,125.37277221679688,129.738525390625,209.90293884277344,93.85516357421875,72.80000305175781,57.170623779296875
2017-07-10,33.886024475097656,115.47000122070312,124.82841491699219,130.58619689941406,210.12835693359375,93.99284362792969,73.04000091552734,56.64773941040039
2017-07-11,34.16352081298828,115.62000274658203,125.19426727294922,130.9534912109375,209.97225952148438,94.15343475341797,74.16000366210938,56.584991455078125
2017-07-12,34.824588775634766,116.02999877929688,126.15808868408203,132.50735473632812,211.55023193359375,94.80354309082031,74.63999938964844,57.282188415527344
2017-07-13,34.99597930908203,115.81999969482422,126.26518249511719,132.7993621826172,211.9055938720703,94.20697021484375,75.76000213623047,57.37282180786133
2017-07-14,35.43668746948242,116.7699966430664,126.47933959960938,133.84469604492188,212.8939666748047,94.32173156738281,76.72000122070312,57.92361831665039
2017-07-17,35.27346420288086,117.29000091552734,126.77377319335938,133.91061401367188,212.86801147460938,94.58173370361328,75.5999984741211,58.390743255615234
2017-07-18,35.37956237792969,118.11000061035156,126.44361877441406,134.80532836914062,212.980712890625,95.40767669677734,76.31999969482422,58.26523208618164
2017-07-19,35.673370361328125,118.08000183105469,127.70193481445312,135.59640502929688,214.13375854492188,95.4459228515625,77.5199966430664,58.7044677734375
2017-07-20,35.6325569152832,118.23999786376953,127.79114532470703,135.77529907226562,214.22915649414062,95.72126770019531,76.87999725341797,58.43257522583008
2017-07-21,35.60808181762695,119.26000213623047,127.21112060546875,135.7188262939453,214.03843688964844,96.12660217285156,74.72000122070312,58.390743255615234
2017-07-24,35.71417236328125,119.30999755859375,127.38960266113281,136.34039306640625,213.98638916015625,95.75184631347656,76.0,58.27918243408203
2017-07-25,35.6244010925293,118.91999816894531,128.5496826171875,135.99195861816406,214.50662231445312,94.50523376464844,78.4800033569336,58.355865478515625
2017-07-26,35.91820526123047,119.87999725341797,127.8357925415039,136.4345703125,214.51522827148438,94.65816497802734,79.68000030517578,58.760250091552734
2017-07-27,35.72234344482422,119.79000091552734,127.02371978759766,135.57754516601562,214.31581115722656,94.19168853759766,80.4800033569336,58.8299674987793
2017-07-28,35.706016540527344,120.69000244140625,126.68460083007812,135.46453857421875,214.06439208984375,94.74991607666016,81.36000061035156,58.66963195800781
2017-07-31,35.746822357177734,120.75,126.28302764892578,134.89004516601562,213.9430694580078,94.86470031738281,82.23999786376953,58.74630355834961
2017-08-01,35.85292053222656,120.6500015258789,126.52391052246094,135.20083618164062,214.41990661621094,95.53070831298828,80.72000122070312,59.01123809814453
2017-08-02,35.88556671142578,120.4000015258789,125.14070892333984,135.56813049316406,214.52389526367188,95.58436584472656,81.12000274658203,58.47439193725586
2017-08-03,35.73866271972656,120.58999633789062,124.51603698730469,135.040771484375,214.10775756835938,96.57308197021484,80.16000366210938,58.355865478515625
2017-08-04,35.8692512512207,119.6500015258789,125.1229248046875,135.2855987548828,214.4979248046875,95.75297546386719,81.04000091552734,58.551090240478516
2017-08-07,36.11408996582031,119.51000213623047,125.32811737060547,136.14260864257812,214.89669799804688,95.86030578613281,80.80000305175781,58.48831558227539
2017-08-08,36.122249603271484,119.86000061035156,124.93549346923828,135.90719604492188,214.3678436279297,95.51541900634766,80.4800033569336,58.20946502685547
2017-08-09,35.79579544067383,121.30999755859375,123.8556900024414,135.72824096679688,214.3591766357422,96.03662872314453,81.19999694824219,58.01424789428711
2017-08-10,34.9470100402832,122.20999908447266,121.60687255859375,132.81817626953125,211.33346557617188,96.85668182373047,79.27999877929688,57.595916748046875
2017-08-11,35.02861785888672,122.79000091552734,121.78530883789062,133.82586669921875,211.6455535888672,96.90267944335938,79.91999816894531,57.24033737182617
2017-08-14,35.38772201538086,121.91999816894531,123.632568359375,135.54934692382812,213.74363708496094,96.40448760986328,77.76000213623047,58.19550704956055
2017-08-15,35.42852783203125,120.9800033569336,122.61524200439453,135.64352416992188,213.71762084960938,95.99827575683594,78.0,58.02122116088867
2017-08-16,35.79579544067383,121.87000274658203,122.65093994140625,135.87892150878906,214.09048461914062,96.35079193115234,76.55999755859375,58.25131607055664
2017-08-17,35.338748931884766,122.48999786376953,120.41101837158203,133.1007080078125,210.75262451171875,97.07133483886719,76.95999908447266,57.888763427734375
2017-08-18,35.64073181152344,122.30000305175781,120.40213775634766,133.0064697265625,210.42311096191406,97.04832458496094,79.76000213623047,57.30311584472656
2017-08-21,35.77131271362305,122.76000213623047,120.32181549072266,132.83697509765625,210.58786010742188,97.285888671875,77.68000030517578,57.916629791259766
2017-08-22,36.17121124267578,122.20999908447266,121.62468719482422,134.86180114746094,212.7899627685547,96.91036224365234,78.16000366210938,57.74931716918945
2017-08-23,36.34260177612305,122.66999816894531,121.42835235595703,134.3814697265625,212.0270233154297,97.56951904296875,79.04000091552734,58.341941833496094
2017-08-24,36.45685958862305,122.29000091552734,121.80318450927734,133.98594665527344,211.53286743164062,97.20926666259766,77.68000030517578,58.16064453125
2017-08-25,36.669071197509766,122.73999786376953,122.15121459960938,133.703369140625,212.0270233154297,97.58483123779297,78.0,58.43954086303711
2017-08-28,36.53847885131836,124.69000244140625,122.6688003540039,134.11781311035156,212.03575134277344,97.52350616455078,76.23999786376953,57.99333572387695
2017-08-29,36.47317886352539,124.41999816894531,122.69554901123047,134.6452178955078,212.27847290039062,97.83776092529297,75.68000030517578,57.93056869506836
2017-08-30,36.53031539916992,124.36000061035156,123.48088073730469,136.22735595703125,213.28411865234375,97.80712127685547,75.04000091552734,58.25825500488281
2017-08-31,36.587440490722656,125.81999969482422,124.69452667236328,137.68711853027344,214.56724548339844,98.09835815429688,77.04000091552734,58.59292221069336
2017-09-01,36.85676956176758,126.05999755859375,125.39954376220703,137.49874877929688,214.87069702148438,97.34796905517578,77.36000061035156,58.79511260986328
2017-09-05,36.375247955322266,127.45999908447266,124.1948013305664,136.26504516601562,213.32748413085938,98.8917465209961,79.36000061035156,58.634761810302734
2017-09-06,36.61193084716797,126.80999755859375,124.45357513427734,136.67945861816406,214.0557098388672,98.28499603271484,80.31999969482422,58.78813552856445
2017-09-07,36.88125228881836,128.1300048828125,124.14125061035156,136.9996337890625,214.0297088623047,99.29113006591797,80.23999786376953,59.16462326049805
2017-09-08,36.636417388916016,127.97000122070312,124.23943328857422,135.8130340576172,213.7783203125,99.07604217529297,77.83999633789062,59.21343994140625
2017-09-11,37.1260986328125,126.19000244140625,125.5423355102539,137.3762969970703,216.05848693847656,97.89325714111328,78.55999755859375,59.75724792480469
2017-09-12,37.08528137207031,126.55999755859375,126.30979919433594,137.70599365234375,216.78672790527344,97.37872314453125,78.95999908447266,59.053077697753906
2017-09-13,36.88941192626953,125.61000061035156,126.68460083007812,137.8943328857422,216.89073181152344,96.99476623535156,80.55999755859375,58.89970397949219
2017-09-14,36.98735427856445,126.16000366210938,126.56858825683594,137.08436584472656,216.82139587402344,97.39408111572266,81.04000091552734,59.38771438598633
2017-09-15,37.20771408081055,125.52999877929688,127.08619689941406,137.55526733398438,217.11326599121094,97.43246459960938,81.5999984741211,59.499290466308594
2017-09-18,37.33829116821289,124.36000061035156,127.95179748535156,137.375,217.5750732421875,96.87178802490234,81.36000061035156,59.17858123779297
2017-09-19,37.41990280151367,124.62000274658203,127.95179748535156,137.6109619140625,217.79290771484375,96.63372802734375,80.87999725341797,58.78813552856445
2017-09-20,37.2485237121582,123.62000274658203,128.36228942871094,137.18624877929688,217.87132263183594,96.70288848876953,81.91999816894531,58.6277961730957
2017-09-21,37.2485237121582,122.68000030517578,128.2284393310547,136.34622192382812,217.28749084472656,96.64905548095703,82.0,58.5162239074707
2017-09-22,37.03632736206055,123.23999786376953,128.77281188964844,136.21409606933594,217.33108520507812,96.9255599975586,81.91999816894531,58.10348892211914
2017-09-25,36.40789794921875,124.52999877929688,128.9512481689453,134.77947998046875,216.88673400878906,97.53229522705078,84.4000015258789,58.44157028198242
2017-09-26,36.30995559692383,123.13999938964844,129.3618927001953,135.1287078857422,217.0174560546875,97.35568237304688,83.91999816894531,58.540184020996094
2017-09-27,36.179378509521484,121.9800033569336,131.89346313476562,136.34622192382812,217.86257934570312,95.88871002197266,84.16000366210938,58.011905670166016
2017-09-28,36.15488815307617,122.20999908447266,132.24229431152344,136.29905700683594,218.12396240234375,95.60453796386719,83.44000244140625,58.406349182128906
2017-09-29,36.57113265991211,121.58000183105469,132.55540466308594,137.28062438964844,218.89071655273438,95.8196029663086,83.44000244140625,58.526092529296875
2017-10-02,36.579280853271484,120.7699966430664,134.18353271484375,137.40333557128906,219.84039306640625,95.64417266845703,81.68000030517578,58.44157028198242
2017-10-03,37.15873718261719,120.83000183105469,134.478759765625,137.69586181640625,220.31085205078125,95.73648071289062,81.44000244140625,58.3570442199707
2017-10-04,37.15058135986328,121.16999816894531,134.04933166503906,137.82809448242188,220.57225036621094,95.74420166015625,80.63999938964844,58.65287399291992
2017-10-05,37.42806625366211,120.5199966430664,134.4161834716797,139.17774963378906,221.87913513183594,95.38250732421875,82.0,58.86418914794922
2017-10-06,37.240360260009766,121.08999633789062,134.2282257080078,139.36651611328125,221.6265106201172,95.1131362915039,79.76000213623047,58.674007415771484
2017-10-09,37.21586990356445,122.08000183105469,133.67364501953125,139.20602416992188,221.26052856445312,95.41326141357422,80.0,58.81486129760742
2017-10-10,37.5831298828125,122.4000015258789,134.05828857421875,139.3098602294922,221.84429931640625,95.56717681884766,82.23999786376953,58.990989685058594
2017-10-11,37.75452423095703,122.79000091552734,133.95993041992188,139.72515869140625,222.19284057617188,95.75187683105469,82.87999725341797,59.18820571899414
2017-10-12,37.73819351196289,122.88999938964844,133.8614959716797,139.47030639648438,221.86172485351562,96.1597671508789,81.83999633789062,59.568565368652344
2017-10-13,38.080970764160156,123.81999969482422,133.6199951171875,140.00830078125,222.1318359375,96.8524169921875,82.95999908447266,59.7235221862793
2017-10-16,38.05649185180664,122.97000122070312,133.5036163330078,140.48965454101562,222.4280548095703,96.78312683105469,83.68000030517578,59.427696228027344
2017-10-17,37.860618591308594,122.12999725341797,133.11898803710938,140.66903686523438,222.58489990234375,96.90625,83.91999816894531,59.498146057128906
2017-10-18,37.95039367675781,121.66999816894531,133.754150390625,140.4990692138672,222.80267333984375,96.26750946044922,83.83999633789062,59.434730529785156
2017-10-19,37.615779876708984,122.38999938964844,133.5484161376953,139.97999572753906,222.86367797851562,96.436767578125,82.80000305175781,59.25863265991211
2017-10-20,37.75452423095703,121.61000061035156,134.16558837890625,140.35752868652344,224.01377868652344,95.41326141357422,83.44000244140625,58.92055130004883
2017-10-23,37.452545166015625,121.80000305175781,133.1637725830078,139.44198608398438,223.1425018310547,95.5825424194336,83.36000061035156,58.69513702392578
2017-10-24,37.452545166015625,121.33000183105469,133.44105529785156,139.67800903320312,223.53456115722656,94.9900131225586,84.31999969482422,58.34296798706055
2017-10-25,37.370933532714844,121.3499984741211,132.79693603515625,139.1494140625,222.4280548095703,94.53593444824219,83.83999633789062,58.173912048339844
2017-10-26,37.11793899536133,120.33000183105469,133.07427978515625,138.70584106445312,222.715576171875,94.22039031982422,84.55999755859375,57.6949462890625
2017-10-27,37.656593322753906,120.9000015258789,133.99562072753906,142.74539184570312,224.5365447998047,94.84379577636719,86.72000122070312,57.95555114746094
2017-10-30,37.41990280151367,121.12999725341797,132.58230590820312,143.0662841796875,223.70010375976562,95.75187683105469,86.95999908447266,57.90625
2017-10-31,37.77083969116211,120.66999816894531,133.52157592773438,143.60433959960938,224.0486602783203,95.78263854980469,87.44000244140625,57.899192810058594
2017-11-01,37.966712951660156,121.11000061035156,132.6359405517578,143.55712890625,224.3449249267578,96.20915222167969,87.19999694824219,58.180946350097656
2017-11-02,38.015682220458984,121.19000244140625,133.0294952392578,143.283447265625,224.43199157714844,96.63330078125,87.91999816894531,58.674007415771484
2017-11-03,37.81981658935547,120.62000274658203,132.9401092529297,144.66136169433594,225.18128967285156,96.8955078125,89.44000244140625,58.526092529296875
2017-11-06,38.24420166015625,121.6500015258789,133.09217834472656,145.1522216796875,225.52978515625,97.2580337524414,92.08000183105469,58.92055130004883
2017-11-07,37.999366760253906,121.20999908447266,131.49984741210938,145.23715209960938,225.37294006347656,97.666748046875,91.91999816894531,59.399505615234375
2017-11-08,38.17891311645508,121.62999725341797,131.67880249023438,145.8223419189453,225.75634765625,97.45076751708984,91.27999877929688,59.69535446166992
2017-11-09,37.94223403930664,122.12999725341797,131.21359252929688,145.0577850341797,224.9373321533203,97.17315673828125,91.68000030517578,59.75874710083008
2017-11-10,37.77901077270508,121.12999725341797,131.11521911621094,145.04835510253906,224.86764526367188,95.70785522460938,91.36000061035156,59.822147369384766
2017-11-13,37.69739532470703,121.30999755859375,131.15098571777344,145.22769165039062,225.0767364501953,95.9083480834961,91.04000091552734,60.12501525878906
2017-11-14,37.44439697265625,121.55999755859375,130.79315185546875,144.69915771484375,224.55398559570312,96.55616760253906,89.04000091552734,59.99821090698242
2017-11-15,37.2485237121582,121.41000366210938,130.2742919921875,144.01959228515625,223.43002319335938,97.60503387451172,88.72000122070312,59.39247131347656
2017-11-16,38.02384567260742,121.4000015258789,132.18862915039062,145.86007690429688,225.3294219970703,96.7566909790039,88.55999755859375,59.8855094909668
2017-11-17,38.211551666259766,122.86000061035156,132.79693603515625,145.30319213867188,224.667236328125,97.47394561767578,90.80000305175781,59.624916076660156
2017-11-20,38.40743637084961,121.30999755859375,133.76303100585938,145.18997192382812,225.0506134033203,97.43540954589844,90.23999786376953,59.44883728027344
2017-11-21,38.921600341796875,121.51000213623047,135.15859985351562,146.76611328125,226.52305603027344,97.74385070800781,91.19999694824219,59.89255905151367
2017-11-22,39.019535064697266,122.62999725341797,134.97967529296875,146.94549560546875,226.32272338867188,98.06006622314453,92.80000305175781,59.75874710083008
2017-11-24,38.93791580200195,122.31999969482422,135.0333709716797,147.48342895507812,226.84535217285156,97.79010772705078,94.31999969482422,59.836219787597656
2017-11-27,38.36662673950195,122.83000183105469,134.6219024658203,147.41738891601562,226.73214721679688,97.65132141113281,92.72000122070312,59.554473876953125
2017-11-28,38.65227508544922,122.80999755859375,136.74195861816406,147.79495239257812,229.0323028564453,97.78243255615234,92.63999938964844,59.32907485961914
2017-11-29,38.0401725769043,122.04000091552734,137.19822692871094,145.21823120117188,228.8928985595703,96.81842803955078,91.76000213623047,59.3502082824707
2017-11-30,37.623939514160156,121.0999984741211,137.44869995117188,146.43582153320312,230.8968505859375,96.4945068359375,91.76000213623047,59.44176483154297
2017-12-01,37.41175079345703,121.58999633789062,136.88507080078125,145.8128204345703,230.41769409179688,97.79666137695312,93.36000061035156,59.5826416015625
2017-12-04,37.485198974609375,121.18000030517578,136.3751678466797,144.13282775878906,230.13888549804688,97.84303283691406,91.91999816894531,59.28681945800781
2017-12-05,37.460716247558594,120.31999969482422,135.01544189453125,144.22726440429688,229.31112670898438,98.32984924316406,92.31999969482422,58.79375076293945
2017-12-06,36.95470428466797,120.06999969482422,134.38034057617188,144.8784637451172,229.35476684570312,98.66990661621094,89.5999984741211,58.73740005493164
2017-12-07,37.0608024597168,118.48999786376953,135.31964111328125,145.36927795410156,230.07785034179688,97.89710235595703,90.63999938964844,58.885318756103516
2017-12-08,37.493350982666016,118.4800033569336,135.44485473632812,146.0110626220703,231.33250427246094,97.90486145019531,91.91999816894531,59.18820571899414
2017-12-11,37.68106460571289,118.01000213623047,135.3911590576172,147.1437225341797,232.029541015625,97.70394134521484,92.80000305175781,59.181156158447266
2017-12-12,37.42806625366211,118.1500015258789,134.9707794189453,146.94549560546875,232.4390411376953,97.6652603149414,91.5199966430664,59.4699592590332
2017-12-13,37.8769416809082,119.16999816894531,135.7758331298828,147.2286376953125,232.41287231445312,98.39945983886719,90.63999938964844,59.568565368652344
2017-12-14,37.59945297241211,118.93000030517578,134.2729949951172,147.1248016357422,231.46322631835938,98.81672668457031,91.44000244140625,59.554473876953125
2017-12-15,37.68106460571289,119.18000030517578,136.18734741210938,148.7953643798828,233.3907012939453,99.1876449584961,91.68000030517578,59.92781066894531
2017-12-18,38.105464935302734,119.7300033569336,138.0301513671875,150.04290771484375,234.8706512451172,98.28351593017578,91.5199966430664,60.322235107421875
2017-12-19,37.90413284301758,119.81999969482422,136.9387664794922,149.15383911132812,233.9687042236328,97.00836944580078,92.08000183105469,59.040287017822266
2017-12-20,37.95384216308594,120.13999938964844,137.20713806152344,148.99305725097656,233.8460693359375,95.93423461914062,92.87999725341797,58.3570442199707
2017-12-21,38.202392578125,120.30999755859375,137.80787658691406,149.0120086669922,234.3276824951172,96.49331665039062,93.12000274658203,58.131019592285156
2017-12-22,38.5255126953125,120.94000244140625,137.55645751953125,148.84176635742188,234.2664031982422,96.62496948242188,93.27999877929688,58.53156661987305
2017-12-26,38.49237060546875,121.7699966430664,137.63723754882812,148.037841796875,233.98617553710938,96.91152954101562,95.5999984741211,58.82484817504883
2017-12-27,38.59178924560547,122.2300033569336,137.5025634765625,148.05670166015625,234.10003662109375,98.17384338378906,95.36000061035156,59.017974853515625
2017-12-28,38.856910705566406,122.8499984741211,138.04132080078125,148.23641967773438,234.58168029785156,98.08866119384766,95.76000213623047,59.33268737792969
2017-12-29,39.0391845703125,123.6500015258789,136.90089416503906,147.31895446777344,233.69715881347656,98.24357604980469,96.08000183105469,59.35416030883789
2018-01-02,39.776554107666016,125.1500015258789,138.19403076171875,149.9010467529297,235.36985778808594,97.18260955810547,96.55999755859375,59.13240432739258
2018-01-03,40.15766143798828,124.81999969482422,138.33767700195312,151.35760498046875,236.85853576660156,97.64725494384766,98.72000122070312,58.96075439453125
2018-01-04,40.356510162353516,125.45999908447266,138.70584106445312,151.62240600585938,237.85691833496094,97.63179016113281,98.95999908447266,57.94504928588867
2018-01-05,40.7044792175293,125.33000183105469,138.99314880371094,153.14517211914062,239.4419403076172,97.35299682617188,98.4800033569336,57.97365951538086
2018-01-08,40.7044792175293,125.30999755859375,139.20867919921875,153.7410125732422,239.87989807128906,97.29103088378906,99.04000091552734,58.27406311035156
2018-01-09,40.6381950378418,124.7300033569336,139.02008056640625,153.75045776367188,240.42279052734375,95.989990234375,100.55999755859375,57.523014068603516
2018-01-10,40.38137435913086,125.02999877929688,139.03807067871094,153.39105224609375,240.0549774169922,95.87382507324219,101.44000244140625,56.879276275634766
2018-01-11,40.629920959472656,125.44000244140625,141.4265899658203,154.44090270996094,241.8063201904297,96.26875305175781,101.5999984741211,56.6861457824707
2018-01-12,41.019309997558594,126.95999908447266,142.0192108154297,155.57589721679688,243.38284301757812,96.431396484375,102.95999908447266,56.22836685180664
2018-01-16,40.86190414428711,127.16999816894531,140.2053680419922,155.13136291503906,242.5508270263672,96.8340835571289,102.08000183105469,56.335655212402344
2018-01-17,41.400428771972656,126.13999938964844,141.5343017578125,156.80540466308594,244.86279296875,96.7024917602539,102.23999786376953,56.72906494140625
2018-01-18,41.45014572143555,125.86000061035156,140.5645751953125,156.83383178710938,244.45111083984375,95.80414581298828,102.08000183105469,55.999473571777344
2018-01-19,41.789825439453125,126.41999816894531,142.4143524169922,157.3256072998047,245.56333923339844,95.30074310302734,101.76000213623047,56.29990768432617
2018-01-22,42.03009796142578,126.6500015258789,143.1775665283203,159.00917053222656,247.5599365234375,95.3936996459961,102.23999786376953,56.81488800048828
2018-01-23,42.22893524169922,127.27999877929688,143.635498046875,160.3238067626953,248.08544921875,95.80414581298828,103.76000213623047,57.6016960144043
2018-01-24,42.58519744873047,128.8300018310547,142.74655151367188,159.2834930419922,247.98915100097656,95.28526306152344,105.76000213623047,57.301292419433594
2018-01-25,42.56032943725586,127.97000122070312,142.8004608154297,159.2266845703125,248.0941925048828,96.06745910644531,104.4800033569336,57.20115661621094
2018-01-26,43.148582458496094,128.07000732421875,143.312255859375,161.6668701171875,250.966552734375,95.71116638183594,105.91999816894531,57.0008659362793
2018-01-29,42.49405288696289,127.3499984741211,142.50413513183594,160.8818817138672,249.30270385742188,95.0451889038086,104.87999725341797,56.23552703857422
2018-01-30,41.914100646972656,126.80000305175781,141.1392364501953,159.55775451660156,246.74557495117188,94.48761749267578,103.19999694824219,55.82783126831055
2018-01-31,42.27864074707031,127.6500015258789,140.40293884277344,160.2197723388672,246.86817932128906,95.0451889038086,103.83999633789062,56.829200744628906
2018-02-01,41.706974029541016,128.07000732421875,140.8429412841797,158.85780334472656,246.58799743652344,93.667724609375,105.91999816894531,55.6060676574707
2018-02-02,40.6381950378418,126.38999938964844,138.131103515625,155.6893768310547,241.2197265625,92.79853057861328,104.31999969482422,55.13397979736328
2018-02-05,39.21317672729492,126.70999908447266,132.8242645263672,149.55108642578125,231.1313018798828,93.67545318603516,102.16000366210938,53.496002197265625
2018-02-06,40.48907470703125,125.37999725341797,134.41363525390625,153.51406860351562,235.68507385253906,93.09345245361328,101.5999984741211,53.50313949584961
2018-02-07,39.21317672729492,124.79000091552734,134.54830932617188,151.52786254882812,234.40647888183594,92.20877075195312,98.95999908447266,53.27424240112305
2018-02-08,37.85441970825195,124.9800033569336,130.5973358154297,145.13414001464844,225.61419677734375,92.10787200927734,96.72000122070312,51.7435302734375
2018-02-09,38.45923614501953,124.7699966430664,131.7916259765625,147.6405487060547,229.00326538085938,91.52586364746094,94.87999725341797,53.038204193115234
2018-02-12,39.06404113769531,125.37000274658203,133.0397491455078,150.2604522705078,232.36605834960938,91.92938232421875,95.12000274658203,53.05966567993164
2018-02-13,39.362300872802734,126.08000183105469,133.32711791992188,151.03599548339844,232.94403076171875,92.34069061279297,94.95999908447266,53.431602478027344
2018-02-14,40.34822463989258,128.22999572753906,135.724609375,153.864013671875,236.08792114257812,91.3163070678711,97.44000244140625,53.04536056518555
2018-02-15,41.17673110961914,128.3800048828125,137.2062530517578,156.7202911376953,239.10043334960938,91.62678527832031,98.63999938964844,53.56035614013672
2018-02-16,41.04417419433594,127.95999908447266,137.69114685058594,156.0204315185547,239.1705322265625,92.12342071533203,99.04000091552734,53.8536262512207
2018-02-20,40.48078155517578,126.23999786376953,136.55975341796875,156.3325958251953,237.6729278564453,91.71987915039062,99.12000274658203,53.21702194213867
2018-02-21,40.4476432800293,125.66000366210938,136.70343017578125,155.88803100585938,236.49078369140625,90.59461975097656,98.31999969482422,52.16556167602539
2018-02-22,40.472503662109375,126.30000305175781,136.48788452148438,155.86907958984375,236.7972869873047,90.8662109375,100.72000122070312,52.759246826171875
2018-02-23,41.193302154541016,126.13999938964844,138.2657928466797,159.05642700195312,240.57168579101562,91.67330932617188,102.16000366210938,53.60327911376953
2018-02-26,41.57441329956055,126.44999694824219,139.1727294921875,161.1656036376953,243.36521911621094,91.7043228149414,102.87999725341797,53.75349807739258
2018-02-27,40.36479187011719,125.12999725341797,137.17031860351562,159.16995239257812,240.32644653320312,91.57244873046875,101.19999694824219,52.50173568725586
2018-02-28,39.78484344482422,125.0,135.0062713623047,158.14846801757812,237.89193725585938,92.15447998046875,98.95999908447266,52.465965270996094
2018-03-01,39.710269927978516,124.72000122070312,134.64707946777344,155.56642150878906,234.43275451660156,92.78353881835938,98.80000305175781,52.51603698730469
2018-03-02,39.875980377197266,125.38999938964844,136.80221557617188,156.9945831298828,235.6413116455078,92.02922821044922,98.95999908447266,52.49458312988281
2018-03-05,39.93397521972656,125.18000030517578,138.02337646484375,158.73484802246094,238.36488342285156,91.78044128417969,100.72000122070312,53.08828353881836
2018-03-06,40.30679702758789,126.52999877929688,139.5139617919922,159.40640258789062,238.96908569335938,91.8659439086914,100.55999755859375,53.338626861572266
2018-03-07,40.34822463989258,125.72000122070312,140.74415588378906,159.77525329589844,238.88150024414062,91.76488494873047,98.80000305175781,53.66766357421875
2018-03-08,40.356510162353516,125.41999816894531,140.45680236816406,160.65489196777344,240.0374755859375,92.29364013671875,97.19999694824219,53.767791748046875
2018-03-09,41.21815490722656,125.54000091552734,142.70166015625,163.77601623535156,244.2146453857422,91.68708801269531,99.76000213623047,54.06106948852539
2018-03-12,41.31757736206055,125.54000091552734,142.953125,164.64614868164062,243.90818786621094,92.21586608886719,98.95999908447266,54.2971076965332
2018-03-13,40.94474411010742,125.77999877929688,142.28857421875,162.40460205078125,242.3318634033203,92.68244171142578,97.91999816894531,54.347164154052734
2018-03-14,41.011024475097656,125.69999694824219,141.6151580810547,162.3762664794922,241.08828735351562,93.49889373779297,98.23999786376953,54.39724349975586
2018-03-15,40.86190414428711,124.9000015258789,140.90574645996094,162.234375,240.82566833496094,93.49889373779297,98.72000122070312,54.38292694091797
2018-03-16,40.7707633972168,124.5999984741211,141.6959991455078,161.7520294189453,241.08676147460938,93.16458129882812,100.4000015258789,54.76203536987305
2018-03-19,40.33164978027344,124.87000274658203,140.3310546875,158.3008575439453,237.82472229003906,92.86907196044922,100.4000015258789,54.289955139160156
2018-03-20,40.779048919677734,124.30999755859375,140.2952117919922,158.8218994140625,238.22926330566406,92.49581146240234,102.4800033569336,54.103981018066406
2018-03-21,41.019309997558594,126.4800033569336,141.11231994628906,158.1302947998047,237.7720947265625,92.59688568115234,105.44000244140625,53.70344161987305
2018-03-22,39.652278900146484,125.9800033569336,138.01806640625,154.22726440429688,231.82850646972656,93.51446533203125,103.5999984741211,53.38867950439453
2018-03-23,38.8486328125,127.61000061035156,135.04798889160156,150.16317749023438,226.88710021972656,93.44446563720703,106.23999786376953,52.43736267089844
2018-03-26,40.10795974731445,128.27999877929688,138.0000762939453,155.74295043945312,233.09445190429688,93.08680725097656,105.68000030517578,53.033931732177734
2018-03-27,39.37887191772461,127.48999786376953,135.3269805908203,150.7031707763672,229.12913513183594,94.08211517333984,104.63999938964844,53.23615264892578
2018-03-28,39.180030822753906,125.7300033569336,135.28195190429688,148.9695281982422,228.45211791992188,94.33096313476562,104.31999969482422,54.572288513183594
2018-03-29,40.00025177001953,125.79000091552734,136.64999389648438,151.69790649414062,231.3712158203125,94.78974151611328,104.72000122070312,54.50730514526367
2018-04-02,39.27946090698242,127.26000213623047,133.31993103027344,147.32115173339844,226.37710571289062,94.97675323486328,101.91999816894531,53.770626068115234
2018-04-03,39.668846130371094,126.30000305175781,135.2279815673828,148.97898864746094,229.278564453125,94.24424743652344,102.4800033569336,54.22563934326172
2018-04-04,39.6854248046875,126.44999694824219,136.94700622558594,151.32838439941406,231.73165893554688,94.04946899414062,102.55999755859375,54.796199798583984
2018-04-05,39.78484344482422,125.80000305175781,138.08103942871094,152.1905059814453,233.560546875,93.34813690185547,102.63999938964844,54.77452087402344
2018-04-06,39.00604248046875,126.38999938964844,135.3269805908203,148.38218688964844,228.35537719726562,94.36894226074219,100.08000183105469,54.36284637451172
2018-04-09,39.0474739074707,126.81999969482422,135.48895263671875,149.4242401123047,229.48080444335938,94.52477264404297,102.16000366210938,54.189517974853516
2018-04-10,39.809696197509766,127.12000274658203,138.04502868652344,152.7209930419922,233.12962341308594,94.35334777832031,106.0,54.13173294067383
2018-04-11,39.82626724243164,128.11000061035156,138.34205627441406,151.8399658203125,231.90757751464844,94.6884765625,107.5999984741211,54.247291564941406
2018-04-12,39.809696197509766,126.62000274658203,139.28701782226562,153.66835021972656,233.8154296875,93.99492645263672,108.16000366210938,53.6406135559082
2018-04-13,39.412017822265625,127.44999694824219,138.55801391601562,152.87257385253906,233.12962341308594,94.21309661865234,108.4000015258789,53.92230224609375
2018-04-16,39.46172332763672,127.62999725341797,139.83607482910156,154.03781127929688,235.04640197753906,94.24424743652344,107.04000091552734,54.25452423095703
2018-04-17,39.54457473754883,127.75,141.35711669921875,157.35350036621094,237.56101989746094,94.50141143798828,107.27999877929688,54.890079498291016
2018-04-18,39.88425827026367,127.8499984741211,141.73512268066406,157.67555236816406,237.73687744140625,93.74551391601562,111.04000091552734,54.77452087402344
2018-04-19,39.652278900146484,127.5999984741211,140.7540740966797,156.22618103027344,236.41806030273438,92.98186492919922,110.16000366210938,53.98006057739258
2018-04-20,39.15517807006836,126.62999725341797,139.99806213378906,153.753662109375,234.41331481933594,92.31168365478516,110.0,53.481719970703125
2018-04-23,38.84035110473633,125.62000274658203,139.7910614013672,153.36521911621094,234.3782501220703,92.33502960205078,111.36000061035156,53.438385009765625
2018-04-24,38.6580696105957,126.2300033569336,138.9900665283203,150.11582946777344,231.22171020507812,91.91423034667969,109.44000244140625,53.6406135559082
2018-04-25,38.35981750488281,125.41000366210938,138.7830352783203,150.29576110839844,231.79324340820312,91.29864501953125,109.76000213623047,53.539493560791016
2018-04-26,38.914913177490234,124.97000122070312,139.42205810546875,153.45997619628906,234.1495361328125,91.93760681152344,110.16000366210938,54.24007034301758
2018-04-27,39.15517807006836,125.5,139.22406005859375,153.5546875,234.3694610595703,92.6467514038086,109.83999633789062,55.1717529296875
2018-04-30,38.87349319458008,124.58999633789062,137.99102783203125,152.4652099609375,232.5669708251953,92.81037902832031,110.4000015258789,54.955078125
2018-05-01,38.68292999267578,123.70999908447266,138.66610717773438,154.2083282470703,232.98020935058594,92.47611236572266,108.87999725341797,55.45341491699219
2018-05-02,38.37637710571289,123.6500015258789,139.18807983398438,153.29888916015625,231.41514587402344,92.37462615966797,109.36000061035156,55.251197814941406
2018-05-03,38.29353713989258,124.27999877929688,138.4320526123047,153.27992248535156,230.90521240234375,92.78857421875,110.55999755859375,55.21509552001953
2018-05-04,38.46752166748047,124.54000091552734,140.1601104736328,156.18824768066406,233.89456176757812,92.92911529541016,112.72000122070312,55.821754455566406
2018-05-07,38.24381637573242,124.56999969482422,141.34811401367188,157.48611450195312,234.68589782714844,92.78070068359375,112.80000305175781,56.19734191894531
2018-05-08,38.45923614501953,124.58999633789062,142.05014038085938,157.32510375976562,234.68589782714844,92.69481658935547,112.4800033569336,55.915672302246094
2018-05-09,38.533790588378906,124.33000183105469,142.81517028808594,159.03976440429688,236.954345703125,92.14029693603516,114.95999908447266,56.291229248046875
2018-05-10,39.33744812011719,125.18000030517578,143.58013916015625,160.68812561035156,239.17001342773438,92.88227081298828,115.27999877929688,56.73179244995117
2018-05-11,39.27116775512695,125.0,143.859130859375,160.53652954101562,239.89979553222656,93.11652374267578,114.0,56.53678512573242
2018-05-14,39.32088088989258,124.48999786376953,143.31015014648438,160.811279296875,240.01406860351562,92.6245346069336,115.04000091552734,56.052886962890625
2018-05-15,38.508941650390625,122.4800033569336,143.33717346191406,159.03030395507812,238.36109924316406,91.57019805908203,115.19999694824219,55.14287185668945
2018-05-16,39.08889389038086,122.29000091552734,144.83116149902344,160.08184814453125,239.3634033203125,91.21879577636719,115.68000030517578,54.976768493652344
2018-05-17,38.49237060546875,122.36000061035156,145.49717712402344,159.46607971191406,239.1612548828125,90.75798034667969,115.91999816894531,54.70230484008789
2018-05-18,38.169254302978516,122.41000366210938,145.68618774414062,158.6418914794922,238.56336975097656,91.53897094726562,115.44000244140625,54.77452087402344
2018-05-21,38.40122985839844,122.4800033569336,146.64923095703125,159.53237915039062,240.3570098876953,91.58582305908203,117.36000061035156,55.42454147338867
2018-05-22,38.533790588378906,122.41000366210938,145.5872039794922,159.32395935058594,239.6887969970703,91.44524383544922,116.4800033569336,55.50397872924805
2018-05-23,38.51722717285156,122.54000091552734,145.7761993408203,160.669189453125,240.34820556640625,92.10910034179688,116.08000183105469,56.060115814208984
2018-05-24,38.31010055541992,123.58999633789062,145.83016967773438,160.62185668945312,239.85580444335938,92.84319305419922,114.31999969482422,55.94454574584961
2018-05-25,38.46752166748047,123.20999908447266,145.5692138671875,160.78285217285156,239.28436279296875,93.42115020751953,109.44000244140625,56.13954162597656
2018-05-29,37.57273483276367,123.19000244140625,145.3712158203125,160.07241821289062,236.53231811523438,95.46730041503906,108.08000183105469,56.40679168701172
2018-05-30,37.870994567871094,123.37000274658203,147.67527770996094,161.21865844726562,239.6887969970703,94.82689666748047,110.63999938964844,57.172386169433594
2018-05-31,37.85441970825195,123.0999984741211,146.4962158203125,161.11447143554688,238.22047424316406,94.67070007324219,108.4000015258789,56.977352142333984
2018-06-01,38.384666442871094,122.48999786376953,147.45921325683594,163.64385986328125,240.55926513671875,94.17051696777344,106.0,57.23013687133789
2018-06-04,38.774070739746094,122.37000274658203,148.2423095703125,165.12173461914062,241.70223999023438,93.4894790649414,104.95999908447266,57.728477478027344
2018-06-05,38.475799560546875,122.8499984741211,149.16029357910156,165.6332550048828,241.8780517578125,93.7086410522461,105.76000213623047,57.57680130004883
2018-06-06,39.055747985839844,122.91999816894531,150.24029541015625,166.5995330810547,243.90036010742188,92.94932556152344,105.27999877929688,57.714027404785156
2018-06-07,38.45923614501953,122.86000061035156,149.4212646484375,165.24485778808594,243.8739471435547,93.84957122802734,106.80000305175781,57.714027404785156
2018-06-08,38.384666442871094,123.01000213623047,149.87127685546875,165.25436401367188,244.5949249267578,93.56775665283203,106.16000366210938,57.923484802246094
2018-06-11,38.384666442871094,123.2300033569336,150.09629821777344,165.69960021972656,244.9202423095703,93.39554595947266,106.87999725341797,57.83679962158203
2018-06-12,38.28524398803711,122.81999969482422,150.78030395507812,166.57113647460938,245.2367401123047,93.41897583007812,107.19999694824219,58.183475494384766
2018-06-13,38.028411865234375,123.19000244140625,150.18634033203125,166.5616455078125,244.45423889160156,93.37205505371094,107.76000213623047,57.049583435058594
2018-06-14,37.77157974243164,123.37999725341797,150.98731994628906,168.24795532226562,245.06968688964844,94.1469955444336,108.16000366210938,57.59125900268555
2018-06-15,37.47330856323242,121.33999633789062,151.03231811523438,167.66058349609375,244.75704956054688,94.233154296875,104.4000015258789,57.555137634277344
2018-06-18,37.01763916015625,121.11000061035156,151.74331665039062,167.56375122070312,244.2535858154297,94.1469955444336,106.31999969482422,57.57118606567383
2018-06-19,36.609004974365234,120.80000305175781,151.75234985351562,167.08905029296875,243.31744384765625,94.69497680664062,105.12000274658203,57.51288986206055
2018-06-20,36.76746368408203,120.26000213623047,152.97642517089844,168.27577209472656,243.7325897216797,93.86518859863281,106.23999786376953,58.15433883666992
2018-06-21,36.250431060791016,120.05000305175781,151.54530334472656,166.81373596191406,242.2046661376953,94.3583755493164,106.4800033569336,58.43131637573242
2018-06-22,36.62568283081055,120.33999633789062,151.04132080078125,166.4434814453125,242.64625549316406,94.35054779052734,112.16000366210938,58.890560150146484
2018-06-25,36.13367462158203,119.88999938964844,148.57525634765625,162.6935272216797,239.3431396484375,94.56189727783203,110.16000366210938,58.73747634887695
2018-06-26,35.991912841796875,119.26000213623047,149.43922424316406,163.3580322265625,239.87301635742188,94.69497680664062,114.16000366210938,58.926998138427734
2018-06-27,35.29975128173828,118.58000183105469,147.0452423095703,161.13653564453125,237.8859100341797,95.58737182617188,117.19999694824219,58.70101547241211
2018-06-28,35.59996795654297,118.22000122070312,147.4952850341797,162.52259826660156,239.24598693847656,95.6108627319336,118.87999725341797,59.225868225097656
2018-06-29,36.13367462158203,118.6500015258789,147.39627075195312,162.95938110351562,239.59042358398438,95.28205871582031,120.4800033569336,59.371646881103516
2018-07-02,35.77509307861328,117.45999908447266,148.4132843017578,164.05105590820312,240.10269165039062,95.2075424194336,119.68000030517578,59.04363250732422
2018-07-03,35.80010986328125,118.6500015258789,149.0049591064453,162.1523895263672,239.2548065185547,95.71751403808594,119.36000061035156,59.488277435302734
2018-07-05,35.70838165283203,119.05000305175781,150.70306396484375,164.1649932861328,241.20668029785156,95.99211120605469,118.23999786376953,60.19534683227539
2018-07-06,36.20039749145508,118.86000061035156,151.97666931152344,166.71884155273438,243.24681091308594,96.3059310913086,119.68000030517578,60.516075134277344
2018-07-09,36.8508415222168,119.1500015258789,152.9341583251953,168.2187957763672,245.43707275390625,95.68616485595703,120.23999786376953,60.03498458862305
2018-07-10,36.76746368408203,118.93000030517578,152.23863220214844,168.34226989746094,246.32025146484375,95.67828369140625,120.55999755859375,60.15888595581055
2018-07-11,36.0502815246582,117.63999938964844,150.9469757080078,167.48779296875,244.5185546875,96.04704284667969,114.4800033569336,59.96207809448242
2018-07-12,36.54229736328125,118.12999725341797,151.67860412597656,170.37388610839844,246.7354736328125,96.03919982910156,115.12000274658203,60.14432907104492
2018-07-13,36.567317962646484,117.61000061035156,151.2270050048828,170.51626586914062,246.92965698242188,96.28242492675781,115.76000213623047,59.96207809448242
2018-07-16,36.3671760559082,117.55000305175781,150.6398468017578,170.10804748535156,246.70889282226562,95.88228607177734,111.5199966430664,59.6413459777832
2018-07-17,36.63402557373047,116.27999877929688,151.30825805664062,171.1428985595703,247.7069854736328,95.70184326171875,111.5999984741211,59.24772262573242
2018-07-18,36.59233093261719,116.30999755859375,151.7328338623047,170.82008361816406,248.22802734375,95.3173828125,112.80000305175781,58.985313415527344
2018-07-19,36.14201736450195,115.80999755859375,152.80770874023438,169.96560668945312,247.29185485839844,95.9214859008789,113.04000091552734,59.67779541015625
2018-07-20,36.6590461730957,116.55999755859375,152.18443298339844,169.92770385742188,247.00917053222656,94.74463653564453,113.19999694824219,59.10194396972656
2018-07-23,36.417213439941406,116.0,152.37413024902344,170.46881103515625,247.46847534179688,93.57561492919922,112.72000122070312,58.978031158447266
2018-07-24,36.95092010498047,116.04000091552734,150.74822998046875,171.17137145996094,248.7136993408203,93.89728546142578,113.83999633789062,58.67915344238281
2018-07-25,37.55133819580078,116.68000030517578,151.29925537109375,173.56375122070312,250.83335876464844,93.74823760986328,115.36000061035156,59.14567565917969
2018-07-26,37.13438034057617,115.7699966430664,152.11219787597656,170.93397521972656,250.24166870117188,93.56779479980469,115.76000213623047,59.34249496459961
2018-07-27,37.267799377441406,115.83000183105469,149.27589416503906,168.62701416015625,248.54591369628906,93.72468566894531,114.55999755859375,58.708335876464844
2018-07-30,37.209434509277344,115.6500015258789,148.31838989257812,166.24412536621094,247.24765014648438,93.40301513671875,116.31999969482422,58.74477005004883
2018-07-31,37.40957260131836,115.98999786376953,149.8268585205078,167.51625061035156,248.46640014648438,93.91299438476562,114.23999786376953,59.72881317138672
2018-08-01,37.07600021362305,115.13999938964844,149.7275390625,168.15235900878906,248.05133056640625,93.14786529541016,112.72000122070312,60.151611328125
2018-08-02,36.5839958190918,114.5199966430664,150.82044982910156,170.4403533935547,249.4026336669922,93.28158569335938,114.87999725341797,59.91106033325195
2018-08-03,36.86752700805664,114.91999816894531,150.29660034179688,170.96246337890625,250.47129821777344,93.74554443359375,114.16000366210938,60.55983352661133
2018-08-06,36.5839958190918,114.33000183105469,151.13668823242188,171.96881103515625,251.38975524902344,93.80055236816406,114.4800033569336,60.4796257019043
2018-08-07,36.95925521850586,114.58999633789062,151.4979248046875,172.5953826904297,252.21994018554688,93.31302642822266,114.87999725341797,60.37028884887695
2018-08-08,36.90923309326172,114.91000366210938,151.36244201660156,172.80422973632812,252.11392211914062,93.40740203857422,111.19999694824219,60.020408630371094
2018-08-09,36.800811767578125,114.73999786376953,151.75086975097656,172.69981384277344,251.76951599121094,94.19373321533203,111.04000091552734,60.049560546875
2018-08-10,36.01692581176758,114.69000244140625,151.32632446289062,171.3802490234375,250.08262634277344,94.8778305053711,112.63999938964844,59.59033966064453
2018-08-13,35.42485046386719,112.95999908447266,150.44114685058594,171.19033813476562,249.1464385986328,94.68120574951172,112.08000183105469,59.473697662353516
2018-08-14,35.64167404174805,113.06999969482422,151.9315185546875,172.2631378173828,250.73623657226562,94.46894073486328,111.91999816894531,59.76526641845703
2018-08-15,34.61594772338867,111.19000244140625,150.0255889892578,170.15554809570312,248.86387634277344,95.01935577392578,108.08000183105469,60.224510192871094
2018-08-16,34.832763671875,111.0999984741211,151.4166259765625,170.71568298339844,250.87750244140625,95.01152801513672,109.04000091552734,60.71287155151367
2018-08-17,35.199684143066406,112.12999725341797,152.0670166015625,170.7536163330078,251.76072692871094,95.12945556640625,109.5199966430664,61.27414321899414
2018-08-20,35.358131408691406,112.69000244140625,152.49154663085938,170.60174560546875,252.29949951171875,95.76638793945312,110.08000183105469,61.317893981933594
2018-08-21,35.80844497680664,113.0199966430664,154.24391174316406,171.2283172607422,252.89117431640625,95.44397735595703,110.63999938964844,60.946144104003906
2018-08-22,36.09198760986328,113.2699966430664,154.62330627441406,171.8928680419922,252.7410125732422,95.82140350341797,114.16000366210938,60.60355758666992
2018-08-23,35.50824737548828,112.19999694824219,154.15357971191406,171.64601135253906,252.40542602539062,95.9708023071289,114.16000366210938,60.45046615600586
2018-08-24,36.16702651977539,114.16000366210938,154.99363708496094,173.24095153808594,253.92449951171875,96.15950775146484,115.44000244140625,60.80763626098633
2018-08-27,36.684059143066406,114.58999633789062,155.21946716308594,175.00685119628906,255.9293212890625,95.60907745361328,116.0,60.588966369628906
2018-08-28,36.55064392089844,113.68000030517578,155.364013671875,175.2631072998047,256.0529479980469,95.03506469726562,115.44000244140625,61.4053840637207
2018-08-29,36.775794982910156,114.19999694824219,155.81565856933594,177.2852783203125,257.4307556152344,95.16085815429688,117.27999877929688,61.419944763183594
2018-08-30,35.81678771972656,113.63999938964844,155.68922424316406,176.97201538085938,256.3886413574219,95.36534118652344,118.0,61.02632522583008
2018-08-31,36.000244140625,113.51000213623047,156.28536987304688,177.19985961914062,256.3974304199219,95.1451416015625,117.68000030517578,61.26688766479492
2018-09-04,35.29975128173828,112.93000030517578,155.58981323242188,176.4403533935547,255.95584106445312,94.59512329101562,116.63999938964844,60.53794860839844
2018-09-05,34.791072845458984,113.31999969482422,155.17434692382812,174.161865234375,255.26687622070312,94.3428726196289,115.91999816894531,60.887821197509766
2018-09-06,34.82442855834961,113.54000091552734,154.1265106201172,172.60488891601562,254.4987030029297,94.68968200683594,114.4000015258789,61.062774658203125
2018-09-07,34.649295806884766,113.2300033569336,154.04515075683594,171.94033813476562,254.0039825439453,93.88579559326172,114.23999786376953,60.399444580078125
2018-09-10,34.30739974975586,113.1500015258789,154.2349090576172,172.51943969726562,254.4456024169922,94.2325439453125,113.68000030517578,60.66916275024414
2018-09-11,34.382450103759766,113.22000122070312,154.48779296875,173.84854125976562,255.28460693359375,93.51542663574219,116.80000305175781,60.661861419677734
2018-09-12,34.55756759643555,114.16999816894531,154.117431640625,173.3359375,255.34640502929688,93.73603057861328,118.23999786376953,60.69102096557617
2018-09-13,35.024566650390625,113.76000213623047,154.15357971191406,175.1872100830078,256.8566589355469,93.87788391113281,115.91999816894531,60.98988723754883
2018-09-14,34.9912109375,113.0199966430664,154.8040008544922,174.67449951171875,256.9007873535156,93.42866516113281,116.0,60.60355758666992
2018-09-17,34.6743278503418,113.61000061035156,153.1599578857422,172.15870666503906,255.5406951904297,93.42866516113281,115.76000213623047,60.80036163330078
2018-09-18,35.00788879394531,113.44000244140625,153.80130004882812,173.58273315429688,256.9273681640625,92.45145416259766,117.5199966430664,60.5087776184082
2018-09-19,35.49156188964844,113.87999725341797,153.2412567138672,173.44981384277344,257.201171875,91.89974975585938,119.5199966430664,59.801719665527344
2018-09-20,35.88349914550781,114.2699966430664,154.65943908691406,175.3675537109375,259.28546142578125,92.32534790039062,118.4000015258789,60.363006591796875
2018-09-21,36.0502815246582,113.48999786376953,153.9187469482422,174.40872192382812,259.048583984375,92.28597259521484,119.68000030517578,60.34111404418945
2018-09-24,35.64167404174805,113.47000122070312,153.34971618652344,174.89378356933594,258.18792724609375,92.04952239990234,122.0,59.25753402709961
2018-09-25,35.78343200683594,113.6500015258789,153.5845489501953,175.1315155029297,257.948486328125,91.95497131347656,122.16000366210938,59.264923095703125
2018-09-26,35.858482360839844,113.05000305175781,152.18069458007812,175.2551727294922,257.17657470703125,92.6011962890625,120.87999725341797,58.555335998535156
2018-09-27,36.033607482910156,112.05000305175781,152.18978881835938,176.73883056640625,257.89520263671875,92.66424560546875,122.08000183105469,58.836238861083984
2018-09-28,35.79176712036133,112.76000213623047,152.6516571044922,176.70082092285156,257.9219055175781,92.41992950439453,124.16000366210938,59.6345100402832
2018-10-01,35.80010986328125,112.56999969482422,150.64109802246094,177.0622100830078,258.81787109375,91.74141693115234,127.5999984741211,59.080135345458984
2018-10-02,35.34979248046875,113.87000274658203,149.01089477539062,176.66278076171875,258.6671142578125,92.30227661132812,126.95999908447266,58.94709396362305
2018-10-03,35.057926177978516,113.41999816894531,150.3150177001953,176.85296630859375,258.8089599609375,90.6988296508789,128.63999938964844,58.31882095336914
2018-10-04,34.182308197021484,113.4800033569336,148.204833984375,173.4576416015625,256.7862854003906,90.05907440185547,125.91999816894531,57.83098220825195
2018-10-05,34.05722427368164,113.80000305175781,146.86441040039062,171.33668518066406,255.34906005859375,89.28499603271484,125.5199966430664,57.80141830444336
2018-10-08,34.107261657714844,112.54000091552734,146.55645751953125,170.29049682617188,255.34906005859375,88.9848861694336,125.44000244140625,58.63666915893555
2018-10-09,33.98217010498047,112.5999984741211,145.98590087890625,170.84214782714844,254.9763641357422,89.88529968261719,126.55999755859375,58.717960357666016
2018-10-10,32.973121643066406,112.87999725341797,141.79263305664062,163.32864379882812,246.90309143066406,89.64044189453125,123.04000091552734,57.845760345458984
2018-10-11,32.63956069946289,115.77999877929688,139.08460998535156,161.30284118652344,241.46463012695312,90.73043060302734,119.5999984741211,56.19005584716797
2018-10-12,33.598575592041016,115.2300033569336,139.11187744140625,165.79197692871094,244.81820678710938,90.41450500488281,120.95999908447266,56.04222869873047
2018-10-15,33.239990234375,116.0,139.62808227539062,163.78515625,243.44308471679688,90.37499237060547,121.04000091552734,56.41919708251953
2018-10-16,34.07390213012695,115.80000305175781,143.6763916015625,168.55003356933594,248.76602172851562,90.58033752441406,121.5199966430664,57.57966613769531
2018-10-17,33.65694808959961,115.79000091552734,143.06057739257812,168.6166534423828,248.8104248046875,90.04326629638672,118.55999755859375,57.35793685913086
2018-10-18,32.77299118041992,115.91999816894531,140.37977600097656,164.7076873779297,245.21737670898438,90.01168060302734,116.4800033569336,57.2470588684082
2018-10-19,33.08153533935547,116.01000213623047,138.89447021484375,164.5555419921875,245.0843048095703,89.81422424316406,117.76000213623047,57.74227523803711
2018-10-22,33.44011688232422,115.70999908447266,138.5956268310547,165.40199279785156,243.98423767089844,89.69573211669922,117.91999816894531,56.936607360839844
2018-10-23,33.07320022583008,116.38999938964844,137.35482788085938,164.7932891845703,242.74212646484375,89.98008728027344,112.31999969482422,57.18791580200195
2018-10-24,32.00578689575195,116.66000366210938,132.18341064453125,157.25123596191406,235.38739013671875,90.65937042236328,112.4000015258789,57.72750473022461
2018-10-25,32.622886657714844,116.4000015258789,135.0453338623047,162.69139099121094,239.61038208007812,90.28025817871094,113.68000030517578,58.466636657714844
2018-10-26,32.24760818481445,116.7699966430664,133.56906127929688,158.5066680908203,235.39625549316406,90.82522583007812,114.63999938964844,57.062259674072266
2018-10-29,31.688899993896484,116.30999755859375,132.83551025390625,155.24447631835938,234.09207153320312,90.61985778808594,112.87999725341797,57.78662109375
2018-10-30,32.305992126464844,115.80000305175781,135.60687255859375,157.8029022216797,237.56100463867188,90.16963958740234,112.23999786376953,58.5775146484375
2018-10-31,32.6562385559082,115.1500015258789,135.87860107421875,161.51210021972656,240.0983123779297,89.71153259277344,110.31999969482422,57.89010238647461
2018-11-01,33.823726654052734,116.62999725341797,139.01220703125,163.64247131347656,242.65338134765625,89.79466247558594,107.68000030517578,58.16361618041992
2018-11-02,34.0405387878418,116.6500015258789,139.47409057617188,161.09361267089844,241.21617126464844,88.67829132080078,106.4800033569336,57.68316650390625
2018-11-05,34.13227462768555,116.37000274658203,139.36541748046875,160.69418334960938,242.54698181152344,89.02665710449219,106.4000015258789,58.540557861328125
2018-11-06,34.07390213012695,116.04000091552734,140.05377197265625,161.91152954101562,244.0818634033203,88.97119140625,105.44000244140625,58.836238861083984
2018-11-07,34.71602249145508,116.02999877929688,142.5624542236328,166.9903106689453,249.30722045898438,89.09001159667969,104.4800033569336,59.538414001464844
2018-11-08,33.815391540527344,115.77999877929688,142.1820831298828,165.92507934570312,248.8549041748047,89.08208465576172,102.72000122070312,59.5827522277832
2018-11-09,33.1899528503418,114.4800033569336,139.54656982421875,163.12893676757812,246.42396545410156,89.74717712402344,101.5999984741211,59.57536697387695
2018-11-12,32.722957611083984,113.66000366210938,136.7842559814453,158.19284057617188,241.81947326660156,90.33305358886719,99.83999633789062,59.693626403808594
2018-11-13,33.09821701049805,113.69999694824219,136.34951782226562,158.32591247558594,241.36695861816406,90.27764892578125,93.5199966430664,59.6345100402832
2018-11-14,33.29835510253906,114.63999938964844,135.35325622558594,157.11810302734375,239.71685791015625,90.33305358886719,95.5999984741211,59.48666763305664
2018-11-15,34.0405387878418,114.7699966430664,137.28233337402344,159.86669921875,242.21865844726562,90.29351043701172,95.83999633789062,59.080135345458984
2018-11-16,34.107261657714844,115.62000274658203,137.6084442138672,159.30557250976562,242.8485870361328,90.81605529785156,96.55999755859375,59.715789794921875
2018-11-19,33.648597717285156,115.66999816894531,134.8189239501953,154.13168334960938,238.74090576171875,91.0694351196289,97.12000274658203,59.797122955322266
2018-11-20,32.923091888427734,115.66999816894531,132.21963500976562,151.37355041503906,234.32276916503906,91.1010513305664,90.16000366210938,59.18362045288086
2018-11-21,33.53185272216797,115.86000061035156,134.06719970703125,152.5243682861328,235.12132263183594,91.0694351196289,92.16000366210938,59.2353630065918
2018-11-23,33.139915466308594,115.7699966430664,133.94039916992188,151.42117309570312,233.55096435546875,91.1644515991211,86.63999938964844,59.117095947265625
2018-11-26,33.54853057861328,115.63999938964844,135.67935180664062,154.92111206054688,237.32142639160156,90.95857238769531,87.5199966430664,59.227970123291016
2018-11-27,33.78202438354492,114.94999694824219,134.55628967285156,155.44418334960938,238.11984252929688,91.06148529052734,87.5999984741211,59.47927474975586
2018-11-28,34.5909309387207,115.37999725341797,137.8801727294922,160.44688415527344,243.6027069091797,90.61809539794922,85.27999877929688,60.011478424072266
2018-11-29,34.29071807861328,115.73999786376953,137.50875854492188,159.92376708984375,243.0703887939453,90.97438049316406,86.95999908447266,60.02627182006836
2018-11-30,34.25736999511719,115.54000091552734,138.2242889404297,161.0840606689453,244.55203247070312,91.31487274169922,85.83999633789062,60.59539794921875
2018-12-03,34.94951248168945,116.41000366210938,139.54656982421875,163.8992919921875,247.79017639160156,91.96324920654297,90.16000366210938,60.92061996459961
2018-12-04,34.20732116699219,117.12000274658203,133.60533142089844,157.61268615722656,239.76113891601562,93.50281524658203,89.44000244140625,60.01885223388672
2018-12-06,33.89043426513672,117.13999938964844,133.31552124023438,158.72543334960938,239.3974609375,93.79647827148438,87.5199966430664,61.50456237792969
2018-12-07,33.25666046142578,118.08999633789062,130.43545532226562,153.48501586914062,233.83485412597656,93.9710693359375,88.87999725341797,60.6988639831543
2018-12-10,32.90641403198242,117.68000030517578,130.05508422851562,155.09231567382812,234.27835083007812,94.35993194580078,86.0,60.30714416503906
2018-12-11,33.15658187866211,117.54000091552734,129.919189453125,155.60592651367188,234.33163452148438,94.34405517578125,87.5999984741211,60.33668899536133
2018-12-12,33.69864273071289,117.79000091552734,131.16001892089844,156.97544860839844,235.5116424560547,93.92344665527344,86.55999755859375,59.4053840637207
2018-12-13,33.6902961730957,117.52999877929688,129.30335998535156,157.02297973632812,235.43170166015625,93.70124053955078,89.68000030517578,59.748695373535156
2018-12-14,33.214969635009766,117.05999755859375,127.34705352783203,153.19960021972656,231.08457946777344,94.0266342163086,86.55999755859375,59.57666778564453
2018-12-17,32.90641403198242,117.87000274658203,124.51103973388672,149.72824096679688,226.5510711669922,94.57418823242188,83.5999984741211,57.33271789550781
2018-12-18,33.1298713684082,118.1500015258789,124.35652923583984,150.66978454589844,226.30262756347656,95.14057159423828,78.31999969482422,57.92362594604492
2018-12-19,32.57969284057617,117.43000030517578,121.76673889160156,146.9700469970703,222.9136199951172,96.39745330810547,80.16000366210938,57.2878303527832
2018-12-20,32.83362579345703,119.23999786376953,119.75846862792969,144.83969116210938,219.28501892089844,96.04745483398438,77.76000213623047,56.427650451660156
2018-12-21,32.60507583618164,118.72000122070312,116.6507339477539,140.3505859375,214.7919921875,96.03155517578125,76.55999755859375,55.642269134521484
2018-12-24,32.300357818603516,120.0199966430664,114.38800811767578,136.8701629638672,209.11656188964844,96.50885009765625,74.31999969482422,53.660125732421875
2018-12-26,32.94365310668945,119.66000366210938,119.8857192993164,145.4162139892578,219.68212890625,95.47470092773438,79.19999694824219,55.45527267456055
2018-12-27,32.90133285522461,120.56999969482422,120.38553619384766,145.9789581298828,221.36871337890625,95.4906234741211,76.95999908447266,55.44779968261719
2018-12-28,33.21452331542969,121.05999755859375,120.7308120727539,145.90264892578125,221.08311462402344,96.29408264160156,76.23999786376953,55.62731170654297
2018-12-31,33.062156677246094,121.25,121.67584991455078,147.13302612304688,223.01959228515625,96.66000366210938,77.27999877929688,55.776920318603516
2019-01-02,33.14680099487305,121.33000183105469,122.3664779663086,147.72442626953125,223.25155639648438,97.16907501220703,78.80000305175781,54.565185546875
2019-01-03,32.54583740234375,122.43000030517578,120.17647552490234,142.89817810058594,217.92416381835938,98.27482604980469,79.5999984741211,54.94666290283203
2019-01-04,33.595420837402344,121.44000244140625,124.66551971435547,149.01205444335938,225.22369384765625,97.13729095458984,81.44000244140625,55.58991622924805
2019-01-07,33.671607971191406,121.86000061035156,126.84642028808594,150.78610229492188,226.99951171875,96.85086059570312,82.31999969482422,56.13593292236328
2019-01-08,33.79856491088867,121.52999877929688,128.79107666015625,152.15003967285156,229.13230895996094,96.59635162353516,84.0,57.295310974121094
2019-01-09,34.399539947509766,122.30999755859375,129.85421752929688,153.38999938964844,230.203125,96.44517517089844,88.4000015258789,57.213043212890625
2019-01-10,34.6450080871582,121.58999633789062,130.52667236328125,153.8287353515625,231.01516723632812,95.82469177246094,88.80000305175781,57.990936279296875
2019-01-11,34.475730895996094,121.80000305175781,130.56304931640625,153.26597595214844,231.10440063476562,96.19862365722656,87.19999694824219,58.15548324584961
2019-01-14,34.18792724609375,122.08999633789062,129.26358032226562,151.91152954101562,229.69439697265625,95.84065246582031,85.5199966430664,57.961002349853516
2019-01-15,34.42494201660156,121.87999725341797,130.35401916503906,154.87789916992188,232.32688903808594,95.4906234741211,88.0,58.5145263671875
2019-01-16,34.8481559753418,122.2699966430664,131.3263397216797,154.84930419921875,232.88912963867188,95.58604431152344,88.4800033569336,58.9258918762207
2019-01-17,35.000511169433594,122.11000061035156,132.5167236328125,156.07015991210938,234.65599060058594,95.60992431640625,88.23999786376953,59.21016311645508
2019-01-18,35.1698112487793,121.0199966430664,133.8798065185547,157.6153106689453,237.77926635742188,95.10879516601562,90.4800033569336,59.41209411621094
2019-01-22,34.56037139892578,121.44999694824219,131.76248168945312,154.4582061767578,234.56674194335938,95.75315856933594,88.95999908447266,59.23258590698242
2019-01-23,34.9158821105957,121.27999877929688,131.39901733398438,154.6584930419922,235.05760192871094,95.71330261230469,88.4000015258789,59.24005889892578
2019-01-24,35.25445556640625,121.08999633789062,132.1895751953125,155.66000366210938,235.18252563476562,96.34181213378906,89.36000061035156,59.4420166015625
2019-01-25,35.71999740600586,122.86000061035156,133.88890075683594,157.51988220214844,237.17247009277344,95.88042449951172,90.0,60.18252182006836
2019-01-28,35.34756851196289,123.29000091552734,133.1709747314453,155.57415771484375,235.36993408203125,95.78492736816406,87.5999984741211,60.77341842651367
2019-01-29,35.40681457519531,123.9800033569336,132.85293579101562,154.1053466796875,235.05760192871094,96.27019500732422,89.27999877929688,61.25211715698242
2019-01-30,36.17707824707031,124.69000244140625,134.30691528320312,158.02542114257812,238.77874755859375,96.19862365722656,91.19999694824219,61.74579620361328
2019-01-31,36.4818000793457,124.75,135.45184326171875,160.390869140625,240.8757781982422,97.02586364746094,90.80000305175781,62.389068603515625
2019-02-01,36.19400405883789,124.5,135.56089782714844,159.7136688232422,240.9916534423828,96.43994903564453,93.04000091552734,61.992637634277344
2019-02-04,36.25326156616211,123.95999908447266,137.17840576171875,161.6975555419922,242.68724060058594,96.0093765258789,92.0,62.45637130737305
2019-02-05,36.75266647338867,124.27999877929688,137.32376098632812,163.12828063964844,243.70468139648438,96.44786834716797,90.31999969482422,62.81541442871094
2019-02-06,36.25326156616211,123.44000244140625,137.151123046875,162.64181518554688,243.38330078125,96.49571228027344,90.55999755859375,62.40401840209961
2019-02-07,35.889286041259766,123.73999786376953,136.02435302734375,160.45762634277344,241.06314086914062,97.13352966308594,88.55999755859375,62.92012405395508
2019-02-08,35.68614196777344,124.20999908447266,136.1697235107422,160.77236938476562,241.357666015625,97.54811096191406,88.63999938964844,62.92012405395508
2019-02-11,35.5676383972168,123.5999984741211,137.3056182861328,160.61978149414062,241.49147033691406,97.16541290283203,88.08000183105469,63.092159271240234
2019-02-12,35.863895416259766,123.86000061035156,139.02310180664062,162.99473571777344,244.596923828125,96.91826629638672,89.27999877929688,62.69574737548828
2019-02-13,35.60996627807617,123.37000274658203,139.41378784179688,163.1091766357422,245.39108276367188,96.55154418945312,90.72000122070312,63.01734924316406
2019-02-14,35.677677154541016,124.05999755859375,139.7318878173828,163.30946350097656,244.8468017578125,97.1016616821289,91.83999633789062,63.219329833984375
2019-02-15,35.62689208984375,124.80000305175781,141.9582061767578,163.9962158203125,247.51492309570312,97.25313568115234,93.68000030517578,63.645668029785156
2019-02-19,35.906211853027344,126.69999694824219,142.3489227294922,164.320556640625,247.94337463378906,97.50031280517578,94.23999786376953,63.63069534301758
2019-02-20,36.1093635559082,126.4800033569336,143.02137756347656,164.29188537597656,248.4430389404297,97.22124481201172,95.44000244140625,63.23427963256836
2019-02-21,36.03318405151367,125.05000305175781,142.47616577148438,163.69097900390625,247.55960083007812,96.35220336914062,95.04000091552734,63.29411315917969
2019-02-22,36.4310188293457,125.5,143.71202087402344,164.90234375,249.09446716308594,96.9262466430664,95.5999984741211,63.66811752319336
2019-02-25,36.83730697631836,125.37000274658203,143.748291015625,165.50320434570312,249.43365478515625,96.63919067382812,92.55999755859375,63.16695785522461
2019-02-26,36.71033477783203,125.58000183105469,142.7578582763672,165.67494201660156,249.25502014160156,97.11762237548828,93.04000091552734,62.972476959228516
2019-02-27,36.397151947021484,124.69000244140625,142.95779418945312,165.5699920654297,249.14793395996094,96.017333984375,95.12000274658203,62.65831756591797
2019-02-28,35.92314529418945,123.98999786376953,142.46710205078125,165.18841552734375,248.6838836669922,95.69046783447266,95.5999984741211,62.82288360595703
2019-03-01,35.96548080444336,121.87999725341797,143.79380798339844,166.33303833007812,250.23660278320312,94.80602264404297,93.27999877929688,62.62841796875
2019-03-04,36.016258239746094,121.55999755859375,142.4943389892578,166.3616943359375,249.3264617919922,95.54901885986328,94.4000015258789,62.912628173828125
2019-03-05,36.371768951416016,121.72000122070312,141.8309783935547,166.4856414794922,248.98741149902344,95.74874877929688,94.55999755859375,63.08468246459961
2019-03-06,36.16861343383789,121.61000061035156,139.05035400390625,165.54136657714844,247.47923278808594,96.10035705566406,94.0,62.792972564697266
2019-03-07,35.49992370605469,121.51000213623047,137.83270263671875,163.509765625,245.40902709960938,96.72349548339844,94.4800033569336,62.65831756591797
2019-03-08,35.24599075317383,122.83999633789062,137.7963104248047,163.26177978515625,244.91815185546875,97.13099670410156,93.83999633789062,62.72566604614258
2019-03-11,35.906211853027344,122.23999786376953,140.20437622070312,166.6573028564453,248.46974182128906,96.84331512451172,94.87999725341797,63.645668029785156
2019-03-12,36.09243392944336,122.9800033569336,140.27708435058594,167.57298278808594,249.40673828125,97.52247619628906,95.12000274658203,63.9373779296875
2019-03-13,36.13474655151367,123.83999633789062,140.83140563964844,168.83197021484375,251.05764770507812,97.33876037597656,97.5199966430664,64.25153350830078
2019-03-14,35.9400749206543,122.41000366210938,140.2589111328125,168.5458526611328,250.89706420898438,96.6356430053711,97.76000213623047,64.34877014160156
2019-03-15,36.464866638183594,122.97000122070312,140.63148498535156,170.11007690429688,252.1365966796875,97.27479553222656,97.5999984741211,64.14680480957031
2019-03-18,36.87117385864258,123.04000091552734,141.53111267089844,170.51519775390625,253.05076599121094,97.21888732910156,98.4800033569336,63.82521057128906
2019-03-19,36.88809585571289,123.37999725341797,140.81324768066406,171.0885467529297,253.11354064941406,97.003173828125,98.23999786376953,63.63069534301758
2019-03-20,36.947349548339844,124.18000030517578,139.6396484375,171.76699829101562,252.35174560546875,98.01788330078125,100.0,63.82521057128906
2019-03-21,36.99812698364258,123.68000030517578,141.47103881835938,174.45205688476562,255.2019500732422,98.23358917236328,99.5199966430664,64.96212768554688
2019-03-22,35.91468048095703,123.97000122070312,136.3231658935547,170.62030029296875,250.29026794433594,99.7596206665039,97.83999633789062,64.49089813232422
2019-03-25,35.99932098388672,124.91999816894531,136.92454528808594,170.2954559326172,250.10203552246094,99.91938781738281,98.0,64.57315826416016
2019-03-26,36.1093635559082,124.30000305175781,138.36410522460938,171.0885467529297,251.96624755859375,99.84748840332031,99.76000213623047,65.08927917480469
2019-03-27,35.71999740600586,123.6500015258789,137.82655334472656,169.98965454101562,250.64874267578125,100.766357421875,98.72000122070312,64.90228271484375
2019-03-28,35.957008361816406,121.9000015258789,139.05657958984375,170.38150024414062,251.598876953125,101.11788177490234,98.80000305175781,65.53205108642578
2019-03-29,36.32944107055664,122.01000213623047,139.48480224609375,171.67138671875,253.185302734375,101.02198028564453,100.0,65.4717788696289
2019-04-01,36.930419921875,121.52999877929688,141.00637817382812,173.94557189941406,256.1877746582031,99.58708953857422,102.55999755859375,65.43412017822266
2019-04-02,36.811912536621094,121.9800033569336,140.6419219970703,174.6049346923828,256.3133544921875,99.77123260498047,104.08000183105469,65.8936538696289
2019-04-03,37.06584548950195,121.80000305175781,141.370849609375,175.6082305908203,256.7166442871094,98.90645599365234,103.91999816894531,65.81832885742188
2019-04-04,37.29438781738281,122.11000061035156,142.0633087158203,175.5413818359375,257.3977966308594,99.18670654296875,103.36000061035156,65.71284484863281
2019-04-05,37.582183837890625,121.9800033569336,143.39353942871094,176.44911193847656,258.6436462402344,99.3148422241211,105.19999694824219,66.17239379882812
2019-04-08,37.582183837890625,122.51000213623047,143.15660095214844,176.898193359375,258.8409423828125,98.9625244140625,107.19999694824219,65.80325317382812
2019-04-09,37.506004333496094,123.1500015258789,141.4072723388672,176.2770538330078,257.5142822265625,99.27481842041016,106.63999938964844,65.45673370361328
2019-04-10,37.68375015258789,123.52999877929688,143.32974243164062,177.22308349609375,258.39276123046875,99.51502990722656,107.27999877929688,66.05939483642578
2019-04-11,37.2774543762207,121.94999694824219,143.14752197265625,176.80262756347656,258.321044921875,98.93049621582031,106.16000366210938,66.01419067382812
2019-04-12,37.54832077026367,121.83000183105469,143.66683959960938,177.56707763671875,260.0688171386719,98.2258071899414,106.4000015258789,66.3305892944336
2019-04-15,37.35364532470703,121.5999984741211,143.2022705078125,177.595703125,259.8985290527344,98.47405242919922,105.91999816894531,65.99158477783203
2019-04-16,37.63296127319336,120.51000213623047,143.53933715820312,178.20729064941406,260.0688171386719,97.8575210571289,106.95999908447266,64.5
2019-04-17,37.74300003051758,120.27999877929688,142.2273406982422,178.82835388183594,259.4324645996094,97.89749908447266,106.23999786376953,63.91240310668945
2019-04-18,37.71760559082031,120.37000274658203,141.80816650390625,179.0576934814453,259.9432678222656,98.4100341796875,106.55999755859375,64.40206146240234
2019-04-22,37.472137451171875,120.37000274658203,141.43460083007812,179.56411743164062,260.16729736328125,97.93756866455078,109.36000061035156,63.693946838378906
2019-04-23,37.556793212890625,120.12000274658203,143.56663513183594,181.84780883789062,262.5067138671875,98.14578247070312,110.31999969482422,64.53765869140625
2019-04-24,37.04892349243164,120.47000122070312,144.0131072998047,181.27456665039062,261.9241638183594,98.94648742675781,109.44000244140625,65.01226043701172
2019-04-25,36.99812698364258,120.56999969482422,142.8195343017578,182.01036071777344,261.7627868652344,98.80236053466797,108.23999786376953,64.87666320800781
2019-04-26,37.14202880859375,121.37000274658203,144.20445251464844,182.17276000976562,262.98175048828125,99.138671875,104.72000122070312,65.38893127441406
2019-04-29,37.218204498291016,120.83000183105469,144.89691162109375,182.52633666992188,263.3940734863281,98.50605773925781,105.83999633789062,64.74859619140625
2019-04-30,37.18434524536133,121.19999694824219,144.22268676757812,181.11207580566406,263.5284423828125,99.01055145263672,106.31999969482422,65.36634063720703
2019-05-01,36.9050178527832,120.4000015258789,142.8560028076172,180.5292205810547,261.54766845703125,99.41899108886719,105.76000213623047,65.41905212402344
2019-05-02,36.98966598510742,119.94000244140625,143.5210723876953,179.7456817626953,260.9830322265625,98.94558715820312,102.55999755859375,65.48686218261719
2019-05-03,37.42981719970703,120.6500015258789,146.26356506347656,182.61228942871094,263.53741455078125,99.22642517089844,102.95999908447266,66.04430389404297
2019-05-06,36.65955352783203,120.80999755859375,146.42758178710938,181.49435424804688,262.4529724121094,99.49922943115234,104.55999755859375,65.8333969116211
2019-05-07,35.9400749206543,121.20999908447266,143.53024291992188,177.9588165283203,258.0700378417969,100.26151275634766,101.83999633789062,64.64313507080078
2019-05-08,35.889286041259766,120.91000366210938,142.8286590576172,177.509765625,257.7115173339844,99.82817840576172,103.12000274658203,64.5753173828125
2019-05-09,35.322166442871094,121.19999694824219,142.30929565429688,176.55416870117188,256.93170166015625,100.23746490478516,102.4800033569336,64.74105834960938
2019-05-10,35.533775329589844,121.43000030517578,142.7010955810547,176.77398681640625,258.222412109375,100.10103607177734,102.72000122070312,65.43412017822266
2019-05-13,34.34876251220703,122.66999816894531,138.15457153320312,170.63949584960938,251.73324584960938,100.88738250732422,101.44000244140625,65.36634063720703
2019-05-14,34.83123779296875,122.45999908447266,139.8948211669922,172.51229858398438,254.00987243652344,100.59052276611328,102.95999908447266,65.60738372802734
2019-05-15,34.89894485473633,122.38999938964844,140.35032653808594,174.94888305664062,255.4976348876953,101.20835876464844,103.76000213623047,66.05184936523438
2019-05-16,34.72966003417969,121.51000213623047,141.22503662109375,176.7070770263672,257.8639831542969,100.87133026123047,105.12000274658203,66.31550598144531
2019-05-17,34.10328674316406,120.6500015258789,139.2570037841797,174.901123046875,256.19677734375,101.09603118896484,104.63999938964844,66.18745422363281
2019-05-20,33.95939254760742,120.63999938964844,138.2912139892578,171.948486328125,254.50279235839844,100.88738250732422,105.19999694824219,65.23072052001953
2019-05-21,34.391075134277344,120.36000061035156,140.14993286132812,173.7449188232422,256.7973937988281,100.7269058227539,105.04000091552734,65.78817749023438
2019-05-22,34.22178649902344,120.23999786376953,138.97459411621094,172.97097778320312,256.0085144042969,101.3046646118164,101.91999816894531,65.98404693603516
2019-05-23,33.781639099121094,121.16999816894531,136.1136474609375,170.32412719726562,252.88058471679688,102.4440689086914,96.72000122070312,66.13469696044922
2019-05-24,33.81549072265625,121.30000305175781,137.38919067382812,170.2380828857422,253.45408630371094,102.5323486328125,97.83999633789062,66.3381118774414
2019-05-28,33.93399429321289,120.83000183105469,136.2958221435547,169.59788513183594,251.09689331054688,103.27057647705078,97.83999633789062,65.68272399902344
2019-05-29,34.15406799316406,120.87000274658203,135.1569061279297,168.2028045654297,249.41188049316406,103.5835189819336,97.91999816894531,64.80886840820312
2019-05-30,34.34028625488281,121.69000244140625,134.7833709716797,168.90994262695312,250.0929718017578,104.47415924072266,94.08000183105469,65.0800552368164
2019-05-31,34.458797454833984,123.33000183105469,132.89732360839844,166.21531677246094,246.7229461669922,105.78211975097656,88.80000305175781,65.45673370361328
2019-06-03,34.77198791503906,125.11000061035156,133.3620147705078,162.55560302734375,246.09555053710938,106.48967742919922,87.91999816894531,65.61489868164062
2019-06-04,34.8481559753418,125.1500015258789,136.81520080566406,167.13262939453125,251.4375457763672,105.27552795410156,89.27999877929688,65.32112884521484
2019-06-05,34.56883239746094,125.47000122070312,136.842529296875,168.37478637695312,253.61546325683594,104.6805419921875,86.16000366210938,66.68465423583984
2019-06-06,34.585750579833984,125.87999725341797,136.4871826171875,169.71258544921875,255.26463317871094,105.01824188232422,88.4800033569336,66.81272888183594
2019-06-07,34.856624603271484,126.58999633789062,137.45298767089844,172.9900665283203,257.819091796875,105.9268569946289,89.83999633789062,67.06133270263672
2019-06-10,35.22059631347656,125.33000183105469,138.26393127441406,175.00625610351562,259.0021057128906,104.92980194091797,88.87999725341797,66.84284210205078
2019-06-11,35.61842346191406,125.18000030517578,137.85391235351562,175.24508666992188,258.939453125,104.99413299560547,88.87999725341797,67.02363586425781
2019-06-12,35.23752212524414,125.83000183105469,138.0087432861328,174.2322540283203,258.4822998046875,105.07451629638672,85.12000274658203,67.2496566772461
2019-06-13,35.17827606201172,126.5999984741211,139.46661376953125,175.26425170898438,259.5489807128906,105.43635559082031,87.04000091552734,67.53590393066406
2019-06-14,34.78890609741211,126.55999755859375,138.24562072753906,174.51889038085938,259.2620849609375,105.70169830322266,87.5199966430664,67.57359313964844
2019-06-17,34.92621994018555,126.4800033569336,139.19932556152344,175.5699462890625,259.3607482910156,105.88666534423828,86.4800033569336,68.2967758178711
2019-06-18,35.77059555053711,127.12000274658203,140.8176727294922,178.12124633789062,262.076416015625,106.41732788085938,90.0,68.22895812988281
2019-06-19,36.069114685058594,127.88999938964844,141.32058715820312,178.79010009765625,262.6679992675781,106.570068359375,90.63999938964844,68.59809875488281
2019-06-20,36.59790802001953,131.11000061035156,141.98805236816406,180.4528350830078,265.17767333984375,106.85149383544922,94.80000305175781,68.94463348388672
2019-06-21,36.4785041809082,131.97999572753906,140.76287841796875,180.18524169921875,264.79229736328125,105.67756652832031,95.76000213623047,67.97284698486328
2019-06-24,36.42732238769531,133.94000244140625,139.0530242919922,180.19097900390625,264.468017578125,106.46558380126953,96.08000183105469,67.73931121826172
2019-06-25,36.052059173583984,134.1999969482422,138.20269775390625,177.0977325439453,261.8741149902344,106.79521179199219,96.0,66.73738098144531
2019-06-26,36.393211364746094,132.97000122070312,137.88267517089844,177.92137145996094,261.6128845214844,106.1117935180664,98.31999969482422,65.40399932861328
2019-06-27,36.64908981323242,132.83999633789062,140.47023010253906,178.6012725830078,262.5406188964844,106.85957336425781,98.31999969482422,66.2459487915039
2019-06-28,36.59790802001953,133.1999969482422,142.18002319335938,178.83111572265625,263.89154052734375,106.78723907470703,96.31999969482422,66.47412872314453
2019-07-01,37.03289031982422,130.6199951171875,142.7286834716797,181.24436950683594,266.2873229980469,106.53746032714844,98.23999786376953,66.44369506835938
2019-07-02,36.93906784057617,133.41000366210938,141.86004638671875,181.962646484375,266.9808349609375,107.35913848876953,93.5999984741211,67.59976196289062
2019-07-03,36.87083053588867,133.6300048828125,142.87496948242188,183.3320770263672,269.1153259277344,108.12454986572266,94.16000366210938,68.4059829711914
2019-07-05,36.61496353149414,132.13999938964844,143.2589569091797,182.95855712890625,268.80908203125,106.69051361083984,95.5999984741211,68.16259002685547
2019-07-08,36.393211364746094,131.2899932861328,141.89662170410156,181.67538452148438,267.33203125,106.83552551269531,95.44000244140625,68.4059829711914
2019-07-09,36.2823371887207,131.75,142.08863830566406,182.58506774902344,267.665283203125,106.79524230957031,96.31999969482422,68.6341323852539
2019-07-10,36.589378356933594,133.8300018310547,142.3354949951172,184.40464782714844,268.9441833496094,106.20716094970703,100.23999786376953,69.02965545654297
2019-07-11,36.521148681640625,132.6999969482422,141.64060974121094,184.27052307128906,269.5746765136719,104.78919982910156,100.4000015258789,68.13216400146484
2019-07-12,36.54673385620117,133.52999877929688,142.73782348632812,185.33355712890625,270.78155517578125,104.91008758544922,100.16000366210938,68.04090118408203
2019-07-15,36.68319320678711,133.52999877929688,141.98805236816406,185.92727661132812,270.87164306640625,105.51426696777344,98.4000015258789,67.9876480102539
2019-07-16,36.63203048706055,132.39999389648438,141.9423370361328,184.96963500976562,269.9979248046875,105.20010375976562,96.55999755859375,67.82794189453125
2019-07-17,36.521148681640625,134.5800018310547,140.9274139404297,184.05992126464844,268.1606750488281,106.33599853515625,94.0,67.59976196289062
2019-07-18,36.742897033691406,136.47999572753906,141.45779418945312,184.27052307128906,269.142333984375,106.34407806396484,92.4800033569336,67.59976196289062
2019-07-19,36.555267333984375,134.47000122070312,140.6439666748047,182.92027282714844,267.64727783203125,106.0943603515625,93.36000061035156,66.49693298339844
2019-07-22,36.56378173828125,134.4499969482422,140.51596069335938,184.3759002685547,268.3047790527344,106.29578399658203,93.44000244140625,66.43607330322266
2019-07-23,36.606441497802734,133.69000244140625,141.44857788085938,185.58253479003906,270.22314453125,105.7156982421875,94.4800033569336,67.1890640258789
2019-07-24,36.666141510009766,134.3699951171875,143.78932189941406,186.88491821289062,271.4930725097656,106.17488098144531,92.72000122070312,67.24230194091797
2019-07-25,36.342041015625,133.4199981689453,142.05206298828125,185.1133270263672,270.19610595703125,105.66735076904297,92.80000305175781,66.84683227539062
2019-07-26,36.418800354003906,133.63999938964844,143.7344512939453,187.01902770996094,272.0064697265625,105.9171142578125,93.19999694824219,67.15103149414062
2019-07-29,36.3505744934082,134.52999877929688,142.77439880371094,186.3773651123047,271.5111083984375,105.94932556152344,94.55999755859375,67.33356475830078
2019-07-30,36.069114685058594,134.97999572753906,144.31964111328125,185.57296752929688,270.8445739746094,106.20716094970703,96.63999938964844,67.87356567382812
2019-07-31,35.6255989074707,133.2100067138672,143.14926147460938,183.00650024414062,267.8815002441406,107.06108093261719,96.31999969482422,67.60739135742188
2019-08-01,34.92621994018555,136.41000366210938,141.07373046875,182.09671020507812,265.5487365722656,109.18738555908203,90.4800033569336,67.60739135742188
2019-08-02,34.5850715637207,135.88999938964844,139.51019287109375,179.41531372070312,263.5492858886719,110.19638061523438,91.83999633789062,67.93441772460938
2019-08-05,33.30571746826172,137.7899932861328,135.32252502441406,173.07559204101562,255.62347412109375,112.10157012939453,90.95999908447266,66.59581756591797
2019-08-06,33.783348083496094,138.91000366210938,136.56600952148438,175.49851989746094,259.2081604003906,112.99751281738281,89.12000274658203,67.33356475830078
2019-08-07,33.936866760253906,141.02000427246094,136.5294647216797,176.4466094970703,259.3612060546875,113.03787231445312,86.72000122070312,67.9876480102539
2019-08-08,34.35478210449219,141.72999572753906,139.4735870361328,180.2867431640625,264.449951171875,113.28005981445312,87.68000030517578,69.18175506591797
2019-08-09,34.005088806152344,141.25999450683594,137.7180633544922,178.59173583984375,262.6485900878906,113.0540771484375,90.23999786376953,69.09809875488281
2019-08-12,33.595699310302734,142.6300048828125,135.9351348876953,176.5424041748047,259.4513244628906,115.41120147705078,90.87999725341797,68.91555786132812
2019-08-13,34.02214813232422,141.77999877929688,137.39804077148438,180.4112548828125,263.48626708984375,115.0156478881836,94.95999908447266,69.01443481445312
2019-08-14,33.041316986083984,142.75,133.55784606933594,175.01968383789062,255.695556640625,117.60690307617188,91.5199966430664,67.9648208618164
2019-08-15,33.2630729675293,143.6999969482422,133.02749633789062,174.81857299804688,256.3709716796875,118.9146499633789,90.80000305175781,68.64173889160156
2019-08-16,33.723636627197266,142.77999877929688,135.8985595703125,177.62448120117188,260.15386962890625,117.9621353149414,91.19999694824219,69.34907531738281
2019-08-19,33.860107421875,141.11000061035156,137.2700653076172,180.44955444335938,263.2881164550781,116.27497863769531,93.27999877929688,69.85106658935547
2019-08-20,33.92833709716797,142.2100067138672,136.3739776611328,179.0513916015625,261.2706604003906,117.47774505615234,93.04000091552734,69.356689453125
2019-08-21,34.25243377685547,141.75999450683594,137.4986572265625,180.6410675048828,263.39617919921875,116.6946792602539,92.87999725341797,69.64571380615234
2019-08-22,33.808929443359375,141.39999389648438,137.17857360839844,180.05691528320312,263.3151550292969,115.91983795166016,92.23999786376953,69.96514892578125
2019-08-23,33.30571746826172,144.1699981689453,132.97265625,174.35891723632812,256.5511779785156,117.82486724853516,89.5199966430664,68.9839859008789
2019-08-26,33.48482894897461,144.19000244140625,134.43560791015625,176.992431640625,259.38824462890625,117.3485107421875,89.44000244140625,69.51639556884766
2019-08-27,33.54453659057617,145.57000732421875,132.4423370361328,176.61895751953125,258.3705139160156,119.15680694580078,91.36000061035156,69.31864929199219
2019-08-28,33.63835144042969,145.16000366210938,133.98757934570312,177.2509765625,260.1898498535156,119.31023406982422,93.12000274658203,69.54682922363281
2019-08-29,34.01362228393555,144.1199951171875,136.3374481201172,179.96116638183594,263.51324462890625,118.85810852050781,94.23999786376953,70.08683776855469
2019-08-30,34.27802276611328,143.75,136.0905303955078,179.5301971435547,263.39617919921875,118.89043426513672,91.68000030517578,70.14009094238281
2019-09-03,34.06480026245117,145.75,134.09727478027344,177.78724670410156,261.8560791015625,119.0440444946289,89.76000213623047,70.83979797363281
2019-09-04,34.6362419128418,146.66000366210938,135.1762237548828,180.35377502441406,264.8282470703125,119.22191619873047,93.68000030517578,71.43306732177734
2019-09-05,35.028568267822266,143.13999938964844,137.69065856933594,183.65771484375,268.2327575683594,117.06283569335938,93.5999984741211,70.91586303710938
2019-09-06,35.182106018066406,141.9199981689453,137.05975341796875,183.47573852539062,268.439697265625,117.895751953125,94.16000366210938,71.0755844116211
2019-09-09,35.292972564697266,141.38999938964844,138.8975830078125,183.09266662597656,268.57489013671875,115.80130004882812,96.63999938964844,70.73331451416016
2019-09-10,35.31856155395508,140.17999267578125,140.67140197753906,182.56594848632812,268.5118408203125,113.77151489257812,95.83999633789062,70.00316619873047
2019-09-11,35.56590270996094,141.02999877929688,143.55157470703125,184.28009033203125,270.42132568359375,113.56941223144531,93.44000244140625,70.07923126220703
2019-09-12,35.821773529052734,141.32000732421875,143.58816528320312,185.04623413085938,271.3579406738281,112.82537841796875,91.76000213623047,70.451904296875
2019-09-13,36.026466369628906,140.14999389648438,143.8350067138672,184.38548278808594,271.1778259277344,110.41561889648438,91.5199966430664,69.69894409179688
2019-09-16,35.7450065612793,141.32000732421875,144.3744659423828,183.5619354248047,270.3402099609375,111.82269287109375,102.63999938964844,70.30740356445312
2019-09-17,35.7450065612793,141.60000610351562,143.99961853027344,184.44296264648438,271.0246887207031,112.42916107177734,98.31999969482422,71.06800079345703
2019-09-18,35.60002136230469,140.7100067138672,143.11270141601562,184.3663330078125,271.18682861328125,112.90626525878906,96.80000305175781,70.8246078491211
2019-09-19,35.455020904541016,141.27999877929688,142.41778564453125,184.67276000976562,271.1687927246094,113.24588775634766,97.5199966430664,71.0755844116211
2019-09-20,35.489139556884766,142.9499969482422,142.1160430908203,182.71920776367188,269.88763427734375,114.74195098876953,97.5999984741211,71.0755844116211
2019-09-23,35.52325439453125,143.75,142.0063934326172,182.7997589111328,269.82421875,114.71764373779297,97.68000030517578,71.1896743774414
2019-09-24,35.147979736328125,144.50999450683594,139.8629150390625,180.37205505371094,267.7069091796875,116.10052490234375,95.19999694824219,71.03173065185547
2019-09-25,35.12239456176758,141.8300018310547,141.39523315429688,182.39675903320312,269.2903747558594,114.40229034423828,94.4000015258789,71.16975402832031
2019-09-26,35.113861083984375,141.7899932861328,139.81703186035156,181.72503662109375,268.72943115234375,115.13819885253906,94.4000015258789,71.76774597167969
2019-09-27,34.66182327270508,141.05999755859375,138.6976318359375,179.4700164794922,267.28173828125,115.42121887207031,93.27999877929688,71.36907196044922
2019-09-30,34.85799026489258,138.8699951171875,138.86276245117188,181.17808532714844,268.5213317871094,115.70425415039062,90.72000122070312,71.4917221069336
2019-10-01,34.61065673828125,139.6300048828125,136.13768005371094,179.70037841796875,265.3272705078125,116.05257415771484,89.5199966430664,70.81707000732422
2019-10-02,34.34626007080078,141.25999450683594,135.11000061035156,176.61048889160156,260.64044189453125,116.3360824584961,87.83999633789062,70.5180892944336
2019-10-03,34.78976058959961,141.89999389648438,135.55960083007812,178.54888916015625,262.7757873535156,117.3973159790039,87.44000244140625,71.20040893554688
2019-10-04,34.94329071044922,141.89999389648438,136.84417724609375,181.17808532714844,266.33172607421875,118.26409149169922,88.31999969482422,71.6297607421875
2019-10-07,34.65330123901367,140.69000244140625,136.60565185546875,180.63116455078125,265.1825256347656,117.28386688232422,88.31999969482422,71.47638702392578
2019-10-08,34.40596389770508,141.9199981689453,134.38514709472656,177.9250946044922,261.0657043457031,117.59988403320312,87.12000274658203,71.10073852539062
2019-10-09,34.670352935791016,142.0500030517578,134.99989318847656,179.66192626953125,263.5448303222656,116.935546875,87.91999816894531,71.23872375488281
2019-10-10,35.028568267822266,140.80999755859375,135.541259765625,181.05331420898438,265.3272705078125,115.19388580322266,89.5199966430664,71.35375213623047
2019-10-11,35.591487884521484,140.02999877929688,137.83514404296875,183.38511657714844,268.0779724121094,113.76820373535156,91.36000061035156,71.32307434082031
2019-10-14,35.437965393066406,140.58999633789062,137.33047485351562,183.3658905029297,267.7794494628906,114.59443664550781,89.44000244140625,71.35375213623047
2019-10-15,35.7535400390625,139.61000061035156,138.90866088867188,185.69769287109375,270.4305725097656,113.20919036865234,88.4800033569336,71.44574737548828
2019-10-16,35.85588836669922,140.41000366210938,139.05552673339844,185.23707580566406,269.9961242675781,113.34691619873047,89.12000274658203,71.45341491699219
2019-10-17,35.992347717285156,140.61000061035156,140.6978759765625,185.72647094726562,270.79241943359375,113.07148742675781,90.23999786376953,71.92105865478516
2019-10-18,35.804710388183594,140.4600067138672,140.028076171875,183.94171142578125,269.60711669921875,113.07148742675781,89.76000213623047,72.47306823730469
2019-10-21,36.128814697265625,139.7899932861328,141.34017944335938,185.57296752929688,271.4348449707031,112.22085571289062,89.68000030517578,73.02508544921875
2019-10-22,36.15439987182617,140.1999969482422,141.49618530273438,184.09524536132812,270.5481872558594,112.8770751953125,90.72000122070312,72.8104019165039
2019-10-23,36.16292953491211,140.52999877929688,141.6704864501953,184.45025634765625,271.33526611328125,112.99047088623047,93.19999694824219,72.97140502929688
2019-10-24,36.16292953491211,141.52999877929688,141.46865844726562,186.24465942382812,271.7786560058594,112.76368713378906,93.83999633789062,72.78741455078125
2019-10-25,36.418800354003906,141.86000061035156,142.22103881835938,187.73196411132812,272.8915100097656,112.21280670166016,94.63999938964844,72.16638946533203
2019-10-28,36.63203048706055,140.63999938964844,143.45054626464844,189.58396911621094,274.42974853515625,111.19208526611328,93.19999694824219,71.72943115234375
2019-10-29,36.44438171386719,140.25,143.9185028076172,188.1158447265625,274.3483581542969,111.26502227783203,92.63999938964844,72.16638946533203
2019-10-30,36.606441497802734,141.02000427246094,143.44139099121094,189.02745056152344,275.18988037109375,112.8932876586914,91.76000213623047,72.42706298828125
2019-10-31,36.31645584106445,142.42999267578125,142.6339569091797,189.11380004882812,274.4569091796875,114.41624450683594,90.4000015258789,72.29672241210938
2019-11-01,36.862300872802734,142.55999755859375,145.06552124023438,190.83145141601562,276.9993896484375,114.06401824951172,93.5199966430664,72.28140258789062
2019-11-04,37.22905731201172,142.14999389648438,145.8454132080078,192.0117645263672,278.1124267578125,112.56277465820312,94.4800033569336,71.775390625
2019-11-05,37.44227981567383,139.85000610351562,146.02891540527344,192.11729431152344,277.80462646484375,111.29682922363281,95.44000244140625,70.556396484375
2019-11-06,37.322872161865234,140.4499969482422,145.1846923828125,191.68548583984375,277.86810302734375,111.97044372558594,94.4800033569336,70.70974731445312
2019-11-07,37.59580993652344,138.27000427246094,145.570068359375,192.32833862304688,278.8453063964844,109.9416732788086,95.04000091552734,70.00437927246094
2019-11-08,37.254634857177734,137.38999938964844,145.96470642089844,193.09600830078125,279.53289794921875,109.47907257080078,95.91999816894531,69.83575439453125
2019-11-11,36.990238189697266,137.05999755859375,145.6894073486328,192.83694458007812,278.9991149902344,109.5521240234375,95.12000274658203,69.98905944824219
2019-11-12,36.751434326171875,137.42999267578125,145.7353057861328,193.3935089111328,279.58721923828125,110.05522918701172,94.95999908447266,69.46007537841797
2019-11-13,36.469974517822266,137.97999572753906,145.11134338378906,193.44149780273438,279.677734375,110.76935577392578,95.68000030517578,70.0964126586914
2019-11-14,36.495567321777344,138.55999755859375,145.06552124023438,193.28797912597656,280.0848388671875,111.91352844238281,95.27999877929688,70.64073944091797
2019-11-15,36.78554916381836,138.2100067138672,145.81788635253906,194.70809936523438,282.1116943359375,111.79185485839844,96.63999938964844,71.02406311035156
2019-11-18,36.72584533691406,138.6199951171875,145.45083618164062,194.8616943359375,282.3197326660156,111.99471282958984,95.19999694824219,71.36907196044922
2019-11-19,36.802608489990234,138.69000244140625,145.99220275878906,195.1495819091797,282.23828125,112.9279556274414,92.55999755859375,71.4917221069336
2019-11-20,36.64055252075195,138.75999450683594,145.441650390625,193.97889709472656,281.18865966796875,114.09650421142578,95.19999694824219,71.45341491699219
2019-11-21,36.56378173828125,138.0,144.72596740722656,193.54705810546875,280.73626708984375,113.38236236572266,97.5999984741211,70.44906616210938
2019-11-22,36.56378173828125,137.74000549316406,145.17555236816406,193.67178344726562,281.360595703125,113.5284194946289,96.87999725341797,70.18841552734375
2019-11-25,36.930538177490234,137.0800018310547,148.2586212158203,195.9652099609375,283.541259765625,113.8611831665039,96.87999725341797,70.41075134277344
2019-11-26,36.81966018676758,137.74000549316406,148.3594970703125,196.3394317626953,284.1837158203125,114.52657318115234,97.5199966430664,71.34608459472656
2019-11-27,36.862300872802734,137.00999450683594,149.40553283691406,197.7116241455078,285.45037841796875,114.19389343261719,97.12000274658203,71.68341827392578
2019-11-29,36.2823371887207,137.86000061035156,148.4329071044922,196.80960083007812,284.39166259765625,113.95042419433594,92.95999908447266,71.35375213623047
2019-12-02,36.273807525634766,137.7899932861328,146.98316955566406,194.79454040527344,281.975830078125,112.43110656738281,93.36000061035156,70.2727279663086
2019-12-03,36.086177825927734,139.11000061035156,146.51516723632812,193.26878356933594,280.0848388671875,114.78852081298828,94.08000183105469,70.72505950927734
2019-12-04,36.35909652709961,138.9199981689453,147.5244903564453,194.24754333496094,281.8130187988281,113.642333984375,97.5199966430664,71.01638793945312
2019-12-05,36.521148681640625,139.0,147.6713104248047,194.6313934326172,282.3197326660156,113.089599609375,97.5199966430664,71.05472564697266
2019-12-06,36.734378814697266,137.6199951171875,149.39634704589844,196.7136688232422,284.8984375,112.46363067626953,98.55999755859375,71.20040893554688
2019-12-09,36.589378356933594,137.5800018310547,149.1118927001953,195.82122802734375,284.0027160644531,112.70753479003906,98.63999938964844,71.3384017944336
2019-12-10,36.71731185913086,137.97000122070312,149.20361328125,195.65814208984375,283.68603515625,112.71561431884766,99.12000274658203,70.92442321777344
2019-12-11,37.254634857177734,138.9199981689453,149.1577606201172,196.69447326660156,284.49127197265625,113.60166931152344,98.4000015258789,70.20374298095703
2019-12-12,37.90284729003906,138.42999267578125,150.44239807128906,198.16259765625,286.94342041015625,111.73199462890625,98.95999908447266,69.25306701660156
2019-12-13,37.88578796386719,139.0500030517578,149.8643035888672,198.81517028808594,287.1152648925781,113.02454376220703,99.91999816894531,69.26838684082031
2019-12-16,38.20722961425781,139.0399932861328,150.9205780029297,200.8110809326172,289.0877685546875,112.00840759277344,100.72000122070312,69.7667465209961
2019-12-17,38.5556755065918,139.00999450683594,151.6757049560547,200.92620849609375,289.1510925292969,111.85401916503906,101.76000213623047,69.10739135742188
2019-12-18,38.764739990234375,139.02000427246094,151.9704132080078,201.07972717285156,289.16912841796875,110.9354476928711,101.91999816894531,69.9496841430664
2019-12-19,38.782161712646484,139.3800048828125,152.62428283691406,202.33677673339844,290.3544616699219,111.11293029785156,102.23999786376953,70.56964874267578
2019-12-20,38.860572814941406,139.52000427246094,152.8452911376953,203.15245056152344,291.62744140625,111.25944519042969,101.04000091552734,70.95706939697266
2019-12-23,38.9128303527832,139.9499969482422,153.1492156982422,203.6890411376953,292.0729675292969,111.09663391113281,101.5999984741211,70.60063171386719
2019-12-24,38.825721740722656,141.27000427246094,153.49916076660156,203.79481506347656,292.0821228027344,111.41412353515625,102.16000366210938,70.78659057617188
2019-12-26,39.1044807434082,142.3800048828125,153.49916076660156,205.5931396484375,293.6369323730469,111.68285369873047,103.12000274658203,71.0965576171875
2019-12-27,39.26128005981445,142.3300018310547,152.7440185546875,205.4200439453125,293.5641174316406,111.80498504638672,103.27999877929688,71.32127380371094
2019-12-30,38.999942779541016,142.6300048828125,152.357177734375,204.07369995117188,291.94561767578125,111.3978500366211,103.12000274658203,71.39100646972656
2019-12-31,39.087066650390625,142.89999389648438,152.5690460205078,204.45840454101562,292.6549072265625,110.30691528320312,102.4800033569336,71.90243530273438
2020-01-02,39.87977600097656,143.9499969482422,152.6703338623047,207.87225341796875,295.3917541503906,111.55260467529297,102.4800033569336,71.05780792236328
2020-01-03,39.13932800292969,145.86000061035156,152.0717315673828,205.96820068359375,293.1549987792969,113.27055358886719,105.44000244140625,71.49951171875
2020-01-06,39.04349899291992,147.38999938964844,152.2743377685547,207.2952423095703,294.2735290527344,112.62730407714844,105.27999877929688,71.58472442626953
2020-01-07,39.01737594604492,147.97000122070312,151.76783752441406,207.26641845703125,293.44598388671875,112.07364654541016,105.04000091552734,70.78659057617188
2020-01-08,39.24385452270508,146.86000061035156,152.2374725341797,208.8242950439453,295.00994873046875,111.33269500732422,101.27999877929688,71.0035629272461
2020-01-09,39.50519561767578,146.02999877929688,152.42169189453125,210.5937957763672,297.0103454589844,111.72357177734375,99.91999816894531,70.96482849121094
2020-01-10,39.714263916015625,146.91000366210938,151.8507080078125,210.05523681640625,296.1554870605469,112.71688079833984,99.27999877929688,71.50726318359375
2020-01-13,40.33275604248047,145.82000732421875,152.83612060546875,212.47860717773438,298.19232177734375,112.37487030029297,97.5999984741211,72.36738586425781
2020-01-14,40.10626220703125,145.69000244140625,153.3978729248047,211.64193725585938,297.73773193359375,112.95296478271484,98.23999786376953,72.09617614746094
2020-01-15,39.792659759521484,146.5399932861328,154.13461303710938,211.72850036621094,298.4104309082031,113.70206451416016,97.44000244140625,72.74710083007812
2020-01-16,40.0452880859375,146.30999755859375,156.12379455566406,213.75762939453125,300.8928527832031,113.34378814697266,98.31999969482422,73.3282470703125
2020-01-17,40.27177047729492,146.5800018310547,155.70016479492188,214.81546020507812,301.829345703125,112.37487030029297,98.63999938964844,73.39799499511719
2020-01-21,39.25257110595703,146.74000549316406,154.4108428955078,214.7192840576172,301.23846435546875,113.55549621582031,97.91999816894531,74.09539794921875
2020-01-22,39.57488250732422,146.7899932861328,154.3095703125,215.28665161132812,301.27471923828125,113.95447540283203,95.19999694824219,73.5994644165039
2020-01-23,39.165462493896484,147.1199951171875,154.208251953125,215.9790496826172,301.6201477050781,114.75231170654297,93.27999877929688,74.2193832397461
2020-01-24,38.85185623168945,147.97999572753906,152.31118774414062,214.16152954101562,298.9378662109375,115.68057250976562,91.44000244140625,73.96366119384766
2020-01-27,37.51033020019531,148.99000549316406,150.57986450195312,209.73789978027344,294.1460876464844,117.47985076904297,88.80000305175781,73.60720825195312
2020-01-28,37.82394027709961,147.66000366210938,151.83230590820312,212.95945739746094,297.228515625,116.55989074707031,90.0,73.90167236328125
2020-01-29,38.00687789916992,148.4600067138672,150.96658325195312,213.3056182861328,296.9830627441406,117.69970703125,89.27999877929688,73.63044738769531
2020-01-30,37.440643310546875,148.47000122070312,150.96658325195312,214.06532287597656,297.94677734375,117.71601104736328,88.63999938964844,73.68470001220703
2020-01-31,36.682777404785156,149.3300018310547,147.8354949951172,210.67068481445312,292.5367126464844,118.79074096679688,86.72000122070312,72.78582000732422
2020-02-03,37.092201232910156,148.36000061035156,149.4839630126953,213.85379028320312,294.70989990234375,118.69451141357422,83.91999816894531,73.02604675292969
2020-02-04,38.0504264831543,146.42999267578125,151.7401885986328,218.74862670898438,299.2015075683594,117.0960464477539,83.5199966430664,73.7776870727539
2020-02-05,38.268211364746094,146.61000061035156,154.079345703125,219.4698944091797,302.6566467285156,115.81566619873047,85.5999984741211,73.82420349121094
2020-02-06,38.30305099487305,147.39999389648438,153.72938537597656,221.3643035888672,303.6751403808594,116.33760070800781,85.91999816894531,74.0721435546875
2020-02-07,37.771663665771484,147.7899932861328,151.8415069580078,220.4122772216797,302.0567321777344,117.7892837524414,84.63999938964844,74.0566635131836
2020-02-10,37.980735778808594,148.1699981689453,152.69789123535156,223.0760955810547,304.3116455078125,118.11547088623047,83.36000061035156,74.88581085205078
2020-02-11,38.477272033691406,147.66000366210938,153.75709533691406,223.11459350585938,304.8390197753906,117.5201416015625,84.0,75.45147705078125
2020-02-12,38.999942779541016,147.5399932861328,154.8160858154297,225.2879180908203,306.8030700683594,116.92474365234375,86.4800033569336,75.90090942382812
2020-02-13,38.485984802246094,148.3800048828125,155.2212371826172,224.99937438964844,306.47564697265625,117.37329864501953,86.72000122070312,76.35810852050781
2020-02-14,38.50341033935547,149.0,154.6226806640625,225.6437225341797,306.96673583984375,117.88713073730469,87.5999984741211,77.14848327636719
2020-02-18,38.25079345703125,150.91000366210938,154.29116821289062,225.73025512695312,306.1756591796875,118.69451141357422,87.5999984741211,77.06324005126953
2020-02-19,38.5295524597168,151.7899932861328,155.08316040039062,227.8939666748047,307.6395568847656,118.68635559082031,89.44000244140625,76.0248794555664
2020-02-20,37.928466796875,152.41000366210938,155.46072387695312,225.77830505371094,306.3756408691406,119.61609649658203,90.23999786376953,76.9315185546875
2020-02-21,37.710697174072266,154.6999969482422,153.88597106933594,221.4412841796875,303.22052001953125,120.7333984375,89.27999877929688,77.15626525878906
2020-02-24,36.299476623535156,156.08999633789062,149.25372314453125,212.90171813964844,293.16400146484375,122.53578186035156,85.91999816894531,76.10238647460938
2020-02-25,36.01201248168945,153.3000030517578,143.94923400878906,207.11253356933594,284.2806701660156,123.18814086914062,83.19999694824219,74.0411605834961
2020-02-26,36.299476623535156,153.97000122070312,142.2823486328125,208.17999267578125,283.2349548339844,122.53578186035156,81.5199966430664,73.24299621582031
2020-02-27,35.42836380004883,154.0,137.27252197265625,197.75563049316406,270.5143737792969,123.86508178710938,78.23999786376953,69.34530639648438
2020-02-28,35.297698974609375,148.3800048828125,134.7584228515625,197.90940856933594,269.3778076171875,126.66239166259766,75.5999984741211,67.67152404785156
2020-03-02,36.06428146362305,149.1999969482422,139.08673095703125,208.12234497070312,281.04364013671875,125.73046112060547,79.36000061035156,70.56188201904297
2020-03-03,35.82036209106445,153.88999938964844,136.25030517578125,201.44839477539062,272.99664306640625,127.68253326416016,79.12000274658203,70.3991470336914
2020-03-04,36.45628356933594,154.16000366210938,140.1273956298828,209.85328674316406,284.4715576171875,126.32672882080078,78.87999725341797,73.0570297241211
2020-03-05,35.68970489501953,157.49000549316406,135.67013549804688,203.4774627685547,275.0152893066406,129.47117614746094,76.87999725341797,71.49173736572266
2020-03-06,34.95796203613281,157.5500030517578,132.9810333251953,200.04437255859375,270.4689025878906,136.20936584472656,69.83999633789062,70.25965118408203
2020-03-09,32.57109069824219,157.80999755859375,120.0512924194336,186.14840698242188,249.34681701660156,139.9011688232422,52.15999984741211,64.84315490722656
2020-03-10,34.22623062133789,154.47999572753906,123.79945373535156,196.2842559814453,262.24920654296875,132.7300262451172,57.91999816894531,67.58270263671875
2020-03-11,32.632076263427734,153.92999267578125,115.92557525634766,187.7351531982422,249.46495056152344,127.84584045410156,55.52000045776367,63.52179718017578
2020-03-12,29.365385055541992,147.7899932861328,103.11557006835938,170.52142333984375,225.59686279296875,128.63812255859375,52.31999969482422,57.086849212646484
2020-03-13,31.48220443725586,143.27999877929688,110.02246856689453,184.96554565429688,244.8822479248047,125.73046112060547,55.68000030517578,62.06926345825195
2020-03-16,27.55345916748047,141.63999938964844,95.42586517333984,162.80889892578125,218.0863494873047,133.87351989746094,48.400001525878906,51.06577682495117
2020-03-17,29.452491760253906,143.55999755859375,99.80024719238281,175.15660095214844,229.8612823486328,124.9464111328125,45.68000030517578,54.017738342285156
2020-03-18,26.908832550048828,140.6999969482422,92.06451416015625,169.8290252685547,218.22276306152344,117.89781951904297,37.68000030517578,48.87914276123047
2020-03-19,27.117900848388672,138.0399932861328,95.65609741210938,170.84832763671875,218.68646240234375,121.10765075683594,42.959999084472656,49.05095672607422
2020-03-20,27.318254470825195,140.11000061035156,93.38141632080078,164.15524291992188,209.2623748779297,130.21444702148438,39.52000045776367,46.60660934448242
2020-03-23,26.664918899536133,146.3000030517578,92.00003814697266,164.27378845214844,203.91188049316406,135.58047485351562,39.040000915527344,44.443397521972656
2020-03-24,28.668489456176758,153.39999389648438,100.4172592163086,176.99473571777344,222.3870086669922,133.05667114257812,39.84000015258789,48.441829681396484
2020-03-25,29.678983688354492,151.3000030517578,101.66532135009766,175.6840362548828,225.71615600585938,132.7545166015625,40.63999938964844,51.050174713134766
2020-03-26,30.802730560302734,153.24000549316406,107.9887466430664,184.93569946289062,238.89572143554688,133.40786743164062,38.63999938964844,54.65031051635742
2020-03-27,29.05177879333496,152.25,104.0597152709961,178.57516479492188,231.77999877929688,136.96897888183594,35.7599983215332,54.70497512817383
2020-03-30,29.530899047851562,152.9199981689453,106.35244750976562,185.07061767578125,239.3071746826172,135.84182739257812,33.84000015258789,55.89982604980469
2020-03-31,29.73125457763672,148.0500030517578,105.81624603271484,183.49012756347656,235.74021911621094,134.7392578125,33.68000030517578,54.54878234863281
2020-04-01,28.45941925048828,149.4499969482422,98.60527801513672,175.69369506835938,225.13079833984375,136.62696838378906,35.040000915527344,50.964271545410156
2020-04-02,29.41765022277832,151.89999389648438,99.53899383544922,179.25941467285156,230.3257598876953,137.49404907226562,40.880001068115234,51.136070251464844
2020-04-03,28.860137939453125,152.64999389648438,96.71932983398438,176.71519470214844,226.99658203125,137.8211669921875,47.20000076293945,50.3941764831543
2020-04-06,30.436859130859375,156.8800048828125,104.12444305419922,189.34947204589844,242.24313354492188,137.46127319335938,43.84000015258789,54.127071380615234
2020-04-07,30.593660354614258,156.0399932861328,104.39252471923828,189.27236938476562,242.49009704589844,136.0218048095703,40.720001220703125,54.62688064575195
2020-04-08,30.907262802124023,154.64999389648438,109.15361022949219,193.29104614257812,250.6300811767578,135.03199768066406,42.959999084472656,58.35196304321289
2020-04-09,30.794008255004883,158.69000244140625,114.37694549560547,193.5705108642578,254.4439697265625,135.2774658203125,39.84000015258789,61.62411880493164
2020-04-13,30.837574005126953,161.41000366210938,111.27991485595703,195.6617431640625,252.12094116210938,134.04234313964844,39.439998626708984,59.031394958496094
2020-04-14,31.543180465698242,162.67999267578125,113.53565979003906,204.17132568359375,259.5566711425781,134.00961303710938,37.279998779296875,60.68699264526367
2020-04-15,30.733030319213867,161.85000610351562,108.90400695800781,201.82949829101562,254.04151916503906,137.55943298339844,35.439998626708984,58.28168869018555
2020-04-16,30.898550033569336,161.7100067138672,108.08123016357422,205.51084899902344,255.26715087890625,139.1217041015625,34.880001068115234,57.61787796020508
2020-04-17,31.586729049682617,158.57000732421875,112.84229278564453,207.47682189941406,262.1632385253906,137.25677490234375,33.68000030517578,59.43747329711914
2020-04-20,31.186010360717773,159.6999969482422,111.51105499267578,205.01939392089844,257.5445251464844,138.36097717285156,30.0,57.2274169921875
2020-04-21,30.32361602783203,158.61000061035156,108.84852600097656,197.45425415039062,249.72470092773438,140.1031951904297,22.479999542236328,56.188758850097656
2020-04-22,31.151174545288086,161.72999572753906,110.17052459716797,203.31356811523438,255.26715087890625,138.67181396484375,20.079999923706055,57.04780197143555
2020-04-23,31.037921905517578,163.33999633789062,111.2521743774414,202.87989807128906,255.24879455566406,139.407958984375,21.1200008392334,56.57143020629883
2020-04-24,30.994380950927734,162.63999938964844,113.1658706665039,206.0794219970703,258.806640625,139.73513793945312,20.559999465942383,56.81352233886719
2020-04-27,31.6215763092041,161.55999755859375,117.64960479736328,207.73699951171875,262.53826904296875,137.13406372070312,17.520000457763672,58.75804901123047
2020-04-28,31.682546615600586,160.83999633789062,119.35989379882812,203.82437133789062,261.33099365234375,138.71273803710938,17.040000915527344,59.242252349853516
2020-04-29,32.6059455871582,161.72999572753906,125.23038482666016,211.05218505859375,268.1722412109375,137.9930419921875,18.0,60.13252639770508
2020-04-30,31.917760848999023,158.8000030517578,120.46929168701172,210.9654541015625,265.6754150390625,136.38162231445312,19.1200008392334,59.43747329711914
2020-05-01,30.76787757873535,159.77999877929688,115.6897201538086,205.01939392089844,258.6420593261719,137.54949951171875,18.860000610351562,57.43045425415039
2020-05-04,31.098909378051758,160.33999633789062,116.18891143798828,207.4093475341797,259.3554992675781,136.90249633789062,19.670000076293945,57.149322509765625
2020-05-05,31.273136138916016,161.02000427246094,117.08568572998047,209.76080322265625,261.7517395019531,136.0261993408203,21.510000228881836,57.43045425415039
2020-05-06,31.177309036254883,158.9499969482422,116.22591400146484,211.05218505859375,259.97747802734375,133.83135986328125,20.850000381469727,56.399620056152344
2020-05-07,31.429931640625,161.38999938964844,117.81599426269531,213.76988220214844,263.114501953125,136.0672149658203,20.469999313354492,57.20399475097656
2020-05-08,32.091983795166016,160.4199981689453,122.36447143554688,216.6995086669922,267.468017578125,134.2981414794922,21.469999313354492,58.56281661987305
2020-05-11,31.882915496826172,159.4199981689453,121.75428771972656,218.63656616210938,267.52294921875,133.249755859375,21.170000076293945,57.711605072021484
2020-05-12,31.760957717895508,160.0399932861328,117.38150024414062,214.0589141845703,262.19073486328125,134.61752319335938,20.969999313354492,55.08762741088867
2020-05-13,31.69997787475586,161.5800018310547,113.45246124267578,211.3798828125,257.5536193847656,135.559326171875,20.600000381469727,53.75224304199219
2020-05-14,31.821935653686523,163.00999450683594,113.8222427368164,213.77952575683594,260.63592529296875,136.8861083984375,21.450000762939453,53.93964385986328
2020-05-15,31.38637924194336,163.92999267578125,115.63423919677734,215.167236328125,261.8340148925781,136.53399658203125,22.389999389648438,53.72881317138672
2020-05-18,32.61465835571289,162.69000244140625,122.66027069091797,219.17628479003906,269.8094177246094,133.5364227294922,24.309999465942383,56.90721893310547
2020-05-19,32.35332107543945,164.25999450683594,120.2381591796875,218.626953125,267.0381774902344,134.0360565185547,24.440000534057617,56.14190673828125
2020-05-20,32.78017044067383,164.64999389648438,123.88058471679688,222.99253845214844,271.5746154785156,134.43734741210938,25.34000015258789,56.64171600341797
2020-05-21,32.40559005737305,162.25,124.1025161743164,220.56399536132812,269.6996154785156,134.77313232421875,26.600000381469727,56.68855667114258
2020-05-22,31.734819412231445,163.2100067138672,124.70339965820312,221.32530212402344,270.2119445800781,135.5839080810547,25.56999969482422,57.45389175415039
2020-05-26,32.43171310424805,160.88999938964844,128.29965209960938,220.72779846191406,273.5409851074219,133.7657470703125,25.65999984741211,59.60147476196289
2020-05-27,32.536251068115234,161.17999267578125,132.2841796875,221.93240356445312,277.6109619140625,133.52003479003906,25.0,60.788516998291016
2020-05-28,32.309757232666016,161.72000122070312,129.15016174316406,221.64329528808594,277.098876953125,133.02867126464844,25.030000686645508,61.07746124267578
2020-05-29,32.86727523803711,162.91000366210938,128.41055297851562,224.89105224609375,278.33349609375,133.97872924804688,25.8799991607666,60.46833038330078
2020-06-01,33.62514877319336,163.66000366210938,129.64013671875,225.565673828125,279.4585266113281,133.07664489746094,26.219999313354492,61.86620330810547
2020-06-02,34.426570892333984,162.60000610351562,130.71255493164062,227.0786590576172,281.7724914550781,132.5928192138672,27.06999969482422,62.366024017333984
2020-06-03,35.22800064086914,159.60000610351562,133.86505126953125,228.10020446777344,285.5223693847656,130.8297882080078,27.1200008392334,64.3652114868164
2020-06-04,34.73146438598633,161.27999877929688,133.67088317871094,226.50042724609375,284.77239990234375,128.93548583984375,27.5,63.724849700927734
2020-06-05,35.646141052246094,158.00999450683594,138.83872985839844,230.9913330078125,292.0708312988281,128.01699829101562,28.8700008392334,66.13797760009766
2020-06-08,35.86392593383789,159.72000122070312,141.52899169921875,232.78379821777344,295.60137939453125,128.5090789794922,28.3700008392334,67.77793884277344
2020-06-09,35.62001037597656,161.25999450683594,138.9126739501953,234.47032165527344,293.3970947265625,129.96873474121094,28.420000076293945,66.65338897705078
2020-06-10,35.88134002685547,163.57000732421875,135.1407928466797,237.28431701660156,291.760009765625,131.89576721191406,28.43000030517578,64.958740234375
2020-06-11,34.00843811035156,162.38999938964844,124.83282470703125,225.52708435058594,274.9402770996094,134.38870239257812,26.360000610351562,60.788516998291016
2020-06-12,34.73146438598633,162.6199951171875,127.82815551757812,227.31959533691406,278.2330017089844,133.09304809570312,26.43000030517578,62.96733474731445
2020-06-15,34.41604995727539,162.3300018310547,130.78353881835938,230.08541870117188,280.8304138183594,133.16685485839844,26.979999542236328,63.85761260986328
2020-06-16,34.63508987426758,162.25,133.92811584472656,234.03663635253906,286.2358093261719,131.12498474121094,27.639999389648438,65.11492156982422
2020-06-17,34.96803665161133,162.55999755859375,131.50704956054688,234.7786865234375,285.0467834472656,131.6662139892578,27.280000686645508,64.16998291015625
2020-06-18,34.98556137084961,162.24000549316406,131.46066284179688,235.4147186279297,285.15655517578125,133.06027221679688,27.889999389648438,63.467132568359375
2020-06-19,34.97679138183594,164.02999877929688,130.78353881835938,235.3761749267578,283.52691650390625,133.16685485839844,28.229999542236328,62.54564666748047
2020-06-22,35.406124114990234,165.08999633789062,132.09141540527344,238.19898986816406,285.3457946777344,133.18325805664062,28.979999542236328,62.4831657409668
2020-06-23,35.74782943725586,166.47999572753906,132.64797973632812,240.22628784179688,286.659423828125,132.27305603027344,28.719999313354492,62.22544479370117
2020-06-24,35.27469253540039,165.89999389648438,128.3439178466797,235.2738494873047,279.3471374511719,133.6917266845703,27.25,60.45271301269531
2020-06-25,35.42365264892578,165.8000030517578,130.2825927734375,237.51351928710938,282.34185791015625,134.07713317871094,27.940000534057617,61.22480010986328
2020-06-26,34.994319915771484,166.5399932861328,126.77626037597656,231.90464782714844,275.63580322265625,135.51219177246094,27.360000610351562,60.04969787597656
2020-06-29,35.15202713012695,166.6300048828125,130.9226531982422,234.43394470214844,279.68701171875,135.08580017089844,28.270000457763672,61.209049224853516
2020-06-30,35.03813171386719,167.3699951171875,132.81497192382812,239.0291748046875,283.2696228027344,134.42971801757812,28.059999465942383,61.93462371826172
2020-07-01,35.43240737915039,166.6199951171875,131.553466796875,241.81918334960938,285.2538757324219,134.16868591308594,28.350000381469727,63.362117767333984
2020-07-02,36.23848342895508,166.97999572753906,132.09141540527344,243.4603271484375,286.8248291015625,134.30824279785156,28.75,63.180728912353516
2020-07-06,37.798072814941406,167.97999572753906,133.0468292236328,249.44569396972656,291.2525634765625,133.7581787109375,28.959999084472656,63.149192810058594
2020-07-07,37.16722869873047,169.0399932861328,130.69076538085938,247.727294921875,288.2486877441406,135.6382598876953,28.790000915527344,61.895206451416016
2020-07-08,38.131011962890625,170.08999633789062,131.66476440429688,250.9903106689453,290.453369140625,135.09640502929688,29.18000030517578,61.808441162109375
2020-07-09,38.131011962890625,169.6300048828125,129.0025177001953,253.1044921875,288.7998352050781,137.2473907470703,28.40999984741211,61.42198181152344
2020-07-10,37.885684967041016,169.19000244140625,131.08035278320312,254.83258056640625,291.7486267089844,136.55772399902344,29.030000686645508,61.611263275146484
2020-07-13,37.63159942626953,169.39999389648438,129.41995239257812,249.59048461914062,289.2224426269531,137.00936889648438,28.5,60.877811431884766
2020-07-14,37.68416976928711,170.19000244140625,131.562744140625,251.35714721679688,292.9704895019531,137.2063751220703,28.8799991607666,61.390438079833984
2020-07-15,37.798072814941406,170.33999633789062,136.38626098632812,251.86880493164062,295.6619873046875,136.56602478027344,29.290000915527344,61.98981857299805
2020-07-16,37.263607025146484,168.72999572753906,135.5792999267578,250.1504364013672,294.688232421875,137.21461486816406,29.15999984741211,61.24848175048828
2020-07-17,37.4738883972168,170.1199951171875,135.9780731201172,250.4400634765625,295.5426330566406,136.92727661132812,29.100000381469727,62.0450553894043
2020-07-20,37.955780029296875,170.94000244140625,135.39370727539062,257.5453186035156,297.93115234375,137.26385498046875,29.1200008392334,61.30369567871094
2020-07-21,38.30625915527344,173.0,137.31385803222656,254.86151123046875,298.56500244140625,137.34591674804688,29.719999313354492,61.45354461669922
2020-07-22,38.1397819519043,175.6300048828125,137.38809204101562,255.75930786132812,300.264404296875,137.7564239501953,29.75,62.392051696777344
2020-07-23,37.833126068115234,177.17999267578125,137.5272216796875,249.07884216308594,296.6817321777344,139.3656463623047,29.40999984741211,62.13176727294922
2020-07-24,37.798072814941406,178.6999969482422,135.5050506591797,246.713623046875,294.77093505859375,139.3574676513672,29.440000534057617,61.67435836791992
2020-07-27,38.385108947753906,182.22999572753906,136.91497802734375,251.1157684326172,296.9206237792969,138.84007263183594,29.719999313354492,62.257999420166016
2020-07-28,38.06968688964844,183.75,135.5514373779297,247.92037963867188,295.037353515625,139.80072021484375,29.350000381469727,63.4962158203125
2020-07-29,38.683013916015625,185.1300048828125,138.53831481933594,250.7779083251953,298.66595458984375,139.56272888183594,29.56999969482422,64.7265396118164
2020-07-30,38.192344665527344,183.75999450683594,137.9910430908203,252.09088134765625,297.600341796875,140.48219299316406,28.93000030517578,64.30852508544922
2020-07-31,37.92949676513672,185.42999267578125,136.6924285888672,256.5895080566406,299.9520568847656,140.39183044433594,29.06999969482422,64.19023895263672
2020-08-03,38.192344665527344,185.63999938964844,138.91864013671875,260.0552673339844,302.0373840332031,139.68496704101562,29.34000015258789,63.338470458984375
2020-08-04,38.70053482055664,189.58999633789062,139.8740692138672,261.02069091796875,303.2039489746094,141.01651000976562,29.780000686645508,64.284912109375
2020-08-05,39.121097564697266,191.35000610351562,142.6569061279297,261.6675109863281,305.0871887207031,139.78369140625,30.229999542236328,63.9615364074707
2020-08-06,39.24375915527344,193.88999938964844,142.60125732421875,265.1331481933594,307.1265869140625,140.56442260742188,30.18000030517578,64.06405639648438
2020-08-07,38.437679290771484,190.80999755859375,144.86460876464844,262.07293701171875,307.34710693359375,139.62750244140625,29.850000381469727,64.9789047241211
2020-08-10,38.53406524658203,190.14999389648438,146.36729431152344,260.95306396484375,308.26568603515625,139.00279235839844,30.15999984741211,65.0814437866211
2020-08-11,38.428916931152344,179.94000244140625,145.523193359375,256.0102233886719,305.72100830078125,137.35076904296875,29.81999969482422,64.14293670654297
2020-08-12,38.94586181640625,179.10000610351562,146.1168975830078,262.4493408203125,309.9834899902344,136.10140991210938,30.559999465942383,64.78964233398438
2020-08-13,38.83195877075195,183.3300018310547,145.810791015625,263.04791259765625,309.4232177734375,134.64669799804688,30.399999618530273,63.99307632446289
2020-08-14,38.761863708496094,182.5399932861328,145.71800231933594,262.7390441894531,309.4323425292969,134.12059020996094,30.329999923706055,64.00096893310547
2020-08-17,39.25252151489258,186.5,146.4693603515625,265.7896728515625,310.415283203125,134.45765686035156,30.770000457763672,64.521484375
2020-08-18,39.20871353149414,188.17999267578125,145.0687255859375,268.3478698730469,311.08587646484375,135.41925048828125,30.600000381469727,64.21390533447266
2020-08-19,38.72681427001953,182.24000549316406,145.07797241210938,266.5426330566406,309.7906494140625,134.5727081298828,30.65999984741211,63.08610153198242
2020-08-20,38.604156494140625,183.5,144.4842987060547,270.2400817871094,310.7551574707031,135.78915405273438,30.520000457763672,63.68550109863281
2020-08-21,38.79690933227539,182.02999877929688,143.41758728027344,272.11297607421875,311.8575134277344,136.6028594970703,30.18000030517578,63.78801727294922
2020-08-24,39.226234436035156,181.0,144.92022705078125,273.8118896484375,315.017578125,136.38084411621094,30.350000381469727,64.19812774658203
2020-08-25,39.62051010131836,181.22000122070312,145.07797241210938,275.9647216796875,316.1200256347656,135.33706665039062,30.920000076293945,64.36373901367188
2020-08-26,39.72565460205078,183.36000061035156,144.1689453125,281.8537292480469,319.289306640625,134.8192596435547,30.93000030517578,63.77223587036133
2020-08-27,39.3927116394043,181.24000549316406,144.52137756347656,280.97509765625,319.9874267578125,132.52610778808594,30.670000076293945,64.71075439453125
2020-08-28,39.909645080566406,184.38999938964844,145.74583435058594,282.4039611816406,322.0544128417969,132.42747497558594,30.719999313354492,65.13662719726562
2020-08-31,39.024715423583984,184.8300018310547,144.17822265625,284.6726379394531,320.8876647949219,133.30694580078125,30.579999923706055,64.47418975830078
2020-09-01,39.69060516357422,185.0500030517578,145.82933044433594,289.5381774902344,323.9100646972656,134.83164978027344,30.610000610351562,64.521484375
2020-09-02,39.5854606628418,182.6199951171875,146.9888458251953,292.27984619140625,328.59503173828125,136.11529541015625,29.860000610351562,65.72026824951172
2020-09-03,38.83195877075195,181.13999938964844,142.64764404296875,277.461181640625,317.2867126464844,136.50204467773438,29.639999389648438,64.93161010742188
2020-09-04,38.84947967529297,181.63999938964844,141.7386016845703,273.7637023925781,314.69610595703125,133.9100341796875,28.510000228881836,64.59246063232422
2020-09-08,38.17482376098633,181.2899932861328,139.01138305664062,260.6055908203125,306.0976867675781,134.7329559326172,26.75,63.803768157958984
2020-09-09,38.74433898925781,183.0500030517578,141.11708068847656,268.26104736328125,312.14227294921875,134.37088012695312,27.40999984741211,64.43473052978516
2020-09-10,38.12225341796875,182.4600067138672,139.28041076660156,262.9128112792969,306.7223815917969,135.0537872314453,26.790000915527344,63.646053314208984
2020-09-11,38.49025344848633,182.4499969482422,138.35276794433594,261.0882568359375,306.8785705566406,135.34188842773438,27.040000915527344,63.291160583496094
2020-09-14,39.11233139038086,183.88999938964844,141.998291015625,265.6351623535156,310.9205322265625,135.33363342285156,26.940000534057617,64.83696746826172
2020-09-15,39.524139404296875,183.4499969482422,142.26730346679688,269.4001770019531,312.49139404296875,135.00445556640625,27.520000457763672,65.61773681640625
2020-09-16,39.471561431884766,183.97000122070312,143.61231994628906,265.104248046875,311.2511901855469,134.60130310058594,28.700000762939453,65.96476745605469
2020-09-17,39.31385040283203,182.9600067138672,142.56414794921875,260.9627685546875,308.5137023925781,135.0127410888672,29.229999542236328,64.67921447753906
2020-09-18,39.00719451904297,183.1999969482422,142.19309997558594,257.6321105957031,304.9618835449219,134.5930633544922,29.059999465942383,63.22016906738281
2020-09-21,38.64796447753906,179.52000427246094,137.21182250976562,258.24993896484375,301.5677185058594,135.27593994140625,28.290000915527344,61.3194580078125
2020-09-22,38.358821868896484,178.64999389648438,138.2693328857422,263.04791259765625,304.6390686035156,135.16908264160156,28.170000076293945,62.05292510986328
2020-09-23,37.76302719116211,174.7899932861328,134.14993286132812,255.0159912109375,297.5741882324219,135.35008239746094,28.030000686645508,60.183773040771484
2020-09-24,37.587791442871094,175.44000244140625,134.14993286132812,256.2033996582031,298.3673400878906,135.86843872070312,28.5,60.50712203979492
2020-09-25,37.622840881347656,174.94000244140625,136.32882690429688,262.1598815917969,303.1910095214844,135.86843872070312,28.350000381469727,61.75493240356445
2020-09-28,38.043392181396484,176.6999969482422,139.6902313232422,267.6046447753906,308.22686767578125,135.48170471191406,28.690000534057617,63.0186653137207
2020-09-29,38.017112731933594,178.19000244140625,139.0570831298828,266.39794921875,306.5482482910156,135.63809204101562,27.700000762939453,62.56562042236328
2020-09-30,38.63043975830078,177.1199951171875,139.47607421875,268.222412109375,308.8725280761719,134.33795166015625,28.290000915527344,62.7563591003418
2020-10-01,38.98966598510742,178.6999969482422,141.70150756835938,272.479736328125,310.8554992675781,134.55950927734375,27.510000228881836,64.01214599609375
2020-10-02,38.54282760620117,178.5399932861328,142.3253936767578,264.8146057128906,307.9040832519531,134.05706787109375,26.350000381469727,65.11689758300781
2020-10-05,39.059757232666016,179.41000366210938,146.25482177734375,270.4621276855469,313.3641662597656,131.43772888183594,27.93000030517578,65.49044036865234
2020-10-06,39.12985610961914,177.3000030517578,145.83580017089844,265.6351623535156,308.9094543457031,132.1460723876953,28.389999389648438,65.0612564086914
2020-10-07,39.559181213378906,177.22000122070312,149.02032470703125,270.2304382324219,314.2865295410156,131.18235778808594,28.389999389648438,65.1566390991211
2020-10-08,39.88336944580078,177.85000610351562,150.7149658203125,271.6688232421875,317.0718078613281,131.89076232910156,29.139999389648438,66.24549865722656
2020-10-09,40.154972076416016,181.0800018310547,151.4971466064453,275.82000732421875,319.9033203125,131.86607360839844,28.690000534057617,65.98320770263672
2020-10-12,40.50545120239258,180.55999755859375,152.5120849609375,284.33477783203125,325.04974365234375,132.2861328125,28.06999969482422,66.29317474365234
2020-10-13,40.3389778137207,177.72000122070312,151.4971466064453,284.3249816894531,322.9284973144531,133.23338317871094,28.459999084472656,65.1566390991211
2020-10-14,40.067359924316406,178.27000427246094,149.9979705810547,281.9502258300781,320.8993225097656,133.53811645507812,28.979999542236328,64.36185455322266
2020-10-15,39.778221130371094,178.9199981689453,151.54368591308594,280.0579528808594,320.5028076171875,133.30743408203125,28.940000534057617,64.6956558227539
2020-10-16,39.91841125488281,178.3000030517578,151.17127990722656,278.5230407714844,320.30908203125,132.9369354248047,28.719999313354492,64.23468780517578
2020-10-19,39.80451202392578,178.38999938964844,149.36485290527344,273.97607421875,315.4393310546875,132.4343719482422,28.59000015258789,63.23326110839844
2020-10-20,40.24258804321289,179.25,149.6907196044922,274.5650329589844,316.7029113769531,131.17416381835938,29.049999237060547,63.686283111572266
2020-10-21,40.35649871826172,180.60000610351562,148.40576171875,274.3525695800781,316.1033630371094,130.72113037109375,28.100000381469727,63.49553680419922
2020-10-22,40.34773635864258,178.8300018310547,150.9663848876953,274.3429870605469,317.8373107910156,129.36195373535156,28.510000228881836,63.48758316040039
2020-10-23,40.584293365478516,178.63999938964844,151.84165954589844,274.8835144042969,318.91644287109375,130.15277099609375,27.8799991607666,63.869075775146484
2020-10-26,40.058597564697266,178.5500030517578,148.56402587890625,270.7613830566406,313.02294921875,131.3635711669922,27.110000610351562,62.9550666809082
2020-10-27,40.23383331298828,179.02000427246094,147.2883758544922,272.87554931640625,311.9438171386719,132.2449951171875,27.690000534057617,61.9456901550293
2020-10-28,39.226234436035156,176.1300048828125,142.7537078857422,262.2370300292969,301.28192138671875,132.36851501464844,26.309999465942383,60.4673957824707
2020-10-29,39.62051010131836,175.39999389648438,144.45770263671875,266.8226318359375,304.34393310546875,131.08348083496094,25.600000381469727,61.27806854248047
2020-10-30,39.17366027832031,176.1999969482422,142.54885864257812,260.0552673339844,301.17120361328125,129.79031372070312,25.25,60.872737884521484
2020-11-02,39.67307662963867,177.91000366210938,145.09091186523438,260.6344909667969,304.54681396484375,130.7624969482422,26.260000228881836,62.32717514038086
2020-11-03,39.84832000732422,178.9199981689453,149.20652770996094,265.14288330078125,309.92388916015625,130.00390625,26.719999313354492,63.527320861816406
2020-11-04,41.10124588012695,178.82000732421875,149.3741455078125,276.97845458984375,316.8504333496094,132.82398986816406,27.440000534057617,63.638572692871094
2020-11-05,41.802181243896484,182.92999267578125,153.55496215820312,284.1995544433594,323.0299377441406,133.05482482910156,27.15999984741211,63.940608978271484
2020-11-06,41.994937896728516,183.19000244140625,152.35379028320312,284.4119567871094,322.9561462402344,131.44696044921875,26.469999313354492,63.50347137451172
2020-11-09,42.28407287597656,175.0800018310547,157.87550354003906,278.60040283203125,327.0142822265625,128.6845245361328,28.06999969482422,65.75271606445312
2020-11-10,41.802181243896484,175.66000366210938,160.80857849121094,273.6092834472656,326.53472900390625,127.9424819946289,28.90999984741211,66.71442413330078
2020-11-11,42.073795318603516,174.89999389648438,160.743408203125,279.7298278808594,328.96044921875,128.40419006347656,29.040000915527344,66.96874237060547
2020-11-12,41.75838088989258,175.9600067138672,158.27590942382812,278.4169616699219,325.7691955566406,130.5892791748047,28.65999984741211,66.094482421875
2020-11-13,42.34540557861328,177.16000366210938,161.55352783203125,280.8593444824219,330.2793273925781,130.4161834716797,28.1299991607666,67.85888671875
2020-11-16,42.871116638183594,177.14999389648438,165.39910888671875,283.05072021484375,334.4020690917969,130.10276794433594,28.809999465942383,68.62190246582031
2020-11-17,42.827308654785156,176.5,166.17198181152344,282.1529235839844,332.6035461425781,130.95213317871094,28.8700008392334,68.68547821044922
2020-11-18,42.678348541259766,175.49000549316406,163.8441162109375,280.0676574707031,328.60064697265625,131.33145141601562,29.0,67.35025024414062
2020-11-19,42.748451232910156,175.16000366210938,165.10116577148438,282.2591552734375,329.9841613769531,132.0076446533203,29.09000015258789,67.6125259399414
2020-11-20,42.98501205444336,175.69000244140625,165.278076171875,280.32830810546875,327.72454833984375,133.17852783203125,29.270000457763672,67.2469253540039
2020-11-23,43.09891891479492,172.22999572753906,168.36949157714844,280.3380432128906,329.6890563964844,132.5682830810547,29.520000457763672,67.37407684326172
2020-11-24,43.677181243896484,169.58999633789062,171.53533935546875,284.27679443359375,335.0015563964844,131.24899291992188,30.799999237060547,67.73172760009766
2020-11-25,43.43185806274414,169.50999450683594,170.94876098632812,286.02410888671875,334.48504638671875,130.84498596191406,31.3700008392334,67.77145385742188
2020-11-27,43.843658447265625,167.7899932861328,171.675048828125,288.6596374511719,335.4165344238281,132.11489868164062,31.219999313354492,67.46945190429688
2020-11-30,42.69587326049805,166.6699981689453,168.5557403564453,289.24847412109375,333.93170166015625,131.94998168945312,30.969999313354492,66.76211547851562
2020-12-01,43.53700256347656,170.17999267578125,170.1200408935547,292.95556640625,337.583984375,130.00439453125,30.6200008392334,67.62046813964844
2020-12-02,43.59833526611328,171.4600067138672,170.2969207763672,293.3320617675781,338.294189453125,128.9725799560547,30.969999313354492,67.08795166015625
2020-12-03,44.09775924682617,172.80999755859375,171.25607299804688,293.7471618652344,338.2019958496094,130.0126495361328,31.25,67.65225982666016
2020-12-04,44.55336380004883,172.32000732421875,175.24131774902344,294.94427490234375,341.11639404296875,128.10594177246094,31.559999465942383,68.68547821044922
2020-12-07,44.55336380004883,174.88999938964844,175.40892028808594,296.6142883300781,340.41552734375,129.2615203857422,31.399999618530273,68.08939361572266
2020-12-08,44.57088851928711,175.5,177.6623077392578,297.6183776855469,341.41162109375,129.87229919433594,31.40999984741211,67.85094451904297
2020-12-09,44.18537521362305,172.5,176.36798095703125,290.8800354003906,338.34954833984375,129.44305419921875,31.34000015258789,67.42971801757812
2020-12-10,44.754886627197266,172.1699981689453,178.07205200195312,292.0480651855469,338.23883056640625,130.59042358398438,32.11000061035156,67.13565063476562
2020-12-11,44.43946075439453,172.49000549316406,177.1967315673828,291.4013366699219,337.8421936035156,131.05270385742188,31.940000534057617,67.07207489013672
2020-12-14,44.20841979980469,171.5399932861328,177.4040985107422,293.5155029296875,336.32965087890625,130.6894989013672,32.16999816894531,66.77798461914062
2020-12-15,44.686439514160156,173.94000244140625,181.84085083007812,296.65301513671875,340.8766784667969,130.25198364257812,32.540000915527344,68.14501953125
2020-12-16,44.89889144897461,174.89999389648438,181.18698120117188,298.28448486328125,341.41162109375,129.90533447265625,32.7400016784668,68.22450256347656
2020-12-17,45.19101333618164,176.74000549316406,183.34461975097656,300.23468017578125,343.32073974609375,129.56161499023438,33.15999984741211,68.8841781616211
2020-12-18,45.13790512084961,176.44000244140625,182.457275390625,299.32708740234375,341.9499206542969,129.17327880859375,33.47999954223633,67.50123596191406
2020-12-21,44.47398376464844,175.8800048828125,182.36390686035156,298.76708984375,340.727294921875,129.685546875,32.63999938964844,67.1197509765625
2020-12-22,44.11989212036133,174.49000549316406,184.43748474121094,299.57952880859375,340.1530456542969,130.35484313964844,32.09000015258789,67.58869171142578
2020-12-23,44.571353912353516,175.64999389648438,186.0066680908203,298.0707702636719,340.45867919921875,129.4542236328125,32.75,67.15154266357422
2020-12-24,44.37660598754883,176.35000610351562,185.8852996826172,299.38604736328125,341.783203125,129.96646118164062,32.91999816894531,67.73945617675781
2020-12-28,44.50053787231445,175.7100067138672,185.19407653808594,302.4035949707031,344.7193298339844,130.0243377685547,32.59000015258789,68.14325714111328
2020-12-29,45.16446304321289,176.35000610351562,181.60728454589844,302.67437744140625,344.061767578125,129.85911560058594,32.779998779296875,67.5617904663086
2020-12-30,45.76641845703125,177.6999969482422,183.45677185058594,302.6840515136719,344.5526428222656,130.14004516601562,32.90999984741211,67.93328094482422
2020-12-31,45.739864349365234,178.36000061035156,183.12977600097656,303.4287414550781,346.3033142089844,130.3300323486328,33.0099983215332,68.58741760253906
2021-01-04,46.031986236572266,182.3300018310547,180.73867797851562,299.144287109375,341.5887451171875,130.17300415039062,32.380001068115234,66.3584976196289
2021-01-05,47.13853073120117,182.8699951171875,183.53147888183594,301.6104736328125,343.94134521484375,129.20620727539062,33.939998626708984,66.45542907714844
2021-01-06,46.74017333984375,179.89999389648438,191.0411834716797,297.43243408203125,345.99755859375,126.55390167236328,34.11000061035156,66.5684814453125
2021-01-07,47.18278884887695,179.47999572753906,194.44113159179688,304.6279602050781,351.1382141113281,125.43848419189453,34.529998779296875,66.43924713134766
2021-01-08,48.43096160888672,173.33999633789062,194.0208282470703,308.5448913574219,353.138916015625,125.03356170654297,35.43000030517578,67.08531951904297
2021-01-11,47.77589797973633,173.0,193.8527069091797,304.08642578125,350.7584533691406,124.8270034790039,35.2599983215332,66.19699096679688
2021-01-12,48.24506378173828,174.1199951171875,197.32736206054688,303.6028137207031,350.8326110839844,124.727783203125,35.900001525878906,66.35042572021484
2021-01-13,48.351287841796875,173.3699951171875,195.9169158935547,305.6531066894531,351.77740478515625,126.13248443603516,35.79999923706055,67.15800476074219
2021-01-14,48.80276107788086,173.27999877929688,199.83058166503906,304.01861572265625,350.54547119140625,124.95093536376953,36.2400016784668,67.55370330810547
2021-01-15,48.112281799316406,171.1300048828125,196.8509979248047,301.6104736328125,347.98907470703125,125.44670104980469,35.34000015258789,68.3290023803711
2021-01-19,48.908992767333984,172.5800018310547,199.37290954589844,306.0110168457031,350.721435546875,125.85154724121094,35.75,68.13517761230469
2021-01-20,49.76766586303711,175.38999938964844,200.2509307861328,313.1290588378906,355.574951171875,125.97550964355469,35.790000915527344,69.43537139892578
2021-01-21,49.856178283691406,175.27999877929688,198.51364135742188,315.63397216796875,355.8991394042969,125.09139251708984,35.7599983215332,69.10426330566406
2021-01-22,49.422420501708984,173.89999389648438,200.82070922851562,314.72491455078125,354.6394348144531,125.49633026123047,35.22999954223633,69.26577758789062
2021-01-25,49.794219970703125,174.0500030517578,200.62454223632812,317.326416015625,356.0380859375,126.97533416748047,35.59000015258789,69.79069519042969
2021-01-26,49.4312744140625,173.6199951171875,199.23281860351562,317.7906188964844,355.4823913574219,126.73570251464844,35.45000076293945,70.28331756591797
2021-01-27,48.059173583984375,172.52000427246094,195.5806884765625,308.93157958984375,346.7941589355469,127.05799865722656,35.5,69.03964233398438
2021-01-28,48.39554977416992,172.67999267578125,194.9549102783203,310.7595520019531,349.77667236328125,126.3555908203125,35.25,69.41114807128906
2021-01-29,47.191646575927734,172.61000061035156,192.0032958984375,304.2217712402344,342.7742919921875,125.59539794921875,35.18000030517578,68.61165618896484
2021-02-01,48.46636962890625,174.22999572753906,196.72023010253906,311.82342529296875,348.47998046875,125.74100494384766,36.119998931884766,70.1783447265625
2021-02-02,49.09489059448242,172.11000061035156,199.52235412597656,316.9106140136719,353.4075622558594,124.93033599853516,36.81999969482422,70.5982894897461
2021-02-03,49.34275817871094,171.85000610351562,200.1201629638672,315.6532897949219,353.6853942871094,123.82183837890625,37.439998626708984,70.42062377929688
2021-02-04,49.360450744628906,168.14999389648438,204.20199584960938,319.3863830566406,357.705322265625,123.49088287353516,37.810001373291016,70.90514373779297
2021-02-05,49.785362243652344,169.80999755859375,207.0321502685547,320.4696044921875,359.1130676269531,122.45680236816406,38.189998626708984,71.15550231933594
2021-02-08,49.87389373779297,171.52000427246094,212.31887817382812,322.6165771484375,361.7066955566406,122.9945068359375,38.939998626708984,71.54313659667969
2021-02-09,50.405025482177734,172.0800018310547,213.31829833984375,322.5490417480469,361.46588134765625,123.08551788330078,39.16999816894531,71.7934799194336
2021-02-10,50.58207702636719,172.7100067138672,211.91720581054688,321.8139343261719,361.3084411621094,123.90447998046875,39.279998779296875,72.18112182617188
2021-02-11,51.12206268310547,171.2100067138672,211.67434692382812,323.5838317871094,361.89190673828125,123.22618103027344,38.970001220703125,72.33458709716797
2021-02-12,51.16632843017578,170.69000244140625,212.27215576171875,325.39239501953125,363.6795959472656,121.69577026367188,39.939998626708984,72.35072326660156
2021-02-16,51.290260314941406,168.24000549316406,210.93650817871094,324.51220703125,363.36468505859375,119.84281921386719,40.45000076293945,71.7934799194336
2021-02-17,51.307960510253906,166.3300018310547,209.283203125,322.9551086425781,363.4480285644531,120.60379028320312,40.88999938964844,71.70464324951172
2021-02-18,50.59977722167969,166.32000732421875,206.0420379638672,321.5431823730469,361.901123046875,120.11573791503906,40.27000045776367,71.39776611328125
2021-02-19,50.927310943603516,167.00999450683594,210.3386993408203,320.14080810546875,361.2620849609375,118.5191879272461,39.68000030517578,71.80963897705078
2021-02-22,49.4312744140625,169.50999450683594,208.9749755859375,311.8427734375,358.48333740234375,117.61750793457031,41.279998779296875,72.4072494506836
2021-02-23,49.65258026123047,169.1199951171875,207.1348876953125,310.9143981933594,358.9185791015625,117.2783432006836,41.619998931884766,72.85951232910156
2021-02-24,49.33389663696289,169.0,212.02932739257812,313.47723388671875,362.8737487792969,116.50899505615234,42.5,73.4167251586914
2021-02-25,48.209659576416016,165.82000732421875,204.19264221191406,302.54864501953125,354.1300964355469,114.60627746582031,42.459999084472656,72.01154327392578
2021-02-26,47.56344223022461,161.80999755859375,203.91246032714844,303.81561279296875,352.3053283691406,118.39507293701172,41.310001373291016,70.96168518066406
2021-03-01,48.838165283203125,161.52999877929688,211.1606903076172,312.95501708984375,360.84527587890625,116.83140563964844,40.599998474121094,71.27664947509766
2021-03-02,48.360145568847656,162.41000366210938,207.09751892089844,307.935546875,358.029541015625,116.83963775634766,40.06999969482422,70.59020233154297
2021-03-03,48.26277160644531,160.6199951171875,204.8558349609375,298.9992370605469,353.28717041015625,115.57247924804688,41.13999938964844,70.1864242553711
2021-03-04,47.13853073120117,159.0399932861328,199.13011169433594,294.1054992675781,348.915283203125,114.82707214355469,43.06999969482422,69.38691711425781
2021-03-05,47.6519660949707,159.13999938964844,203.35195922851562,298.5350036621094,355.3341064453125,115.05068969726562,44.439998626708984,70.14604187011719
2021-03-08,46.36837387084961,157.49000549316406,204.31405639648438,290.08221435546875,353.56500244140625,114.15613555908203,43.5,70.75172424316406
2021-03-09,47.38639831542969,160.83999633789062,208.61065673828125,301.5234680175781,358.6130065917969,115.73810577392578,43.11000061035156,71.22012329101562
2021-03-10,47.17393493652344,161.66000366210938,212.23480224609375,300.66278076171875,360.84527587890625,115.97000122070312,43.7400016784668,71.93080139160156
2021-03-11,48.66112518310547,161.52000427246094,216.90509033203125,307.5874938964844,364.50390625,115.13348388671875,44.599998474121094,72.77066040039062
2021-03-12,47.79359436035156,161.49000549316406,218.18470764160156,305.09222412109375,364.9948425292969,112.6902084350586,44.349998474121094,73.99010467529297
2021-03-15,47.9086799621582,162.1999969482422,218.95994567871094,308.3514709472656,367.1714782714844,113.352783203125,44.2599983215332,75.08840942382812
2021-03-16,48.112281799316406,162.35000610351562,215.29847717285156,310.04388427734375,366.7083740234375,112.8972396850586,43.83000183105469,74.78152465820312
2021-03-17,48.174251556396484,163.50999450683594,216.98910522460938,311.3204345703125,367.9588317871094,112.0524673461914,43.81999969482422,74.84612274169922
2021-03-18,47.28901290893555,162.55999755859375,210.3854217529297,301.78466796875,362.6051330566406,110.91778564453125,40.470001220703125,74.08699798583984
2021-03-19,47.873268127441406,163.24000549316406,211.97323608398438,302.848388671875,361.9342041015625,111.60519409179688,41.77000045776367,73.0775375366211
2021-03-22,47.731632232666016,163.0,210.37603759765625,308.52783203125,364.82421875,112.85585021972656,41.709999084472656,73.5943832397461
2021-03-23,46.81984329223633,161.80999755859375,202.744873046875,307.181884765625,361.9527587890625,113.87454986572266,39.369998931884766,73.48938751220703
2021-03-24,45.74871063232422,162.3699951171875,198.05592346191406,302.00115966796875,360.1127014160156,114.48746490478516,41.45000076293945,73.0775375366211
2021-03-25,45.96117401123047,161.77999877929688,202.7517852783203,301.4781494140625,362.1386413574219,113.58467864990234,39.88999938964844,73.82160186767578
2021-03-26,47.15623092651367,162.24000549316406,206.4482421875,306.00042724609375,367.9744567871094,113.18717193603516,41.529998779296875,75.4136962890625
2021-03-29,46.828697204589844,160.30999755859375,200.6369171142578,305.913330078125,367.7886047363281,112.22636413574219,41.91999816894531,74.97506713867188
2021-03-30,46.979183197021484,157.57000732421875,204.01515197753906,304.3735656738281,366.8128967285156,112.81442260742188,41.16999816894531,75.07254028320312
2021-03-31,47.21820068359375,159.9600067138672,206.75706481933594,309.0314636230469,368.2996520996094,112.18494415283203,40.529998779296875,74.6176528930664
2021-04-01,47.67851638793945,161.97999572753906,209.3773193359375,314.2992248535156,372.2769775390625,114.0468978881836,41.84000015258789,75.97418212890625
2021-04-05,47.86441421508789,161.9199981689453,210.52833557128906,320.5741271972656,377.620361328125,113.54932403564453,40.279998779296875,76.26661682128906
2021-04-06,48.12998580932617,163.22000122070312,209.91070556640625,320.3515319824219,377.3973083496094,114.32063293457031,40.70000076293945,76.46155548095703
2021-04-07,47.42180252075195,162.75999450683594,206.52308654785156,321.1260986328125,377.8340148925781,113.52442932128906,40.86000061035156,76.51844024658203
2021-04-08,47.81129837036133,164.50999450683594,208.2730712890625,324.47662353515625,379.6276550292969,114.4615478515625,40.81999969482422,76.23410034179688
2021-04-09,47.40408706665039,163.27000427246094,208.30116271972656,326.4423522949219,382.3875427246094,114.0468978881836,40.63999938964844,76.14476013183594
2021-04-12,47.120819091796875,162.27999877929688,207.48699951171875,326.0163269042969,382.5269470214844,113.99711608886719,40.900001525878906,76.59154510498047
2021-04-13,47.31557083129883,163.42999267578125,206.94419860839844,329.8220520019531,383.66070556640625,114.85138702392578,41.400001525878906,76.97332000732422
2021-04-14,47.55458068847656,162.72000122070312,208.98428344726562,325.8614807128906,382.3503723144531,114.4864273071289,43.040000915527344,76.56716918945312
2021-04-15,47.98834228515625,165.35000610351562,209.89202880859375,330.800048828125,386.4577331542969,116.4023208618164,43.27000045776367,77.90746307373047
2021-04-16,48.112281799316406,166.35000610351562,210.22889709472656,331.1873779296875,387.74951171875,115.49827575683594,43.18000030517578,78.07804107666016
2021-04-19,47.935237884521484,165.88999938964844,207.496337890625,328.1563720703125,385.84442138671875,115.16653442382812,43.31999969482422,78.23236846923828
2021-04-20,47.54572677612305,166.47999572753906,203.24777221679688,325.7646179199219,383.0193786621094,115.69730377197266,42.7400016784668,78.87409210205078
2021-04-21,47.837860107421875,168.1300048828125,208.21690368652344,328.5534362792969,386.64361572265625,115.92957305908203,41.77000045776367,79.39395141601562
2021-04-22,47.6696662902832,167.0399932861328,207.35598754882812,324.5928955078125,383.11236572265625,116.43550872802734,42.09000015258789,78.96346282958984
2021-04-23,48.360145568847656,166.39999389648438,211.26766967773438,328.6794128417969,387.2662658691406,116.1618423461914,42.459999084472656,79.42646026611328
2021-04-26,48.42211151123047,166.83999633789062,213.46681213378906,330.8194274902344,388.0746765136719,115.9959487915039,42.33000183105469,79.66201782226562
2021-04-27,48.39554977416992,166.4199981689453,213.7849578857422,329.38623046875,387.9910583496094,114.9841079711914,43.11000061035156,79.65390014648438
2021-04-28,48.75850296020508,166.91000366210938,214.14993286132812,328.2725524902344,387.87957763671875,115.0587158203125,43.529998779296875,79.48332214355469
2021-04-29,48.64341735839844,166.22000122070312,213.35452270507812,329.45404052734375,390.35137939453125,114.71875,44.2599983215332,80.16565704345703
2021-04-30,47.78474807739258,165.66000366210938,210.45346069335938,327.2945251464844,387.7865905761719,114.9841079711914,43.27000045776367,80.4824447631836
2021-05-03,47.78474807739258,167.80999755859375,211.48289489746094,325.5515441894531,388.6229553222656,115.05302429199219,43.97999954223633,80.32810974121094
2021-05-04,47.244747161865234,166.5800018310547,208.9561767578125,319.693115234375,386.2254638671875,115.833740234375,44.869998931884766,79.80823516845703
2021-05-05,47.466060638427734,167.27000427246094,208.12332153320312,318.6181335449219,386.34625244140625,116.02482604980469,44.65999984741211,78.48418426513672
2021-05-06,47.91753387451172,170.05999755859375,208.30116271972656,321.0196533203125,389.4314270019531,116.2158203125,44.40999984741211,78.9228515625
2021-05-07,48.41325759887695,171.58999633789062,210.92135620117188,323.62451171875,392.2657470703125,115.64273071289062,44.43000030517578,79.96256256103516
2021-05-10,47.54572677612305,172.11000061035156,205.55921936035156,315.4515380859375,388.3814392089844,114.47166442871094,44.47999954223633,79.9382095336914
2021-05-11,47.41294860839844,172.13999938964844,204.90419006347656,315.0158996582031,384.9151916503906,113.82377624511719,44.869998931884766,78.93096160888672
2021-05-12,46.10280990600586,170.42999267578125,198.2505645751953,306.8622741699219,376.73748779296875,112.62771606445312,45.220001220703125,76.93268585205078
2021-05-13,46.04084777832031,171.1300048828125,201.90023803710938,309.2347412109375,381.26312255859375,112.8021240234375,43.810001373291016,77.93182373046875
2021-05-14,46.872955322265625,172.69000244140625,206.83193969726562,316.0616455078125,387.11749267578125,113.85699462890625,44.709999084472656,78.85784149169922
2021-05-17,46.828697204589844,174.6999969482422,207.11270141601562,314.1443176269531,386.1325378417969,113.6160659790039,45.38999938964844,78.93909454345703
2021-05-18,47.457210540771484,175.0399932861328,205.5404815673828,312.023681640625,382.80572509765625,113.32540130615234,44.84000015258789,78.95532989501953
2021-05-19,47.31557083129883,175.16000366210938,203.95896911621094,312.3818359375,381.8021240234375,113.05133819580078,43.43000030517578,78.70352172851562
2021-05-20,47.589996337890625,175.9600067138672,205.31591796875,318.4244384765625,385.9095764160156,113.98155975341797,42.47999954223633,79.58890533447266
2021-05-21,47.04115295410156,176.0399932861328,205.8493194580078,316.6620788574219,385.5935974121094,114.34705352783203,43.70000076293945,79.5076904296875
2021-05-24,47.43065643310547,176.35000610351562,207.1875457763672,321.9880065917969,389.52435302734375,114.77062225341797,45.02000045776367,80.49868774414062
2021-05-25,47.899818420410156,177.9499969482422,205.18490600585938,322.4334411621094,388.66009521484375,115.833740234375,44.91999816894531,80.47433471679688
2021-05-26,48.2539176940918,177.63999938964844,209.01231384277344,323.5567321777344,389.4314270019531,115.63443756103516,45.20000076293945,80.83172607421875
2021-05-27,48.26277160644531,177.7100067138672,211.16468811035156,322.3462829589844,389.63592529296875,115.16934204101562,45.54999923706055,80.64491271972656
2021-05-28,48.572601318359375,178.3800048828125,211.02438354492188,323.363037109375,390.3327941894531,114.98656463623047,45.41999816894531,81.13227844238281
2021-06-01,49.57291030883789,177.89999389648438,213.41998291015625,322.28814697265625,389.989013671875,114.96083068847656,46.33000183105469,82.59441375732422
2021-06-02,49.65258026123047,178.77000427246094,213.6726837158203,322.91766357421875,390.6022644042969,115.2269515991211,46.900001525878906,83.5610580444336
2021-06-03,49.12144088745117,175.27000427246094,211.88526916503906,319.55743408203125,389.15264892578125,114.79440307617188,46.970001220703125,83.25238037109375
2021-06-04,49.564064025878906,177.16000366210938,212.80233764648438,324.980224609375,392.7118835449219,116.36650085449219,47.2599983215332,83.29300689697266
2021-06-07,49.31619644165039,177.8699951171875,215.65658569335938,325.9485778808594,392.330810546875,116.00883483886719,47.27000045776367,84.27587127685547
2021-06-08,49.07717514038086,177.32000732421875,217.93995666503906,326.103515625,392.41448974609375,116.82401275634766,47.880001068115234,84.97444915771484
2021-06-09,48.935546875,176.97999572753906,216.4894256591797,326.1808776855469,391.8289489746094,117.85541534423828,47.58000183105469,85.08818054199219
2021-06-10,49.32764434814453,177.74000549316406,214.88401794433594,329.57989501953125,393.65032958984375,118.56242370605469,47.83000183105469,85.69739532470703
2021-06-11,49.158714294433594,175.74000549316406,217.1520538330078,330.4417419433594,394.3008117675781,118.37113189697266,48.06999969482422,85.35623168945312
2021-06-14,49.29207229614258,174.7100067138672,216.5147247314453,333.6082763671875,395.1837158203125,117.46443939208984,48.31999969482422,85.68926239013672
2021-06-15,48.95421600341797,174.0500030517578,215.89620971679688,331.4295349121094,394.4588317871094,117.32304382324219,48.97999954223633,84.77136993408203
2021-06-16,48.28738784790039,171.11000061035156,215.43692016601562,330.218994140625,392.2565002441406,117.22330474853516,48.75,84.218994140625
2021-06-17,48.554115295410156,165.85000610351562,213.0189208984375,334.41204833984375,392.1263427734375,118.97831726074219,48.040000915527344,84.11341094970703
2021-06-18,48.21625518798828,164.92999267578125,208.1829376220703,331.7877197265625,386.83642578125,121.21580505371094,48.36000061035156,82.68376159667969
2021-06-21,48.420745849609375,166.9499969482422,212.6346893310547,333.8497619628906,392.37432861328125,119.18627166748047,49.36000061035156,84.38958740234375
2021-06-22,48.19847106933594,166.25,213.5999755859375,336.96185302734375,394.4720764160156,119.4773941040039,49.41999816894531,83.95094299316406
2021-06-23,48.49188232421875,166.13999938964844,214.30296325683594,337.12664794921875,393.99658203125,119.16959381103516,49.720001220703125,83.80474090576172
2021-06-24,48.93643569946289,166.0399932861328,217.3301239013672,339.2110595703125,396.327392578125,119.36092376708984,49.84000015258789,83.62393951416016
2021-06-25,49.345420837402344,166.58999633789062,217.69566345214844,338.79412841796875,397.7351379394531,118.12158203125,50.25,84.18841552734375
2021-06-28,49.389869689941406,166.5800018310547,215.97116088867188,342.9144592285156,398.5369567871094,119.33599853515625,49.540000915527344,83.9429931640625
2021-06-29,49.35430908203125,164.8300018310547,214.94021606445312,344.1554260253906,398.7512512207031,119.53564453125,49.88999938964844,83.71391296386719
2021-06-30,49.03422927856445,165.6300048828125,214.96832275390625,343.6123962402344,399.0869445800781,120.06794738769531,49.880001068115234,83.27217102050781
2021-07-01,48.758609771728516,166.1999969482422,216.86151123046875,343.7482604980469,401.2966003417969,120.07464599609375,50.619998931884766,83.63211059570312
2021-07-02,48.70526123046875,167.2899932861328,214.79966735839844,347.6939697265625,404.36395263671875,120.79920959472656,50.93000030517578,83.88573455810547
2021-07-06,47.851722717285156,168.1199951171875,211.67872619628906,349.1966552734375,403.62738037109375,122.21512603759766,49.900001525878906,84.49927520751953
2021-07-07,47.798377990722656,168.75999450683594,209.71058654785156,349.9334716796875,405.0538330078125,123.29782104492188,48.65999984741211,84.79380798339844
2021-07-08,46.80257797241211,168.64999389648438,207.77992248535156,347.820068359375,401.7534484863281,123.78083038330078,49.52000045776367,84.55655670166016
2021-07-09,47.61166763305664,169.2100067138672,212.1661376953125,349.9916076660156,406.0421447753906,122.0401611328125,50.40999984741211,85.9472885131836
2021-07-12,47.656124114990234,169.0,212.34414672851562,351.358642578125,407.4964294433594,121.8819580078125,50.310001373291016,86.68354797363281
2021-07-13,47.70057678222656,169.22000122070312,208.34225463867188,351.358642578125,406.1073303222656,120.94910430908203,51.150001525878906,85.4728012084961
2021-07-14,47.905067443847656,171.0399932861328,205.1276397705078,351.9887390136719,406.71331787109375,122.32335662841797,49.70000076293945,86.06999206542969
2021-07-15,48.02064895629883,171.07000732421875,203.9654998779297,349.5165100097656,405.32421875,123.67256927490234,49.040000915527344,86.20906829833984
2021-07-16,47.64722442626953,169.41000366210938,201.4537353515625,346.685791015625,402.14495849609375,123.43940734863281,49.13999938964844,86.15180206298828
2021-07-19,46.84702682495117,169.61000061035156,198.43589782714844,343.84515380859375,396.2061462402344,126.1462173461914,45.84000015258789,84.58110809326172
2021-07-20,46.99818420410156,169.38999938964844,204.59339904785156,347.8394470214844,401.8839416503906,124.93024444580078,46.5099983215332,86.57719421386719
2021-07-21,47.30047607421875,168.75999450683594,208.11732482910156,350.5248718261719,405.1377258300781,123.34781646728516,48.27000045776367,86.56902313232422
2021-07-22,47.38938903808594,169.08999633789062,204.80894470214844,352.8419189453125,405.986083984375,124.51383209228516,49.16999816894531,85.88185119628906
2021-07-23,46.68699264526367,168.55999755859375,205.7649383544922,356.9622802734375,410.1629638671875,123.68095397949219,49.470001220703125,86.59355926513672
2021-07-26,45.79787826538086,168.16000366210938,206.36474609375,357.2433166503906,411.1697998046875,123.31441497802734,49.66999816894531,86.63447570800781
2021-07-27,44.87321853637695,168.44000244140625,203.95611572265625,353.3072509765625,409.2958984375,124.63038635253906,49.470001220703125,87.12532043457031
2021-07-28,46.0912971496582,169.2899932861328,206.9551544189453,354.66448974609375,409.1280212402344,124.63867950439453,49.720001220703125,86.8226318359375
2021-07-29,46.32245635986328,171.1699981689453,208.5484619140625,355.2947082519531,410.8248291015625,123.9474868774414,50.63999938964844,86.83898162841797
2021-07-30,45.87790298461914,169.82000732421875,207.17076110839844,353.4430236816406,408.82977294921875,124.53052520751953,50.65999984741211,86.95352172851562
2021-08-02,46.20686721801758,169.61000061035156,206.13980102539062,353.4720764160156,407.9720153808594,125.64119720458984,49.18000030517578,86.76536560058594
2021-08-03,46.4024772644043,169.49000549316406,206.99266052246094,355.6146240234375,411.291015625,125.70793151855469,48.849998474121094,86.87171936035156
2021-08-04,46.64253616333008,169.52999877929688,204.41539001464844,356.12847900390625,409.2679443359375,125.96638488769531,47.20000076293945,86.60173797607422
2021-08-05,46.57140350341797,168.86000061035156,208.0892333984375,358.38726806640625,411.85980224609375,125.32434844970703,48.099998474121094,87.61615753173828
2021-08-06,46.180198669433594,164.63999938964844,209.36376953125,356.81671142578125,412.54034423828125,123.2312240600586,47.56999969482422,87.46073913574219
2021-08-09,46.33135223388672,161.72000122070312,208.21102905273438,357.4760437011719,412.2047424316406,122.78932189941406,46.599998474121094,86.99443054199219
2021-08-10,46.39358901977539,161.77000427246094,208.62342834472656,355.6436767578125,412.7174377441406,122.22230529785156,47.68000030517578,86.16817474365234
2021-08-11,46.51805877685547,164.0,209.64498901367188,355.0328674316406,413.74298095703125,122.1472396850586,48.29999923706055,86.67535400390625
2021-08-12,46.109066009521484,164.0399932861328,209.14828491210938,356.3126525878906,414.9829406738281,121.94711303710938,48.099998474121094,86.86354064941406
2021-08-13,45.993492126464844,166.38999938964844,207.2456817626953,357.56329345703125,415.7381286621094,123.87334442138672,47.43000030517578,87.33802032470703
2021-08-16,45.57560348510742,167.22000122070312,205.31509399414062,357.7184143066406,416.7171630859375,124.17355346679688,47.040000915527344,87.2316665649414
2021-08-17,44.739845275878906,166.97000122070312,202.8126983642578,354.5676574707031,413.9855041503906,124.12351989746094,46.58000183105469,87.14166259765625
2021-08-18,44.810977935791016,167.10000610351562,201.04136657714844,351.1550598144531,409.4543762207031,124.54047393798828,45.400001525878906,86.3481674194336
2021-08-19,44.04634094238281,166.61000061035156,198.63275146484375,352.8515319824219,410.08831787109375,125.45771789550781,44.77000045776367,86.76536560058594
2021-08-20,44.010780334472656,166.6999969482422,201.9879608154297,356.5066223144531,413.3514404296875,125.54110717773438,43.43000030517578,87.19893646240234
2021-08-23,44.6776123046875,168.72999572753906,205.8305206298828,361.83868408203125,416.987548828125,125.45771789550781,45.849998474121094,87.03533172607422
2021-08-24,45.69119644165039,168.64999389648438,207.85488891601562,362.9439392089844,417.6493835449219,124.48208618164062,47.369998931884766,86.65084075927734
2021-08-25,45.74454116821289,167.47999572753906,208.58595275878906,363.36077880859375,418.5257873535156,123.44808959960938,47.810001373291016,86.59355926513672
2021-08-26,45.308868408203125,167.6699981689453,206.37413024902344,361.053466796875,416.05511474609375,123.78995513916016,47.47999954223633,86.62627410888672
2021-08-27,45.8690185546875,170.19000244140625,212.19422912597656,364.56292724609375,419.7751159667969,124.6321792602539,48.150001525878906,87.53435516357422
2021-08-30,45.96681594848633,169.35000610351562,211.3225860595703,368.65411376953125,421.62103271484375,124.95738220214844,48.400001525878906,88.40969848632812
2021-08-31,46.598079681396484,169.69000244140625,211.73497009277344,368.353515625,420.9964904785156,124.1067886352539,48.040000915527344,88.8269271850586
2021-09-01,47.193782806396484,169.6999969482422,213.1595458984375,368.9643859863281,421.2201843261719,124.31470489501953,47.93000030517578,90.25037384033203
2021-09-02,46.98039627075195,169.25,214.6403350830078,368.7898254394531,422.51611328125,124.85746765136719,48.95000076293945,90.72486877441406
2021-09-03,47.22935104370117,171.05999755859375,213.64688110351562,369.9241638183594,422.4134826660156,123.72191619873047,48.65999984741211,90.7412338256836
2021-09-07,47.50497055053711,167.7100067138672,212.17550659179688,370.4476318359375,420.9032287597656,122.67826080322266,48.040000915527344,89.71862030029297
2021-09-08,46.811466217041016,167.2899932861328,209.8605499267578,369.1582946777344,420.3904113769531,123.51313018798828,48.59000015258789,90.16854095458984
2021-09-09,46.722557067871094,168.02999877929688,209.75747680664062,367.88824462890625,418.591064453125,125.00775909423828,47.75,88.33607482910156
2021-09-10,46.66921615600586,167.17999267578125,207.7049560546875,365.09619140625,415.2906188964844,123.90557861328125,48.79999923706055,87.04351806640625
2021-09-13,46.79368591308594,167.74000549316406,208.88583374023438,364.8441162109375,416.3534851074219,124.65709686279297,49.47999954223633,87.63252258300781
2021-09-14,46.4024772644043,168.82000732421875,206.2241668701172,363.8067932128906,414.1065673828125,126.1683120727539,49.310001373291016,87.4770736694336
2021-09-15,46.39358901977539,167.8300018310547,208.0892333984375,366.51153564453125,417.5655517578125,125.72576141357422,50.689998626708984,87.75524139404297
2021-09-16,45.8690185546875,164.02999877929688,208.23916625976562,366.7637023925781,416.90362548828125,125.14968872070312,50.70000076293945,87.82887268066406
2021-09-17,45.67341232299805,163.77000427246094,208.5109100341797,362.4204406738281,412.84246826171875,124.54851531982422,50.31999969482422,87.04351806640625
2021-09-20,44.446441650390625,164.94000244140625,203.55308532714844,354.9315185546875,405.9586486816406,126.09320831298828,49.599998474121094,86.51176452636719
2021-09-21,44.77541732788086,166.0399932861328,203.8623809814453,355.3682861328125,405.5752258300781,125.98462677001953,49.58000183105469,86.55266571044922
2021-09-22,45.335548400878906,165.4199981689453,207.03013610839844,358.6876525878906,409.531494140625,126.73616027832031,50.47999954223633,87.39529418945312
2021-09-23,45.69119644165039,163.50999450683594,210.6946563720703,361.99713134765625,414.50732421875,123.8722152709961,51.380001068115234,87.2234878540039
2021-09-24,45.14883804321289,163.3000030517578,209.67848205566406,362.3368835449219,415.1900634765625,122.66158294677734,51.81999969482422,86.29085540771484
2021-09-27,45.44224166870117,163.63999938964844,212.8652801513672,359.444580078125,414.00225830078125,122.210693359375,52.90999984741211,85.13021850585938
2021-09-28,44.85543441772461,162.0500030517578,208.0239715576172,349.27325439453125,405.659423828125,120.3070297241211,52.400001525878906,84.55402374267578
2021-09-29,44.43755340576172,161.32000732421875,207.5821533203125,348.7005920410156,406.3421325683594,120.51576232910156,52.31999969482422,85.18783569335938
2021-09-30,44.79319763183594,164.22000122070312,205.63624572753906,347.41949462890625,401.375732421875,120.49909973144531,52.560001373291016,83.78026580810547
2021-10-01,44.74875259399414,164.58999633789062,208.9546356201172,349.5740966796875,406.14569091796875,121.51313781738281,53.2599983215332,84.96556854248047
2021-10-04,44.09080123901367,165.36000061035156,207.05572509765625,342.23675537109375,400.9080505371094,121.20381164550781,54.4900016784668,84.9820556640625
2021-10-05,44.4019889831543,164.58999633789062,207.77017211914062,346.8565979003906,405.0794372558594,120.03340911865234,55.630001068115234,84.39762878417969
2021-10-06,44.153045654296875,165.02999877929688,206.68910217285156,349.0792236328125,406.7630310058594,120.71060180664062,54.15999984741211,85.20429229736328
2021-10-07,45.01547622680664,164.16000366210938,209.87583923339844,352.28192138671875,410.2798156738281,119.44815826416016,55.36000061035156,85.43478393554688
2021-10-08,45.18440628051758,164.22999572753906,208.29661560058594,350.5252990722656,409.531494140625,118.61223602294922,55.470001220703125,84.62808227539062
2021-10-11,45.095497131347656,163.9199981689453,207.10275268554688,347.8368225097656,406.5666198730469,118.31124877929688,56.18000030517578,84.84211730957031
2021-10-12,44.864315032958984,164.66000366210938,208.24020385742188,346.6236572265625,405.56585693359375,120.33434295654297,56.11000061035156,85.953369140625
2021-10-13,45.4866943359375,167.58999633789062,209.2272491455078,349.3993835449219,407.02490234375,121.50477600097656,56.15999984741211,86.5789566040039
2021-10-14,45.62895965576172,168.0,212.3293914794922,355.8341369628906,413.8713073730469,121.95626831054688,56.810001373291016,87.63258361816406
2021-10-15,46.180198669433594,165.3300018310547,211.6619873046875,358.0761413574219,417.0233459472656,121.24563598632812,57.150001525878906,87.56676483154297
2021-10-18,46.06462097167969,164.9199981689453,211.53977966308594,361.6769104003906,418.25787353515625,121.8140640258789,56.959999084472656,87.78898620605469
2021-10-19,46.6781005859375,165.4499969482422,212.3293914794922,364.41387939453125,421.48468017578125,120.13371276855469,57.41999816894531,87.83013916015625
2021-10-20,46.66921615600586,166.89999389648438,213.73948669433594,363.938232421875,423.1402282714844,119.32276916503906,58.119998931884766,89.21304321289062
2021-10-21,46.366912841796875,166.75,214.2847137451172,366.160888671875,424.2437744140625,119.18070220947266,57.40999984741211,89.33651733398438
2021-10-22,46.26911163330078,167.77000427246094,213.777099609375,363.0842590332031,423.8042907714844,120.49321746826172,58.029998779296875,89.7563247680664
2021-10-25,46.509178161621094,168.92999267578125,215.80758666992188,366.8013916015625,426.0770568847656,120.30928039550781,57.83000183105469,90.04441833496094
2021-10-26,46.26911163330078,167.67999267578125,214.18130493164062,367.9564208984375,426.46051025390625,121.30409240722656,58.45000076293945,90.29135131835938
2021-10-27,45.89568328857422,168.1199951171875,210.24252319335938,368.81048583984375,424.5711669921875,123.5112075805664,56.900001525878906,89.52583312988281
2021-10-28,45.940147399902344,168.0800018310547,214.43515014648438,372.90625,428.66778564453125,123.09317016601562,57.400001525878906,90.77703094482422
2021-10-29,45.273311614990234,166.64999389648438,214.37872314453125,374.74053955078125,429.5376892089844,123.46936798095703,57.150001525878906,89.7563247680664
2021-11-01,45.62895965576172,167.52000427246094,219.9344482421875,376.02166748046875,430.276611328125,122.58042907714844,57.529998779296875,90.2008056640625
2021-11-02,45.219966888427734,167.16000366210938,220.39505004882812,377.593994140625,432.01611328125,123.12444305419922,57.529998779296875,90.62886047363281
2021-11-03,45.43335723876953,165.77000427246094,224.33387756347656,381.6024169921875,434.65374755859375,121.85218811035156,55.34000015258789,90.93341827392578
2021-11-04,45.32666015625,167.64999389648438,224.24925231933594,386.49395751953125,436.7019958496094,123.1329116821289,54.91999816894531,90.0691146850586
2021-11-05,45.273311614990234,169.83999633789062,227.31385803222656,386.86273193359375,438.2172546386719,124.97443389892578,56.54999923706055,90.53008270263672
2021-11-08,45.69119644165039,170.4499969482422,228.01889038085938,386.33868408203125,438.5914001464844,124.74004364013672,57.09000015258789,90.45597839355469
2021-11-09,45.513370513916016,171.2899932861328,226.69338989257812,383.679443359375,437.14166259765625,126.36396789550781,57.970001220703125,90.61239624023438
2021-11-10,45.32666015625,173.14999389648438,223.12123107910156,378.0404357910156,433.6249084472656,124.05371856689453,56.31999969482422,90.19257354736328
2021-11-11,46.109066009521484,174.1199951171875,224.9166717529297,379.08868408203125,433.7652587890625,123.86946868896484,56.220001220703125,90.34074401855469
2021-11-12,46.233543395996094,174.4499969482422,225.14231872558594,383.07763671875,437.03875732421875,123.32540893554688,55.97999954223633,90.27489471435547
2021-11-15,46.0823974609375,174.17999267578125,224.24925231933594,382.990234375,437.1884765625,121.7767562866211,56.06999969482422,90.90872955322266
2021-11-16,46.14463806152344,172.9199981689453,224.66285705566406,385.717529296875,438.918701171875,121.46713256835938,56.20000076293945,90.30782318115234
2021-11-17,45.904579162597656,174.5,221.72052001953125,385.92132568359375,437.8525390625,122.42971801757812,55.0,90.58769989013672
2021-11-18,45.344444274902344,173.94000244140625,220.78048706054688,389.9200439453125,439.339599609375,122.89014434814453,55.54999923706055,90.6041488647461
2021-11-19,45.273311614990234,172.61000061035156,218.76876831054688,392.09405517578125,438.5539855957031,124.1875991821289,53.779998779296875,90.0691146850586
2021-11-22,44.90877914428711,168.74000549316406,217.83810424804688,387.542236328125,437.3193664550781,122.73110961914062,54.45000076293945,89.62462615966797
2021-11-23,44.864315032958984,167.27999877929688,217.46209716796875,385.7757873535156,437.89923095703125,120.95647430419922,56.20000076293945,90.3489761352539
2021-11-24,44.80208969116211,167.1199951171875,217.69712829589844,387.01812744140625,439.068359375,122.89849090576172,55.880001068115234,91.44378662109375
2021-11-26,43.29949951171875,166.85000610351562,209.49050903320312,379.68072509765625,429.2757263183594,126.00403594970703,49.630001068115234,88.90025329589844
2021-11-29,43.46842575073242,166.6199951171875,209.35882568359375,387.9206848144531,434.5415344238281,124.99120330810547,50.16999816894531,89.55876922607422
2021-11-30,43.42397689819336,165.5,205.09100341796875,382.22357177734375,426.0863952636719,126.89131164550781,47.90999984741211,87.86307525634766
2021-12-01,43.58401107788086,166.16000366210938,200.47535705566406,375.72076416015625,421.35369873046875,127.674072265625,47.040000915527344,86.41433715820312
2021-12-02,44.11747360229492,165.24000549316406,206.0686798095703,378.4286804199219,427.8074035644531,127.83332061767578,48.290000915527344,89.00724792480469
2021-12-03,43.495086669921875,166.6300048828125,201.83843994140625,371.848388671875,424.0848388671875,129.35861206054688,48.0,88.71090698242188
2021-12-06,43.83296203613281,166.22000122070312,205.8900909423828,374.82794189453125,429.107421875,127.58196258544922,50.5099983215332,90.26665496826172
2021-12-07,44.52647018432617,166.80999755859375,210.66552734375,386.115478515625,437.9833984375,126.55104064941406,51.59000015258789,91.5672378540039
2021-12-08,44.70428466796875,166.89999389648438,212.10379028320312,387.84307861328125,439.1432189941406,124.3636474609375,52.41999816894531,92.22576904296875
2021-12-09,44.490901947021484,165.8800048828125,207.30015563964844,382.13623046875,436.1783142089844,125.05924224853516,51.02000045776367,90.89227294921875
2021-12-10,44.52647018432617,166.5800018310547,206.7267303466797,386.29022216796875,440.2843017578125,124.757568359375,52.029998779296875,91.17213439941406
2021-12-13,43.82032775878906,167.0,203.70565795898438,380.70953369140625,436.3841247558594,126.60136413574219,51.439998626708984,92.02821350097656
2021-12-14,43.72112274169922,165.44000244140625,201.95179748535156,376.7690124511719,433.38165283203125,126.2995834350586,50.91999816894531,90.8510971069336
2021-12-15,43.5948600769043,166.14999389648438,205.15773010253906,385.3584289550781,440.1532897949219,125.08442687988281,51.619998931884766,92.12698364257812
2021-12-16,43.64897537231445,168.16000366210938,201.00889587402344,375.44915771484375,436.2718505859375,125.133056640625,51.869998931884766,92.09405517578125
2021-12-17,43.43253707885742,167.8000030517578,202.8570098876953,373.575927734375,431.628662109375,126.55097961425781,50.779998779296875,91.97883605957031
2021-12-20,42.78321075439453,167.08999633789062,200.00946044921875,369.9520568847656,427.0389099121094,125.60299682617188,49.900001525878906,91.26268005371094
2021-12-21,43.50468063354492,167.02000427246094,205.7234344482422,378.2317199707031,434.62274169921875,125.12464904785156,51.56999969482422,92.2916259765625
2021-12-22,43.71210479736328,168.58999633789062,207.70358276367188,382.838134765625,438.9684143066406,125.70357513427734,52.47999954223633,93.23825073242188
2021-12-23,43.93756103515625,168.97000122070312,209.3630828857422,385.72430419921875,441.69964599609375,124.6129150390625,53.130001068115234,93.13946533203125
2021-12-27,44.13597106933594,169.3699951171875,211.32432556152344,392.0992126464844,447.95068359375,124.91490173339844,54.52000045776367,94.72063446044922
2021-12-28,43.99167251586914,168.63999938964844,210.0325164794922,390.281982421875,447.58465576171875,124.4198989868164,54.66999816894531,95.0696029663086
2021-12-29,43.79327392578125,168.58999633789062,210.2588653564453,390.22369384765625,448.1571960449219,123.0606460571289,55.08000183105469,95.70939636230469
2021-12-30,44.29496383666992,169.8000030517578,210.20223999023438,389.0576171875,446.9182434082031,124.09259796142578,55.099998474121094,96.12482452392578
2021-12-31,44.07840347290039,170.9600067138672,209.74966430664062,386.6280517578125,445.7919616699219,124.3359375,54.36000061035156,96.39070129394531
2022-01-03,44.39421844482422,168.3300018310547,212.45582580566406,390.3500061035156,448.373046875,121.07215118408203,54.83000183105469,95.63459777832031
2022-01-04,44.240821838378906,169.57000732421875,212.13522338867188,385.2870178222656,448.2228698730469,120.56875610351562,55.59000015258789,95.51829528808594
2022-01-05,43.51896286010742,169.05999755859375,204.95028686523438,373.4505310058594,439.6159973144531,119.91433715820312,55.43000030517578,92.7846908569336
2022-01-06,43.71747970581055,166.99000549316406,206.11947631835938,373.1881103515625,439.2030029296875,120.22471618652344,56.88999938964844,92.86776733398438
2022-01-07,44.11449432373047,167.75,203.73394775390625,369.1454772949219,437.4666442871094,119.36048889160156,56.66999816894531,92.25289916992188
2022-01-10,44.11449432373047,168.25999450683594,203.02674865722656,369.388427734375,436.92230224609375,119.65422821044922,56.15999984741211,91.72115325927734
2022-01-11,45.13412094116211,170.2899932861328,205.18600463867188,374.9373779296875,440.9018859863281,120.45124816894531,58.15999984741211,91.86238861083984
2022-01-12,45.8830451965332,170.74000549316406,203.65846252441406,376.4242248535156,442.0938720703125,119.98975372314453,58.90999984741211,91.97041320800781
2022-01-13,45.23337936401367,170.16000366210938,201.7915496826172,367.007568359375,436.00250244140625,121.05535125732422,58.27000045776367,91.78761291503906
2022-01-14,45.21532440185547,169.6699981689453,202.07440185546875,369.291259765625,436.1807861328125,119.22632598876953,59.970001220703125,90.95674896240234
2022-01-18,44.41226577758789,169.38999938964844,195.9644012451172,360.0980224609375,428.45623779296875,117.54821014404297,60.970001220703125,90.00123596191406
2022-01-19,44.60175323486328,172.0800018310547,192.77735900878906,356.14288330078125,424.0072937011719,118.36211395263672,61.04999923706055,88.78813171386719
2022-01-20,44.86342239379883,171.64999389648438,189.28857421875,351.5172119140625,419.31439208984375,119.09207916259766,60.65999984741211,87.64981842041016
2022-01-21,44.213748931884766,171.08999633789062,185.74327087402344,341.77008056640625,411.08294677734375,120.51000213623047,60.779998779296875,87.43379974365234
2022-01-24,43.59115219116211,172.02999877929688,190.0240020751953,343.33465576171875,412.82867431640625,119.51992797851562,60.11000061035156,87.5999755859375
2022-01-25,43.50994110107422,172.5800018310547,187.48760986328125,335.375732421875,407.7885437011719,119.32698822021484,60.970001220703125,87.25100708007812
2022-01-26,42.95952606201172,169.7899932861328,184.781494140625,334.8509216308594,406.7655029296875,117.8838119506836,61.68000030517578,85.88835906982422
2022-01-27,42.4632453918457,167.60000610351562,180.5855255126953,331.478759765625,404.75677490234375,120.04849243164062,61.86000061035156,84.46754455566406
2022-01-28,42.67078399658203,167.10000610351562,184.1025848388672,341.8769836425781,414.8091735839844,120.09048461914062,61.970001220703125,87.20113372802734
2022-01-31,44.06938552856445,168.08999633789062,189.75062561035156,352.8096923828125,422.2803039550781,119.46965026855469,62.47999954223633,88.27300262451172
2022-02-01,44.34008026123047,168.22999572753906,191.74957275390625,355.2099914550781,425.1336364746094,119.0730209350586,62.529998779296875,87.95724487304688
2022-02-02,44.26789093017578,168.83999633789062,189.8449249267578,358.0962219238281,429.2633972167969,119.4763412475586,62.52000045776367,89.07894897460938
2022-02-03,43.79868698120117,168.60000610351562,186.25244140625,343.5776062011719,419.1735534667969,118.54366302490234,63.5099983215332,88.13172912597656
2022-02-04,43.90696334838867,168.86000061035156,187.053955078125,347.9117736816406,421.1446533203125,116.79603576660156,64.91000366210938,87.2593002319336
2022-02-07,43.816734313964844,170.11000061035156,187.9779510498047,345.11309814453125,419.7930603027344,116.8717269897461,64.68000030517578,87.13468170166016
2022-02-08,44.240821838378906,170.6300048828125,191.18380737304688,348.990478515625,423.2471008300781,116.09034729003906,63.619998931884766,86.72753143310547
2022-02-09,44.935611724853516,171.2100067138672,194.8140411376953,356.3858642578125,429.4417724609375,116.30875396728516,64.16999816894531,88.68843078613281
2022-02-10,44.637840270996094,170.55999755859375,191.82501220703125,348.3199157714844,421.7265319824219,114.4603042602539,63.959999084472656,86.59458923339844
2022-02-11,43.96110153198242,173.80999755859375,189.8826141357422,337.27069091796875,413.41064453125,116.15755462646484,65.73999786376953,85.80525207519531
2022-02-14,43.65431213378906,174.74000549316406,189.22256469726562,337.6885986328125,412.0591125488281,114.7123794555664,66.36000061035156,85.02422332763672
2022-02-15,44.60175323486328,173.0800018310547,194.29542541503906,346.0848388671875,418.7042236328125,113.41011047363281,64.27999877929688,85.78865814208984
2022-02-16,44.92658615112305,174.86000061035156,194.70089721679688,345.9974670410156,419.1735534667969,114.08226776123047,63.540000915527344,86.18748474121094
2022-02-17,44.403236389160156,177.25,189.71290588378906,335.7060546875,410.2194519042969,114.93083953857422,64.16999816894531,85.27349853515625
2022-02-18,43.96110153198242,177.1199951171875,188.08164978027344,331.8772888183594,407.563232421875,116.1407699584961,64.73999786376953,84.75836181640625
2022-02-22,43.3385009765625,177.49000549316406,185.43209838867188,328.5439758300781,403.1894226074219,116.44319915771484,65.54000091552734,84.45093536376953
2022-02-23,42.83320236206055,178.2899932861328,181.962158203125,320.1282958984375,396.0373840332031,114.83844757080078,66.23999786376953,83.0550537109375
2022-02-24,41.94892883300781,177.13999938964844,186.73329162597656,330.8860168457031,401.99737548828125,114.91403198242188,66.33999633789062,84.45093536376953
2022-02-25,42.72492218017578,176.5500030517578,190.93865966796875,336.01702880859375,410.8670959472656,114.99799346923828,65.80000305175781,86.486572265625
2022-02-28,42.16548156738281,178.3800048828125,191.71185302734375,337.01800537109375,409.8158264160156,117.5186767578125,67.4800033569336,85.19873046875
2022-03-01,41.606040954589844,181.6199951171875,188.1005096435547,331.8578796386719,403.57427978515625,118.87734985351562,71.81999969482422,84.75004577636719
2022-03-02,41.67822265625,179.72999572753906,192.579345703125,337.4261779785156,410.9984436035156,114.81385803222656,75.41999816894531,86.3370361328125
2022-03-03,41.09172439575195,180.8000030517578,190.29750061035156,332.6061096191406,408.95233154296875,115.98323822021484,74.52999877929688,87.04327392578125
2022-03-04,40.2615852355957,183.67999267578125,187.31793212890625,327.7859802246094,405.62982177734375,117.98558807373047,79.45999908447266,87.44210052490234
2022-03-07,38.75471115112305,186.41000366210938,182.6599578857422,315.69683837890625,393.6720886230469,117.08535766601562,82.37000274658203,85.71385955810547
2022-03-08,38.88103103637695,191.50999450683594,183.66880798339844,314.2294921875,390.6873779296875,115.90755462646484,85.43000030517578,85.2984390258789
2022-03-09,39.981868743896484,185.82000732421875,188.84542846679688,325.5411071777344,401.16204833984375,114.77178192138672,75.47000122070312,86.61122131347656
2022-03-10,39.23293685913086,186.39999389648438,188.5059356689453,321.9259948730469,399.3505554199219,113.12284088134766,74.05999755859375,86.82725524902344
2022-03-11,38.41182327270508,185.08999633789062,185.4980926513672,315.2498474121094,394.2728271484375,113.50139617919922,76.4000015258789,86.13762664794922
2022-03-14,37.48243713378906,182.3000030517578,181.70761108398438,309.1955871582031,391.3913879394531,110.85124969482422,72.83999633789062,85.464599609375
2022-03-15,37.53657150268555,178.88999938964844,184.60232543945312,318.8940124511719,399.9981994628906,110.65779113769531,68.62999725341797,86.03791809082031
2022-03-16,40.55935287475586,180.00999450683594,190.41064453125,330.7207946777344,408.8678283691406,111.74303436279297,68.27999877929688,87.05989837646484
2022-03-17,40.3518180847168,180.88999938964844,193.399658203125,334.7245178222656,413.983154296875,110.91014862060547,73.68000030517578,88.40593719482422
2022-03-18,40.92930221557617,179.3000030517578,195.4363250732422,341.57574462890625,418.5174255371094,112.26466369628906,74.63999938964844,88.40593719482422
2022-03-21,40.29767990112305,180.6699981689453,193.71078491210938,340.6260986328125,418.3951110839844,109.66500854492188,79.54000091552734,87.86585235595703
2022-03-22,41.02855682373047,179.36000061035156,195.65316772460938,347.32025146484375,423.2908630371094,108.2600326538086,78.55999755859375,88.09019470214844
2022-03-23,40.75786209106445,181.80999755859375,192.25875854492188,342.3288269042969,417.83953857421875,110.63250732421875,81.94999694824219,87.10189056396484
2022-03-24,40.97441482543945,183.1300048828125,194.46946716308594,349.93768310546875,424.1382751464844,109.7659683227539,79.75,87.65327453613281
2022-03-25,40.64958190917969,182.3800048828125,194.73402404785156,349.6457824707031,426.2095642089844,108.24320220947266,80.73999786376953,88.7476806640625
2022-03-28,40.78492736816406,179.05999755859375,194.80015563964844,355.0555725097656,429.2412109375,109.16863250732422,74.52999877929688,89.69171142578125
2022-03-29,41.47971725463867,179.13999938964844,200.01524353027344,361.166015625,434.55126953125,109.99313354492188,76.1500015258789,92.32331848144531
2022-03-30,41.36241149902344,180.5800018310547,196.00001525878906,357.1767883300781,431.86798095703125,110.85124969482422,77.91000366210938,91.65496063232422
2022-03-31,40.73981857299805,180.64999389648438,193.93096923828125,352.7496032714844,425.2209167480469,111.12044525146484,74.12000274658203,90.5354995727539
2022-04-01,41.41655349731445,179.5,196.1039276123047,352.0782775878906,426.42608642578125,111.54347229003906,74.16999816894531,92.29826354980469
2022-04-04,42.147430419921875,180.3699951171875,196.4250946044922,359.3270263671875,430.0791320800781,110.7682876586914,76.86000061035156,91.84712982177734
2022-04-05,41.37144470214844,179.24000549316406,191.77691650390625,351.3485412597656,424.64666748046875,108.26576232910156,74.80000305175781,91.39598083496094
2022-04-06,40.83004379272461,179.66000366210938,189.0560302734375,343.72021484375,420.40045166015625,107.38946533203125,73.05000305175781,92.48204803466797
2022-04-07,40.505210876464844,180.33999633789062,188.44192504882812,344.53759765625,422.51885986328125,106.58055877685547,73.11000061035156,91.5630874633789
2022-04-08,40.54130172729492,181.47000122070312,186.9397430419922,339.72119140625,421.38909912109375,105.42617797851562,74.11000061035156,91.71347045898438
2022-04-11,40.036006927490234,182.3699951171875,185.6832275390625,331.684326171875,414.1865539550781,103.75784301757812,72.30000305175781,90.7276382446289
2022-04-12,39.9096794128418,183.77000427246094,186.26895141601562,330.2831115722656,412.6519470214844,103.61458587646484,75.9800033569336,90.59397888183594
2022-04-13,40.43303298950195,184.64999389648438,189.8118133544922,336.9967956542969,417.3782653808594,103.82524871826172,78.41999816894531,91.23724365234375
2022-04-14,39.9096794128418,184.0399932861328,187.96954345703125,329.2906494140625,412.18109130859375,101.74403381347656,79.56999969482422,90.84461212158203
2022-04-18,39.774330139160156,184.61000061035156,186.7035675048828,329.54376220703125,412.3506164550781,101.23844909667969,80.41000366210938,90.47702026367188
2022-04-19,39.57581329345703,181.82000732421875,190.42593383789062,336.9092712402344,419.0070495605469,100.4801025390625,76.86000061035156,92.4486312866211
2022-04-20,39.341217041015625,182.7100067138672,191.15338134765625,331.99560546875,418.6963195800781,102.50235748291016,77.23999786376953,93.98582458496094
2022-04-21,38.5832633972168,182.05999755859375,186.8736114501953,325.1263122558594,412.435302734375,101.74403381347656,78.12000274658203,93.33419799804688
2022-04-22,38.24038314819336,180.2899932861328,182.03643798828125,316.6125793457031,401.1185302734375,101.10362243652344,76.30999755859375,91.69674682617188
2022-04-25,37.960655212402344,177.0500030517578,183.14183044433594,320.67962646484375,403.44390869140625,102.11479187011719,74.6500015258789,91.46282196044922
2022-04-26,37.130531311035156,177.32000732421875,177.36935424804688,308.57568359375,391.75994873046875,103.14273834228516,76.45999908447266,89.95904541015625
2022-04-27,37.56364440917969,175.97999572753906,176.63238525390625,308.20587158203125,392.8614807128906,101.81986236572266,76.37000274658203,89.36589050292969
2022-04-28,38.10503005981445,176.92999267578125,179.9296112060547,319.1520690917969,402.784912109375,101.97151947021484,78.08000183105469,91.01168823242188
2022-04-29,38.24038314819336,176.91000366210938,174.7334747314453,304.7906799316406,387.8997497558594,100.6486587524414,77.16000366210938,86.83454895019531
2022-05-02,38.18624496459961,173.6300048828125,176.5662384033203,309.8794250488281,390.23468017578125,98.90401458740234,78.37999725341797,84.73762512207031
2022-05-03,38.46596908569336,174.08999633789062,178.07791137695312,310.2102355957031,392.02349853515625,99.57077026367188,76.69000244140625,85.7902603149414
2022-05-04,38.88103103637695,175.8000030517578,182.83006286621094,320.6991271972656,403.9618225097656,100.11942291259766,80.22000122070312,86.77606964111328
2022-05-05,37.44633865356445,175.1300048828125,175.41363525390625,304.5473937988281,389.6038818359375,97.37630462646484,80.4800033569336,84.46192932128906
2022-05-06,36.93201446533203,175.4199981689453,172.494384765625,300.8987731933594,387.2783508300781,95.94146728515625,82.12999725341797,83.45940399169922
2022-05-09,35.867279052734375,172.8800048828125,165.2386016845703,289.1254577636719,374.8787841796875,96.78547668457031,76.56999969482422,79.78353118896484
2022-05-10,36.03871154785156,171.4199981689453,165.28582763671875,292.6379699707031,375.7449645996094,97.66329193115234,74.52999877929688,78.32987213134766
2022-05-11,35.786067962646484,172.82000732421875,161.17611694335938,283.9588623046875,369.7757568359375,99.54549407958984,78.18000030517578,78.16278076171875
2022-05-12,35.55147171020508,170.1699981689453,163.06565856933594,283.2874755859375,369.3897399902344,99.35981750488281,79.2300033569336,78.77265167236328
2022-05-13,36.534996032714844,168.7899932861328,168.23350524902344,293.7861022949219,378.2210998535156,97.89118194580078,81.27999877929688,80.85285949707031
2022-05-16,36.39063262939453,170.39999389648438,167.4304656982422,290.3807067871094,376.6864318847656,97.78990173339844,83.11000061035156,80.34326171875
2022-05-17,37.2839241027832,169.3300018310547,172.55101013183594,297.90185546875,384.4349670410156,96.60822296142578,81.11000061035156,81.43767547607422
2022-05-18,36.39063262939453,169.4199981689453,166.50460815429688,283.2778015136719,368.93780517578125,98.66770935058594,79.29000091552734,79.07339477539062
2022-05-19,36.96811294555664,171.91000366210938,166.77857971191406,281.7599182128906,366.67822265625,98.90401458740234,80.58000183105469,78.72252655029297
2022-05-20,37.12150192260742,172.02999877929688,166.3533935546875,280.8841552734375,366.8382873535156,100.02660369873047,81.6500015258789,79.2237777709961
2022-05-23,37.401214599609375,172.8300018310547,168.36575317382812,285.5545654296875,373.701904296875,98.38072204589844,81.97000122070312,80.14276123046875
2022-05-24,36.751548767089844,174.1300048828125,165.87161254882812,279.4830627441406,370.84912109375,100.32201385498047,82.0,80.81945037841797
2022-05-25,36.93201446533203,173.0800018310547,168.85702514648438,283.3945617675781,374.1256408691406,100.71871185302734,82.4800033569336,81.5045166015625
2022-05-26,37.50950622558594,172.75999450683594,172.62661743164062,291.2466125488281,381.6010437011719,100.26292419433594,84.58999633789062,81.60475158691406
2022-05-27,37.94261932373047,172.85000610351562,177.27484130859375,300.7528076171875,390.96905517578125,100.50770568847656,85.45999908447266,83.79357147216797
2022-05-31,38.47498321533203,171.13999938964844,175.0735626220703,299.95489501953125,388.77532958984375,98.38072204589844,85.47000122070312,82.76600646972656
2022-06-01,38.20429611206055,172.22999572753906,174.08152770996094,297.73651123046875,385.63067626953125,98.26824188232422,85.54000091552734,82.08094024658203
2022-06-02,38.86298370361328,174.35000610351562,178.3329315185547,305.8901672363281,392.97442626953125,98.31900024414062,87.25,83.20880126953125
2022-06-03,38.231353759765625,172.5800018310547,176.72689819335938,297.93096923828125,386.52520751953125,98.10761260986328,89.47000122070312,82.09764862060547
2022-06-06,38.43889617919922,171.82000732421875,177.49212646484375,298.9234924316406,387.7020263671875,96.29817962646484,88.38999938964844,81.83869171142578
2022-06-07,38.556190490722656,172.94000244140625,180.35476684570312,301.501953125,391.42095947265625,97.33817291259766,90.04000091552734,82.96651458740234
2022-06-08,38.763736724853516,172.77999877929688,177.5677032470703,299.33221435546875,387.16546630859375,96.47574615478516,91.98999786376953,81.05338287353516
2022-06-09,37.846458435058594,172.22999572753906,173.88671875,291.3146667480469,377.95745849609375,96.79700469970703,91.08000183105469,79.13188934326172
2022-06-10,37.42786407470703,174.5399932861328,169.1693878173828,281.0398254394531,366.99835205078125,96.19669342041016,90.12999725341797,77.37747192382812
2022-06-13,36.11748504638672,169.92999267578125,161.22195434570312,267.97259521484375,353.0640563964844,93.17813873291016,90.36000061035156,73.50943756103516
2022-06-14,36.617977142333984,168.57000732421875,160.44522094726562,268.45904541015625,352.000244140625,92.00285339355469,88.44999694824219,72.94972229003906
2022-06-15,37.10026550292969,170.77000427246094,162.7943878173828,275.16302490234375,357.0184020996094,93.71927642822266,86.93000030517578,74.6790542602539
2022-06-16,35.96277618408203,172.69000244140625,155.25425720214844,264.0611572265625,345.2025451660156,94.46331787109375,87.66000366210938,72.71578216552734
2022-06-17,36.099281311035156,171.27000427246094,156.46676635742188,267.2719421386719,345.94671630859375,94.76770782470703,83.33999633789062,73.26715087890625
2022-06-21,36.681678771972656,170.6300048828125,159.2706298828125,274.01513671875,354.65545654296875,93.1612319946289,84.05000305175781,74.286376953125
2022-06-22,36.0264778137207,171.30999755859375,158.96749877929688,273.6155090332031,354.0124206542969,95.72319030761719,80.87999725341797,75.23043060302734
2022-06-23,36.13567352294922,170.25999450683594,160.87152099609375,277.6903991699219,357.482666015625,96.50955963134766,78.9800033569336,76.65970611572266
2022-06-24,36.9910774230957,170.08999633789062,165.85398864746094,287.2050476074219,368.84844970703125,95.17359161376953,81.2699966430664,78.29075622558594
2022-06-27,37.03657150268555,169.89999389648438,166.46975708007812,285.09942626953125,367.43951416015625,94.36190032958984,82.93000030517578,78.17306518554688
2022-06-28,36.809078216552734,169.6199951171875,163.3437957763672,276.413330078125,359.9317626953125,94.80155944824219,84.72000122070312,77.22300720214844
2022-06-29,36.66347122192383,169.49000549316406,161.68612670898438,276.6667785644531,359.6385803222656,96.28125,82.94999694824219,76.7437744140625
2022-06-30,36.490570068359375,168.4600067138672,160.42628479003906,273.23529052734375,356.71673583984375,97.12677764892578,80.3499984741211,76.60086059570312
2022-07-01,36.26307678222656,168.32000732421875,162.3681640625,275.03875732421875,360.4895935058594,98.12395477294922,81.66999816894531,77.97968292236328
2022-07-05,35.98098373413086,164.75,163.71324157714844,279.7473449707031,361.17041015625,98.89491271972656,74.77999877929688,77.76109313964844
2022-07-06,35.7625846862793,162.13999938964844,162.5007781982422,281.5411071777344,362.39019775390625,97.23439025878906,73.66999816894531,77.6181640625
2022-07-07,36.481475830078125,162.22999572753906,166.34657287597656,287.5657958984375,367.8177795410156,96.37871551513672,76.55000305175781,77.82835388183594
2022-07-08,36.481475830078125,162.3000030517578,166.32763671875,287.9265441894531,367.51519775390625,95.31121826171875,78.54000091552734,77.41637420654297
2022-07-11,35.507789611816406,161.42999267578125,162.98387145996094,281.77508544921875,363.3168029785156,96.9548110961914,78.2300033569336,77.24822998046875
2022-07-12,35.371280670166016,160.8300018310547,162.4249725341797,279.04541015625,360.1019592285156,97.53087615966797,72.80999755859375,76.94554901123047
2022-07-13,35.28938293457031,161.60000610351562,162.28292846679688,278.47027587890625,358.21075439453125,98.64923095703125,73.19000244140625,76.57563018798828
2022-07-14,34.97089767456055,159.3300018310547,160.61572265625,279.4645690917969,357.3408508300781,97.84436798095703,72.8499984741211,75.88621520996094
2022-07-15,35.152896881103516,159.00999450683594,163.9595489501953,284.53387451171875,364.16790771484375,98.39505767822266,73.73999786376953,77.17256164550781
2022-07-18,35.39858627319336,159.16000366210938,163.49539184570312,282.1260070800781,361.1609191894531,97.36991882324219,76.80999755859375,76.62606811523438
2022-07-19,35.98098373413086,159.5399932861328,169.26412963867188,290.80230712890625,370.91925048828125,96.84469604492188,78.05000305175781,78.6102523803711
2022-07-20,35.82628631591797,158.0399932861328,171.91644287109375,295.4134521484375,373.28314208984375,97.09883117675781,77.63999938964844,78.42528533935547
2022-07-21,36.235774993896484,160.27000427246094,172.79739379882812,299.65411376953125,377.0843811035156,98.77630615234375,75.48999786376953,79.04744720458984
2022-07-22,35.87177658081055,160.6699981689453,170.04087829589844,294.39959716796875,373.585693359375,100.43682861328125,74.52999877929688,79.45938110351562
2022-07-25,35.999183654785156,160.22999572753906,170.92181396484375,292.7228088378906,374.03955078125,99.45404815673828,76.22000122070312,79.59393310546875
2022-07-26,35.71708679199219,160.0399932861328,169.87037658691406,286.9710998535156,369.6143798828125,99.53032684326172,75.16000366210938,79.6780014038086
2022-07-27,36.38138198852539,161.6699981689453,173.73513793945312,299.0983581542969,379.21185302734375,98.97113037109375,77.87000274658203,80.15721893310547
2022-07-28,36.536075592041016,163.63999938964844,176.1221923828125,302.0230712890625,383.9681396484375,99.75904846191406,77.12999725341797,82.7551498413086
2022-07-29,36.36317443847656,164.10000610351562,177.37261962890625,307.5310363769531,389.56585693359375,99.48795318603516,78.05000305175781,83.20075225830078
2022-08-01,36.053775787353516,165.02999877929688,177.3062744140625,307.3457946777344,388.4123229980469,101.88399505615234,75.12999725341797,82.52816009521484
2022-08-02,35.88088607788086,164.0500030517578,177.13577270507812,306.4294128417969,385.84979248046875,99.72816467285156,75.93000030517578,81.46879577636719
2022-08-03,36.16297912597656,164.4499969482422,179.74072265625,314.7742614746094,391.89202880859375,101.29833984375,73.52999877929688,81.72942352294922
2022-08-04,36.41777420043945,167.1699981689453,179.36183166503906,316.2463073730469,391.62725830078125,101.264404296875,71.52999877929688,81.60331726074219
2022-08-05,36.45417785644531,165.2899932861328,180.7353057861328,313.66290283203125,390.96539306640625,98.85396575927734,71.54000091552734,81.830322265625
2022-08-08,36.49967575073242,166.69000244140625,182.64878845214844,312.6490478515625,390.51141357421875,100.44957733154297,73.54000091552734,82.56177520751953
2022-08-09,36.36317443847656,167.1999969482422,180.15753173828125,309.11029052734375,388.9607238769531,100.05917358398438,73.44999694824219,83.01579284667969
2022-08-10,36.818172454833984,166.77999877929688,185.3010711669922,317.7377624511719,397.1304626464844,99.40562438964844,74.31999969482422,84.27690887451172
2022-08-11,36.96377182006836,166.33999633789062,185.9925537109375,315.93438720703125,397.1304626464844,97.08853912353516,76.27999877929688,84.07514190673828
2022-08-12,37.355064392089844,167.8699951171875,189.79104614257812,322.0857849121094,403.853515625,98.07308959960938,74.9800033569336,85.521240234375
2022-08-15,37.182167053222656,165.7100067138672,190.46356201171875,324.6886291503906,405.5176696777344,97.98825073242188,72.87999725341797,85.86592864990234
2022-08-16,37.173072814941406,165.4199981689453,190.3878173828125,323.92822265625,406.3119201660156,98.3956298828125,71.23999786376953,85.6389389038086
2022-08-17,37.01837158203125,164.35000610351562,187.18609619140625,320.2335205078125,403.4279479980469,97.36864471435547,72.05000305175781,85.1260757446289
2022-08-18,36.809078216552734,163.9199981689453,188.42701721191406,321.003662109375,404.6004943847656,97.51290893554688,74.20999908447266,84.5627670288086
2022-08-19,36.30857467651367,162.72000122070312,184.38223266601562,314.7450256347656,399.1634521484375,95.94271850585938,74.05999755859375,83.67158508300781
2022-08-22,35.990081787109375,161.63999938964844,180.5837860107422,306.4585876464844,390.8518371582031,95.62020111083984,74.68000030517578,81.8471450805664
2022-08-23,36.18117904663086,162.77000427246094,180.87742614746094,306.2051086425781,389.90625,95.09396362304688,76.83000183105469,80.79620361328125
2022-08-24,36.172080993652344,163.25,182.26040649414062,307.0923767089844,391.1544189453125,94.39798736572266,78.04000091552734,81.25862121582031
2022-08-25,36.95466995239258,163.75,185.09268188476562,312.5223083496094,396.67657470703125,95.71356964111328,76.5,82.46929168701172
2022-08-26,36.4086799621582,161.75999450683594,179.01132202148438,299.7126159667969,383.2494201660156,96.43500518798828,75.8499984741211,80.39263916015625
2022-08-29,36.18117904663086,161.86000061035156,177.36314392089844,296.7587890625,380.7153015136719,95.63716888427734,78.69000244140625,79.66958618164062
2022-08-30,35.753482818603516,160.50999450683594,174.88131713867188,293.4539794921875,376.53594970703125,95.87480163574219,75.47000122070312,78.5682144165039
2022-08-31,35.88088607788086,159.27000427246094,173.8204345703125,291.7479248046875,373.67083740234375,94.95816802978516,73.11000061035156,78.19828033447266
2022-09-01,35.59878158569336,157.8699951171875,171.92587280273438,291.87469482421875,374.8432922363281,93.21969604492188,70.94999694824219,78.34121704101562
2022-09-02,35.27119064331055,159.25999450683594,170.59030151367188,287.7510681152344,370.890869140625,93.74701690673828,71.43000030517578,77.24822998046875
2022-09-06,34.85259246826172,158.3300018310547,168.9041748046875,285.6842956542969,369.491455078125,91.42498779296875,71.41999816894531,77.94606018066406
2022-09-07,35.1619873046875,159.94000244140625,172.5795135498047,291.45550537109375,376.12933349609375,92.87095642089844,67.62000274658203,79.46781921386719
2022-09-08,34.97089767456055,158.97999572753906,174.01934814453125,292.966552734375,378.58782958984375,91.9183578491211,68.08999633789062,79.68640899658203
2022-09-09,35.48958969116211,159.82000732421875,177.5146484375,299.37139892578125,384.4692687988281,92.1224365234375,71.0999984741211,80.5523910522461
2022-09-12,36.01738739013672,160.6300048828125,179.66494750976562,302.92962646484375,388.6014709472656,91.36548614501953,72.37000274658203,81.33428192138672
2022-09-13,34.907196044921875,158.5399932861328,172.63632202148438,286.3179626464844,371.7041015625,91.57811737060547,72.01000213623047,78.22351837158203
2022-09-14,35.08009338378906,157.92999267578125,173.30889892578125,288.5893859863281,373.1224365234375,91.89280700683594,72.7300033569336,77.33231353759766
2022-09-15,34.706993103027344,154.97999572753906,172.04901123046875,283.78326416015625,368.88629150390625,91.83326721191406,69.76000213623047,75.90303802490234
2022-09-16,34.38850021362305,155.83999633789062,169.54833984375,282.0480651855469,366.0720520019531,91.06781005859375,69.9000015258789,75.91143035888672
2022-09-19,34.49769973754883,155.9600067138672,170.99758911132812,284.2444763183594,368.9109191894531,91.28043365478516,70.05000305175781,75.8021469116211
2022-09-20,34.306602478027344,155.07000732421875,168.6673583984375,281.97869873046875,364.6764221191406,90.3703384399414,69.22000122070312,73.96089935302734
2022-09-21,33.733306884765625,155.7899932861328,166.09085083007812,276.92962646484375,358.3150634765625,91.88432312011719,68.68000030517578,72.7922592163086
2022-09-22,33.56949996948242,155.6999969482422,162.34922790527344,273.5212097167969,355.30523681640625,89.53681182861328,68.97000122070312,71.867431640625
2022-09-23,32.74141311645508,153.00999450683594,158.48443603515625,269.0677490234375,349.3522033691406,89.9025650024414,65.31999969482422,70.91218566894531
2022-09-26,32.34102249145508,151.22999572753906,156.31446838378906,267.9544982910156,345.89617919921875,88.18441772460938,63.20000076293945,68.92352294921875
2022-09-27,32.304622650146484,151.5399932861328,156.84767150878906,268.0618591308594,345.01312255859375,85.86245727539062,64.41999816894531,68.00566864013672
2022-09-28,32.58672332763672,154.69000244140625,161.80836486816406,273.39422607421875,351.8017578125,88.7373046875,67.12999725341797,69.41642761230469
2022-09-29,31.85873031616211,154.66000366210938,158.1807098388672,265.512939453125,344.4530029296875,88.27799987792969,66.7699966430664,67.37678527832031
2022-09-30,31.74043083190918,154.6699981689453,157.0286102294922,261.0107421875,339.12652587890625,87.1382827758789,65.27999877929688,68.13314056396484
2022-10-03,32.259124755859375,158.42999267578125,161.189453125,267.1341247558594,348.07977294921875,88.52285766601562,67.88999938964844,69.34844970703125
2022-10-04,33.31471633911133,160.6999969482422,167.5784149169922,275.53302001953125,358.86566162109375,88.2756118774414,70.27999877929688,70.75071716308594
2022-10-05,33.33291244506836,159.80999755859375,166.340576171875,275.3865661621094,358.0301208496094,87.4315414428711,71.94000244140625,69.36544799804688
2022-10-06,33.132713317871094,159.6300048828125,165.4075164794922,273.21844482421875,354.3368225097656,86.9455795288086,72.98999786376953,67.43626403808594
2022-10-07,32.44112777709961,157.8800048828125,160.54202270507812,262.80767822265625,344.4530029296875,86.1015396118164,75.0999984741211,65.81304168701172
2022-10-10,31.986125946044922,155.47999572753906,159.64703369140625,260.1805725097656,341.82293701171875,84.76301574707031,73.77999877929688,65.19263458251953
2022-10-11,31.476533889770508,155.16000366210938,159.69459533691406,256.606201171875,339.6581726074219,85.13813018798828,71.75,65.85551452636719
2022-10-12,31.51293182373047,155.99000549316406,159.256591796875,256.5182800292969,338.5378112792969,85.555908203125,70.93000030517578,65.16714477539062
2022-10-13,31.60392951965332,154.91000366210938,163.19851684570312,262.53424072265625,347.4722595214844,84.73739624023438,72.5199966430664,66.35694122314453
2022-10-14,31.130739212036133,152.97999572753906,158.82815551757812,254.64315795898438,339.55377197265625,84.03831481933594,70.16999816894531,64.70821380615234
2022-10-17,31.986125946044922,153.4199981689453,163.89358520507812,263.0519104003906,348.2792663574219,83.62908935546875,70.12999725341797,67.1473159790039
2022-10-18,31.995229721069336,153.75,165.83596801757812,265.1321105957031,352.37139892578125,83.82514953613281,68.69999694824219,67.87818145751953
2022-10-19,31.4128360748291,151.69000244140625,163.017578125,264.1652526855469,349.8743896484375,82.2990493774414,70.04000091552734,66.18697357177734
2022-10-20,31.613035202026367,151.4499969482422,160.94192504882812,262.8174133300781,346.9405517578125,80.89231872558594,70.18000030517578,65.89803314208984
2022-10-21,32.09532928466797,154.14999389648438,164.43630981445312,268.9798889160156,355.3716735839844,79.4344253540039,70.56999969482422,66.41643524169922
2022-10-24,30.875940322875977,153.64999389648438,165.1409149169922,271.9390869140625,359.72021484375,78.77792358398438,70.37999725341797,66.4079360961914
2022-10-25,31.130739212036133,154.0,169.64456176757812,277.56439208984375,365.4643859863281,81.07135009765625,70.61000061035156,69.01699829101562
2022-10-26,31.64033317565918,154.97999572753906,170.4824676513672,271.4312438964844,362.7109375,82.2393798828125,72.97000122070312,68.9745101928711
2022-10-27,31.39463996887207,154.74000549316406,170.52052307128906,266.4895324707031,360.7741394042969,83.10047912597656,73.62000274658203,69.07648468017578
2022-10-28,31.20353889465332,153.16000366210938,174.39581298828125,274.6442565917969,369.357177734375,82.5292739868164,72.81999969482422,70.59773254394531
2022-10-31,31.11253547668457,151.91000366210938,174.55767822265625,271.4507751464844,366.6892395019531,81.94097900390625,71.52999877929688,70.52125549316406
2022-11-01,31.685829162597656,153.4600067138672,174.7957000732422,268.6771240234375,365.08465576171875,82.70677947998047,73.12000274658203,70.49575805664062
2022-11-02,31.42193031311035,152.38999938964844,168.99713134765625,259.4676208496094,355.9223937988281,82.34778594970703,74.08000183105469,68.55807495117188
2022-11-03,31.60392951965332,151.80999755859375,167.8640594482422,254.3990020751953,352.2574462890625,81.90337371826172,73.29000091552734,68.464599609375
2022-11-04,32.94162368774414,156.47000122070312,170.13015747070312,258.4910583496094,357.3275451660156,80.52735900878906,76.81999969482422,69.39945220947266
2022-11-07,32.95981979370117,155.85000610351562,170.90142822265625,261.3329772949219,360.7456359863281,79.72396850585938,76.55999755859375,69.39945220947266
2022-11-08,33.196414947509766,159.4499969482422,170.96804809570312,263.2373962402344,362.6920471191406,80.59573364257812,74.47000122070312,69.61190032958984
2022-11-09,32.62311935424805,158.64999389648438,166.2739715576172,257.1628723144531,355.21978759765625,80.86066436767578,71.66999816894531,68.89802551269531
2022-11-10,33.80610656738281,163.47999572753906,176.50961303710938,276.13848876953125,374.7406005859375,83.9717025756836,72.23999786376953,73.93768310546875
2022-11-11,34.725196838378906,164.55999755859375,177.9568634033203,281.2266845703125,378.3675231933594,83.66401672363281,74.37999725341797,73.92919158935547
2022-11-14,34.51590347290039,164.9199981689453,175.9668426513672,278.76568603515625,375.1488037109375,83.45889282226562,71.91000366210938,72.12749481201172
2022-11-15,35.30759048461914,165.5,178.5757598876953,282.623291015625,378.34857177734375,84.80928039550781,73.25,72.90934753417969
2022-11-16,34.743404388427734,165.1199951171875,175.4336700439453,278.76568603515625,375.462158203125,86.66390991210938,72.04000091552734,72.24647521972656
2022-11-17,34.80709457397461,163.9199981689453,173.8054656982422,278.150390625,374.3133239746094,85.7494125366211,70.13999938964844,71.7535400390625
2022-11-18,34.606895446777344,162.7899932861328,174.9290008544922,278.1601257324219,376.0128479003906,85.15967559814453,69.02999877929688,72.66291046142578
2022-11-21,34.170101165771484,161.8800048828125,174.01492309570312,275.2987060546875,374.6456298828125,85.51866912841797,69.02999877929688,73.04531860351562
2022-11-22,34.25200271606445,162.07000732421875,175.87164306640625,279.26373291015625,379.6872863769531,86.7322769165039,69.9800033569336,73.44475555419922
2022-11-23,34.534095764160156,163.0800018310547,176.32867431640625,282.06658935546875,382.079833984375,88.24505615234375,67.41000366210938,73.50425720214844
2022-11-25,34.37030029296875,163.22000122070312,176.6999969482422,280.2110290527344,381.994384765625,87.94593048095703,66.95999908447266,73.97167205810547
2022-11-28,34.215599060058594,161.92999267578125,173.1389617919922,276.0993957519531,375.89892578125,88.19377136230469,66.87999725341797,71.99149322509766
2022-11-29,34.952693939208984,162.72999572753906,173.64358520507812,274.009521484375,375.2532958984375,87.15961456298828,68.33999633789062,73.18130493164062
2022-11-30,35.96277618408203,164.80999755859375,178.40435791015625,286.50042724609375,387.0740051269531,87.80061340332031,70.2300033569336,74.85553741455078
2022-12-01,35.844482421875,167.83999633789062,178.0139923095703,286.8520202636719,386.7892150878906,90.60548400878906,70.44999694824219,74.69405364990234
2022-12-02,35.98098373413086,167.25999450683594,179.0518341064453,285.7093505859375,386.3428955078125,91.74491119384766,69.83999633789062,74.47307586669922
2022-12-05,35.57148742675781,164.38999938964844,174.11965942382812,280.9141540527344,379.3929138183594,90.45984649658203,67.72000122070312,73.11331939697266
2022-12-06,35.52598571777344,164.83999633789062,171.45367431640625,275.0935363769531,373.924072265625,91.6249771118164,65.2300033569336,72.42491912841797
2022-12-07,35.316688537597656,166.3300018310547,170.9490203857422,273.97039794921875,373.2879333496094,93.78388977050781,63.650001525878906,72.56940460205078
2022-12-08,35.744380950927734,166.47000122070312,172.1868133544922,277.2127990722656,376.2122497558594,93.52688598632812,62.709999084472656,73.079345703125
2022-12-09,35.507789611816406,167.05999755859375,170.07301330566406,275.44512939453125,373.4018859863281,91.09381866455078,62.849998474121094,72.94334411621094
2022-12-12,35.39858627319336,165.67999267578125,172.07257080078125,278.9023132324219,378.7852478027344,91.38510131835938,64.41000366210938,73.50425720214844
2022-12-13,35.65172576904297,168.50999450683594,173.49781799316406,281.9005126953125,381.652587890625,92.26750183105469,65.86000061035156,74.86402130126953
2022-12-14,35.67020034790039,168.10000610351562,172.35952758789062,279.81060791015625,379.2125244140625,92.66159057617188,67.36000061035156,74.35411071777344
2022-12-15,34.84797286987305,165.35000610351562,168.04551696777344,270.4154968261719,369.9363708496094,93.02313232421875,66.1500015258789,73.35977935791016
2022-12-16,34.9495964050293,166.7899932861328,166.79241943359375,267.8372497558594,365.56878662109375,91.98399353027344,64.9000015258789,71.46459197998047
2022-12-19,34.9773063659668,166.32000732421875,164.5349884033203,264.0732421875,362.468994140625,90.43817901611328,66.06999969482422,70.55523681640625
2022-12-20,34.96807098388672,169.0800018310547,165.40545654296875,263.86761474609375,362.96490478515625,88.83228302001953,66.22000122070312,70.37677764892578
2022-12-21,35.28218078613281,168.8000030517578,168.25595092773438,267.69537353515625,368.3921203613281,89.0555648803711,68.05999755859375,70.98017883300781
2022-12-22,34.96807098388672,166.75999450683594,166.05587768554688,261.1461181640625,363.1365966796875,89.03839111328125,67.69999694824219,70.68196105957031
2022-12-23,34.921878814697266,167.25999450683594,166.8115692138672,261.7334289550781,365.22540283203125,87.73303985595703,69.31999969482422,71.31112670898438
2022-12-27,35.439239501953125,168.6699981689453,165.69239807128906,258.0330810546875,363.78515625,85.99829864501953,69.52999877929688,71.28527069091797
2022-12-28,34.921878814697266,167.91000366210938,163.11929321289062,254.62628173828125,359.2641296386719,85.49163818359375,68.58000183105469,70.07003784179688
2022-12-29,35.50391387939453,168.85000610351562,167.25160217285156,260.83282470703125,365.73101806640625,86.4620590209961,68.52999877929688,71.6041488647461
2022-12-30,35.01426315307617,169.63999938964844,166.78285217285156,260.6762390136719,364.76763916015625,85.50019073486328,70.11000061035156,71.08705139160156
2023-01-03,35.30990219116211,171.05999755859375,165.86459350585938,258.9140625,363.2319641113281,87.13187408447266,67.63999938964844,71.1559829711914
2023-01-04,36.372337341308594,172.6699981689453,167.9307403564453,260.1476135253906,366.03619384765625,88.32559967041016,64.30000305175781,72.7677001953125
2023-01-05,36.261474609375,170.52000427246094,166.13243103027344,256.0751953125,361.8584899902344,88.69487762451172,64.77999877929688,70.81124114990234
2023-01-06,37.01904296875,173.7100067138672,169.86293029785156,263.1431884765625,370.1566467285156,90.32655334472656,64.83000183105469,72.71598815917969
2023-01-09,37.29619598388672,174.10000610351562,170.14990234375,264.84661865234375,369.94683837890625,90.8074951171875,65.87999725341797,72.7418441772461
2023-01-10,37.564117431640625,174.74000549316406,172.66561889648438,267.08837890625,372.5411682128906,89.30461120605469,65.9000015258789,72.90558624267578
2023-01-11,37.721168518066406,174.6199951171875,174.8178253173828,271.7090759277344,377.2530822753906,90.75594329833984,68.05000305175781,75.51705932617188
2023-01-12,37.905941009521484,176.63999938964844,177.75442504882812,273.177490234375,378.6265563964844,92.54222106933594,68.61000061035156,76.47372436523438
2023-01-13,38.15538024902344,178.75999450683594,178.9214324951172,275.0570068359375,380.0953369140625,91.67485046386719,70.05000305175781,75.99971008300781
2023-01-17,37.94289779663086,177.58999633789062,178.701416015625,275.6151428222656,379.3991394042969,91.08230590820312,70.86000061035156,76.21517181396484
2023-01-18,37.6842155456543,177.0800018310547,175.8126220703125,272.0321044921875,373.4091796875,93.28934478759766,69.51000213623047,75.10335540771484
2023-01-19,37.97060775756836,179.88999938964844,174.12911987304688,269.3594665527344,370.6907653808594,92.70539093017578,70.58999633789062,74.68965148925781
2023-01-20,38.552642822265625,179.2899932861328,176.99871826171875,276.7310485839844,377.596435546875,91.20252227783203,71.55000305175781,75.57738494873047
2023-01-23,38.82979965209961,179.6300048828125,179.18923950195312,282.8788757324219,382.1271057128906,90.77312469482422,71.5,75.92213439941406
2023-01-24,38.85751724243164,180.27999877929688,178.80662536621094,282.3014221191406,381.7169494628906,92.07847595214844,70.22000122070312,76.11174774169922
2023-01-25,38.894474029541016,181.11000061035156,179.3040771484375,281.67486572265625,381.86004638671875,92.3017578125,70.51000213623047,76.1462173461914
2023-01-26,39.264015197753906,179.47000122070312,180.3657684326172,287.1667785644531,386.0567321777344,91.87235260009766,70.93000030517578,76.99946594238281
2023-01-27,39.079246520996094,179.22000122070312,181.34146118164062,290.0253601074219,386.9438171386719,91.64048767089844,69.5,77.86132049560547
2023-01-30,38.29396057128906,178.75999450683594,178.81617736816406,284.1613464355469,382.0888977050781,91.30557250976562,68.0999984741211,76.87018585205078
2023-01-31,38.210819244384766,179.41000366210938,183.15887451171875,288.4197692871094,387.7068786621094,92.03553771972656,69.31999969482422,78.48188018798828
2023-02-01,38.68198776245117,181.6699981689453,186.03811645507812,294.5872497558594,391.82733154296875,93.14192199707031,67.36000061035156,78.96453857421875
2023-02-02,38.451019287109375,177.89999389648438,189.70166015625,305.1599426269531,397.53118896484375,93.26246643066406,66.56999969482422,80.75721740722656
2023-02-03,37.767364501953125,173.4600067138672,188.42942810058594,299.73651123046875,393.30572509765625,91.86763763427734,64.4000015258789,79.2403335571289
2023-02-06,37.213050842285156,173.82000732421875,185.7032928466797,297.2011413574219,390.9021301269531,91.18746948242188,65.5,78.66287231445312
2023-02-07,37.360862731933594,173.97999572753906,187.08071899414062,303.3587341308594,396.0146179199219,90.45559692382812,67.76000213623047,78.4905014038086
2023-02-08,37.314674377441406,174.41000366210938,184.34498596191406,297.964599609375,391.68426513671875,90.88610076904297,68.68000030517578,78.11990356445312
2023-02-09,37.490203857421875,173.02999877929688,181.67625427246094,295.3312072753906,388.2886962890625,90.02511596679688,67.91999816894531,77.26664733886719
2023-02-10,37.1298942565918,173.36000061035156,182.03973388671875,293.3929138183594,389.19488525390625,89.01777648925781,69.87000274658203,77.53382873535156
2023-02-13,37.43476867675781,172.47999572753906,184.23019409179688,298.0919189453125,393.7635498046875,89.76683807373047,69.5,78.22334289550781
2023-02-14,37.37010955810547,172.61000061035156,184.14413452148438,300.2945556640625,393.5823974609375,89.56021118164062,69.4000015258789,77.60279083251953
2023-02-15,37.055992126464844,170.88999938964844,186.00941467285156,302.5950622558594,394.8604736328125,88.72504425048828,69.0199966430664,77.91305541992188
2023-02-16,37.06522750854492,170.75,184.23019409179688,296.9171447753906,389.42376708984375,87.46797180175781,68.44999694824219,77.15459442138672
2023-02-17,36.65873336791992,171.25999450683594,184.7371826171875,294.8221740722656,388.450927734375,88.14815521240234,67.0199966430664,76.85295104980469
2023-02-21,36.196800231933594,170.6199951171875,179.28489685058594,287.8421936035156,380.6581726074219,86.43479919433594,66.69000244140625,75.31021118164062
2023-02-22,36.021270751953125,169.66000366210938,179.77273559570312,288.0576171875,380.13360595703125,87.22689819335938,64.91999816894531,74.62934112548828
2023-02-23,36.196800231933594,169.57000732421875,181.05445861816406,290.57354736328125,382.15570068359375,88.07929229736328,66.37999725341797,75.18954467773438
2023-02-24,35.38380432128906,168.35000610351562,179.3614044189453,285.7081298828125,378.0733642578125,86.93418884277344,67.0999984741211,73.8708724975586
2023-02-27,35.56857681274414,169.00999450683594,179.9927215576172,287.7541198730469,379.3609619140625,87.17525482177734,66.25,73.98291778564453
2023-02-28,35.31913375854492,169.77999877929688,180.0022735595703,287.382080078125,377.95892333984375,87.57131958007812,67.20999908447266,73.87950897216797
2023-03-01,36.07670211791992,170.75999450683594,180.23184204101562,285.07177734375,376.5090026855469,86.63053131103516,68.06999969482422,72.94867706298828
2023-03-02,36.20603942871094,170.66000366210938,180.66229248046875,287.4310607910156,379.43731689453125,85.86234283447266,68.30000305175781,73.80193328857422
2023-03-03,36.529396057128906,172.49000549316406,183.17803955078125,293.37335205078125,385.52264404296875,87.94244384765625,69.86000061035156,74.92237091064453
2023-03-06,36.400054931640625,171.6199951171875,180.4997100830078,293.7062072753906,385.7897033691406,87.26058197021484,70.48999786376953,74.62934112548828
2023-03-07,35.790306091308594,168.6199951171875,178.40484619140625,290.1036376953125,379.8760986328125,87.79571533203125,67.8499984741211,72.88834381103516
2023-03-08,35.9381217956543,168.5399932861328,178.49095153808594,291.552490234375,380.49603271484375,87.88201141357422,67.0999984741211,73.72437286376953
2023-03-09,35.14360809326172,170.1999969482422,173.52651977539062,286.50103759765625,373.4759521484375,88.0978012084961,66.23999786376953,72.03510284423828
2023-03-10,34.958831787109375,173.8699951171875,168.52377319335938,282.4775390625,368.08685302734375,91.13594055175781,67.13999938964844,69.64769744873047
2023-03-13,35.01426315307617,177.86000061035156,165.7784881591797,284.572509765625,367.56231689453125,91.3431396484375,65.25,70.56130981445312
2023-03-14,35.032737731933594,176.8300018310547,168.8489990234375,291.1119689941406,373.6380920410156,89.84131622314453,62.93000030517578,71.24217224121094
2023-03-15,34.43223571777344,178.2100067138672,166.0654754638672,292.6391296386719,371.30126953125,91.57615661621094,60.02000045776367,71.19046783447266
2023-03-16,34.958831787109375,178.57000732421875,168.33242797851562,300.353271484375,377.8157958984375,90.85977935791016,60.04999923706055,71.03533935546875
2023-03-17,34.746341705322266,183.77000427246094,163.78887939453125,298.9338073730469,373.39813232421875,92.22346496582031,58.65999984741211,69.42363739013672
2023-03-20,34.87568664550781,183.83999633789062,165.91244506835938,299.9946594238281,376.9886169433594,91.41214752197266,59.790000915527344,70.21656036376953
2023-03-21,35.18980026245117,180.3699951171875,168.97335815429688,304.27935791015625,381.9386291503906,90.62672424316406,61.22999954223633,69.90626525878906
2023-03-22,35.32837677001953,183.44000244140625,164.18109130859375,300.1416931152344,375.4278564453125,91.83509063720703,61.61000061035156,67.29481506347656
2023-03-23,35.81802749633789,185.74000549316406,163.45236206054688,303.7008972167969,376.4428405761719,91.83509063720703,60.9900016784668,66.87248992919922
2023-03-24,35.72563171386719,183.64999389648438,164.930908203125,304.818603515625,378.9130554199219,92.22346496582031,60.959999084472656,68.58740234375
2023-03-27,35.5316276550293,181.9499969482422,166.7646484375,302.730224609375,379.6216125488281,90.05706787109375,64.1500015258789,68.5090560913086
2023-03-28,36.03974151611328,183.44000244140625,166.52464294433594,301.1221923828125,378.76947021484375,90.22105407714844,64.55000305175781,68.3436508178711
2023-03-29,36.1413688659668,182.52999877929688,168.4159698486328,306.61285400390625,384.2748107910156,90.03981018066406,64.1500015258789,69.85832977294922
2023-03-30,36.501670837402344,184.17999267578125,168.18553161621094,309.5150146484375,386.52484130859375,90.4541015625,65.31999969482422,70.7723617553711
2023-03-31,36.45547866821289,183.22000122070312,171.2769775390625,314.66253662109375,391.9727783203125,91.80919647216797,66.44000244140625,72.28707122802734
2023-04-03,36.529396057128906,184.5399932861328,171.35377502441406,313.8977355957031,393.4664611816406,92.24097442626953,70.2699966430664,71.71253204345703
2023-04-04,36.529396057128906,187.97999572753906,168.34873962402344,312.8388977050781,391.2833557128906,92.6995849609375,70.2699966430664,71.61677551269531
2023-04-05,36.24300003051758,187.8300018310547,166.6974334716797,309.7503967285156,390.2589111328125,93.66871643066406,70.23999786376953,71.23373413085938
2023-04-06,36.390811920166016,186.49000549316406,166.94703674316406,311.8387756347656,391.7812805175781,93.91099548339844,70.26000213623047,71.72122955322266
2023-04-10,36.427772521972656,185.11000061035156,168.73280334472656,311.6622619628906,392.1834411621094,92.39671325683594,69.76000213623047,72.05201721191406
2023-04-11,36.64949417114258,186.27999877929688,170.0672607421875,309.662109375,392.2886962890625,92.58708953857422,71.06999969482422,72.35670471191406
2023-04-12,36.390811920166016,187.19000244140625,168.8192138671875,306.9266357421875,390.6897277832031,92.49187469482422,72.43000030517578,72.00849914550781
2023-04-13,36.88970184326172,189.72000122070312,171.05615234375,312.93695068359375,395.8791809082031,91.76504516601562,71.80000305175781,71.7908706665039
2023-04-14,36.6956901550293,186.36000061035156,169.4624481201172,312.34857177734375,394.912109375,90.92570495605469,72.08999633789062,70.6766128540039
2023-04-17,36.85274124145508,185.52999877929688,171.64178466796875,312.6133117675781,396.3291931152344,89.8440933227539,70.83999633789062,72.14776611328125
2023-04-18,36.806549072265625,186.25,170.9121551513672,312.6329345703125,396.5877380371094,90.16425323486328,70.7300033569336,71.98238372802734
2023-04-19,36.437007904052734,185.36000061035156,171.13294982910156,312.4858703613281,396.5206298828125,90.07772064208984,69.30000305175781,72.408935546875
2023-04-20,36.38157272338867,186.08999633789062,170.2496795654297,310.1033020019531,394.3569030761719,90.84784698486328,67.5999984741211,71.69511413574219
2023-04-21,36.03974151611328,184.25,170.4705047607422,310.4268493652344,394.66326904296875,90.33732604980469,68.20999908447266,71.70382690429688
2023-04-24,35.95659637451172,184.80999755859375,170.3553466796875,309.77978515625,395.0749206542969,91.21124267578125,69.25,71.4339599609375
2023-04-25,35.28218078613281,185.75,166.15017700195312,303.9361877441406,388.8036193847656,92.55247497558594,67.62000274658203,70.72883605957031
2023-04-26,35.48543167114258,184.74000549316406,164.54685974121094,305.7794494628906,387.15673828125,91.56605529785156,65.36000061035156,70.04985809326172
2023-04-27,35.96583557128906,184.75,166.7454376220703,314.0938415527344,394.86431884765625,90.65745544433594,65.80999755859375,71.6341781616211
2023-04-28,36.15061569213867,184.8000030517578,168.20474243164062,316.2606201171875,398.2344665527344,92.11981201171875,67.5,72.51339721679688
2023-05-01,36.03050994873047,183.97000122070312,168.30076599121094,315.89788818359375,397.83233642578125,89.46356964111328,66.55000305175781,71.97368621826172
2023-05-02,35.679443359375,187.52000427246094,164.84451293945312,313.14276123046875,393.3610534667969,91.6930160522461,63.04999923706055,70.75496673583984
2023-05-03,35.6240119934082,189.11000061035156,165.4493408203125,311.0936279296875,390.6610412597656,92.20486450195312,60.310001373291016,70.47640991210938
2023-05-04,35.910400390625,190.44000244140625,163.5963592529297,309.9955139160156,387.89404296875,91.29398345947266,60.70000076293945,71.05963897705078
2023-05-05,36.390811920166016,187.4600067138672,167.48468017578125,316.5842590332031,395.0749206542969,90.9903564453125,63.029998779296875,72.24353790283203
2023-05-08,36.4092903137207,187.69000244140625,167.10064697265625,317.3686828613281,395.1802673339844,89.71514892578125,64.26000213623047,71.82569885253906
2023-05-09,36.187564849853516,189.02000427246094,166.60142517089844,315.3586730957031,393.44720458984375,89.39420318603516,64.87000274658203,71.52101135253906
2023-05-10,36.169090270996094,188.75,167.44630432128906,318.790283203125,395.28558349609375,90.26171112060547,64.38999938964844,72.20870208740234
2023-05-11,36.03974151611328,187.1300048828125,166.15980529785156,319.8296203613281,394.5962219238281,91.21590423583984,63.25,71.41655731201172
2023-05-12,35.61477279663086,186.80999755859375,165.82376098632812,318.6823425292969,394.0792236328125,90.45250701904297,62.06999969482422,71.4078598022461
2023-05-15,36.27070999145508,187.2100067138672,167.84950256347656,320.4080810546875,395.4387512207031,89.51565551757812,62.9900016784668,71.2859878540039
2023-05-16,36.012027740478516,184.8699951171875,165.40133666992188,320.7708435058594,392.796142578125,89.24671936035156,62.540000915527344,69.50142669677734
2023-05-17,36.17832565307617,184.22999572753906,169.08798217773438,324.653564453125,397.5643310546875,88.98645782470703,64.5999984741211,70.44157409667969
2023-05-18,35.98431396484375,181.83999633789062,170.11526489257812,330.6833801269531,401.3941650390625,88.32717895507812,64.04000091552734,70.10208129882812
2023-05-19,36.012027740478516,183.63999938964844,169.07839965820312,329.93829345703125,400.8100891113281,87.70256805419922,63.900001525878906,69.98892974853516
2023-05-22,36.30766677856445,183.2100067138672,171.14256286621094,331.0461730957031,400.97283935546875,87.39029693603516,63.90999984741211,70.41546630859375
2023-05-23,35.744110107421875,183.42999267578125,170.33609008789062,326.8497314453125,396.4728088378906,87.64187622070312,64.87000274658203,69.7538833618164
2023-05-24,35.476192474365234,181.9499969482422,168.53114318847656,325.173095703125,393.6004638671875,87.20816802978516,65.66000366210938,68.2566146850586
2023-05-25,35.402286529541016,180.1999969482422,167.21585083007812,333.08563232421875,397.0089416503906,86.99128723144531,64.08999633789062,68.2479019165039
2023-05-26,36.03050994873047,180.9199981689453,169.1168212890625,341.59600830078125,402.1505126953125,87.69392395019531,64.80000305175781,69.0313491821289
2023-05-30,35.61477279663086,182.0399932861328,168.49273681640625,343.145263671875,402.3037414550781,88.5700912475586,62.29999923706055,69.29251098632812
2023-05-31,35.28218078613281,182.32000732421875,166.8318634033203,341.1940612792969,400.0728454589844,89.3421401977539,60.630001068115234,69.64071655273438
2023-06-01,35.910400390625,183.75999450683594,168.63674926757812,345.13555908203125,403.8739318847656,89.69265747070312,62.54999923706055,69.6494140625
2023-06-02,36.529396057128906,181.0500030517578,174.75242614746094,347.7239685058594,409.71441650390625,88.70978546142578,64.1500015258789,71.346923828125
2023-06-05,36.52015686035156,182.13999938964844,172.40985107421875,347.9691162109375,408.9293212890625,88.5445556640625,64.02999877929688,70.85071563720703
2023-06-06,36.843505859375,182.33999633789062,176.95098876953125,347.91021728515625,409.8197021484375,89.0664291381836,63.790000915527344,71.52970123291016
2023-06-07,36.68522262573242,180.14999389648438,180.2618408203125,342.0078430175781,408.4026794433594,87.74433898925781,64.70999908447266,72.84418487548828
2023-06-08,36.945926666259766,182.52999877929688,179.58792114257812,346.2532958984375,410.8729248046875,88.77069091796875,63.459999084472656,72.39152526855469
2023-06-09,37.113521575927734,182.0399932861328,178.13418579101562,347.5769348144531,411.6101379394531,88.64889526367188,62.93000030517578,71.97368621826172
2023-06-12,37.18800735473633,181.8800048828125,178.87548828125,353.44989013671875,415.3442077636719,88.90984344482422,60.2400016784668,71.99108123779297
2023-06-13,37.560455322265625,180.5399932861328,180.92611694335938,356.1658020019531,418.08258056640625,88.03137969970703,62.13999938964844,72.45246887207031
2023-06-14,37.83977508544922,180.63999938964844,178.9813995361328,358.75433349609375,418.5804748535156,88.73590850830078,61.83000183105469,72.72232055664062
2023-06-15,38.19359588623047,181.91000366210938,180.4543914794922,363.0291442871094,423.76983642578125,89.58830261230469,63.40999984741211,73.1053466796875
2023-06-16,38.0632438659668,181.6300048828125,179.01026916503906,360.74468994140625,422.326416015625,89.2403793334961,64.3499984741211,73.0531234741211
2023-06-20,37.318363189697266,179.75,178.23046875,360.2281799316406,420.13531494140625,89.8579330444336,63.91999816894531,72.19129943847656
2023-06-21,37.14145278930664,179.49000549316406,177.81651306152344,355.3191223144531,417.9826354980469,90.07538604736328,65.04000091552734,71.75606536865234
2023-06-22,37.011104583740234,177.7100067138672,176.49755859375,359.5115051269531,419.491455078125,88.98814392089844,62.52000045776367,70.72883605957031
2023-06-23,36.471065521240234,178.1999969482422,173.84042358398438,355.94744873046875,416.3200988769531,89.87532806396484,62.41999816894531,69.7538833618164
2023-06-26,36.59210968017578,178.50999450683594,174.01370239257812,351.1758117675781,414.6191101074219,89.97100067138672,62.72999954223633,71.36431884765625
2023-06-27,36.96455001831055,177.69000244140625,176.52645874023438,357.2140197753906,419.1646728515625,89.73616790771484,61.29999923706055,72.24353790283203
2023-06-28,36.74108123779297,177.27999877929688,177.39288330078125,357.9111633300781,419.37615966796875,90.1188735961914,62.52000045776367,72.3479995727539
2023-06-29,36.545555114746094,177.08999633789062,179.43386840820312,357.1943664550781,421.0290222167969,88.49236297607422,62.959999084472656,73.15614318847656
2023-06-30,36.83419418334961,178.27000427246094,180.2906951904297,362.7024230957031,425.99755859375,89.53609466552734,63.54999923706055,73.56109619140625
2023-07-03,37.243873596191406,178.47000122070312,180.65655517578125,363.5566101074219,426.4875793457031,89.02852630615234,63.38999938964844,74.2829818725586
2023-07-05,37.02041244506836,177.83999633789062,178.8562469482422,363.5467529296875,425.85333251953125,88.18252563476562,64.62999725341797,74.45024871826172
2023-07-06,36.2662239074707,177.30999755859375,175.96807861328125,360.7779846191406,422.51861572265625,86.93537139892578,64.44000244140625,73.87803649902344
2023-07-07,36.675907135009766,178.63999938964844,177.82611083984375,359.58026123046875,421.4518737792969,86.41207885742188,65.8499984741211,73.71076202392578
2023-07-10,36.703834533691406,178.77999877929688,180.86834716796875,359.69805908203125,422.51861572265625,86.52545928955078,65.54000091552734,74.02767944335938
2023-07-11,37.07627487182617,179.4499969482422,182.72642517089844,361.4751281738281,425.2095031738281,86.97026062011719,67.02999877929688,75.08409118652344
2023-07-12,37.90495300292969,181.8800048828125,184.71926879882812,366.04058837890625,428.63067626953125,87.93832397460938,67.87000274658203,75.48904418945312
2023-07-13,38.3984375,182.00999450683594,186.2115478515625,372.2554626464844,432.0326232910156,88.8628158569336,69.08999633789062,75.9732437133789
2023-07-14,38.18428039550781,181.42999267578125,184.39193725585938,372.1769104003906,431.76361083984375,88.33953857421875,67.47000122070312,75.82357788085938
2023-07-17,38.23084259033203,181.55999755859375,186.36557006835938,375.6525573730469,433.2626953125,88.38313293457031,66.58000183105469,75.3305892944336
2023-07-18,37.951507568359375,183.63999938964844,188.66650390625,378.7256164550781,436.4821472167969,88.78433227539062,67.95999908447266,74.91683959960938
2023-07-19,37.87702560424805,183.6699981689453,189.465576171875,378.6372375488281,437.4527282714844,89.78727722167969,67.69000244140625,75.761962890625
2023-07-20,37.597694396972656,182.74000549316406,187.8096923828125,369.9089050292969,434.55047607421875,88.69711303710938,68.05000305175781,75.51545715332031
2023-07-21,37.54182815551758,182.17999267578125,187.21275329589844,368.7994079589844,434.55047607421875,88.72328186035156,68.98999786376953,75.86759185791016
2023-07-24,38.05392837524414,181.39999389648438,187.6748809814453,369.3885803222656,436.4917297363281,88.40057373046875,70.69000244140625,76.49263000488281
2023-07-25,38.37050247192383,182.41000366210938,187.65562438964844,371.89215087890625,437.683349609375,88.2348403930664,71.16000366210938,75.94681549072266
2023-07-26,38.593963623046875,183.3000030517578,189.13824462890625,370.6551208496094,437.7507019042969,88.32209014892578,70.66000366210938,76.29015350341797
2023-07-27,38.119110107421875,180.4199981689453,186.69288635253906,369.7714538574219,434.848388671875,86.60394287109375,71.43000030517578,74.63512420654297
2023-07-28,39.040897369384766,181.86000061035156,189.10934448242188,376.5067138671875,439.10577392578125,87.04876708984375,72.08999633789062,74.57349395751953
2023-07-31,39.05951690673828,182.35000610351562,191.30438232421875,376.70306396484375,439.9417724609375,87.25808715820312,73.16999816894531,75.05769348144531
2023-08-01,38.56603240966797,180.4600067138672,190.42828369140625,375.8292541503906,438.682861328125,85.82820129394531,72.95999908447266,74.93443298339844
2023-08-02,37.64424514770508,179.60000610351562,187.83853149414062,367.5820007324219,432.58038330078125,84.90990447998047,71.4800033569336,74.5030517578125
2023-08-03,37.79322814941406,179.5399932861328,187.30902099609375,366.9928894042969,431.3406982421875,82.95092010498047,73.13999938964844,73.69314575195312
2023-08-04,37.74666976928711,180.19000244140625,186.93359375,365.2747497558594,429.3898620605469,84.42015838623047,73.79000091552734,73.09452056884766
2023-08-07,37.69080352783203,179.77999877929688,187.0587158203125,368.3674621582031,433.1378173828125,83.58935546875,73.81999969482422,74.01007843017578
2023-08-08,37.23456573486328,178.63999938964844,185.88418579101562,365.2355041503906,431.2542724609375,84.56008911132812,74.05999755859375,73.5346908569336
2023-08-09,37.327674865722656,177.7899932861328,184.4304962158203,361.2198181152344,428.37115478515625,84.99735260009766,75.0999984741211,73.52588653564453
2023-08-10,37.383541107177734,177.60000610351562,183.6121368408203,361.8875427246094,428.5249938964844,83.59808349609375,74.19999694824219,73.24418640136719
2023-08-11,36.83419418334961,177.60000610351562,183.87208557128906,359.58026123046875,428.2750549316406,83.40569305419922,74.25,73.35863494873047
2023-08-14,36.65728759765625,177.05999755859375,183.55438232421875,363.6155090332031,430.6391906738281,83.22200775146484,73.80999755859375,72.87443542480469
2023-08-15,36.23828887939453,176.58999633789062,181.12828063964844,359.7569274902344,425.6226806640625,82.71479797363281,72.62000274658203,72.05571746826172
2023-08-16,35.912410736083984,175.57000732421875,178.91400146484375,355.94744873046875,422.4994201660156,82.06758880615234,71.37000274658203,71.16657257080078
2023-08-17,35.99620819091797,175.3000030517578,176.80560302734375,352.05950927734375,419.280029296875,81.71778869628906,71.9800033569336,70.59436798095703
2023-08-18,35.754119873046875,175.3300018310547,177.7683563232422,351.6177062988281,419.4818115234375,82.00638580322266,72.79000091552734,70.81443786621094
2023-08-21,35.837921142578125,175.80999755859375,177.50843811035156,357.28277587890625,422.2110900878906,80.91319274902344,72.58000183105469,70.16300201416016
2023-08-22,35.763431549072266,176.10000610351562,176.9789276123047,356.7722473144531,421.0675048828125,81.53417205810547,72.27999877929688,70.36547088623047
2023-08-23,36.33140182495117,177.88999938964844,178.86587524414062,362.3980407714844,425.7572326660156,83.55432891845703,71.36000061035156,71.47469329833984
2023-08-24,36.19173049926758,177.85000610351562,176.39163208007812,354.6514892578125,419.85662841796875,83.00338745117188,71.41000366210938,71.20179748535156
2023-08-25,36.228981018066406,177.6199951171875,177.142578125,357.400634765625,422.8164978027344,83.27449035644531,72.44999694824219,71.25460815429688
2023-08-28,36.58279800415039,178.1300048828125,178.72146606445312,360.0907287597656,425.497802734375,83.3619613647461,72.41000366210938,71.92366027832031
2023-08-29,37.048343658447266,179.8699951171875,181.21493530273438,367.9551086425781,431.6482849121094,84.2277603149414,73.31999969482422,72.79520416259766
2023-08-30,36.927303314208984,180.32000732421875,181.89849853515625,370.007080078125,433.4261474609375,84.14032745361328,73.66000366210938,73.05931091308594
2023-08-31,36.471065521240234,180.02000427246094,181.58078002929688,371.1165466308594,432.7918701171875,84.51634979248047,75.05999755859375,72.52230834960938
2023-09-01,36.89937210083008,180.11000061035156,183.7373046875,370.72381591796875,433.5990905761719,83.1997299194336,76.91999816894531,72.64556121826172
2023-09-05,36.60142135620117,178.63999938964844,179.86712646484375,371.19512939453125,431.7251281738281,82.03308868408203,77.76000213623047,71.80042266845703
2023-09-06,36.39657974243164,177.8300018310547,179.19320678710938,367.9255676269531,428.8228759765625,82.23481750488281,78.5199966430664,71.65076446533203
2023-09-07,35.96827697753906,178.02000427246094,177.46029663085938,365.2944030761719,427.5063171386719,82.46290588378906,77.94999694824219,72.09973907470703
2023-09-08,36.042762756347656,178.0800018310547,177.0655975341797,365.80487060546875,428.15020751953125,82.7787094116211,78.30000305175781,71.81803131103516
2023-09-11,36.48968505859375,178.41000366210938,177.4891815185547,370.11505126953125,430.9659729003906,82.18221282958984,78.37000274658203,71.82682800292969
2023-09-12,36.377952575683594,177.49000549316406,177.31590270996094,366.01116943359375,428.601806640625,82.65587615966797,79.69999694824219,71.7916259765625
2023-09-13,36.33140182495117,177.0800018310547,176.1509552001953,367.4052734375,429.1015625,82.63833618164062,79.68000030517578,71.00811767578125
2023-09-14,36.573482513427734,177.1699981689453,178.63482666015625,370.40960693359375,432.80145263671875,82.0418472290039,81.12000274658203,72.29341888427734
2023-09-15,36.4338264465332,178.33999633789062,176.7671356201172,364.0671081542969,427.5869140625,81.54187774658203,81.29000091552734,72.0205307006836
2023-09-18,36.387271881103516,179.38999938964844,175.5926055908203,364.4466247558594,427.8376770019531,82.00675964355469,81.44999694824219,71.37787628173828
2023-09-19,36.17311477661133,179.22000122070312,174.90902709960938,363.6698303222656,426.9504089355469,81.40152740478516,81.5,71.05215454101562
2023-09-20,36.024139404296875,179.35000610351562,173.15687561035156,358.42926025390625,423.02532958984375,81.65589904785156,80.13999938964844,71.11375427246094
2023-09-21,35.400306701660156,178.0500030517578,170.47085571289062,351.8612060546875,416.0333557128906,79.5594482421875,80.41000366210938,68.6928482055664
2023-09-22,35.81930160522461,178.6199951171875,170.0857696533203,351.9103698730469,415.09796142578125,80.19979095458984,80.62999725341797,68.1734390258789
2023-09-25,35.6610107421875,177.6999969482422,170.84634399414062,353.58184814453125,416.8435363769531,78.22615814208984,80.38999938964844,68.11180114746094
2023-09-26,35.15821838378906,176.27999877929688,168.64967346191406,348.2724304199219,410.7195739746094,77.95423889160156,80.87999725341797,66.87052917480469
2023-09-27,35.214088439941406,174.10000610351562,170.22628784179688,349.0885009765625,410.8834228515625,77.55074310302734,82.9000015258789,66.42156219482422
2023-09-28,35.307193756103516,173.22999572753906,171.76422119140625,352.0086669921875,413.265625,77.78756713867188,81.56999969482422,67.05890655517578
2023-09-29,35.33512878417969,171.4499969482422,170.95176696777344,352.26434326171875,412.2626037597656,77.7963638305664,80.86000061035156,67.25447082519531
2023-10-02,35.15821838378906,169.64999389648438,168.36920166015625,355.2042541503906,412.0986022949219,76.4939956665039,79.38999938964844,66.01889038085938
2023-10-03,34.69266891479492,169.16000366210938,165.53517150878906,348.9704284667969,406.58221435546875,74.84851837158203,79.93000030517578,64.72998046875
2023-10-04,34.59025192260742,169.13999938964844,165.612548828125,353.719482421875,409.5429992675781,75.90445709228516,75.58999633789062,65.5210952758789
2023-10-05,34.720603942871094,168.8300018310547,165.73828125,352.67730712890625,409.3887023925781,75.52607727050781,73.98999786376953,65.88555145263672
2023-10-06,35.2234001159668,169.6999969482422,167.334228515625,358.58660888671875,414.2492370605469,74.61091613769531,74.16000366210938,66.0633316040039
2023-10-09,35.05580139160156,172.82000732421875,168.3014678955078,360.4153747558594,416.9013671875,76.36204528808594,77.12999725341797,66.7833480834961
2023-10-10,35.558589935302734,172.52999877929688,170.2069854736328,362.4113464355469,419.0712585449219,76.25643920898438,76.70999908447266,67.10333251953125
2023-10-11,35.78205871582031,173.7899932861328,169.91677856445312,364.99725341796875,420.7879333496094,77.84915924072266,75.66999816894531,68.26780700683594
2023-10-12,35.381675720214844,173.25999450683594,166.07681274414062,363.7288818359375,418.2225646972656,75.73726654052734,75.41999816894531,67.27223205566406
2023-10-13,35.25132751464844,178.8300018310547,164.69361877441406,359.1567687988281,416.1394958496094,77.09237670898438,78.98999786376953,67.10333251953125
2023-10-16,35.51203536987305,177.9600067138672,167.35357666015625,363.21759033203125,420.5178527832031,75.85166931152344,78.38999938964844,67.90336608886719
2023-10-17,35.41893005371094,178.2899932861328,169.2203826904297,362.0278625488281,420.49853515625,75.01570892333984,78.80000305175781,67.8055648803711
2023-10-18,34.87889099121094,180.8699951171875,165.73828125,357.2788391113281,414.8953857421875,74.35577392578125,79.83999633789062,66.36555480957031
2023-10-19,34.674049377441406,183.08999633789062,163.09768676757812,353.93585205078125,411.2499694824219,72.83341979980469,81.68000030517578,64.79220581054688
2023-10-20,34.25505447387695,183.58999633789062,160.98907470703125,348.6559143066406,406.1965026855469,73.24703216552734,80.69999694824219,64.35662841796875
2023-10-23,34.22712326049805,182.97000122070312,159.625244140625,349.7079162597656,405.4925231933594,74.12696838378906,78.88999938964844,63.72551727294922
2023-10-24,34.664737701416016,182.9499969482422,161.01809692382812,353.10992431640625,408.54962158203125,75.10368347167969,76.93000030517578,64.54329681396484
2023-10-25,34.208499908447266,183.72000122070312,158.35816955566406,344.4672546386719,402.6860656738281,73.43179321289062,78.45999908447266,63.1566162109375
2023-10-26,34.0409049987793,184.00999450683594,158.764404296875,337.8992919921875,397.864013671875,74.55813598632812,76.88999938964844,64.36552429199219
2023-10-27,34.01297378540039,186.14999389648438,156.8976287841797,339.5215759277344,396.0606689453125,74.24136352539062,78.36000061035156,63.33439254760742
2023-10-30,34.36678695678711,185.10000610351562,157.7681427001953,343.34637451171875,400.7958679199219,73.90696716308594,76.05000305175781,63.73439025878906
2023-10-31,34.171260833740234,184.08999633789062,159.13194274902344,344.9883728027344,403.31292724609375,73.54618835449219,75.0199966430664,64.81884765625
2023-11-01,34.487831115722656,183.50999450683594,160.0411834716797,350.97625732421875,407.61419677734375,75.14081573486328,74.75,65.2188720703125
2023-11-02,35.093040466308594,184.1199951171875,164.30673217773438,357.3476867675781,415.4258117675781,76.85379791259766,76.18000030517578,67.36112976074219
2023-11-03,35.80998992919922,184.7899932861328,168.7754669189453,361.5461120605469,419.2159118652344,77.37472534179688,74.8499984741211,68.97004699707031
2023-11-06,36.0986328125,183.35000610351562,166.66683959960938,363.0209655761719,420.18035888671875,76.62422180175781,74.91000366210938,67.9744644165039
2023-11-07,36.033451080322266,182.58999633789062,166.07681274414062,366.4523620605469,421.37615966796875,77.75443267822266,71.80000305175781,67.4144515991211
2023-11-08,35.79136657714844,180.77000427246094,164.30673217773438,366.68841552734375,421.684814453125,79.07887268066406,70.19000244140625,67.63668823242188
2023-11-09,35.456172943115234,181.49000549316406,161.7628936767578,363.8665466308594,418.3961486816406,77.25995635986328,70.25,66.57000732421875
2023-11-10,35.70756530761719,179.50999450683594,163.57164001464844,372.0470275878906,424.9251708984375,77.692626953125,71.79000091552734,67.1922378540039
2023-11-13,35.6982536315918,180.50999450683594,163.62966918945312,370.8868103027344,424.5201721191406,77.51602935791016,72.91999816894531,66.6322250366211
2023-11-14,36.647972106933594,182.1199951171875,172.61538696289062,378.8707275390625,432.7561340332031,79.27313232421875,72.69000244140625,70.33007049560547
2023-11-15,36.955238342285156,181.63999938964844,172.91525268554688,379.1558837890625,433.67230224609375,78.16059875488281,71.33999633789062,70.53451538085938
2023-11-16,36.60142135620117,183.69000244140625,170.1199188232422,379.4803466796875,434.2027587890625,79.13188171386719,68.05000305175781,70.38340759277344
2023-11-17,36.647972106933594,183.6699981689453,172.4509735107422,379.56884765625,434.7427978515625,79.50270080566406,70.75,70.33007049560547
2023-11-20,37.104209899902344,183.3699951171875,173.4569091796875,384.1900329589844,438.08929443359375,79.98834228515625,72.30000305175781,70.84563446044922
2023-11-21,36.87143325805664,185.35000610351562,171.22256469726562,381.9581298828125,437.13446044921875,79.95304107666016,72.52999877929688,70.34782409667969
2023-11-22,36.79694747924805,184.55999755859375,172.2962646484375,383.52142333984375,438.8221740722656,80.235595703125,71.61000061035156,70.69451904296875
2023-11-24,36.815574645996094,185.52000427246094,173.4569091796875,382.9806823730469,439.09222412109375,79.29080200195312,70.81999969482422,70.89897155761719
2023-11-27,36.666595458984375,186.77000427246094,172.87660217285156,382.6463623046875,438.30145263671875,80.61526489257812,69.95999908447266,71.15675354003906
2023-11-28,36.973854064941406,189.25999450683594,172.20916748046875,383.6492919921875,438.73541259765625,80.77420043945312,71.26000213623047,71.62786102294922
2023-11-29,36.75970458984375,189.5399932861328,173.11839294433594,383.275634765625,438.4267883300781,81.78960418701172,72.5199966430664,72.12565612792969
2023-11-30,36.83419418334961,188.75,173.77613830566406,382.31207275390625,440.1530456542969,80.8448257446289,70.13999938964844,72.6501235961914
2023-12-01,36.99248123168945,192.00999450683594,178.8541717529297,383.40350341796875,442.75701904296875,82.36746215820312,69.23999786376953,74.4367904663086
2023-12-04,36.573482513427734,187.86000061035156,180.7693328857422,379.8441467285156,440.4327697753906,82.03972625732422,68.47000122070312,74.97903442382812
2023-12-05,36.35002517700195,187.14999389648438,178.35122680664062,380.7978820800781,440.34600830078125,83.80240631103516,67.58000183105469,74.48123931884766
2023-12-06,36.303470611572266,187.83999633789062,178.03201293945312,378.595458984375,438.5714416503906,84.91847229003906,64.76000213623047,74.25902557373047
2023-12-07,36.48037338256836,188.14999389648438,179.31846618652344,383.8852233886719,441.9179382324219,84.43130493164062,65.11000061035156,74.47235870361328
2023-12-08,36.322086334228516,185.63999938964844,180.68228149414062,385.59613037109375,443.81787109375,83.74038696289062,66.52999877929688,74.34790802001953
2023-12-11,36.5362434387207,183.58999633789062,181.0595245361328,388.889892578125,445.5440673828125,83.563232421875,66.80000305175781,74.5523681640625
2023-12-12,36.545555114746094,183.49000549316406,180.87571716308594,391.987060546875,447.5789794921875,83.81127166748047,64.25,74.50791931152344
2023-12-13,36.908687591552734,187.6300048828125,186.99844360351562,396.97216796875,453.7511901855469,85.77766418457031,65.33000183105469,77.36129760742188
2023-12-14,37.4487190246582,188.72999572753906,192.20225524902344,396.6280212402344,455.20745849609375,88.00897979736328,67.16000366210938,79.59242248535156
2023-12-15,37.225257873535156,187.0,190.58692932128906,398.5453186035156,454.4578857421875,88.10675048828125,67.1500015258789,78.472412109375
2023-12-18,37.20663070678711,187.85000610351562,190.65463256835938,401.0556335449219,457.01434326171875,87.40473937988281,68.08999633789062,78.29464721679688
2023-12-19,37.5232048034668,189.1300048828125,194.34950256347656,403.1048278808594,459.7933044433594,87.87570190429688,69.36000061035156,78.89021301269531
2023-12-20,36.84772491455078,188.10000610351562,190.54788208007812,397.11480712890625,453.4218444824219,88.47107696533203,68.79000091552734,77.93017578125
2023-12-21,37.540283203125,189.42999267578125,193.7903289794922,401.7353515625,457.72119140625,87.91123962402344,69.02999877929688,78.62129211425781
2023-12-22,37.36002731323242,190.27000427246094,195.5960235595703,402.3363952636719,458.6410217285156,87.51138305664062,68.69000244140625,78.92725372314453
2023-12-26,37.65412521362305,191.72000122070312,198.13951110839844,404.7994079589844,460.5776672363281,87.76016235351562,70.20999908447266,79.51216125488281
2023-12-27,37.8723258972168,192.58999633789062,198.83848571777344,405.6234436035156,461.410400390625,89.31526947021484,68.91999816894531,79.89910125732422
2023-12-28,38.16642761230469,191.47000122070312,198.08123779296875,405.42626953125,461.584716796875,88.66657257080078,67.18000030517578,80.46602630615234
2023-12-29,38.14745330810547,191.1699981689453,194.8485565185547,403.67169189453125,460.2484130859375,87.86679077148438,66.6500015258789,79.51216125488281
2024-01-02,37.701560974121094,190.72000122070312,193.69326782226562,396.8406677246094,457.6726989746094,87.36029052734375,65.7699966430664,80.19606018066406
2024-01-03,37.49284744262695,189.1300048828125,188.52862548828125,392.6414794921875,453.9350280761719,87.72461700439453,68.19000244140625,78.27934265136719
2024-01-04,37.36951446533203,189.32000732421875,188.1597442626953,390.62078857421875,452.4728698730469,86.39170837402344,67.56999969482422,78.13536834716797
2024-01-05,37.41694641113281,189.35000610351562,187.6063690185547,391.0840759277344,453.0926208496094,85.56526947021484,69.02999877929688,77.9373779296875
2024-01-08,37.52130889892578,187.8699951171875,190.9847412109375,399.1670227050781,459.5609436035156,86.40946197509766,66.4000015258789,79.05322265625
2024-01-09,36.99003982543945,187.92999267578125,189.27613830566406,399.9555969238281,458.86376953125,85.85853576660156,67.38999938964844,78.52230834960938
2024-01-10,36.90464401245117,187.5,189.38294982910156,402.6662902832031,461.45880126953125,85.4586410522461,66.55999755859375,78.61229705810547
2024-01-11,37.05644607543945,187.8699951171875,187.89761352539062,403.5041198730469,461.25543212890625,85.93850708007812,67.6500015258789,77.8833999633789
2024-01-12,37.18926239013672,189.7100067138672,187.58692932128906,403.7110900878906,461.5750427246094,85.76966094970703,68.0199966430664,78.35133361816406
2024-01-16,36.28799057006836,187.91000366210938,185.26673889160156,403.67169189453125,459.8804626464844,84.25904846191406,67.25,77.77542114257812
2024-01-17,35.747230529785156,185.83999633789062,183.94647216796875,401.39471435546875,457.3241271972656,84.12571716308594,67.94000244140625,76.35363006591797
2024-01-18,36.041324615478516,187.3699951171875,185.0337677001953,407.0921630859375,461.3909912109375,83.34373474121094,69.05999755859375,75.93968963623047
2024-01-19,36.42081069946289,187.92999267578125,186.810302734375,415.1651916503906,467.1427307128906,83.61032104492188,68.81999969482422,76.84857177734375
2024-01-22,36.09824752807617,187.22000122070312,190.80029296875,415.70733642578125,468.1304931640625,84.10794830322266,69.69000244140625,77.3074951171875
2024-01-23,36.41132354736328,187.9499969482422,190.24696350097656,417.4323425292969,469.49578857421875,83.44147491455078,69.66000366210938,76.77656555175781
2024-01-24,36.81926727294922,186.39999389648438,188.68394470214844,419.748779296875,470.009033203125,82.95275115966797,70.54000091552734,75.67872619628906
2024-01-25,36.86669921875,187.13999938964844,190.24696350097656,420.2613525390625,472.5653381347656,83.49480438232422,72.2300033569336,76.65058898925781
2024-01-26,36.89515686035156,187.00999450683594,190.2566375732422,417.7575988769531,471.96502685546875,83.33484649658203,73.0999984741211,76.43461608886719
2024-01-29,36.91413116455078,188.3300018310547,193.5864715576172,422.03564453125,475.70263671875,84.29456329345703,72.05000305175781,76.93854522705078
2024-01-30,36.62004089355469,188.58999633789062,191.93614196777344,419.2264099121094,475.3346862792969,85.05877685546875,72.80999755859375,76.2186508178711
2024-01-31,36.42081069946289,188.4499969482422,187.24716186523438,411.01531982421875,467.5785217285156,85.8940658569336,70.91999816894531,75.48976135253906
2024-02-01,36.771827697753906,190.41000366210938,189.732421875,415.855224609375,473.69830322265625,87.5789794921875,69.06999969482422,76.85755920410156
2024-02-02,36.667476654052734,188.61000061035156,188.7324981689453,422.8833312988281,478.6850891113281,85.64447021484375,67.51000213623047,75.90370178222656
2024-02-05,36.714908599853516,187.57000732421875,186.3345947265625,422.3313903808594,476.942138671875,83.91498565673828,68.18000030517578,74.3109359741211
2024-02-06,37.549766540527344,188.5500030517578,188.0141143798828,421.4836120605469,478.3268127441406,84.73516845703125,68.80999755859375,75.30978393554688
2024-02-07,37.597206115722656,188.5,187.57725524902344,425.8208312988281,482.3163146972656,84.32505798339844,69.41999816894531,75.2018051147461
2024-02-08,37.38848876953125,188.3300018310547,190.42169189453125,426.6094055175781,482.5293273925781,83.83474731445312,71.5199966430664,75.813720703125
2024-02-09,37.549766540527344,187.60000610351562,193.5185089111328,430.8084716796875,485.3180236816406,83.66536712646484,71.66999816894531,75.9306869506836
2024-02-12,37.843868255615234,187.11000061035156,197.03280639648438,429.1229553222656,485.1050109863281,83.76346588134766,72.11000061035156,75.94868469238281
2024-02-13,37.13233947753906,184.52999877929688,188.92665100097656,422.429931640625,478.4236755371094,82.32817840576172,72.6500015258789,74.38292694091797
2024-02-14,37.66361618041992,184.4199981689453,193.3146514892578,427.0332336425781,482.7713928222656,82.74716186523438,71.55000305175781,74.96782684326172
2024-02-15,37.843868255615234,185.66000366210938,198.46957397460938,428.3048400878906,486.1024475097656,83.1750717163086,72.83999633789062,76.71357727050781
2024-02-16,38.02412414550781,186.33999633789062,195.770751953125,424.42108154296875,483.6816101074219,82.69364929199219,73.41000366210938,75.92169189453125
2024-02-20,38.08103942871094,187.47000122070312,193.07192993164062,421.217529296875,481.01873779296875,82.76497650146484,72.41999816894531,75.78670501708984
2024-02-21,38.14745330810547,187.47999572753906,192.15939331054688,419.5319519042969,481.45452880859375,82.17662048339844,73.19999694824219,76.20964050292969
2024-02-22,38.53641891479492,187.55999755859375,193.61557006835938,431.8139953613281,491.4183654785156,82.57775115966797,73.5999984741211,76.35363006591797
2024-02-23,38.51744842529297,188.6199951171875,194.05245971679688,430.54241943359375,491.7572937011719,83.6832046508789,71.91999816894531,76.31763458251953
2024-02-26,38.346683502197266,188.1999969482422,195.27565002441406,430.315673828125,489.9562072753906,83.43358612060547,72.79000091552734,75.48075866699219
2024-02-27,38.42258071899414,188.0,198.04244995117188,431.3507385253906,490.8664245605469,82.84523010253906,73.8499984741211,75.57075500488281
2024-02-28,37.919769287109375,188.33999633789062,196.41148376464844,429.053955078125,490.21771240234375,83.37117004394531,73.62000274658203,76.33563995361328
2024-02-29,37.93873977661133,189.30999755859375,197.78033447265625,432.7307434082031,491.9800109863281,83.95954895019531,73.36000061035156,76.98353576660156
2024-03-01,38.403602600097656,192.88999938964844,199.87722778320312,439.2463073730469,496.598876953125,84.48272705078125,74.95999908447266,77.9013900756836
2024-03-04,38.31822204589844,196.00999450683594,199.69277954101562,437.67901611328125,496.0662841796875,84.1429214477539,74.01000213623047,78.63027954101562
2024-03-05,37.9766845703125,197.19000244140625,197.78033447265625,429.8228454589844,491.1084899902344,85.34122467041016,73.44999694824219,77.67643737792969
2024-03-06,38.52693176269531,198.80999755859375,199.25592041015625,432.52374267578125,493.5970458984375,85.8420181274414,74.33999633789062,78.06336212158203
2024-03-07,38.76411056518555,199.94000244140625,200.91598510742188,439.08856201171875,498.49676513671875,85.76152038574219,74.2300033569336,78.04537963867188
2024-03-08,38.726158142089844,201.6300048828125,200.789794921875,432.75042724609375,495.5046691894531,85.60950469970703,73.36000061035156,78.94524383544922
2024-03-11,38.811546325683594,202.0,199.19766235351562,431.14373779296875,495.07861328125,85.56478881835938,73.62000274658203,78.56729888916016
2024-03-12,39.23846435546875,199.7899932861328,198.9258575439453,437.3241271972656,500.4043273925781,84.849365234375,73.3499984741211,78.39632415771484
2024-03-13,39.11513137817383,201.19000244140625,199.7024688720703,433.96282958984375,499.6199951171875,84.43801879882812,75.08999633789062,78.00038146972656
2024-03-14,38.9159049987793,200.35000610351562,196.1299591064453,432.86871337890625,498.6322937011719,83.14129638671875,76.30000305175781,76.83055877685547
2024-03-15,38.67872619628906,199.7100067138672,196.4988555908203,427.7232666015625,495.20843505859375,83.11447143554688,76.33000183105469,76.65958404541016
2024-03-18,38.74513626098633,200.02999877929688,195.3727569580078,431.8026428222656,498.1515808105469,82.86406707763672,77.9800033569336,76.69559478759766
2024-03-19,38.555397033691406,199.8000030517578,196.1979217529297,432.87847900390625,500.9198913574219,83.09656524658203,78.43000030517578,76.66858673095703
2024-03-20,38.99180221557617,202.17999267578125,200.0811004638672,438.010986328125,505.552978515625,83.06977844238281,77.25,77.17251586914062
2024-03-21,39.039241790771484,201.97000122070312,202.3799591064453,440.083740234375,507.2236633300781,83.24861907958984,76.81999969482422,77.73042297363281
2024-03-22,38.76411056518555,200.35000610351562,199.5867156982422,440.587158203125,506.2620544433594,84.04452514648438,76.68000030517578,76.75208282470703
2024-03-25,38.792572021484375,200.99000549316406,200.04412841796875,438.9881896972656,504.86334228515625,83.62419891357422,77.76000213623047,76.2801513671875
2024-03-26,38.76411056518555,201.63999938964844,199.68402099609375,437.56683349609375,503.93084716796875,83.8567123413086,77.29000091552734,75.9715805053711
2024-03-27,38.83052062988281,203.10000610351562,204.0345001220703,439.0571594238281,508.1658630371094,84.68839263916016,77.51000213623047,77.93189239501953
2024-03-28,38.97283172607422,205.72000122070312,204.67684936523438,438.2478942871094,508.0686950683594,84.61686706542969,78.7300033569336,78.48551177978516
2024-04-01,39.039241790771484,207.82000732421875,202.74977111816406,439.17572021484375,507.1847229003906,83.03952026367188,79.66999816894531,77.1695556640625
2024-04-02,39.162567138671875,210.88999938964844,199.02218627929688,435.3855285644531,503.9601135253906,82.58191680908203,80.79000091552734,76.1984634399414
2024-04-03,39.1910285949707,212.74000549316406,200.3263702392578,436.3626708984375,504.513671875,82.5639877319336,81.25,76.2801513671875
2024-04-04,39.04872512817383,211.52000427246094,198.32147216796875,429.6904296875,498.3554992675781,83.1561508178711,82.2699966430664,75.79006958007812
2024-04-05,39.13410568237305,215.13999938964844,198.9832763671875,434.7537841796875,503.5617980957031,81.99871063232422,82.4000015258789,76.1803207397461
2024-04-08,39.3902587890625,216.47999572753906,200.07330322265625,434.8821105957031,503.84344482421875,81.98973083496094,82.19999694824219,76.99710083007812
2024-04-09,39.65589141845703,217.6699981689453,200.86166381835938,436.4909973144531,504.4262390136719,82.75240325927734,81.1500015258789,78.02266693115234
2024-04-10,39.11513137817383,215.61000061035156,195.557373046875,432.6810302734375,499.3753662109375,80.94892883300781,82.08999633789062,74.79175567626953
2024-04-11,39.35231018066406,219.8000030517578,196.8810272216797,439.5902099609375,503.1441345214844,80.58108520507812,81.55000305175781,75.04588317871094
2024-04-12,38.4510383605957,216.88999938964844,193.37728881835938,432.5823974609375,496.1991882324219,81.01174926757812,81.52999877929688,74.15646362304688
2024-04-15,38.20437240600586,220.9499969482422,190.5450897216797,425.4659423828125,489.98272705078125,79.755615234375,81.6500015258789,72.89495086669922
2024-04-16,37.701560974121094,221.22000122070312,189.8443603515625,425.5054016113281,489.089111328125,79.22625732421875,81.33000183105469,71.86942291259766
2024-04-17,37.673099517822266,219.58999633789062,187.83941650390625,420.313720703125,486.194580078125,80.10553741455078,78.91000366210938,71.34303283691406
2024-04-18,37.82489013671875,220.33999633789062,187.68373107910156,417.9151916503906,485.1941223144531,79.70179748535156,78.77999877929688,71.35211181640625
2024-04-19,37.673099517822266,221.02999877929688,187.97564697265625,409.2688903808594,480.9591369628906,79.9889144897461,78.8499984741211,71.69697570800781
2024-04-22,38.08103942871094,215.57000732421875,190.07791137695312,413.38482666015625,485.3883972167969,79.85430908203125,78.77999877929688,72.33226776123047
2024-04-23,38.39411926269531,215.0399932861328,193.26046752929688,419.5536804199219,491.1483154296875,79.8812255859375,79.9800033569336,72.99478912353516
2024-04-24,38.52693176269531,214.63999938964844,192.394287109375,420.97503662109375,490.9151916503906,79.31595611572266,79.63999938964844,73.13092041015625
2024-04-25,38.61231994628906,215.9199981689453,191.2263641357422,418.9417724609375,489.0502624511719,78.75969696044922,80.44000244140625,72.71345520019531
2024-04-26,39.05820846557617,216.6199951171875,193.0561065673828,425.4067077636719,493.6834411621094,79.17240142822266,80.38999938964844,72.749755859375
2024-04-29,39.43769454956055,216.17999267578125,194.6133270263672,427.134033203125,495.43182373046875,79.83637237548828,79.5,73.49395751953125
2024-04-30,38.88744354248047,211.8699951171875,190.66189575195312,419.0799255371094,487.5835876464844,79.15447235107422,78.37999725341797,72.25059509277344
2024-05-01,38.92538833618164,213.7899932861328,191.0609130859375,416.04974365234375,486.00030517578125,79.73790740966797,75.93000030517578,72.27782440185547
2024-05-02,39.9310188293457,213.1300048828125,194.5743865966797,421.35992431640625,490.5460510253906,80.08007049560547,75.93000030517578,73.29429626464844
2024-05-03,40.29153060913086,212.9600067138672,196.5014190673828,429.8285827636719,496.6265563964844,80.8904037475586,75.12999725341797,73.78436279296875
2024-05-06,40.32947540283203,215.1999969482422,199.0416717529297,434.53668212890625,501.7551574707031,81.20553588867188,75.66000366210938,73.84789276123047
2024-05-07,40.101783752441406,214.2100067138672,199.4893798828125,434.6057434082031,502.308837890625,81.70075225830078,75.5,74.54672241210938
2024-05-08,40.11126708984375,213.5800018310547,198.33119201660156,434.3491516113281,502.3573913574219,81.20553588867188,76.11000061035156,73.92048645019531
2024-05-09,40.23460388183594,216.9499969482422,200.35557556152344,435.29669189453125,505.2518615722656,81.60172271728516,76.5199966430664,75.43612670898438
2024-05-10,40.31999206542969,218.7100067138672,198.84698486328125,436.32318115234375,505.9027099609375,81.14252471923828,75.30000305175781,75.22737884521484
2024-05-13,40.62357711791992,216.25999450683594,199.26551818847656,437.3299865722656,505.97064208984375,81.34960174560547,76.12999725341797,75.47241973876953
2024-05-14,40.841773986816406,218.08999633789062,201.32882690429688,440.1429443359375,508.2921142578125,81.80879211425781,75.20999908447266,76.05326080322266
2024-05-15,41.278175354003906,220.88999938964844,203.83984375,447.02252197265625,514.5863647460938,82.9252700805664,75.87999725341797,77.10603332519531
2024-05-16,41.363563537597656,220.02999877929688,202.37020874023438,446.11444091796875,513.527587890625,82.84423065185547,76.25,77.05156707763672
2024-05-17,41.543819427490234,223.66000366210938,202.51620483398438,445.8973083496094,514.2656860351562,82.28599548339844,76.97000122070312,77.04249572753906
2024-05-20,41.39202880859375,224.55999755859375,202.9639129638672,449.0064392089844,514.8582763671875,82.04291534423828,76.7300033569336,76.5887222290039
2024-05-21,41.13587951660156,224.22999572753906,202.7692413330078,449.8849182128906,516.1210327148438,82.46607971191406,76.16000366210938,76.56148529052734
2024-05-22,41.00305938720703,220.11000061035156,201.05630493164062,449.7960510253906,514.635009765625,82.56512451171875,74.87000274658203,75.87174987792969
2024-05-23,40.6994743347168,215.72000122070312,197.7569580078125,447.7726135253906,510.8758544921875,82.03390502929688,74.44999694824219,74.23814392089844
2024-05-24,40.813316345214844,215.9199981689453,199.94677734375,452.0069885253906,514.2560424804688,82.27698516845703,75.3499984741211,74.29261016845703
2024-05-28,40.75638961791992,218.19000244140625,199.6742706298828,453.7145080566406,514.6154174804688,81.09750366210938,77.66000366210938,73.80252075195312
2024-05-29,40.14922332763672,216.16000366210938,196.72532653808594,450.5166015625,511.01177978515625,80.11608123779297,76.56999969482422,73.08553314208984
2024-05-30,40.03537368774414,216.57000732421875,198.59397888183594,445.6900634765625,507.62188720703125,80.8904037475586,75.52999877929688,74.15646362304688
2024-05-31,39.64640808105469,215.3000030517578,200.26795959472656,444.86090087890625,512.245361328125,81.43963623046875,74.81999969482422,75.5450210571289
2024-06-03,40.06383514404297,217.22000122070312,199.13900756835938,447.2495422363281,512.6630249023438,82.75688171386719,71.83000183105469,75.37259674072266
2024-06-04,39.50410079956055,215.27000427246094,196.569580078125,448.4734191894531,513.2361450195312,83.72360229492188,71.08999633789062,75.95342254638672
2024-06-05,40.139732360839844,217.82000732421875,199.5769500732422,457.51458740234375,519.3361206054688,84.33794403076172,71.88999938964844,75.86265563964844
2024-06-06,40.338966369628906,219.42999267578125,198.14625549316406,457.35662841796875,519.3262329101562,84.21146392822266,73.26000213623047,76.00786590576172
2024-06-07,39.88358688354492,211.60000610351562,195.82017517089844,456.95196533203125,518.69482421875,82.66654205322266,73.0199966430664,75.2909164428711
2024-06-10,40.120758056640625,213.5399932861328,196.49172973632812,458.7977294921875,520.2975463867188,82.11543273925781,75.45999908447266,75.5450210571289
2024-06-11,39.98702621459961,214.14999389648438,195.8202362060547,461.9462585449219,521.5505981445312,82.96466827392578,75.51000213623047,75.27276611328125
2024-06-12,40.38823318481445,214.72000122070312,198.82626342773438,467.9967346191406,525.8341064453125,83.58808135986328,75.9800033569336,75.94435119628906
2024-06-13,40.29270553588867,212.97000122070312,197.0890350341797,470.53338623046875,526.8928833007812,84.8167495727539,75.73999786376953,76.2529067993164
2024-06-14,40.34046936035156,215.72999572753906,193.95611572265625,472.9713439941406,527.2135620117188,85.5304946899414,76.08000183105469,76.23477935791016
2024-06-17,40.598384857177734,214.61000061035156,195.58604431152344,478.7652282714844,531.4094848632812,84.68126678466797,77.79000091552734,75.9352798461914
2024-06-18,40.97093963623047,215.47000122070312,195.92759704589844,478.9132385253906,532.7596435546875,85.45822143554688,78.66999816894531,76.23477935791016
2024-06-20,40.90407180786133,218.16000366210938,195.09800720214844,475.2217102050781,531.3123779296875,84.8890380859375,79.41000366210938,76.01695251464844
2024-06-21,40.760780334472656,214.77999877929688,195.5372314453125,473.948486328125,530.6000366210938,84.8890380859375,78.6500015258789,76.2075424194336
2024-06-24,40.760780334472656,215.6300048828125,196.38632202148438,468.552734375,528.875244140625,85.23237609863281,79.69999694824219,76.79745483398438
2024-06-25,40.665260314941406,214.55999755859375,195.7421875,473.910888671875,530.9119262695312,85.37692260742188,78.9000015258789,75.85359954833984
2024-06-26,40.579280853271484,212.5800018310547,195.22488403320312,474.8896179199219,531.5745239257812,84.1572494506836,78.75,75.61762237548828
2024-06-27,40.607940673828125,214.99000549316406,197.2061309814453,476.1154479980469,532.4126586914062,84.49151611328125,79.91999816894531,76.3527603149414
2024-06-28,40.68436050415039,215.00999450683594,198.01622009277344,473.6440124511719,530.3175048828125,82.91948699951172,79.58999633789062,76.9619369506836
2024-07-01,40.779884338378906,215.57000732421875,196.35704040527344,476.4219665527344,531.408935546875,81.48839569091797,81.54000091552734,76.23605346679688
2024-07-02,40.90407180786133,215.55999755859375,197.03048706054688,481.42425537109375,534.9851684570312,82.12283325195312,81.11000061035156,76.59441375732422
2024-07-03,41.50587844848633,217.99000549316406,196.98165893554688,485.43792724609375,537.3726196289062,83.20138549804688,81.2699966430664,76.5208969116211
2024-07-05,41.67782974243164,220.92999267578125,196.04470825195312,490.49951171875,540.4713134765625,83.89021301269531,81.30999755859375,76.73223876953125
2024-07-08,41.6873779296875,218.19000244140625,197.4208526611328,491.6660461425781,541.094970703125,84.07146453857422,80.41999816894531,76.98031616210938
2024-07-09,41.85932540893555,218.55999755859375,196.56199645996094,492.0911560058594,541.6211547851562,83.69987487792969,79.7699966430664,76.9619369506836
2024-07-10,42.09813690185547,219.36000061035156,198.48468017578125,497.221923828125,546.980712890625,83.96269226074219,80.4800033569336,77.5316162109375
2024-07-11,42.34650802612305,223.25,205.6190643310547,486.3177490234375,542.2642822265625,84.77839660644531,80.94000244140625,79.75521087646484
2024-07-12,42.51845169067383,223.11000061035156,208.01995849609375,489.1747741699219,545.6845703125,85.14093780517578,80.25,80.36164093017578
2024-07-15,42.06948471069336,223.8300018310547,211.97268676757812,490.4895935058594,547.185302734375,84.16210174560547,80.12000274658203,80.90376281738281
2024-07-16,42.30829620361328,228.2899932861328,219.20468139648438,490.67742919921875,550.4302368164062,85.34937286376953,79.05999755859375,81.89611053466797
2024-07-17,41.620513916015625,227.22999572753906,216.9111328125,476.2735900878906,542.7125854492188,85.36750793457031,80.62000274658203,82.45659637451172
2024-07-18,41.228858947753906,225.77999877929688,212.7144317626953,474.0196533203125,538.5418701171875,84.71495819091797,79.9000015258789,81.73070526123047
2024-07-19,40.82765197753906,221.72999572753906,211.631103515625,469.8181457519531,534.9656372070312,84.21646881103516,78.0,81.58369445800781
2024-07-22,41.171539306640625,221.8000030517578,214.99822998046875,476.8173828125,540.4810791015625,83.97175598144531,77.62000274658203,82.42903137207031
2024-07-23,40.80854415893555,222.5800018310547,217.2820281982422,475.1367492675781,539.63330078125,83.85392761230469,76.62000274658203,82.36470794677734
2024-07-24,40.216285705566406,221.8000030517578,212.61685180664062,458.0934753417969,527.4037475585938,82.94760131835938,76.80999755859375,81.15184783935547
2024-07-25,40.053890228271484,218.3300018310547,215.27149963378906,453.041748046875,524.65576171875,83.62736511230469,77.45999908447266,80.88539123535156
2024-07-26,40.46465301513672,220.6300048828125,218.8338165283203,457.6881408691406,530.531982421875,84.27989959716797,76.11000061035156,82.30040740966797
2024-07-29,40.33091735839844,220.32000732421875,216.4036102294922,458.6075439453125,530.8436279296875,84.73307800292969,75.19000244140625,82.72307586669922
2024-07-30,40.1494140625,222.52000427246094,217.2234649658203,452.3102111816406,528.1543579101562,85.05936431884766,74.45999908447266,83.36624908447266
2024-07-31,41.028255462646484,226.5500030517578,218.48245239257812,465.69573974609375,536.7392578125,85.92943572998047,77.73999786376953,83.07221984863281
2024-08-01,40.31180953979492,225.77000427246094,211.37734985351562,454.4159240722656,529.138427734375,86.67058563232422,76.29000091552734,83.90836334228516
2024-08-02,39.7386589050293,225.33999633789062,203.9013671875,443.63037109375,519.2866821289062,89.371337890625,73.38999938964844,83.86241912841797
2024-08-05,38.6114501953125,222.47999572753906,197.34278869628906,430.4029846191406,504.1631774902344,89.84420776367188,73.22000122070312,81.46424865722656
2024-08-06,38.8311653137207,220.6999969482422,199.48992919921875,434.51556396484375,508.8113098144531,87.83452606201172,72.44999694824219,83.07221984863281
2024-08-07,39.06998062133789,220.5500030517578,197.1280517578125,429.8098449707031,505.4103698730469,87.2161865234375,74.69000244140625,82.5025405883789
2024-08-08,39.95836639404297,224.00999450683594,201.92010498046875,442.9581604003906,517.09423828125,86.67967224121094,75.36000061035156,83.31112670898438
2024-08-09,40.17808151245117,224.55999755859375,201.50042724609375,445.271484375,519.3743896484375,87.53443908691406,76.22000122070312,83.69703674316406
2024-08-12,40.31180953979492,228.41000366210938,199.68511962890625,446.2303466796875,519.6472778320312,87.85272979736328,78.62999725341797,83.08140563964844
2024-08-13,40.760780334472656,228.05999755859375,202.97418212890625,457.30255126953125,528.1932983398438,88.46198272705078,77.63999938964844,83.80728149414062
2024-08-14,40.541072845458984,226.1999969482422,201.7151641845703,457.4508972167969,529.8594970703125,89.0167007446289,76.58999633789062,84.02780151367188
2024-08-15,40.99004364013672,226.91000366210938,206.94639587402344,469.0075378417969,538.9414672851562,88.29830169677734,77.41000366210938,83.96348571777344
2024-08-16,41.46767044067383,231.99000549316406,207.49295043945312,469.6105651855469,540.149658203125,88.60748291015625,76.31999969482422,83.91756439208984
2024-08-19,41.86888122558594,231.61000061035156,210.03050231933594,475.77935791015625,545.3143310546875,89.0167007446289,74.37999725341797,84.61585235595703
2024-08-20,41.54409408569336,232.4600067138672,207.58078002929688,474.7808837890625,544.4276123046875,89.72598266601562,73.83000183105469,84.51480102539062
2024-08-21,41.706485748291016,232.14999389648438,210.2842559814453,476.995361328125,546.2985229492188,89.78056335449219,72.5999984741211,84.96502685546875
2024-08-22,41.190643310546875,229.3699951171875,208.42987060546875,469.4326171875,542.0108642578125,88.8893814086914,73.58000183105469,85.21310424804688
2024-08-23,41.87843704223633,232.02000427246094,215.08607482910156,474.52386474609375,547.7699584960938,89.47137451171875,75.55000305175781,87.08753967285156
2024-08-26,41.524986267089844,232.75999450683594,215.15438842773438,469.9170227050781,546.4641723632812,89.24403381347656,77.83000183105469,87.05079650878906
2024-08-27,41.582298278808594,233.38999938964844,213.48544311523438,471.3208312988281,547.2145385742188,89.0894546508789,76.48999786376953,87.17942810058594
2024-08-28,41.324378967285156,231.75,212.04098510742188,465.9725646972656,544.0377197265625,88.98033142089844,75.4800033569336,86.8394546508789
2024-08-29,41.34348678588867,232.9499969482422,213.5537872314453,465.2904357910156,544.0865478515625,88.68932342529297,76.7699966430664,86.57299041748047
2024-08-30,41.42945861816406,231.2899932861328,214.7932586669922,470.8363952636719,549.2803344726562,87.74359130859375,74.33999633789062,87.40914154052734
2024-09-03,40.607940673828125,230.2899932861328,208.2249298095703,456.5413818359375,537.976806640625,89.17866516113281,71.08999633789062,87.36318969726562
2024-09-04,40.598384857177734,230.42999267578125,207.87359619140625,455.3550720214844,536.8755493164062,90.32818603515625,69.61000061035156,87.61128234863281
2024-09-05,40.655704498291016,232.35000610351562,206.83901977539062,455.7801818847656,535.56982421875,90.83909606933594,69.88999938964844,87.3264389038086
2024-09-06,39.91060256958008,230.6300048828125,202.90585327148438,443.571044921875,526.55615234375,90.82996368408203,68.93000030517578,87.24374389648438
2024-09-09,40.24494552612305,231.60000610351562,203.47190856933594,449.27520751953125,532.4515380859375,91.22225189208984,69.2699966430664,88.21771240234375
2024-09-10,40.092105865478516,232.6199951171875,203.30601501464844,453.4272766113281,534.7708129882812,91.86088562011719,66.95999908447266,89.49490356445312
2024-09-11,40.38823318481445,232.25,203.9013671875,463.27362060546875,540.2569580078125,91.78787994384766,67.8499984741211,89.3203125
2024-09-12,40.722572326660156,236.3300018310547,206.52674865722656,467.82122802734375,544.8077392578125,91.35908508300781,69.88999938964844,89.6970443725586
2024-09-13,40.91362380981445,238.67999267578125,211.62135314941406,469.9170227050781,547.653076171875,91.60543060302734,69.83999633789062,90.63426208496094
2024-09-16,41.04736328125,238.66000366210938,212.38259887695312,467.8409729003906,548.4618530273438,92.44474792480469,70.87999725341797,90.93746948242188
2024-09-17,41.09511947631836,237.33999633789062,214.13934326171875,468.088134765625,548.68603515625,91.99771881103516,71.72000122070312,90.30348205566406
2024-09-18,40.95183181762695,235.50999450683594,214.17840576171875,466.0615234375,547.0587768554688,90.8573226928711,70.66000366210938,90.19322967529297
2024-09-19,41.82111358642578,239.1699981689453,218.58982849121094,477.8455505371094,556.393798828125,90.55628204345703,72.75,90.21160125732422
2024-09-20,41.73514175415039,242.2100067138672,216.24746704101562,476.93603515625,555.43212890625,90.20957946777344,72.91999816894531,89.8532485961914
2024-09-23,42.05992889404297,242.67999267578125,215.4569091796875,478.2001953125,556.8200073242188,90.01799011230469,72.25,90.74451446533203
2024-09-24,43.49281311035156,246.07000732421875,215.81805419921875,480.5068664550781,558.413330078125,89.99974060058594,73.29000091552734,90.87317657470703
2024-09-25,43.0342903137207,245.72999572753906,213.1856689453125,480.952392578125,557.1817626953125,89.25165557861328,71.4800033569336,90.2667236328125
2024-09-26,44.6104621887207,246.97999572753906,214.32167053222656,484.5658264160156,559.3907470703125,89.46148681640625,69.01000213623047,89.4489517211914
2024-09-27,44.52449035644531,245.02000427246094,215.7710418701172,481.8730773925781,558.5794067382812,89.92676544189453,70.2699966430664,89.56293487548828
2024-09-30,43.808048248291016,243.05999755859375,216.31947326660156,483.1798095703125,560.8178100585938,89.49796295166016,69.91999816894531,90.26712036132812
2024-10-01,44.12328338623047,245.61000061035156,213.3815155029297,476.4479675292969,555.7937622070312,90.14414978027344,72.11000061035156,89.68338775634766
2024-10-02,44.9925651550293,245.66000366210938,213.0877227783203,477.1211242675781,556.0283813476562,89.38451385498047,72.76000213623047,89.36836242675781
2024-10-03,44.45762634277344,245.49000549316406,211.65794372558594,476.7647399902344,555.0118408203125,88.54244232177734,75.7300033569336,88.55297088623047
2024-10-04,44.86838150024414,245.0,214.6154327392578,482.4373474121094,560.0552978515625,87.45328521728516,76.3499984741211,88.12673950195312
2024-10-07,45.24093246459961,244.1699981689453,212.93104553222656,477.2696228027344,554.9922485351562,86.7943115234375,79.19999694824219,87.3484115600586
2024-10-08,44.12328338623047,242.3699951171875,213.0779571533203,484.3974914550781,560.2411499023438,86.94074249267578,75.79000091552734,87.52445983886719
2024-10-09,43.88446807861328,241.0500030517578,213.5480194091797,488.20892333984375,564.12158203125,86.44650268554688,75.25,87.61711883544922
2024-10-10,43.97043991088867,242.82000732421875,212.363037109375,487.6545104980469,563.1343994140625,86.10784149169922,77.7699966430664,86.83879852294922
2024-10-11,44.285675048828125,245.47000122070312,216.68179321289062,488.41680908203125,566.5065307617188,85.76004028320312,77.48999786376953,87.82096099853516
2024-10-14,44.10417556762695,245.07000732421875,218.278076171875,492.51531982421875,571.1395874023438,85.82411193847656,75.93000030517578,88.34911346435547
2024-10-15,43.168025970458984,245.9199981689453,218.45436096191406,485.9320068359375,566.7020263671875,86.86751556396484,72.76000213623047,89.4146957397461
2024-10-16,43.50237274169922,247.14999389648438,222.04840087890625,485.9913330078125,569.1651000976562,87.23362731933594,72.4000015258789,90.3968505859375
2024-10-17,43.43550109863281,248.6300048828125,221.4412384033203,486.32794189453125,569.2139892578125,85.85157012939453,72.62000274658203,89.68338775634766
2024-10-18,43.86536407470703,251.27000427246094,220.98097229003906,489.51568603515625,571.4036254882812,85.91564178466797,71.37999725341797,90.35052490234375
2024-10-21,43.5596809387207,251.22000122070312,217.50442504882812,490.4562072753906,570.4651489257812,84.41461181640625,72.26000213623047,88.58076477050781
2024-10-22,43.46415710449219,253.92999267578125,216.68179321289062,490.9907531738281,570.1621704101562,84.49700164794922,73.9800033569336,88.71047973632812
2024-10-23,43.206233978271484,250.8699951171875,214.70359802246094,483.4668884277344,564.9524536132812,84.2681655883789,73.55000305175781,89.35909271240234
2024-10-24,43.139373779296875,252.8000030517578,215.1736602783203,487.3872375488281,566.1741943359375,84.80817413330078,73.05999755859375,89.55368041992188
2024-10-25,43.101158142089844,253.32000732421875,214.36083984375,490.357177734375,565.9786376953125,84.33224487304688,74.2300033569336,88.71047973632812
2024-10-28,43.29220962524414,253.3300018310547,217.85696411132812,490.4363708496094,567.7283325195312,84.1034164428711,70.43000030517578,88.98844909667969
2024-10-29,43.15847396850586,256.0899963378906,217.15187072753906,495.1487121582031,568.6471557617188,84.2315444946289,69.66000366210938,88.34911346435547
2024-10-30,42.73816680908203,257.5,216.85806274414062,491.40655517578125,566.9268798828125,84.47869873046875,71.36000061035156,88.73828125
2024-10-31,42.46113586425781,253.50999450683594,213.2541961669922,479.00213623046875,555.8133544921875,84.61597442626953,73.08000183105469,87.23722076416016
2024-11-01,42.499351501464844,252.47000122070312,214.44898986816406,482.54620361328125,558.1591186523438,83.42302703857422,72.0199966430664,86.2735824584961
2024-11-04,42.73816680908203,252.8300018310547,215.5360107421875,481.1404724121094,556.9568481445312,84.7179183959961,74.29000091552734,87.21868896484375
2024-11-05,43.32086944580078,253.39999389648438,219.59034729003906,487.2783508300781,563.6915283203125,85.16789245605469,74.7300033569336,88.37691497802734
2024-11-06,42.78592300415039,245.6999969482422,232.31158447265625,500.5143737792969,577.7081298828125,82.83528900146484,74.54000091552734,86.49596405029297
2024-11-07,43.731624603271484,249.64999389648438,231.48895263671875,508.3946533203125,582.1749267578125,83.87303161621094,74.66000366210938,87.5337142944336
2024-11-08,42.652191162109375,247.9600067138672,233.19293212890625,508.9886474609375,584.69677734375,84.93831634521484,73.12999725341797,88.84020233154297
2024-11-11,42.3274040222168,242.13999938964844,236.6988525390625,508.6916198730469,585.2538452148438,84.5250473022461,70.94000244140625,88.39544677734375
2024-11-12,41.524986267089844,240.0500030517578,232.5465850830078,507.7709045410156,583.4358520507812,83.25773620605469,70.69000244140625,87.17237091064453
2024-11-13,41.257511138916016,237.6300048828125,230.2452392578125,507.1175537109375,583.7192993164062,82.46794891357422,70.7300033569336,87.65418243408203
2024-11-14,41.028255462646484,237.00999450683594,227.14080810546875,503.5932312011719,579.9658813476562,82.94548797607422,71.29000091552734,86.86659240722656
2024-11-15,41.028255462646484,236.58999633789062,223.7523956298828,491.5947265625,572.537353515625,82.72509765625,69.75,86.91293334960938
2024-11-18,41.49633026123047,241.08999633789062,224.19309997558594,495.0101013183594,574.8831787109375,82.87200927734375,72.06999969482422,87.54300689697266
2024-11-19,41.46767044067383,243.25,225.85792541503906,498.41558837890625,576.9847412109375,83.29446411132812,72.30999755859375,87.9692153930664
2024-11-20,41.4199104309082,244.6199951171875,226.15170288085938,498.12847900390625,577.1801147460938,83.02812194824219,72.0199966430664,87.85802459716797
2024-11-21,41.33393478393555,246.66000366210938,229.58908081054688,499.9203796386719,580.2786865234375,82.9638671875,73.19999694824219,88.50662994384766
2024-11-22,41.34348678588867,249.83999633789062,233.82949829101562,500.7223205566406,582.0772705078125,83.0097885131836,74.25,89.17376708984375
2024-11-25,41.37214660644531,242.47999572753906,237.3843536376953,501.51422119140625,584.0516967773438,85.15872955322266,72.0999984741211,90.4153823852539
2024-11-26,41.200199127197266,242.9499969482422,235.6411895751953,504.20697021484375,587.1011962890625,84.82811737060547,71.61000061035156,90.77674865722656
2024-11-27,41.257511138916016,243.49000549316406,235.9644012451172,500.2371826171875,585.3223876953125,85.41584014892578,71.72000122070312,91.36048889160156
2024-11-29,41.324378967285156,245.58999633789062,236.86534118652344,504.6326904296875,588.9584350585938,86.29747009277344,71.61000061035156,90.95280456542969
2024-12-02,41.486778259277344,243.44000244140625,236.74781799316406,510.1271057128906,590.0140380859375,86.50480651855469,71.04000091552734,89.62779998779297
2024-12-03,41.57274627685547,243.92999267578125,235.06341552734375,511.691162109375,590.28759765625,85.75838470458984,73.04000091552734,89.17376708984375
2024-12-04,41.67782974243164,244.6699981689453,235.9056396484375,518.017333984375,593.953125,86.67990112304688,71.87999725341797,88.93286895751953
2024-12-05,41.95484924316406,242.86000061035156,233.15377807617188,516.5817260742188,592.9757080078125,86.8550033569336,71.47000122070312,88.71974182128906
2024-12-06,41.88798141479492,242.9499969482422,233.9861602783203,521.2048950195312,594.0997314453125,86.98401641845703,70.23999786376953,88.59001922607422
2024-12-09,42.747711181640625,245.36000061035156,232.81100463867188,517.1461181640625,591.0404052734375,86.18228149414062,71.16999816894531,88.84020233154297
2024-12-10,42.05992889404297,248.58999633789062,231.80230712890625,515.3838500976562,589.2026977539062,85.77680206298828,71.4000015258789,87.55226135253906
2024-12-11,42.23187255859375,250.9600067138672,232.8501739501953,524.6104736328125,593.7576904296875,84.96583557128906,73.33000183105469,87.3484115600586
2024-12-12,42.0217170715332,247.27999877929688,229.82411193847656,521.2247924804688,590.6981811523438,83.9337387084961,73.20999908447266,87.20943450927734
2024-12-13,42.05992889404297,244.2899932861328,228.2474365234375,525.21435546875,590.5809936523438,83.07669830322266,74.20999908447266,86.95924377441406
2024-12-16,41.83066940307617,244.8800048828125,229.58908081054688,532.77783203125,593.1027221679688,83.32550811767578,73.69999694824219,86.65347290039062
2024-12-17,41.730613708496094,243.94000244140625,226.96067810058594,530.431640625,590.6590576171875,83.52825164794922,73.30000305175781,86.23651885986328
2024-12-18,40.75923156738281,239.25999450683594,216.91259765625,511.2951965332031,573.0553588867188,82.48379516601562,72.94000244140625,82.67847442626953
2024-12-19,40.895225524902344,239.60000610351562,215.95004272460938,509.018310546875,572.8795166015625,81.23487854003906,72.61000061035156,81.3997802734375
2024-12-20,41.06036376953125,242.10000610351562,217.97341918945312,513.46337890625,579.7603759765625,81.69742584228516,73.0999984741211,82.77113342285156
2024-12-23,41.293495178222656,240.9600067138672,217.4724578857422,518.4658813476562,583.2320556640625,80.9480972290039,73.05999755859375,83.09481811523438
2024-12-24,41.41977310180664,241.44000244140625,219.41725158691406,525.49609375,589.7146606445312,81.29037475585938,73.6500015258789,83.64679718017578
2024-12-26,41.274070739746094,243.07000732421875,221.66653442382812,525.13916015625,589.7539672851562,81.24413299560547,73.12999725341797,83.8713150024414
2024-12-27,41.08950424194336,241.39999389648438,218.43504333496094,518.1583862304688,583.5459594726562,80.57804870605469,73.8499984741211,83.02933502197266
2024-12-30,40.75923156738281,240.6300048828125,216.7554473876953,511.2669982910156,576.8867797851562,81.22563934326172,74.81999969482422,82.6176986694336
2024-12-31,40.62323760986328,242.1300048828125,217.0304718017578,506.92388916015625,574.7880249023438,80.79080963134766,75.55000305175781,83.33806610107422
2025-01-02,40.56495666503906,245.4199981689453,217.207275390625,505.93231201171875,573.375732421875,81.01285552978516,76.93000030517578,82.59898376464844
2025-01-03,40.94379806518555,243.49000549316406,220.4387664794922,514.2120361328125,580.544921875,80.75382232666016,77.91999816894531,83.6842041015625
2025-01-06,41.08950424194336,243.19000244140625,220.5271759033203,520.1217651367188,583.88916015625,80.39301300048828,77.30000305175781,82.60834503173828
2025-01-07,40.79808807373047,244.55999755859375,218.75918579101562,510.84063720703125,577.288818359375,79.48639678955078,78.16999816894531,81.82247161865234
2025-01-08,40.60380935668945,245.86000061035156,217.7671356201172,510.92987060546875,578.13232421875,79.5881576538086,77.30000305175781,82.03766632080078
2025-01-10,39.91413116455078,248.2100067138672,212.9739227294922,502.91796875,569.3056030273438,79.06083679199219,80.63999938964844,80.03560638427734
2025-01-13,39.64214324951172,245.74000549316406,213.38644409179688,501.3016662597656,570.1884155273438,79.03308868408203,82.2300033569336,81.01790618896484
2025-01-14,40.08898162841797,247.02999877929688,215.81251525878906,500.8256530761719,570.9729614257812,78.90357971191406,81.66999816894531,81.75699615478516
2025-01-15,40.613529205322266,248.8800048828125,220.05569458007812,512.3478393554688,581.35888671875,80.26350402832031,84.33999633789062,82.22476959228516
2025-01-16,40.56495666503906,250.60000610351562,220.49769592285156,508.7583312988281,580.2408447265625,80.52253723144531,82.94000244140625,83.92745208740234
2025-01-17,40.88551330566406,249.27000427246094,221.450439453125,517.3453979492188,586.0664672851562,80.66129302978516,82.5199966430664,83.8713150024414
2025-01-21,41.322635650634766,253.1300048828125,225.70343017578125,520.3795776367188,591.4309692382812,81.38288879394531,81.11000061035156,85.44303894042969
2025-01-22,41.35177993774414,254.42999267578125,224.2301025390625,527.0331420898438,594.7557373046875,80.95734405517578,80.43000030517578,83.95552062988281
2025-01-23,41.44891357421875,254.07000732421875,225.25164794921875,528.1536254882812,598.0018920898438,80.32827758789062,79.20999908447266,84.57298278808594
2025-01-24,41.72090530395508,255.64999389648438,224.6230010986328,525.1689453125,596.2561645507812,80.68907165527344,79.5999984741211,84.86299133300781
2025-01-27,40.96322250366211,252.99000549316406,222.47193908691406,509.8787536621094,587.8218383789062,81.64193725585938,77.93000030517578,85.99500274658203
2025-01-28,41.26435089111328,255.17999267578125,222.71749877929688,517.414794921875,592.8726806640625,81.58641815185547,78.86000061035156,84.95655059814453
2025-01-29,41.274070739746094,254.1999969482422,222.20675659179688,516.4430541992188,590.2149047851562,81.41989135742188,77.77999877929688,83.83390045166016
2025-01-30,41.97346115112305,258.04998779296875,224.46585083007812,518.644287109375,593.3826293945312,81.72520446777344,77.75,84.90042114257812
2025-01-31,41.49748611450195,258.55999755859375,222.45233154296875,517.890625,590.2246704101562,81.18862915039062,78.0199966430664,84.71331024169922
2025-02-03,41.196353912353516,259.94000244140625,219.8494415283203,513.745849609375,586.252685546875,81.84966278076172,77.81999969482422,84.53556060791016
2025-02-04,41.934608459472656,262.5,222.894287109375,520.05224609375,590.1854248046875,82.10033416748047,77.51000213623047,84.60105895996094
2025-02-05,41.827754974365234,264.1300048828125,225.3203582763672,522.4122924804688,592.5784301757812,83.45584106445312,76.08999633789062,85.78916931152344
2025-02-06,42.00260925292969,263.42999267578125,224.5836944580078,525.13916015625,594.6380004882812,83.41869354248047,75.44999694824219,86.00435638427734
2025-02-07,41.963748931884766,263.8999938964844,221.9808349609375,518.5155029296875,589.1950073242188,82.88019561767578,75.86000061035156,85.72368621826172
2025-02-10,42.468868255615234,268.3699951171875,222.98269653320312,524.7920532226562,593.1962280273438,82.6295166015625,77.4000015258789,85.68626403808594
2025-02-11,42.303733825683594,267.3900146484375,221.68618774414062,523.542724609375,593.6474609375,82.10033416748047,78.2699966430664,86.06049346923828
2025-02-12,42.536865234375,267.6700134277344,219.64315795898438,523.8500366210938,591.7349853515625,80.9862289428711,76.31999969482422,85.26527404785156
2025-02-13,42.8088493347168,270.30999755859375,222.1183624267578,531.3861083984375,597.9822387695312,82.33242797851562,76.38999938964844,86.11663055419922
2025-02-14,43.139122009277344,266.2900085449219,221.95138549804688,533.6171264648438,597.952880859375,82.76880645751953,75.81999969482422,85.72368621826172
2025-02-18,43.411109924316406,270.70001220703125,223.16934204101562,534.8267822265625,599.7083740234375,81.79395294189453,76.95999908447266,86.10726165771484
2025-02-19,43.34311294555664,270.8500061035156,222.4031982421875,534.9756469726562,601.12060546875,81.89605712890625,77.44999694824219,86.17276000976562
2025-02-20,43.74138259887695,270.989990234375,220.2717742919922,532.704833984375,598.6198120117188,82.20244598388672,77.76000213623047,86.58439636230469
2025-02-21,43.6151008605957,270.739990234375,213.9266815185547,521.6488647460938,588.3809204101562,83.19588470458984,75.3499984741211,85.7330551147461
2025-02-24,42.94484329223633,272.2099914550781,212.3845672607422,515.4910888671875,585.70361328125,83.43724822998047,75.97000122070312,86.06985473632812
2025-02-25,42.9739875793457,268.6199951171875,211.57916259765625,508.9963073730469,582.7907104492188,84.87631225585938,74.12999725341797,87.12700653076172
2025-02-26,43.401397705078125,269.0299987792969,211.8443603515625,510.22589111328125,583.0848999023438,85.3776626586914,73.8499984741211,86.76213073730469
2025-02-27,42.55629348754883,264.92999267578125,208.61289978027344,496.05621337890625,573.7777099609375,84.77418518066406,75.27999877929688,87.1082992553711
2025-02-28,41.97346115112305,263.2699890136719,210.83267211914062,503.8896484375,582.7318725585938,85.81400299072266,75.22000122070312,87.84737396240234
2025-03-03,41.604339599609375,266.739990234375,205.0670623779297,492.8633117675781,572.5225219726562,86.2145004272461,73.31999969482422,88.2590103149414
2025-03-04,41.95403289794922,269.05999755859375,202.74905395507812,491.3759460449219,565.74560546875,85.15276336669922,73.30999755859375,87.23927307128906
2025-03-05,43.20711898803711,269.6199951171875,204.7625732421875,497.7815856933594,571.826171875,84.4728775024414,71.41999816894531,88.21223449707031
2025-03-06,42.93513107299805,268.25,201.62933349609375,484.087890625,561.6755981445312,84.1934814453125,71.12999725341797,85.94822692871094
2025-03-07,43.148834228515625,268.3900146484375,202.28741455078125,487.6476135253906,564.82373046875,83.92337799072266,72.08999633789062,86.4627685546875
2025-03-10,42.119171142578125,266.0400085449219,197.1995391845703,468.7481994628906,549.779296875,84.79886627197266,70.88999938964844,85.63014221191406
2025-03-11,42.468868255615234,269.1600036621094,197.17987060546875,467.6277160644531,545.2090454101562,84.1934814453125,71.44999694824219,84.62910461425781
2025-03-12,42.70199966430664,270.3299865722656,197.52366638183594,472.9029235839844,548.1022338867188,83.6905517578125,72.80000305175781,84.3671646118164
2025-03-13,42.52714920043945,275.1300048828125,194.57701110839844,464.3951721191406,540.7957153320312,84.42631530761719,71.62000274658203,82.70189666748047
2025-03-14,43.304256439208984,275.239990234375,199.2818603515625,475.6197814941406,551.96630859375,83.97926330566406,72.27999877929688,84.35779571533203
2025-03-17,44.04250717163086,276.7300109863281,201.79629516601562,478.7035827636719,556.2227172851562,84.39838409423828,72.70999908447266,85.79853820800781
2025-03-18,43.819091796875,279.9599914550781,200.04405212402344,470.5429382324219,550.2108764648438,84.48219299316406,72.20999908447266,85.3494873046875
2025-03-19,43.92594528198242,281.1099853515625,203.15480041503906,476.8394775390625,556.203125,84.91992950439453,72.41999816894531,85.45238494873047
2025-03-20,43.51795959472656,280.75,201.8651885986328,475.2231750488281,554.5947265625,84.97579193115234,73.7300033569336,85.39624786376953
2025-03-21,43.304256439208984,278.489990234375,200.614990234375,476.7898864746094,554.777587890625,84.4728775024414,73.79000091552734,84.45134735107422
2025-03-24,43.49853515625,277.25,205.60601806640625,487.252685546875,564.712890625,83.60673522949219,74.87999725341797,85.75176239013672
2025-03-25,43.372257232666016,278.4700012207031,204.4640655517578,490.0332336425781,566.0703125,83.59741973876953,74.81999969482422,84.78959655761719
2025-03-26,43.109981536865234,278.239990234375,202.386962890625,481.01629638671875,559.3124389648438,83.04791259765625,75.41999816894531,85.12039947509766
2025-03-27,43.32368469238281,281.9700012207031,201.42222595214844,478.27545166015625,557.8270263671875,82.8057632446289,75.4800033569336,84.90301513671875
2025-03-28,42.51743698120117,284.05999755859375,197.32704162597656,465.6835632324219,546.5933837890625,83.95133209228516,74.7699966430664,84.78959655761719
2025-03-31,42.44944381713867,288.1400146484375,196.3820037841797,465.66363525390625,550.2626342773438,84.78022766113281,77.33000183105469,85.5740737915039
2025-04-01,42.5854377746582,287.57000732421875,196.40167236328125,469.41741943359375,551.8167724609375,85.514892578125,77.08000183105469,85.61187744140625
2025-04-02,42.64371871948242,288.1600036621094,199.50259399414062,472.8434753417969,555.3088989257812,85.45880126953125,77.73999786376953,86.1317138671875
2025-04-03,41.740333557128906,286.4200134277344,186.6952667236328,447.5304260253906,527.9428100585938,85.85138702392578,72.25,83.1922836303711
2025-04-04,39.41872787475586,279.7200012207031,178.36709594726562,419.73486328125,497.0354309082031,86.78608703613281,67.91999816894531,79.5818099975586
2025-04-07,37.951934814453125,273.7099914550781,176.7526397705078,420.7477722167969,496.150146484375,84.16896057128906,65.9800033569336,77.49301147460938
2025-04-08,37.41767501831055,275.20001220703125,172.09634399414062,413.1707458496094,488.3790283203125,82.5799789428711,63.34000015258789,75.41368103027344
2025-04-09,40.011268615722656,285.3800048828125,186.72483825683594,462.7639465332031,539.6682739257812,83.06600189208984,67.58000183105469,79.91260528564453
2025-04-10,39.32158660888672,292.3500061035156,178.87901306152344,443.0815734863281,516.0205688476562,80.77601623535156,65.31999969482422,78.08847045898438
2025-04-11,40.55524444580078,297.92999267578125,181.48773193359375,451.2444763183594,525.2278442382812,81.21530151367188,66.45999908447266,79.0430679321289
2025-04-14,40.92436981201172,296.2300109863281,183.62391662597656,454.3031005859375,530.3233032226562,81.79483032226562,66.66000366210938,80.67818450927734
2025-04-15,40.88551330566406,297.7799987792969,183.85031127929688,454.8095397949219,528.837890625,82.0845718383789,66.4800033569336,80.92391967773438
2025-04-16,40.40953826904297,307.4700012207031,182.0882110595703,441.095458984375,517.0828857421875,82.54258728027344,67.75,80.8672103881836
2025-04-17,40.72037887573242,306.1199951171875,183.57467651367188,441.01605224609375,517.8206176757812,81.81350708007812,69.4800033569336,82.07701873779297
2025-04-21,40.710662841796875,315.5899963378906,179.89295959472656,430.1022644042969,505.4951477050781,80.38343811035156,68.62000274658203,80.36627960205078
2025-04-22,41.322635650634766,311.1099853515625,184.5492401123047,441.39337158203125,518.64697265625,80.83208465576172,69.37000274658203,81.92578125
2025-04-23,41.798614501953125,303.6499938964844,187.28594970703125,451.40338134765625,526.6836547851562,81.61724090576172,68.05000305175781,82.07701873779297
2025-04-24,42.2843017578125,308.07000732421875,191.03659057617188,464.1045837402344,537.769775390625,82.47714233398438,68.45999908447266,82.37946319580078
2025-04-25,42.20659255981445,304.7300109863281,191.09564208984375,469.27838134765625,541.6553344726562,83.08470153808594,69.02999877929688,82.23768615722656
2025-04-28,42.2843017578125,309.07000732421875,191.9028778076172,469.1294250488281,541.8617553710938,83.60812377929688,67.76000213623047,82.74806213378906
2025-04-29,42.40087127685547,306.05999755859375,193.0349578857422,472.22772216796875,545.2752685546875,84.30915069580078,65.8499984741211,83.1922836303711
2025-04-30,42.50772476196289,303.7699890136719,191.8241424560547,472.1681823730469,545.49169921875,83.62682342529297,63.560001373291016,83.48529052734375
2025-05-01,42.498008728027344,297.4599914550781,193.01527404785156,478.33502197265625,549.3575439453125,83.20278930664062,64.5199966430664,83.7593765258789
2025-05-02,43.71223831176758,297.9800109863281,197.35655212402344,485.4353942871094,557.5123901367188,82.30218505859375,64.01000213623047,84.78959655761719
2025-05-05,44.04250717163086,306.8800048828125,195.84056091308594,482.5555114746094,554.3153076171875,81.84249114990234,62.369998931884766,84.60055541992188
2025-05-06,43.8676643371582,315.4800109863281,193.70437622070312,478.0669250488281,549.6821899414062,82.11454772949219,64.5999984741211,83.94841003417969
2025-05-07,43.3625373840332,310.75,194.34423828125,479.94378662109375,551.9937744140625,82.46166229248047,63.5099983215332,84.04291534423828
2025-05-08,43.33340072631836,304.6300048828125,198.04566955566406,484.899169921875,555.8399658203125,81.54230499267578,65.5999984741211,83.71212768554688
2025-05-09,43.624813079833984,306.8399963378906,197.68141174316406,484.58135986328125,555.1317749023438,81.66425323486328,66.61000061035156,84.26976013183594
2025-05-12,44.56705856323242,298.19000244140625,204.63140869140625,504.3233337402344,573.4774780273438,80.90435791015625,67.5999984741211,84.68562316894531
2025-05-13,44.6447639465332,299.4599914550781,205.37960815429688,512.009521484375,577.2646484375,80.57601165771484,69.58999633789062,83.60816192626953
2025-05-14,44.9847526550293,293.1600036621094,203.55841064453125,515.078125,578.0023193359375,80.04130554199219,68.7300033569336,82.7858657836914
2025-05-15,44.9653205871582,297.8399963378906,204.88739013671875,515.6441040039062,580.8256225585938,80.74488067626953,67.58999633789062,84.2981185913086
2025-05-16,44.936180114746094,294.239990234375,206.58058166503906,517.8884887695312,584.5045776367188,80.96065521240234,68.0999984741211,85.34724426269531
2025-05-19,45.03331756591797,298.0299987792969,205.71429443359375,518.3849487304688,585.1439208984375,80.72614288330078,68.51000213623047,85.36614227294922
2025-05-20,44.9847526550293,303.5799865722656,205.82257080078125,516.6571655273438,583.1765747070312,80.14447021484375,68.66000366210938,84.8652114868164
2025-05-21,44.86818313598633,305.82000732421875,200.04405212402344,509.47723388671875,573.3495483398438,78.77481079101562,67.58999633789062,82.60628509521484
2025-05-22,44.722476959228516,303.1099853515625,200.0341796875,510.4305725097656,573.5758666992188,79.18759155273438,67.13999938964844,82.22822570800781
2025-05-23,44.90703582763672,309.75,199.40415954589844,505.70361328125,569.6607055664062,79.31895446777344,67.98999786376953,82.31330108642578
2025-05-27,44.80018615722656,304.5,204.4640655517578,517.6004638671875,581.50439453125,80.4259262084961,67.27999877929688,83.74993133544922
2025-05-28,44.596195220947266,303.80999755859375,202.3081817626953,515.3065185546875,578.14013671875,80.07879638671875,67.88999938964844,83.66486358642578
2025-05-29,44.76133728027344,305.6099853515625,202.90870666503906,516.3193969726562,580.4222412109375,80.81993865966797,67.19000244140625,84.42098236083984
2025-05-30,44.21735763549805,303.6000061035156,201.87509155273438,515.5050659179688,579.7730102539062,80.94187927246094,67.1500015258789,84.42098236083984
2025-06-02,44.53791046142578,311.6700134277344,202.5050811767578,519.5767211914062,583.038818359375,80.18859100341797,69.55000305175781,84.53440856933594
2025-06-03,44.6447639465332,308.9100036621094,205.7733612060547,523.63818359375,586.3637084960938,80.04734802246094,69.88999938964844,84.3642807006836
2025-06-04,45.19845199584961,310.8999938964844,205.19256591796875,525.0980224609375,586.206298828125,81.34677124023438,69.33999633789062,84.60055541992188
2025-06-05,45.43158721923828,309.3299865722656,205.2811279296875,521.1456909179688,583.3733520507812,81.40327453613281,69.93000030517578,84.53440856933594
2025-06-06,45.577293395996094,305.17999267578125,208.5986328125,526.239990234375,589.3639526367188,80.36750793457031,71.37999725341797,84.94082641601562
2025-06-09,45.96584701538086,306.6199951171875,210.03590393066406,527.0146484375,589.8951416015625,80.4522476196289,72.05000305175781,85.05422973632812
2025-06-10,46.228118896484375,306.7099914550781,211.16799926757812,530.500244140625,593.23974609375,80.86656951904297,71.5999984741211,85.7820053100586
2025-06-11,46.422401428222656,308.3699951171875,210.30169677734375,528.7127075195312,591.5476684570312,81.11138153076172,74.81999969482422,85.31887817382812
2025-06-12,46.50010681152344,312.20001220703125,209.46493530273438,529.9540405273438,593.8987426757812,82.08126068115234,75.05000305175781,85.7347412109375
2025-06-13,45.76185989379883,316.2900085449219,205.6355438232422,523.3006591796875,587.2588500976562,81.29029846191406,80.22000122070312,84.90301513671875
2025-06-16,46.32286834716797,311.7799987792969,208.05996704101562,530.5796508789062,592.84619140625,80.4710693359375,78.58999633789062,84.96917724609375
2025-06-17,45.714778900146484,311.94000244140625,205.86851501464844,525.4059448242188,587.7802734375,81.45035552978516,82.30000305175781,84.6667251586914
2025-06-18,45.7049674987793,310.260009765625,206.95437622070312,525.3164672851562,587.6917114257812,81.59161376953125,82.2699966430664,84.95973205566406
2025-06-20,45.44015884399414,310.1300048828125,206.52001953125,523.1715087890625,586.3115234375,81.44094848632812,83.12000274658203,84.90301513671875
2025-06-23,45.8128547668457,311.0799865722656,209.047119140625,528.551025390625,592.102783203125,81.70458221435547,76.41000366210938,86.17897033691406
2025-06-24,46.99961471557617,306.19000244140625,211.71238708496094,536.6336059570312,598.6438598632812,82.29782104492188,73.0,86.40580749511719
2025-06-25,47.038848876953125,307.1199951171875,209.24453735351562,538.0054931640625,598.9793090820312,82.40141296386719,73.30999755859375,84.32646179199219
2025-06-26,47.35270309448242,306.7799987792969,212.6403045654297,543.0360107421875,603.66552734375,82.8156967163086,73.58999633789062,84.24819946289062
2025-06-27,47.166351318359375,301.2200012207031,212.70941162109375,544.8951416015625,606.664794921875,82.28839874267578,73.27999877929688,84.45818328857422
2025-06-30,47.313472747802734,304.8299865722656,213.0154266357422,548.4244995117188,609.5653686523438,83.09820556640625,73.11000061035156,85.00221252441406
2025-07-01,47.4017448425293,307.54998779296875,215.2068634033203,543.8015747070312,609.3681030273438,83.30422973632812,73.93000030517578,85.62259674072266
2025-07-02,47.60771179199219,309.25,218.1880340576172,547.58935546875,612.1305541992188,82.77497100830078,75.58999633789062,85.82303619384766
2025-07-03,47.823482513427734,307.1400146484375,220.211669921875,552.9777221679688,616.9550170898438,82.19844055175781,75.19000244140625,85.91846466064453
2025-07-07,47.14673614501953,307.3699951171875,216.90475463867188,548.812255859375,612.3573608398438,81.41398620605469,76.4800033569336,85.18355560302734
2025-07-08,47.440975189208984,304.1600036621094,218.40521240234375,549.1204223632812,612.0220947265625,81.30998992919922,76.95999908447266,85.05948638916016
2025-07-09,47.36251449584961,305.5199890136719,220.7743377685547,553.007568359375,615.6920776367188,82.16062927246094,76.93000030517578,85.12628936767578
2025-07-10,47.490013122558594,306.20001220703125,221.90956115722656,552.2122192382812,617.4285278320312,82.21733093261719,75.38999938964844,85.66077423095703
2025-07-11,47.33308792114258,309.1400146484375,218.84942626953125,550.9695434570312,615.2579956054688,81.08318328857422,77.29000091552734,85.67032623291016
2025-07-14,47.4017448425293,308.010009765625,220.32025146484375,552.9678955078125,616.43212890625,80.91303253173828,75.62000274658203,86.22388458251953
2025-07-15,47.745018005371094,306.7300109863281,216.00645446777344,553.4747924804688,613.7978515625,80.3459701538086,75.26000213623047,84.95449829101562
2025-07-16,47.970603942871094,308.260009765625,218.1781768798828,554.0414428710938,615.8499755859375,80.45936584472656,75.19000244140625,85.7562255859375
2025-07-17,48.24522399902344,307.5899963378906,221.04087829589844,558.5252075195312,619.6187744140625,80.44047546386719,76.16000366210938,85.66077423095703
2025-07-18,48.1373405456543,308.3900146484375,219.47132873535156,557.9883422851562,619.1649169921875,80.5633544921875,75.93000030517578,85.84211730957031
2025-07-21,48.45119094848633,313.1300048828125,218.58290100097656,560.8814086914062,620.3390502929688,81.28164672851562,75.58999633789062,86.19525909423828
2025-07-22,48.480613708496094,316.1000061035156,220.3992462158203,557.9784545898438,620.4277954101562,81.77311706542969,75.3499984741211,87.67463684082031
2025-07-23,48.971012115478516,312.17999267578125,223.765380859375,560.5235595703125,625.7060546875,81.31947326660156,75.27999877929688,87.84644317626953
2025-07-24,48.706199645996094,310.2699890136719,220.67562866210938,561.7164306640625,625.9132690429688,81.17768859863281,76.08999633789062,87.541015625
2025-07-25,48.55907440185547,307.3999938964844,221.49496459960938,563.068603515625,628.5572509765625,81.68806457519531,74.8499984741211,87.55056762695312
2025-07-28,48.235416412353516,305.4100036621094,221.23831176757812,564.8282470703125,628.3993530273438,81.15878295898438,77.16999816894531,86.14753723144531
2025-07-29,48.255035400390625,306.25,219.8267059326172,563.9534301757812,626.741943359375,82.52925109863281,79.80000305175781,87.5314712524414
2025-07-30,47.901947021484375,300.9599914550781,218.7112274169922,564.7089233398438,625.9527587890625,82.10391235351562,81.04000091552734,86.29070281982422
2025-07-31,47.62732696533203,302.9599914550781,216.5691375732422,561.7164306640625,623.6046142578125,82.15118408203125,79.58999633789062,85.07856750488281
2025-08-01,47.27424240112305,309.1099853515625,212.15658569335938,550.6514282226562,613.3834228515625,83.31908416748047,77.45999908447266,84.86859130859375
2025-08-04,47.7646369934082,310.9100036621094,216.90475463867188,560.8118286132812,622.706787109375,83.54679107666016,76.11000061035156,85.73712921142578
2025-08-05,47.901947021484375,311.1600036621094,218.0103759765625,557.004150390625,619.5496215820312,83.80296325683594,75.0199966430664,86.12844848632812
2025-08-06,48.12752914428711,310.5,217.7240753173828,564.0131225585938,624.295166015625,83.31908416748047,73.79000091552734,85.46034240722656
2025-08-07,48.5296516418457,313.1199951171875,217.01333618164062,565.9218139648438,623.7722778320312,83.17676544189453,73.41999816894531,85.70849609375
2025-08-08,48.490421295166016,313.04998779296875,217.48719787597656,571.2008666992188,628.63623046875,82.8162612915039,73.30000305175781,85.00221252441406
2025-08-11,48.353111267089844,308.54998779296875,217.4378204345703,569.5108032226562,627.3931274414062,82.9111099243164,73.80000305175781,84.43909454345703
2025-08-12,48.94158935546875,308.2699890136719,223.89370727539062,576.6688232421875,634.072265625,82.49368286132812,72.94999694824219,84.91632080078125
2025-08-13,49.53006362915039,309.2099914550781,228.24700927734375,576.9571533203125,636.2427978515625,83.17676544189453,72.45999908447266,85.70849609375
2025-08-14,48.921974182128906,307.25,225.3053436279297,576.5098266601562,636.3020629882812,82.5600814819336,73.73999786376953,85.09766387939453
2025-08-15,48.98081970214844,307.42999267578125,224.20960998535156,573.9746704101562,634.812255859375,81.97185516357422,72.80000305175781,85.58441925048828
2025-08-18,49.26525115966797,306.95001220703125,225.02894592285156,573.7459716796875,634.6741333007812,81.73467254638672,73.16999816894531,84.85905456542969
2025-08-19,48.86312484741211,305.2699890136719,223.30145263671875,565.9616088867188,631.2310180664062,82.20903015136719,72.30000305175781,86.31934356689453
2025-08-20,48.794471740722656,308.3599853515625,222.51173400878906,562.601318359375,629.5537719726562,82.3893051147461,73.5199966430664,86.5674819946289
2025-08-21,48.68658447265625,307.2900085449219,223.06451416015625,559.9966430664062,627.0280151367188,81.9813461303711,74.12999725341797,86.30980682373047
2025-08-22,49.657569885253906,310.5799865722656,231.8105926513672,568.635986328125,636.6572265625,82.58856201171875,74.63999938964844,87.98006439208984
2025-08-25,49.373138427734375,309.8299865722656,229.37237548828125,566.9955444335938,633.8552856445312,82.35135650634766,75.75,87.47421264648438
2025-08-26,49.245635986328125,312.0799865722656,231.26766967773438,569.272216796875,636.5091552734375,82.30392456054688,74.05000305175781,87.24515533447266
2025-08-27,48.95139694213867,312.7099914550781,232.9063262939453,570.1470947265625,637.9595336914062,82.20903015136719,74.68000030517578,87.7891845703125
2025-08-28,49.13774490356445,315.0299987792969,233.18272399902344,573.7161865234375,640.2186889648438,82.74984741210938,75.23999786376953,87.56011199951172
2025-08-29,48.90235900878906,318.07000732421875,232.146240234375,567.0751342773438,636.400634765625,82.16162109375,74.83999633789062,88.03732299804688
2025-09-02,48.86312484741211,325.5899963378906,230.89254760742188,562.322998046875,631.6847534179688,81.55020141601562,76.76000213623047,86.5770263671875
2025-09-03,49.04947280883789,328.1400146484375,230.66551208496094,566.7470703125,635.108154296875,82.44542694091797,74.83000183105469,86.62476348876953
2025-09-04,48.892547607421875,326.69000244140625,233.54795837402344,571.876953125,640.4161376953125,83.073974609375,74.18000030517578,87.2737808227539
2025-09-05,49.48102569580078,331.04998779296875,234.71279907226562,572.7020263671875,638.561279296875,84.3405990600586,72.62999725341797,88.25685119628906
2025-09-08,49.93218994140625,334.82000732421875,235.18663024902344,575.4957275390625,640.1300048828125,85.4643783569336,73.04000091552734,87.74144744873047
2025-09-09,50.206809997558594,334.05999755859375,233.80462646484375,577.126220703125,641.60986328125,84.97867584228516,73.38999938964844,87.541015625
2025-09-10,50.55009078979492,335.260009765625,233.39004516601562,577.3151245117188,643.4646606445312,85.4643783569336,74.70999908447266,87.3978500366211
2025-09-11,51.28568649291992,334.760009765625,237.70382690429688,580.6753540039062,648.81201171875,86.03580474853516,73.0,88.99176025390625
2025-09-12,51.25625991821289,335.4200134277344,235.2754669189453,583.2402954101562,648.5950317382812,85.66437530517578,73.30999755859375,88.58135986328125
2025-09-15,51.62895965576172,338.9100036621094,236.27249145507812,588.2310791015625,652.0480346679688,85.8643798828125,74.2300033569336,88.43819427490234
2025-09-16,52.011470794677734,339.5899963378906,235.88343811035156,587.7340087890625,651.1502075195312,86.04531860351562,75.66999816894531,87.97051239013672
2025-09-17,52.23705291748047,336.9700012207031,236.48728942871094,586.5608520507812,650.34130859375,85.8262939453125,74.97000122070312,87.85599517822266
2025-09-18,52.109554290771484,335.6199951171875,242.37744140625,591.849853515625,653.3799438476562,84.94058990478516,74.69000244140625,88.046875
2025-09-19,51.99185562133789,339.17999267578125,240.53614807128906,595.8563232421875,656.615966796875,84.77867889404297,73.5199966430664,87.47421264648438
2025-09-22,52.24686050415039,345.04998779296875,241.93197631835938,599.3837890625,659.7225341796875,84.47393798828125,73.44999694824219,87.49330139160156
2025-09-23,52.276283264160156,346.4599914550781,241.38751220703125,595.4025268554688,656.1312255859375,85.06439971923828,75.05000305175781,87.97051239013672
2025-09-24,52.0997428894043,343.32000732421875,239.17005920410156,593.3123168945312,654.043701171875,84.7406005859375,76.38999938964844,87.1052474975586
2025-09-25,51.79569625854492,344.75,236.88327026367188,590.7543334960938,651.0263061523438,84.7406005859375,76.98999786376953,86.8450927734375
2025-09-26,51.69761657714844,346.739990234375,238.9126434326172,593.1829223632812,654.756103515625,84.6644058227539,77.0199966430664,87.70265197753906
2025-09-29,52.16839599609375,352.4599914550781,239.18983459472656,595.9299926757812,656.59619140625,85.35963439941406,74.58999633789062,87.73155975341797
2025-09-30,52.374366760253906,355.4700012207031,239.52642822265625,597.5623779296875,659.0695190429688,85.11202239990234,73.75,88.08807373046875
2025-10-01,52.78629684448242,356.0299987792969,240.0511016845703,600.4288330078125,661.3153686523438,85.33182525634766,73.13999938964844,88.22296142578125
2025-10-02,53.031494140625,354.7900085449219,241.56570434570312,602.8972778320312,662.0769653320312,85.58029174804688,71.54000091552734,87.76046752929688
2025-10-03,53.18842315673828,357.6400146484375,243.3574981689453,600.3591918945312,662.0671997070312,85.41783142089844,71.70999908447266,88.08807373046875
2025-10-06,53.43362045288086,364.3800048828125,244.32763671875,604.8679809570312,664.4415283203125,84.73931121826172,72.87000274658203,87.25941467285156
2025-10-07,53.021690368652344,366.260009765625,241.7042999267578,601.6830444335938,661.9780883789062,85.22669219970703,73.19999694824219,86.94145202636719
2025-10-08,53.44343185424805,372.29998779296875,244.23855590820312,608.5806274414062,665.925537109375,85.29357147216797,73.52999877929688,86.48857879638672
2025-10-09,52.89418411254883,365.42999267578125,242.66455078125,607.8440551757812,663.9963989257812,85.22669219970703,72.51000213623047,86.01642608642578
2025-10-10,50.942405700683594,369.1199951171875,235.3983612060547,586.7432250976562,646.0499877929688,86.60285949707031,69.38999938964844,84.91797637939453
2025-10-13,52.423404693603516,378.0899963378906,241.9517822265625,599.1946411132812,655.9630126953125,86.55506896972656,70.27999877929688,85.45758056640625
2025-10-14,51.9526252746582,380.7900085449219,245.4066619873047,595.203369140625,655.1616821289062,86.83221435546875,69.0,86.33440399169922
2025-10-15,52.80591583251953,387.3900146484375,247.81224060058594,599.4036254882812,658.0703125,86.64108276367188,68.98999786376953,87.58702087402344
2025-10-16,53.14918899536133,396.45001220703125,242.59524536132812,597.18408203125,653.5886840820312,87.29093170166016,67.80999755859375,87.2786865234375
2025-10-17,53.139381408691406,388.989990234375,240.9618377685547,601.1056518554688,657.298583984375,87.15715026855469,67.9800033569336,87.84718322753906
2025-10-20,53.865169525146484,403.1499938964844,245.6640625,608.6800537109375,664.1348266601562,87.49164581298828,67.83000183105469,88.733642578125
2025-10-21,53.26689147949219,377.239990234375,244.50582885742188,608.5209350585938,664.1249389648438,87.92167663574219,68.2699966430664,88.4831314086914
2025-10-22,53.21784591674805,377.2799987792969,240.8925323486328,602.6583862304688,660.6721801757812,87.97901916503906,70.62999725341797,88.8589096069336
2025-10-23,53.688629150390625,378.7900085449219,243.94155883789062,607.724609375,664.5899658203125,87.37696075439453,73.29000091552734,88.80110168457031
2025-10-24,54.04171371459961,377.5199890136719,246.92129516601562,614.2140502929688,670.0213623046875,87.41519927978516,73.18000030517578,89.06126403808594
2025-10-27,54.63999938964844,367.010009765625,247.78253173828125,625.1527099609375,677.926025390625,87.71142578125,73.12000274658203,89.3117904663086
2025-10-28,54.62038040161133,364.3800048828125,246.45602416992188,629.9600830078125,679.7266235351562,87.94078826904297,71.38999938964844,87.55812072753906
2025-10-29,54.934234619140625,363.0,244.3573455810547,632.7968139648438,680.0531616210938,87.05201721191406,71.80000305175781,85.30340576171875
2025-10-30,54.36537551879883,370.1300048828125,242.3873748779297,623.1222534179688,672.5739135742188,86.5455093383789,71.70999908447266,85.70808410644531
2025-10-31,54.23787307739258,368.1199951171875,243.7534637451172,626.1281127929688,674.7799682617188,86.28749084472656,72.55999755859375,85.9297103881836
2025-11-03,54.581153869628906,368.7799987792969,242.97142028808594,629.1240844726562,676.04638671875,86.07167053222656,72.73999786376953,85.80445098876953
2025-11-04,53.58074188232422,362.32000732421875,238.77406311035156,616.3540649414062,668.0328369140625,86.26351165771484,71.93000030517578,85.94898223876953
2025-11-05,54.06132888793945,366.510009765625,242.2190704345703,620.365234375,670.3478393554688,85.32357788085938,71.02999877929688,86.02606964111328
2025-11-06,53.659202575683594,366.07000732421875,237.9326171875,608.8095092773438,663.1553955078125,86.09087371826172,70.87999725341797,85.61174011230469
2025-11-07,53.50227737426758,368.30999755859375,239.17994689941406,606.8885498046875,663.808349609375,85.90862274169922,71.26000213623047,86.94145202636719
2025-11-10,54.4438362121582,378.3800048828125,241.57559204101562,620.3154296875,674.1665649414062,85.88946533203125,71.68000030517578,86.89325714111328
2025-11-11,54.502685546875,379.8699951171875,241.7834930419922,618.6632080078125,675.7099609375,86.28268432617188,72.72000122070312,87.866455078125
2025-11-12,54.51249313354492,385.989990234375,241.1895294189453,618.175537109375,676.0859985351562,86.4361572265625,69.79000091552734,87.21124267578125
2025-11-13,53.87498092651367,382.8699951171875,234.4084014892578,605.5548095703125,664.8670043945312,85.72640991210938,69.8499984741211,86.14169311523438
2025-11-14,53.90440368652344,375.9599914550781,235.0914764404297,606.0126953125,664.7581176757812,85.23725128173828,71.37999725341797,86.32476043701172
2025-11-17,53.26689147949219,371.6499938964844,230.4189453125,600.8369750976562,658.56494140625,85.4482421875,71.30000305175781,85.61174011230469
2025-11-18,53.002071380615234,374.3500061035156,231.12181091308594,593.5213623046875,653.03466796875,85.41947937011719,72.5,85.9586181640625
2025-11-19,52.81571960449219,374.9599914550781,231.08221435546875,597.064697265625,655.5574340820312,85.24683380126953,70.87999725341797,85.28413391113281
2025-11-20,52.089935302734375,374.8500061035156,226.8056640625,582.9310913085938,645.5652465820312,85.58253479003906,70.1500015258789,84.9276123046875
2025-11-21,52.08012771606445,374.2699890136719,233.2303924560547,587.3104858398438,651.9959106445312,85.84149932861328,69.30000305175781,86.30550384521484
2025-11-24,52.629371643066406,380.20001220703125,237.4871368408203,602.3298950195312,661.59228515625,86.33064270019531,70.41999816894531,86.53675079345703
2025-11-25,52.81571960449219,380.0799865722656,242.66455078125,606.04248046875,667.815185546875,86.5512466430664,69.25,87.33650207519531
2025-11-26,53.19823455810547,383.1199951171875,244.81271362304688,611.3973388671875,672.4254150390625,86.93489074707031,70.04000091552734,87.721923828125
2025-11-28,53.276695251464844,387.8800048828125,246.2481231689453,616.3540649414062,676.0958251953125,86.5224838256836,71.06999969482422,88.010986328125
2025-12-01,53.237464904785156,389.75,243.1496124267578,614.2837524414062,673.0090942382812,85.44537353515625,71.05999755859375,86.999267578125
2025-12-02,53.257080078125,387.239990234375,242.70413208007812,619.0911865234375,674.2557373046875,85.48387908935547,70.19999694824219,86.69091796875
2025-12-03,53.29631423950195,386.8800048828125,247.11929321289062,620.6041259765625,676.5905151367188,85.72452545166016,70.66000366210938,86.91253662109375
2025-12-04,53.28650665283203,387.1300048828125,249.28726196289062,620.0267944335938,677.085205078125,85.26249694824219,71.38999938964844,86.70055389404297
2025-12-05,53.688629150390625,386.44000244140625,248.24781799316406,622.554931640625,678.3712158203125,84.86785125732422,71.91999816894531,86.60419464111328
2025-12-08,53.57093048095703,385.4200134277344,248.3468017578125,621.3605346679688,676.3333740234375,84.58869934082031,70.48999786376953,85.93934631347656
2025-12-09,53.482662200927734,387.3999938964844,248.86158752441406,622.126953125,675.7495727539062,84.67534637451172,69.86000061035156,85.61174011230469
2025-12-10,54.0809440612793,389.04998779296875,252.24717712402344,624.6749877929688,680.2312622070312,85.00260925292969,70.54000091552734,85.92008209228516
2025-12-11,53.8259391784668,393.239990234375,255.2071075439453,622.6544799804688,681.8141479492188,84.88710021972656,69.25,86.29586029052734
2025-12-12,53.19823455810547,395.44000244140625,251.29684448242188,610.7504272460938,674.4832153320312,84.06892395019531,68.80999755859375,86.18986511230469
2025-12-15,53.04130554199219,395.79998779296875,249.39613342285156,607.684814453125,673.4641723632812,84.1266860961914,67.88999938964844,86.45967102050781
2025-12-16,52.70604705810547,395.8900146484375,248.2161407470703,608.8890991210938,671.6240844726562,84.58869934082031,66.16999816894531,85.82372283935547
2025-12-17,52.32801055908203,399.2900085449219,245.57408142089844,597.6021118164062,664.2338256835938,84.51171112060547,67.9800033569336,86.14169311523438
2025-12-18,52.92491149902344,398.57000732421875,247.03416442871094,606.261474609375,669.2495727539062,84.91597747802734,67.19000244140625,85.68882751464844
2025-12-19,53.442222595214844,399.0199890136719,249.1001434326172,614.164306640625,675.3153686523438,84.59905242919922,68.02999877929688,85.36121368408203
2025-12-22,53.73072052001953,408.2300109863281,251.87135314941406,617.1083374023438,679.5225219726562,84.41544342041016,69.7300033569336,85.79975128173828
2025-12-23,54.029170989990234,413.6400146484375,250.38145446777344,619.9984130859375,682.6282348632812,84.55072021484375,70.30000305175781,85.74140930175781
2025-12-24,54.13859939575195,411.92999267578125,251.00723266601562,621.812255859375,685.0294799804688,85.06285095214844,70.19999694824219,86.30536651611328
2025-12-26,54.51663589477539,416.739990234375,249.7259063720703,621.7723999023438,684.9600219726562,84.78264617919922,68.4800033569336,86.40259552001953
2025-12-29,54.37736129760742,398.6000061035156,248.19630432128906,618.7626953125,682.51904296875,85.10150909423828,69.61000061035156,86.57762908935547
2025-12-30,54.596221923828125,398.8900146484375,246.35874938964844,617.3275146484375,681.685546875,84.89859008789062,69.73999786376953,86.75264739990234
2025-12-31,54.427101135253906,396.30999755859375,244.50135803222656,612.2249145507812,676.635009765625,84.22219848632812,69.16000366210938,86.04283142089844
2026-01-02,55.94919204711914,398.2799987792969,247.10369873046875,611.0390014648438,677.8753051757812,84.0965576171875,68.95999908447266,86.0719985961914
2026-01-05,56.565982818603516,408.760009765625,251.02708435058594,615.8924560546875,682.3900756835938,84.5120620727539,70.22000122070312,86.26646423339844
2026-01-06,56.98381042480469,413.17999267578125,254.35450744628906,621.303955078125,686.4484252929688,84.338134765625,68.51000213623047,86.89849853515625
2026-01-07,56.556034088134766,409.2300109863281,253.758544921875,621.9020385742188,684.2356567382812,84.83094024658203,67.79000091552734,86.05255126953125
2026-01-08,56.575931549072266,411.489990234375,256.5297546386719,618.3639526367188,684.1661987304688,84.4057846069336,70.54000091552734,86.82070922851562
2026-01-09,56.84453582763672,414.4700012207031,258.4765930175781,624.5230102539062,688.69091796875,84.96623229980469,70.77999877929688,86.99573516845703
2026-01-12,57.64039611816406,422.2300109863281,259.73797607421875,625.041259765625,689.7723999023438,84.71498107910156,71.6500015258789,87.1124038696289
2026-01-13,57.21261978149414,421.6300048828125,259.5890197753906,624.1144409179688,688.3931884765625,84.85993957519531,73.4800033569336,87.59857940673828
2026-01-14,57.45138168334961,425.94000244140625,261.4166259765625,617.4471435546875,685.009521484375,85.35273742675781,72.61000061035156,88.35701751708984
2026-01-15,57.78962326049805,423.3299865722656,263.7209777832031,619.6696166992188,686.875,85.33341979980469,71.12999725341797,88.96958923339844
2026-01-16,57.57075881958008,421.2900085449219,263.96929931640625,619.1513671875,686.299560546875,84.8405990600586,71.6500015258789,90.0586166381836
2026-01-20,57.01365661621094,437.2300109863281,260.81072998046875,605.9961547851562,672.3286743164062,83.72937774658203,71.86000061035156,88.38618469238281
2026-01-21,57.958744049072266,443.6000061035156,265.9856262207031,614.188232421875,680.088134765625,84.36713409423828,73.33999633789062,88.7362289428711
2026-01-22,58.39646911621094,451.7900085449219,267.9721374511719,618.6530151367188,683.6402587890625,84.73432159423828,71.81999969482422,87.86112213134766
2026-01-23,58.764556884765625,458.0,263.02569580078125,620.6063842773438,683.8883056640625,84.96623229980469,73.94999694824219,88.03614044189453
2026-01-26,58.864036560058594,464.70001220703125,262.2012939453125,623.3370971679688,687.3612060546875,85.3720703125,73.4800033569336,87.91946411132812
2026-01-27,60.02798843383789,476.1000061035156,262.94622802734375,628.9878540039062,690.099853515625,84.8405990600586,75.66000366210938,87.8902816772461
2026-01-28,60.43586730957031,494.55999755859375,261.5258483886719,631.0706787109375,690.0303955078125,84.6473388671875,76.62000274658203,86.98600006103516
2026-01-29,60.127471923828125,495.8999938964844,261.59539794921875,627.2936401367188,688.6610717773438,84.66667938232422,79.13999938964844,88.20143127441406
2026-01-30,58.79439926147461,444.95001220703125,257.90045166015625,619.75927734375,686.6071166992188,84.19319152832031,79.5199966430664,88.28895568847656
2026-02-02,58.97346878051758,427.1300048828125,260.4134216308594,624.0148315429688,690.0203857421875,83.95263671875,75.33000183105469,87.37494659423828
2026-02-03,59.291812896728516,454.2900085449219,261.00933837890625,614.4274291992188,684.18603515625,84.15633392333984,77.47000122070312,87.18047332763672
2026-02-04,58.49595260620117,453.9700012207031,258.76458740234375,603.6939697265625,680.8719482421875,83.94293975830078,77.87999725341797,88.43479919433594
2026-02-05,58.22734832763672,441.8800048828125,254.106201171875,595.003662109375,672.3682861328125,84.85472869873047,76.69000244140625,88.30839538574219
2026-02-06,59.75938415527344,455.4599914550781,263.2342529296875,607.5807495117188,685.2676391601562,84.91291809082031,76.98999786376953,89.6988525390625
2026-02-09,60.19710922241211,467.0299987792969,265.0817565917969,612.2349243164062,688.5718383789062,84.89352416992188,78.0199966430664,90.07806396484375
2026-02-10,60.286643981933594,462.3999938964844,264.3666076660156,609.3945922851562,686.7559814453125,85.87321472167969,78.02999877929688,91.28376770019531
2026-02-11,61.24168014526367,467.6300048828125,263.1647644042969,611.0289916992188,686.5972290039062,85.41732025146484,78.88999938964844,90.77815246582031
2026-02-12,60.5452995300293,451.3900146484375,257.79119873046875,598.601318359375,675.9900512695312,86.55220031738281,76.37999725341797,90.67119598388672
2026-02-13,60.803955078125,462.6199951171875,261.1881408691406,599.876953125,676.4663696289062,87.02750396728516,76.22000122070312,91.97412872314453
2026-02-17,60.55524826049805,448.20001220703125,261.2676086425781,599.259033203125,677.5578002929688,87.17301177978516,75.7300033569336,92.8492431640625
2026-02-18,60.873592376708984,458.2799987792969,262.211181640625,603.7338256835938,680.9711303710938,86.84320831298828,79.4000015258789,91.76022338867188
2026-02-19,60.724369049072266,459.55999755859375,262.8171081542969,601.4216918945312,679.1751098632812,86.93051147460938,81.19000244140625,91.56575012207031
2026-02-20,62.01764678955078,468.6199951171875,262.8270263671875,606.74365234375,684.0867919921875,86.726806640625,80.8499984741211,92.25611114501953
2026-02-23,61.331214904785156,481.2799987792969,258.7347717285156,599.36865234375,677.1013793945312,87.0468978881836,80.9000015258789,92.26583862304688
2026-02-24,62.296199798583984,474.6099853515625,261.5556640625,605.8067626953125,682.02294921875,87.20211029052734,80.76000213623047,92.49920654296875
2026-02-25,62.98263168334961,473.4200134277344,262.7972106933594,614.5868530273438,687.7779541015625,87.2118148803711,79.7300033569336,92.24639129638672
2026-02-26,62.38573455810547,477.4800109863281,264.1977233886719,607.1721801757812,683.957763671875,87.56098937988281,79.7699966430664,92.87841796875
2026-02-27,62.25640869140625,483.75,259.6485900878906,605.228759765625,680.6734619140625,88.094482421875,81.94999694824219,93.0437240600586
2026-03-02,61.18199157714844,490.0,262.03240966796875,606.0260009765625,681.0604858398438,87.2098388671875,87.19000244140625,93.2770767211914
2026-03-03,58.117916107177734,468.1400146484375,257.49322509765625,599.5381469726562,675.057373046875,87.03466796875,90.19999694824219,92.78118133544922
2026-03-04,58.744659423828125,471.79998779296875,259.9962463378906,608.6770629882812,679.8201904296875,86.76214599609375,91.55999755859375,92.89785766601562
2026-03-05,57.33200454711914,466.1300048828125,255.02992248535156,606.8432006835938,676.0297241210938,86.41180419921875,96.30999755859375,91.96441650390625
2026-03-06,57.02360534667969,473.510009765625,249.19949340820312,597.7142944335938,667.1690063476562,86.09064483642578,108.7699966430664,90.96289825439453
2026-03-09,58.147762298583984,472.5299987792969,251.9110870361328,605.6971435546875,673.0133056640625,86.84001159667969,104.33000183105469,91.1670913696289
2026-03-10,58.37657165527344,477.8599853515625,251.65283203125,605.7071533203125,671.9317016601562,85.91546630859375,105.86000061035156,91.03096008300781
2026-03-11,58.52579879760742,476.239990234375,251.1462860107422,605.62744140625,671.08837890625,84.80599212646484,108.05000305175781,90.0877914428711
2026-03-12,56.655517578125,466.8800048828125,245.74295043945312,595.2328491210938,660.89794921875,84.64054870605469,118.38999938964844,89.46549224853516
2026-03-13,56.50629425048828,460.8399963378906,244.92845153808594,591.7047729492188,657.1571655273438,84.22207641601562,119.88999938964844,89.61133575439453
2026-03-16,58.078125,460.42999267578125,247.24276733398438,598.3422241210938,663.8449096679688,84.8741226196289,115.02999877929688,90.36004638671875
2026-03-17,58.44620895385742,459.2699890136719,248.80694580078125,601.2622680664062,665.5912475585938,85.1076889038086,118.83999633789062,90.75870513916016
2026-03-18,57.262367248535156,444.739990234375,244.79698181152344,592.880859375,656.3038330078125,84.63081359863281,121.66999816894531,89.4168701171875
2026-03-19,57.322052001953125,426.4100036621094,246.3989715576172,591.0072021484375,654.6864624023438,85.14661407470703,117.36000061035156,89.05709075927734
2026-03-20,55.352291107177734,413.3800048828125,241.01588439941406,580.0844116210938,645.3009643554688,83.53108215332031,121.43000030517578,86.29564666748047
2026-03-23,57.01365661621094,404.0400085449219,246.21986389160156,586.7431640625,652.07666015625,84.07608795166016,110.55999755859375,86.96656036376953
2026-03-24,56.22774124145508,404.1300048828125,247.5432586669922,582.731689453125,649.8877563476562,83.70626831054688,114.54000091552734,86.39264678955078
2026-03-25,57.123085021972656,416.2900085449219,250.5681610107422,586.5635375976562,653.5094604492188,84.51403045654297,113.38999938964844,86.32384490966797
2026-03-26,55.18317413330078,400.6400146484375,246.20993041992188,572.5634765625,641.838623046875,83.8035888671875,117.26000213623047,86.20591735839844
2026-03-27,54.91456985473633,414.70001220703125,241.89151000976562,561.37744140625,630.89404296875,83.34617614746094,124.19999694824219,85.49834442138672
2026-03-30,54.466896057128906,414.5799865722656,238.41883850097656,557.0867309570312,628.78466796875,84.45564270019531,129.8300018310547,85.82264709472656
2026-03-31,56.49634552001953,430.2900085449219,246.7671356201172,575.9462280273438,647.0621337890625,84.3680648803711,127.25,87.16899871826172
2026-04-01,56.9340705871582,437.82000732421875,248.3193817138672,583.06103515625,651.9373779296875,84.28499603271484,124.08999633789062,87.48347473144531
2026-04-02,56.29737854003906,429.4100036621094,250.040771484375,583.7295532226562,652.5244750976562,84.8028564453125,137.9199981689453,88.67259979248047
2026-04-06,56.814693450927734,427.6499938964844,251.10546875,587.2420654296875,655.6087646484375,84.66606903076172,138.94000244140625,88.80034637451172
2026-04-07,57.01365661621094,431.80999755859375,251.65272521972656,587.3319091796875,655.8972778320312,84.65628814697266,138.0800018310547,88.9281005859375
2026-04-08,60.127471923828125,434.5299987792969,259.1751403808594,604.7944946289062,672.6027221679688,84.92988586425781,124.58000183105469,90.52997589111328
2026-04-09,59.968299865722656,437.9100036621094,260.65771484375,608.8856811523438,676.4830322265625,84.71491241455078,126.95999908447266,91.17858123779297
2026-04-10,60.24685287475586,437.1300048828125,260.0010070800781,609.7637939453125,676.0353393554688,84.50972747802734,124.81999969482422,91.37512969970703
2026-04-13,60.754215240478516,435.3599853515625,263.75225830078125,616.0703735351562,682.6417846679688,84.76377868652344,128.47000122070312,91.71908569335938
2026-04-14,61.91816711425781,445.0899963378906,267.3841552734375,627.2562866210938,690.959716796875,85.21324157714844,123.8499984741211,92.5937271118164
2026-04-15,61.87837219238281,440.4599914550781,268.05084228515625,636.0375366210938,696.412109375,84.84194946289062,122.58999633789062,92.66251373291016
2026-04-16,62.127079010009766,440.0799865722656,268.6080322265625,639.1009521484375,698.1234130859375,84.30453491210938,125.83999633789062,93.51750183105469
2026-04-17,63.3109245300293,445.92999267578125,274.4090270996094,647.4630126953125,706.5607299804688,85.07644653320312,116.04000091552734,95.01126861572266
2026-04-20,62.85330581665039,442.0899963378906,275.97125244140625,645.4074096679688,705.1477661132812,85.05690002441406,121.31999969482422,95.35521697998047
2026-04-21,61.9281120300293,429.57000732421875,273.1453857421875,642.9527587890625,700.53125,84.58789825439453,128.25,93.66490936279297
2026-04-22,63.052268981933594,435.260009765625,275.1055603027344,653.7096557617188,707.6253051757812,84.7540054321289,129.39999389648438,92.88854217529297
2026-04-23,62.02759552001953,431.0400085449219,274.15032958984375,650.0275268554688,704.8792114257812,84.568359375,134.72000122070312,93.84180450439453
2026-04-24,63.41040802001953,433.25,275.2746887207031,662.4609375,710.3414916992188,84.72468566894531,132.39999389648438,93.65509033203125
2026-04-27,63.3109245300293,429.8900146484375,275.7622985839844,662.8101806640625,711.5653686523438,84.30453491210938,134.72000122070312,93.14405822753906
2026-04-28,62.66428756713867,421.9100036621094,272.54833984375,656.1444702148438,708.1029052734375,84.3924789428711,139.60000610351562,93.99903869628906
2026-04-29,62.36583709716797,417.4100036621094,270.7274169921875,660.1558837890625,707.993408203125,83.73780822753906,150.6300048828125,93.26199340820312
2026-04-30,63.65911865234375,423.6600036621094,276.5881652832031,666.3126831054688,715.0377197265625,83.65965270996094,147.08999633789062,94.66730499267578
2026-05-01,63.79838943481445,423.17999267578125,277.8916320800781,672.7090454101562,717.0177001953125,83.95877075195312,142.8000030517578,94.40196228027344
2026-05-04,63.7685432434082,414.7099914550781,276.4986267089844,671.4417114257812,714.3909912109375,83.32129669189453,147.61000061035156,93.81232452392578
2026-05-05,65.06182861328125,418.2699890136719,281.15533447265625,680.1530151367188,720.1220092773438,83.78224182128906,144.1699981689453,94.10713958740234
2026-05-06,67.1410140991211,430.9599914550781,285.3742370605469,694.2827758789062,730.1312866210938,84.4197006225586,133.9499969482422,95.4141845703125
2026-05-07,66.24566650390625,431.67999267578125,280.8568420410156,693.4545288085938,727.8926391601562,83.99799346923828,134.97000122070312,94.72626495361328
2026-05-08,67.58869171142578,433.7699890136719,282.7573547363281,709.709716796875,733.9021606445312,84.4197006225586,133.58999633789062,94.95230102539062
2026-05-11,67.53894805908203,434.6499938964844,283.9115295410156,711.7653198242188,735.5736694335938,83.90973663330078,138.66000366210938,95.02108764648438
2026-05-12,65.47965240478516,432.92999267578125,281.165283203125,705.7282104492188,734.4593505859375,83.3507308959961,144.3000030517578,95.02108764648438
2026-05-13,66.86246490478516,430.5,281.2648010253906,713.1823120117188,738.5685424804688,83.16438293457031,142.0399932861328,94.23490142822266
2026-05-14,67.03158569335938,427.2099914550781,283.03594970703125,718.2514038085938,744.3989868164062,83.28207397460938,143.0,93.67473602294922
2026-05-15,64.73352813720703,417.2900085449219,276.219970703125,707.4146118164062,735.4443969726562,82.04637908935547,148.22999572753906,92.28907775878906
2026-05-18,64.63404846191406,418.42999267578125,274.59808349609375,704.3711547851562,734.927001953125,81.94829559326172,149.2899932861328,93.3700942993164
2026-05-19,63.9277229309082,411.5,271.6428527832031,700.030517578125,730.03173828125,81.4187240600586,152.9600067138672,93.63542175292969
2026-05-20,65.12151336669922,417.3999938964844,278.47869873046875,711.6256103515625,737.5138549804688,82.29154968261719,144.27000427246094,94.82453918457031
2026-05-21,65.68856811523438,416.989990234375,281.0856628417969,712.9827270507812,738.9764404296875,82.59557342529297,142.5399932861328,95.00143432617188
2026-05-22,65.53933715820312,413.82000732421875,283.7026062011719,716.0062255859375,741.8817749023438,83.04670715332031,140.9199981689453,95.0997085571289
2026-05-26,68.04631042480469,414.0,289.0658264160156,728.718994140625,746.8068237304688,83.45860290527344,137.0,95.54194641113281
2026-05-27,68.03636169433594,408.489990234375,288.926513671875,727.8907470703125,746.6774291992188,83.65474700927734,131.02999877929688,95.24711608886719
2026-05-28,68.2552261352539,412.7699890136719,290.5782775878906,734.0276489257812,750.7965698242188,84.08625030517578,130.77999877929688,94.88350677490234
2026-05-29,68.24527740478516,417.1199951171875,288.9862060546875,736.7318115234375,752.6671142578125,84.10588073730469,129.08999633789062,94.04817199707031
2026-06-01,69.7176284790039,411.260009765625,287.5434265136719,741.15234375,754.7166748046875,84.15116882324219,135.5,92.4659652709961
2026-06-02,70.43390655517578,411.95001220703125,290.2100830078125,744.5650024414062,755.7415771484375,84.3283920288086,137.27000427246094,92.88854217529297
2026-06-03,69.5584487915039,407.8699951171875,286.23992919921875,742.6192626953125,750.4384155273438,83.9936294555664,140.86000061035156,92.78044891357422
2026-06-04,68.74269104003906,411.2699890136719,290.558349609375,739.0269165039062,753.2740478515625,84.18069458007812,136.74000549316406,94.44126892089844
2026-06-05,64.25601196289062,396.239990234375,280.2498474121094,703.5528564453125,733.83251953125,83.74748992919922,133.02000427246094,95.11936950683594
2026-06-08,65.4100112915039,397.2699890136719,282.6976013183594,714.5394287109375,735.4940795898438,83.31427764892578,135.14999389648438,93.82215118408203
2026-06-09,65.47965240478516,390.7799987792969,283.60308837890625,706.3170166015625,733.3350830078125,83.80656433105469,131.3000030517578,95.98417663574219
2026-06-10,64.32565307617188,374.5799865722656,280.6478576660156,692.2072143554688,721.7736206054688,83.57026672363281,134.3000030517578,95.99400329589844
2026-06-11,67.15096282958984,386.32000732421875,288.96630859375,715.587158203125,734.04150390625,84.6532974243164,128.8300018310547,95.92520904541016
2026-06-12,67.52899932861328,386.5400085449219,291.4936828613281,719.7981567382812,738.0113525390625,84.44652557373047,125.43000030517578,96.80967712402344
2026-06-15,69.75,396.54998779296875,293.87249755859375,742.40966796875,751.0254516601562,84.39730834960938,121.20999908447266,96.131591796875
2026-06-16,68.63999938964844,397.6300048828125,291.3191223144531,728.2998657226562,746.5481567382812,84.86006164550781,115.47000122070312,96.36743927001953
2026-06-17,68.55999755859375,388.6000061035156,289.1248779296875,720.9656372070312,737.225341796875,84.99789428710938,114.2300033569336,93.9597396850586
2026-06-18,70.79000091552734,387.1199951171875,294.82000732421875,739.0369262695312,744.8902587890625,85.41141510009766,114.87000274658203,93.91059112548828
2026-06-22,71.20999908447266,384.5899963378906,297.40325927734375,737.1818237304688,742.546142578125,84.7615966796875,112.69000244140625,94.92281341552734
2026-06-23,67.16999816894531,377.32000732421875,294.55072021484375,712.9071655273438,731.7628784179688,84.8698959350586,111.26000213623047,96.1708984375
2026-06-24,67.25,365.9200134277344,295.9171447753906,709.8803100585938,731.4237060546875,86.03168487548828,106.29000091552734,96.17585754394531
2026-06-25,67.95999908447266,369.4599914550781,298.13134765625,715.63427734375,732.4810791015625,86.00215911865234,109.30999755859375,96.35430908203125
2026-06-26,67.19000244140625,373.6300048828125,299.0489501953125,705.7846069335938,727.1842651367188,86.01200103759766,105.4800033569336,97.82157897949219
2026-06-29,67.43000030517578,368.5799865722656,298.1911926269531,723.3262939453125,739.1644897460938,86.1006088256836,107.08000183105469,97.3060531616211
2026-06-30,68.41000366210938,368.3800048828125,299.6673583984375,735.6334838867188,744.9202270507812,85.08650207519531,106.44000244140625,95.60083770751953
2026-07-01,66.4800033569336,370.6000061035156,298.540283203125,724.4151000976562,743.9127197265625,84.51136779785156,103.2699966430664,95.98748779296875
2026-07-02,65.69999694824219,378.1300048828125,296.8048095703125,711.8582153320312,742.9351806640625,84.5014877319336,103.9800033569336,97.17716217041016
2026-07-06,67.56999969482422,382.1300048828125,298.1213684082031,722.067626953125,749.4190673828125,84.44219207763672,104.3499984741211,96.40386962890625
2026-07-07,65.72000122070312,377.489990234375,295.4184265136719,708.6915283203125,745.85791015625,83.55281066894531,108.91999816894531,97.55390167236328
2026-07-08,66.2300033569336,374.45001220703125,292.71551513671875,710.699462890625,743.5536499023438,83.36505126953125,112.20999908447266,95.96765899658203
2026-07-09,66.77999877929688,378.17999267578125,296.4656982421875,722.5271606445312,749.8480224609375,83.4935073852539,109.01000213623047,96.25516510009766
2026-07-10,66.9000015258789,377.010009765625,295.21893310546875,724.7548217773438,753.0799560546875,83.4737548828125,108.69999694824219,96.48318481445312
2026-07-13,64.5,367.1300048828125,292.71551513671875,710.9990844726562,747.3142700195312,82.97965240478516,117.79000091552734,96.98880767822266
2026-07-14,65.66999816894531,372.1499938964844,293.7428283691406,718.9408569335938,749.9677124023438,83.0883560180664,120.16999816894531,96.73104095458984
2026-07-15,65.56999969482422,372.3500061035156,294.99951171875,716.9928588867188,752.9403076171875,83.24646759033203,121.37999725341797,97.01854705810547
2026-07-16,64.19000244140625,364.9599914550781,294.82000732421875,705.2051391601562,748.8604125976562,83.2168197631836,119.30000305175781,99.20954132080078
2026-07-17,63.290000915527344,368.4100036621094,293.2740478515625,694.606201171875,741.4487915039062,83.52316284179688,123.95999908447266,99.15996551513672
2026-07-20,63.560001373291016,367.6000061035156,291.5485534667969,695.33544921875,740.2518310546875,82.90058898925781,125.51000213623047,98.62461853027344
2026-07-21,65.33999633789062,374.80999755859375,295.7675476074219,708.2319946289062,746.426513671875,82.67330932617188,128.85000610351562,98.66426849365234
2026-07-22,64.98999786376953,379.1199951171875,293.0246887207031,704.61572265625,745.55859375,82.45589447021484,131.67999267578125,98.16856384277344
2026-07-23,64.5999984741211,371.5199890136719,291.3291015625,691.23974609375,736.3515014648438,82.18907928466797,139.49000549316406,97.8414077758789
2026-07-24,63.33000183105469,371.8999938964844,290.4115295410156,683.5177612304688,737.099609375,82.26813507080078,136.69000244140625,99.94317626953125
2026-07-27,63.619998931884766,374.6300048828125,292.14697265625,681.4099731445312,737.25927734375,82.76223754882812,124.76000213623047,99.67549896240234
2026-07-28,62.36000061035156,369.3699951171875,292.60577392578125,674.786865234375,739.0248413085938,83.24646759033203,120.48999786376953,100.08197021484375
2026-07-29,61.06999969482422,371.0799865722656,287.81829833984375,661.0411376953125,727.6531372070312,81.87285614013672,129.30999755859375,99.79447174072266
2026-07-30,63.59000015258789,377.1600036621094,291.82781982421875,682.8384399414062,739.852783203125,81.82344818115234,127.4800033569336,98.63452911376953
2026-07-31,64.08999633789062,371.5400085449219,290.4414367675781,687.2738647460938,745.1796264648438,81.2799301147461,129.1699981689453,98.09916687011719
2026-08-03,64.31999969482422,371.7099914550781,295.4483642578125,699.34130859375,755.793212890625,81.5478286743164,122.12000274658203,98.2181396484375
2026-08-04,66.0,374.1600036621094,300.9240417480469,723.0964965820312,769.4193725585938,82.17289733886719,115.77999877929688,98.06942749023438
2026-08-05,65.72000122070312,389.6400146484375,298.9891052246094,716.5533447265625,767.8831787109375,82.35150146484375,114.87999725341797,98.06942749023438
2026-08-06,65.0199966430664,389.6700134277344,297.47308349609375,713.9061279296875,766.65625,81.875244140625,118.87000274658203,97.1969985961914
2026-08-07,65.63999938964844,398.4700012207031,300.7744445800781,722.2774047851562,771.3446044921875,82.11337280273438,117.9800033569336,97.5836410522461
2026-08-10,65.16999816894531,402.5400085449219,299.1985778808594,720.11962890625,771.1151733398438,81.41883850097656,125.91999816894531,96.27499389648438
2026-08-11,65.43000030517578,400.9599914550781,300.2059326171875,717.7021484375,768.6513061523438,81.5478286743164,127.61000061035156,95.55126953125
2026-08-12,66.45999908447266,404.9200134277344,301.92144775390625,722.9467163085938,770.5764770507812,81.46845245361328,127.30000305175781,96.47327423095703
2026-08-13,66.68000030517578,398.9599914550781,302.7093811035156,731.3079833984375,775.9531860351562,81.94469451904297,125.02999877929688,97.73235321044922
2026-08-14,66.61000061035156,401.4800109863281,304.2952575683594,730.3090209960938,774.4169921875,81.39900207519531,126.5999984741211,97.9802017211914
2026-08-17,67.31999969482422,405.489990234375,303.2679443359375,729.1102294921875,770.7560424804688,80.71438598632812,130.2899932861328,97.13751220703125
2026-08-18,65.33999633789062,398.54998779296875,299.44793701171875,716.7631225585938,765.5490112304688,81.02196502685547,130.66000366210938,96.78060913085938
2026-08-19,66.11000061035156,413.8399963378906,300.93402099609375,715.3345947265625,767.1549682617188,82.371337890625,130.91000366210938,97.76209259033203
2026-08-20,66.62000274658203,415.260009765625,296.89459228515625,710.18994140625,760.7109985351562,81.6966552734375,134.5399932861328,97.75218200683594
2026-08-21,67.12000274658203,423.3599853515625,299.1786193847656,712.6973876953125,763.8232421875,81.40892028808594,134.63999938964844,97.65303802490234
2026-08-24,66.11000061035156,426.69000244140625,297.19378662109375,705.5847778320312,761.5787963867188,81.91493225097656,132.2100067138672,98.24787902832031
2026-08-25,67.25,428.07000732421875,298.4505310058594,709.9801635742188,764.0127563476562,82.81782531738281,126.1500015258789,98.39659118652344
2026-08-26,67.16999816894531,421.32000732421875,298.15130615234375,710.6295166015625,764.182373046875,82.64915466308594,127.3499984741211,97.76209259033203
2026-08-27,67.61000061035156,422.6000061035156,299.02899169921875,720.359375,769.18994140625,82.48047637939453,130.00999450683594,96.81034851074219
2026-08-28,67.13999938964844,408.8900146484375,294.9795837402344,715.6842651367188,767.4442749023438,82.23242950439453,129.6999969482422,96.40386962890625
2026-08-31,67.0199966430664,408.4200134277344,293.164306640625,716.013916015625,765.1499633789062,81.875244140625,133.6999969482422,95.61075592041016
2026-09-01,66.7699966430664,396.75,289.8130798339844,706.9033813476562,759.89306640625,81.54159545898438,141.0,95.47196197509766
2026-09-02,67.1500015258789,402.7799987792969,293.2441101074219,708.501708984375,763.2646484375,81.62126922607422,141.14999389648438,94.95642852783203
2026-09-03,67.47000122070312,410.2200012207031,294.4210510253906,716.9229125976562,771.2548217773438,81.74079132080078,142.08999633789062,95.82886505126953
2026-09-04,68.69999694824219,406.7699890136719,295.2389221191406,718.2116088867188,768.2822265625,81.8802261352539,141.9600067138672,95.1943588256836
2026-09-08,68.83000183105469,399.7200012207031,293.90240478515625,717.6122436523438,764.0626831054688,81.8702621459961,146.02999877929688,95.10514068603516
2026-09-09,68.4800033569336,403.3500061035156,289.8829040527344,715.5643920898438,760.5115356445312,81.40216064453125,149.97000122070312,94.1236572265625
2026-09-10,67.0,396.3599853515625,286.9505615234375,707.9523315429688,755.9528198242188,80.45596313476562,158.3800048828125,93.31070709228516
2026-09-11,67.83999633789062,398.7699890136719,288.1374816894531,714.1358642578125,762.3967895507812,80.54560852050781,154.89999389648438,93.98485565185547
2026-09-14,65.98999786376953,392.8399963378906,287.1600036621094,708.4417724609375,758.9952392578125,80.60536193847656,156.66000366210938,93.5188980102539
2026-09-15,65.76000213623047,394.1499938964844,285.1400146484375,703.8065795898438,755.513916015625,80.38624572753906,161.86000061035156,93.2908706665039
2026-09-16,65.72000122070312,391.739990234375,283.9200134277344,703.9863891601562,752.1821899414062,80.55555725097656,156.1699981689453,92.67620849609375
2026-09-17,66.91000366210938,398.3599853515625,285.42999267578125,716.1737060546875,760.7109985351562,81.45195007324219,155.30999755859375,93.00336456298828
2026-09-18,67.02999877929688,401.1700134277344,284.1000061035156,720.6990356445312,761.6900024414062,80.92407989501953,153.82000732421875,92.11111450195312
2026-09-21,68.83000183105469,398.3800048828125,285.5799865722656,741.469970703125,773.5,81.47187805175781,148.16000366210938,93.00336456298828
2026-09-22,69.0999984741211,400.07000732421875,287.2099914550781,747.4600219726562,773.3800048828125,81.42207336425781,144.0800018310547,92.81500244140625
2026-09-23,67.70999908447266,392.8800048828125,281.9200134277344,741.2100219726562,767.8099975585938,80.13724517822266,148.8300018310547,91.44999694824219
2026-09-24,67.25,391.69000244140625,281.6600036621094,741.0999755859375,767.1799926757812,79.1014175415039,153.08999633789062,91.16999816894531
2026-09-25,67.9800033569336,393.4100036621094,281.9700012207031,744.5,771.3499755859375,79.00182342529297,148.3300018310547,90.98999786376953
2026-09-28,67.19999694824219,377.9100036621094,280.0199890136719,736.530029296875,765.6099853515625,78.30463409423828,150.00999450683594,90.58999633789062
2026-09-29,67.4000015258789,382.8900146484375,279.010009765625,737.9299926757812,764.2000122070312,77.91619873046875,143.35000610351562,90.52999877929688
2026-09-30,66.79000091552734,380.8399963378906,277.8900146484375,739.77001953125,762.6300048828125,77.4679946899414,145.66000366210938,89.62999725341797
2026-10-01,66.80999755859375,382.760009765625,279.0199890136719,742.030029296875,763.989990234375,77.70999908447266,150.02000427246094,89.16999816894531
2026-10-02,67.66999816894531,380.1400146484375,281.5199890136719,749.5800170898438,769.6400146484375,77.4800033569336,147.3699951171875,89.5
2026-10-05,68.7300033569336,379.54998779296875,283.3800048828125,756.2000122070312,774.8300170898438,77.11000061035156,143.99000549316406,89.1500015258789
2026-10-06,68.2699966430664,382.2699890136719,281.3399963378906,759.6599731445312,779.0900268554688,77.27999877929688,144.91000366210938,89.93000030517578
2026-10-07,67.37000274658203,375.8800048828125,277.70001220703125,757.72998046875,777.219970703125,77.1500015258789,143.91000366210938,88.69000244140625
