Date,EEM,GLD,IWM,QQQ,SPY,TLT,USO,VNQ
2015-01-02,30.198081970214844,114.08000183105469,102.54312133789062,94.56116485595703,169.68783569335938,91.93522644042969,159.1199951171875,52.09074783325195
2015-01-05,29.660648345947266,115.80000305175781,101.17218780517578,93.1740493774414,166.62335205078125,93.37940216064453,150.32000732421875,52.3758544921875
2015-01-06,29.536020278930664,117.12000274658203,99.42192840576172,91.92475891113281,165.05389404296875,95.06184387207031,144.39999389648438,52.89534378051758
2015-01-07,30.174715042114258,116.43000030517578,100.64625549316406,93.1097640991211,167.1107177734375,94.87413024902344,146.9600067138672,53.706295013427734
2015-01-08,30.68879508972168,115.94000244140625,102.35343170166016,94.89183044433594,170.07608032226562,93.6176528930664,148.39999389648438,53.90903091430664
2015-01-09,30.58753776550293,117.26000213623047,101.37052154541016,94.26719665527344,168.71319580078125,94.64305877685547,146.24000549316406,53.934383392333984
2015-01-12,30.338298797607422,118.55999755859375,101.03423309326172,93.2843017578125,167.39157104492188,95.18455505371094,139.27999877929688,54.34619140625
2015-01-13,30.603111267089844,118.16000366210938,101.1118392944336,93.25672149658203,166.92068481445312,95.18455505371094,140.9600067138672,54.26383590698242
2015-01-14,30.431764602661133,117.97000122070312,100.70661926269531,92.74231719970703,165.9130096435547,95.90670013427734,146.16000366210938,54.732669830322266
2015-01-15,30.501861572265625,120.94000244140625,99.00804138183594,91.5389404296875,164.39312744140625,97.41575622558594,139.60000610351562,54.85935974121094
2015-01-16,30.758907318115234,122.5199966430664,100.62037658691406,92.61372375488281,166.54901123046875,96.17387390136719,146.63999938964844,55.33452606201172
2015-01-20,30.7121639251709,124.19999694824219,100.1978988647461,93.34864044189453,166.90423583984375,97.45184326171875,139.83999633789062,54.89738082885742
2015-01-21,31.389814376831055,124.2300033569336,99.8788833618164,93.82628631591797,167.74671936035156,96.32550048828125,142.16000366210938,54.85935974121094
2015-01-22,31.989574432373047,125.2300033569336,101.91370391845703,95.56240844726562,170.2412872314453,95.97889709472656,139.27999877929688,55.835044860839844
2015-01-23,31.74810791015625,124.2300033569336,101.84473419189453,95.7737045288086,169.30789184570312,97.31472778320312,136.0,55.676666259765625
2015-01-26,31.763689041137695,122.98999786376953,102.82766723632812,95.6634750366211,169.70437622070312,97.01866912841797,134.9600067138672,56.14548873901367
2015-01-27,31.59231948852539,124.4000015258789,102.33618927001953,93.18323516845703,167.46592712402344,97.17033386230469,137.67999267578125,56.16448211669922
2015-01-28,31.249605178833008,123.41999816894531,100.6117935180664,92.70558166503906,165.31829833984375,98.75894927978516,132.47999572753906,55.79067611694336
2015-01-29,31.249605178833008,120.76000213623047,101.99993896484375,93.59661865234375,166.84632873535156,98.10900115966797,133.44000244140625,55.98710632324219
2015-01-30,30.3928165435791,123.44999694824219,99.75819396972656,92.87092590332031,164.74830627441406,99.84928131103516,142.55999755859375,54.83403396606445
2015-02-02,30.93804359436035,122.41999816894531,100.672119140625,93.67929077148438,166.7885284423828,99.47224426269531,148.9600067138672,54.688297271728516
2015-02-03,31.5222225189209,121.05000305175781,102.47413635253906,94.57952880859375,169.20046997070312,97.36679077148438,156.9600067138672,55.163475036621094
2015-02-04,31.366437911987305,121.58000183105469,102.09478759765625,94.496826171875,168.55618286132812,97.53318786621094,146.24000549316406,54.93539810180664
2015-02-05,31.553380966186523,121.79000091552734,103.41398620605469,95.31439971923828,170.2577667236328,96.46233367919922,152.24000549316406,55.59429931640625
2015-02-06,31.015932083129883,118.63999938964844,103.30186462402344,94.73568725585938,169.7869873046875,94.75480651855469,155.75999450683594,53.97874069213867
2015-02-09,30.969200134277344,119.16999816894531,102.48279571533203,94.43253326416016,169.0270538330078,94.60285186767578,158.16000366210938,53.598602294921875
2015-02-10,30.891313552856445,118.47000122070312,103.1380844116211,95.90231323242188,170.8277587890625,93.850341796875,151.52000427246094,53.769657135009766
2015-02-11,30.665420532226562,117.06999969482422,102.99150848388672,96.25137329101562,170.92686462402344,94.0240249633789,148.0800018310547,53.61126708984375
2015-02-12,31.31971549987793,117.33999633789062,104.16407012939453,97.3720474243164,172.5706329345703,93.7128677368164,153.44000244140625,54.251163482666016
2015-02-13,31.678001403808594,117.9800033569336,104.78489685058594,98.20799255371094,173.28102111816406,92.75064086914062,156.9600067138672,53.89002227783203
2015-02-17,31.607900619506836,116.01000213623047,105.11251831054688,98.29985809326172,173.55357360839844,91.35411834716797,158.32000732421875,53.75698471069336
2015-02-18,31.600109100341797,116.33999633789062,105.22459411621094,98.43763732910156,173.57009887695312,91.89680480957031,154.0800018310547,54.25749588012695
2015-02-19,31.467702865600586,115.94000244140625,105.23324584960938,98.92450714111328,173.4462127685547,91.2890396118164,152.8000030517578,53.09175491333008
2015-02-20,31.678001403808594,115.27999877929688,105.51775360107422,99.58592987060547,174.4869842529297,91.55674743652344,149.1999969482422,53.60491943359375
2015-02-23,31.358654022216797,115.43000030517578,105.62120056152344,99.68696594238281,174.46217346191406,92.60586547851562,144.8800048828125,54.03575897216797
2015-02-24,31.810420989990234,115.26000213623047,105.75920104980469,99.76043701171875,174.9578094482422,93.82138061523438,144.32000732421875,52.97138977050781
2015-02-25,31.74810791015625,115.69999694824219,105.87993621826172,99.51243591308594,174.8091278076172,94.22657775878906,149.1999969482422,52.98405456542969
2015-02-26,31.755895614624023,116.06999969482422,106.26789855957031,100.01766967773438,174.6025848388672,92.93869018554688,144.24000549316406,52.407501220703125
2015-02-27,31.732521057128906,116.16000366210938,105.69020080566406,99.57673645019531,174.00787353515625,93.72010040283203,144.8000030517578,52.81932830810547
2015-03-02,31.6857967376709,115.68000030517578,106.45758056640625,100.4769515991211,175.10647583007812,91.97444915771484,146.55999755859375,53.1234245300293
2015-03-03,31.444332122802734,115.47000122070312,105.82817840576172,100.00846862792969,174.38784790039062,91.64097595214844,147.9199981689453,53.02208709716797
2015-03-04,31.10161590576172,115.11000061035156,105.50052642822266,99.62264251708984,173.65269470214844,91.66993713378906,152.0800018310547,52.51523208618164
2015-03-05,31.054887771606445,115.0,105.81090545654297,99.79720306396484,173.8427276611328,91.55390167236328,149.67999267578125,52.667274475097656
2015-03-06,30.579744338989258,111.86000061035156,104.47450256347656,98.66726684570312,171.39773559570312,89.53137969970703,145.9199981689453,50.91865158081055
2015-03-09,30.462913513183594,111.97000122070312,104.93145751953125,98.95207214355469,172.10806274414062,90.35777282714844,146.8000030517578,51.32414627075195
2015-03-10,29.785266876220703,111.41999816894531,103.72437286376953,97.11485290527344,169.31614685058594,91.54672241210938,143.27999877929688,51.286128997802734
2015-03-11,30.01114845275879,110.75,104.36239624023438,96.55451965332031,168.919677734375,92.21367645263672,142.16000366210938,51.330474853515625
2015-03-12,30.198081970214844,110.72000122070312,106.095458984375,97.18836212158203,171.06729125976562,92.1484146118164,139.52000427246094,52.22378921508789
2015-03-13,29.83200454711914,110.87999725341797,105.71604919433594,96.76578521728516,170.0182342529297,91.8656997680664,134.39999389648438,52.192100524902344
2015-03-16,30.190298080444336,110.80999755859375,106.33687591552734,98.01510620117188,172.28973388671875,92.75012969970703,130.8000030517578,52.73062515258789
2015-03-17,30.540803909301758,110.20999908447266,106.62141418457031,98.1712875366211,171.77761840820312,93.51856994628906,127.68000030517578,52.71162033081055
2015-03-18,31.288555145263672,112.37000274658203,107.47500610351562,99.13579559326172,173.8427276611328,95.3237075805664,134.0800018310547,53.81401062011719
2015-03-19,30.758907318115234,112.29000091552734,107.68191528320312,99.28276824951172,173.0497589111328,94.83800506591797,128.63999938964844,53.788658142089844
2015-03-20,31.218456268310547,113.56999969482422,108.63037109375,99.9254150390625,174.5772247314453,95.33821868896484,131.44000244140625,55.13813400268555
2015-03-23,31.311918258666992,114.29000091552734,108.53548431396484,99.73210906982422,174.23704528808594,95.22225952148438,134.24000549316406,55.06844711303711
2015-03-24,31.436540603637695,114.56999969482422,108.5096435546875,99.37301635742188,173.2579803466797,96.14289093017578,134.32000732421875,54.599613189697266
2015-03-25,30.93804359436035,114.7300033569336,105.91768646240234,97.09881591796875,170.7190704345703,95.33097076416016,138.8800048828125,53.65763473510742
2015-03-26,30.649852752685547,115.4800033569336,105.7879867553711,96.76739501953125,170.3125457763672,93.84486389160156,145.67999267578125,53.377193450927734
2015-03-27,30.73552894592285,115.05999755859375,106.46256256103516,97.15406799316406,170.70252990722656,95.01197052001953,137.1199951171875,53.447296142578125
2015-03-30,31.327497482299805,113.75,107.9068603515625,98.26815032958984,172.78504943847656,94.54077911376953,137.83999633789062,54.21210479736328
2015-03-31,31.257400512695312,113.66000366210938,107.56092834472656,97.22772979736328,171.27503967285156,94.74375915527344,134.72000122070312,53.734107971191406
2015-04-01,31.6468448638916,115.5999984741211,107.6041259765625,96.72134399414062,170.66929626464844,95.98823547363281,140.63999938964844,53.65763473510742
2015-04-02,32.12198257446289,115.27999877929688,107.80308532714844,96.78582000732422,171.2832794189453,94.9711685180664,140.47999572753906,54.06553268432617
2015-04-06,32.53480529785156,116.69000244140625,108.27873992919922,97.5776138305664,172.4365997314453,94.44080352783203,147.44000244140625,54.626365661621094
2015-04-07,32.37123107910156,116.11000061035156,107.58686065673828,97.41187286376953,171.98020935058594,95.23263549804688,152.47999572753906,53.66399002075195
2015-04-08,33.04887390136719,115.47000122070312,108.51224517822266,98.1852798461914,172.56103515625,95.26175689697266,144.55999755859375,53.74684524536133
2015-04-09,33.376014709472656,114.66999816894531,108.12306213378906,98.80216979980469,173.32435607910156,94.02672576904297,144.24000549316406,52.63151550292969
2015-04-10,33.39938735961914,115.97000122070312,108.64196014404297,99.2072982788086,174.27024841308594,94.16475677490234,147.27999877929688,52.593265533447266
2015-04-13,33.20466232299805,115.13999938964844,108.71115112304688,98.95867919921875,173.4819793701172,94.2955322265625,148.0,52.45305633544922
2015-04-14,33.35265350341797,114.44000244140625,108.68521118164062,98.67327117919922,173.8138885498047,94.96385192871094,150.55999755859375,52.63786315917969
2015-04-15,33.5863151550293,115.43000030517578,109.4462890625,99.2901611328125,174.59378051757812,94.8839340209961,157.67999267578125,52.24272537231445
2015-04-16,33.85113525390625,115.02999877929688,109.38574981689453,99.15203857421875,174.5439910888672,94.41178131103516,159.52000427246094,52.37657165527344
2015-04-17,33.25918197631836,115.5999984741211,107.61280059814453,97.60527801513672,172.53610229492188,95.49417877197266,158.72000122070312,52.13438415527344
2015-04-20,33.228023529052734,114.72000122070312,108.66792297363281,99.06917572021484,174.11257934570312,94.65148162841797,159.1199951171875,52.21085739135742
2015-04-21,33.42276382446289,115.37999725341797,108.55546569824219,99.49268341064453,173.9050750732422,94.22288513183594,155.60000610351562,52.30009460449219
2015-04-22,33.78104019165039,113.83000183105469,108.71980285644531,100.03593444824219,174.7597198486328,92.78450775146484,154.8800048828125,52.408424377441406
2015-04-23,34.030296325683594,114.66000366210938,109.21277618408203,100.41340637207031,175.19949340820312,93.18404388427734,158.0800018310547,52.548641204833984
2015-04-24,34.15492630004883,113.05000305175781,108.84954071044922,101.7761001586914,175.60601806640625,93.76519775390625,157.36000061035156,52.65700912475586
2015-04-27,34.28733444213867,115.33000183105469,107.64739990234375,101.51827239990234,174.87586975097656,93.76519775390625,156.16000366210938,52.586883544921875
2015-04-28,34.34186553955078,116.33000183105469,108.24412536621094,101.31572723388672,175.4318389892578,92.47209930419922,156.8000030517578,52.48491668701172
2015-04-29,33.91345977783203,115.51000213623047,107.06794738769531,100.68042755126953,174.7100067138672,91.33879089355469,160.9600067138672,51.42694091796875
2015-04-30,33.39938735961914,113.47000122070312,104.80205535888672,99.09678649902344,172.95925903320312,91.49858856201172,164.0800018310547,50.5920295715332
2015-05-01,33.60188674926758,113.08000183105469,105.48526763916016,100.4041976928711,174.8343963623047,90.26693725585938,163.1999969482422,50.97443389892578
2015-05-04,33.7966194152832,114.0999984741211,105.86580657958984,100.56996154785156,175.332275390625,89.41519927978516,162.24000549316406,51.025394439697266
2015-05-05,33.43053436279297,114.41999816894531,104.51667785644531,98.93104553222656,173.32435607910156,89.29144287109375,166.0800018310547,49.916439056396484
2015-05-06,33.01771545410156,114.36000061035156,104.87987518310547,98.24971008300781,172.61082458496094,87.76273345947266,166.55999755859375,49.82082748413086
2015-05-07,32.97098159790039,113.41999816894531,105.27771759033203,98.83897399902344,173.2994842529297,88.9420166015625,161.60000610351562,50.58565902709961
2015-05-08,33.39158248901367,113.97000122070312,106.0647201538086,100.07273864746094,175.58111572265625,89.1822738647461,163.36000061035156,51.29309844970703
2015-05-11,33.07223892211914,113.52999877929688,106.12525177001953,99.68605041503906,174.7431182861328,87.01296997070312,163.0399932861328,50.52190399169922
2015-05-12,32.963199615478516,114.5,105.93500518798828,99.2348861694336,174.22039794921875,87.23858642578125,165.9199981689453,50.674869537353516
2015-05-13,33.0255126953125,116.55000305175781,105.93500518798828,99.43746185302734,174.25364685058594,86.53978729248047,164.8800048828125,50.19050216674805
2015-05-14,33.35265350341797,117.18000030517578,107.05929565429688,100.8921890258789,176.07066345214844,86.77269744873047,164.24000549316406,51.159244537353516
2015-05-15,33.60969543457031,117.52999877929688,106.9382095336914,100.8921890258789,176.26148986816406,88.5125503540039,164.16000366210938,51.68187713623047
2015-05-18,33.2669677734375,117.5199966430664,108.14900970458984,101.33411407470703,176.80909729003906,87.02750396728516,163.52000427246094,51.54801559448242
2015-05-19,33.32148742675781,115.88999938964844,108.00199890136719,101.2236328125,176.75106811523438,86.25584411621094,157.0399932861328,51.36956787109375
2015-05-20,33.298133850097656,116.08000183105469,108.20091247558594,101.28807067871094,176.62655639648438,86.40144348144531,158.72000122070312,51.32495880126953
2015-05-21,33.1812858581543,115.69000244140625,108.07982635498047,101.81289672851562,177.1409912109375,87.6098403930664,164.0,51.0827751159668
2015-05-22,33.29033279418945,115.5999984741211,107.61280059814453,101.71165466308594,176.71783447265625,87.64627838134766,162.0,51.01903533935547
2015-05-26,32.760684967041016,113.91000366210938,106.58362579345703,100.54232025146484,174.81781005859375,89.14585876464844,157.52000427246094,50.63025665283203
2015-05-27,32.76846694946289,113.88999938964844,107.8895492553711,102.16275787353516,176.47720336914062,89.34967041015625,155.83999633789062,51.127376556396484
2015-05-28,32.34008026123047,114.0199966430664,107.79442596435547,101.93257904052734,176.27810668945312,89.13130950927734,156.47999572753906,51.025394439697266
2015-05-29,32.02851867675781,114.0999984741211,107.14579772949219,101.3249282836914,175.18287658691406,89.32782745361328,162.47999572753906,50.439064025878906
2015-06-01,31.90389060974121,114.0,107.48307800292969,101.66559600830078,175.53964233398438,88.36778259277344,162.8800048828125,51.05727767944336
2015-06-02,32.02851867675781,114.45999908447266,107.69061279296875,101.34333038330078,175.3654327392578,87.13494110107422,165.44000244140625,50.58565902709961
2015-06-03,31.86495018005371,113.63999938964844,108.76305389404297,101.64717864990234,175.83006286621094,85.73419952392578,161.36000061035156,49.85908508300781
2015-06-04,31.382020950317383,112.83999633789062,107.67334747314453,100.87376403808594,174.34490966796875,86.85035705566406,157.27999877929688,49.76347732543945
2015-06-05,31.241819381713867,112.23999786376953,108.45169830322266,100.6343765258789,174.0462188720703,85.79253387451172,159.1999969482422,49.20899200439453
2015-06-08,31.234027862548828,112.56999969482422,107.95011138916016,99.61239624023438,172.9759063720703,85.69774627685547,157.67999267578125,49.1197624206543
2015-06-09,31.04708480834961,112.81999969482422,107.62144470214844,99.44664764404297,172.95101928710938,85.01922607421875,161.67999267578125,48.76284408569336
2015-06-10,31.498859405517578,113.77999877929688,108.96196746826172,100.80931854248047,175.0252227783203,84.27516174316406,165.1199951171875,49.107017517089844
2015-06-11,31.34307289123535,113.26000213623047,109.23870086669922,100.95667266845703,175.5894775390625,86.0478744506836,163.9199981689453,49.40656280517578
2015-06-12,31.34307289123535,113.2300033569336,108.91009521484375,100.12798309326172,174.24530029296875,86.0478744506836,162.16000366210938,49.36194610595703
2015-06-15,30.992563247680664,113.7300033569336,108.56409454345703,99.63079833984375,173.49859619140625,86.18651580810547,161.1999969482422,49.094268798828125
2015-06-16,31.000349044799805,113.31999969482422,109.3338623046875,100.17405700683594,174.4444122314453,86.864990234375,162.0800018310547,49.48942184448242
2015-06-17,31.18729591369629,113.8499984741211,109.16952514648438,100.45022583007812,174.7265167236328,86.19380187988281,161.67999267578125,49.91007614135742
2015-06-18,31.47548484802246,115.31999969482422,110.63109588623047,101.91417694091797,176.5435791015625,85.7706298828125,162.8800048828125,50.59839630126953
2015-06-19,31.20287322998047,115.12000274658203,110.57921600341797,101.41033935546875,175.75985717773438,86.87223815917969,160.16000366210938,50.20962142944336
2015-06-22,31.654645919799805,113.63999938964844,111.34028625488281,102.15782165527344,176.6603240966797,85.0994873046875,161.27999877929688,49.69336700439453
2015-06-23,31.966203689575195,112.88999938964844,111.57380676269531,102.24085998535156,176.78536987304688,84.58883666992188,163.75999450683594,49.27910232543945
2015-06-24,31.740318298339844,112.58999633789062,110.63109588623047,101.71485900878906,175.5013885498047,85.31838989257812,161.67999267578125,49.01142501831055
2015-06-25,31.631244659423828,112.44000244140625,110.57059478759766,101.5118408203125,174.96780395507812,85.01922607421875,159.83999633789062,48.5142936706543
2015-06-26,31.33306312561035,112.55999755859375,110.26789093017578,100.8381576538086,174.9344940185547,84.06356048583984,159.83999633789062,48.86323928833008
2015-06-29,30.634681701660156,113.06999969482422,107.48307800292969,98.45724487304688,171.2660675048828,86.28863525390625,156.0800018310547,48.10354995727539
2015-06-30,31.08979606628418,112.37000274658203,107.98467254638672,98.80793762207031,171.6245574951172,85.69042205810547,159.0399932861328,48.0842399597168
2015-07-01,31.066259384155273,111.9800033569336,108.30467224121094,99.5923080444336,173.00018310546875,84.53372192382812,152.8000030517578,48.876094818115234
2015-07-02,31.21535301208496,111.76000213623047,107.5047607421875,99.62001037597656,172.84182739257812,84.81159210205078,151.44000244140625,48.9984245300293
2015-07-06,30.344324111938477,112.05999755859375,107.47002410888672,99.3893051147461,172.34986877441406,86.38353729248047,141.83999633789062,49.30743408203125
2015-07-07,29.889211654663086,110.76000213623047,107.59159851074219,99.63848876953125,173.43374633789062,87.19509887695312,142.0800018310547,50.0799674987793
2015-07-08,28.861251831054688,111.08999633789062,105.95012664794922,97.90354919433594,170.5240020751953,87.9481430053711,139.0399932861328,49.8868522644043
2015-07-09,29.418394088745117,111.36000061035156,106.332275390625,97.84817504882812,170.83250427246094,86.21534729003906,141.67999267578125,49.64863586425781
2015-07-10,30.16385269165039,111.48999786376953,107.80876922607422,99.3431625366211,172.9835205078125,84.84815979003906,141.36000061035156,50.06064987182617
2015-07-13,30.367881774902344,110.98999786376953,109.02465057373047,101.08734130859375,174.89276123046875,84.58495330810547,140.0800018310547,50.13147735595703
2015-07-14,30.422805786132812,110.73999786376953,109.63264465332031,101.75177001953125,175.65150451660156,84.86278533935547,141.75999450683594,50.23448181152344
2015-07-15,30.077545166015625,110.16000366210938,109.05074310302734,101.86249542236328,175.59317016601562,85.76206970214844,137.83999633789062,50.318180084228516
2015-07-16,30.454200744628906,109.76000213623047,109.70210266113281,103.30210876464844,177.00213623046875,86.35428619384766,136.39999389648438,50.7237663269043
2015-07-17,30.414955139160156,108.6500015258789,109.22444152832031,104.82477569580078,177.15223693847656,86.80029296875,135.9199981689453,50.54350280761719
2015-07-20,30.218780517578125,105.69999694824219,108.63385772705078,105.18470001220703,177.2439422607422,86.43470764160156,133.52000427246094,50.601436614990234
2015-07-21,30.226634979248047,105.37000274658203,108.12142944335938,105.12012481689453,176.5435791015625,86.90264892578125,135.27999877929688,50.459808349609375
2015-07-22,29.795047760009766,104.80000305175781,108.52093505859375,103.92967224121094,176.2267608642578,87.44364929199219,130.72000122070312,50.678688049316406
2015-07-23,29.50471305847168,104.33000183105469,107.32239532470703,103.54206848144531,175.23458862304688,88.53308868408203,129.1199951171875,50.04779052734375
2015-07-24,29.080968856811523,105.3499984741211,105.59403228759766,102.52693176269531,173.41712951660156,88.75240325927734,128.24000549316406,50.260231018066406
2015-07-27,28.53167724609375,104.86000061035156,104.71685791015625,101.67793273925781,172.4082794189453,89.22764587402344,125.19999694824219,50.350345611572266
2015-07-28,28.82201385498047,105.0199966430664,105.6114273071289,102.55463409423828,174.5259552001953,88.57694244384766,126.80000305175781,50.38254928588867
2015-07-29,29.104516983032227,105.16999816894531,105.90670013427734,102.94221496582031,175.7265167236328,88.2479248046875,129.9199981689453,50.710872650146484
2015-07-30,28.814176559448242,104.2699966430664,106.21070861816406,103.43132781982422,175.7682647705078,88.92786407470703,128.8000030517578,50.459808349609375
2015-07-31,29.128049850463867,104.93000030517578,106.79261016845703,103.31136322021484,175.5013885498047,89.58588409423828,124.72000122070312,50.85896301269531
2015-08-03,28.64154052734375,104.0999984741211,106.26280212402344,102.98834991455078,174.9094696044922,90.52896118164062,120.80000305175781,51.17442321777344
2015-08-04,28.743547439575195,104.30999755859375,106.01094818115234,102.79457092285156,174.56765747070312,89.81085968017578,121.76000213623047,50.80101013183594
2015-08-05,28.75140380859375,103.93000030517578,106.25407409667969,103.58819580078125,175.14291381835938,89.1367416381836,120.23999786376953,50.46625518798828
2015-08-06,28.500295639038086,104.38999938964844,104.82107543945312,101.92711639404297,173.70887756347656,89.92811584472656,118.95999908447266,50.53706741333008
2015-08-07,28.484600067138672,104.6500015258789,104.11756896972656,101.79792022705078,173.3753662109375,91.10779571533203,116.4800033569336,50.7237663269043
2015-08-10,28.9632568359375,105.72000122070312,105.31609344482422,102.9606704711914,175.55979919433594,89.97940063476562,119.12000274658203,50.56281280517578
2015-08-11,28.32765769958496,106.26000213623047,104.4128646850586,101.64102172851562,173.97567749023438,91.4081802368164,115.91999816894531,50.897579193115234
2015-08-12,27.888229370117188,107.75,104.21310424804688,101.99170684814453,174.18414306640625,90.90995025634766,115.5199966430664,51.05853271484375
2015-08-13,27.84113883972168,106.86000061035156,103.86566162109375,101.82557678222656,173.96734619140625,90.61685943603516,112.72000122070312,51.11647033691406
2015-08-14,27.880380630493164,106.8499984741211,104.53445434570312,101.98246002197266,174.60101318359375,90.82935333251953,111.91999816894531,51.39329528808594
2015-08-17,27.574342727661133,107.12999725341797,105.63748168945312,102.83148193359375,175.57643127441406,91.23966979980469,111.12000274658203,51.83107376098633
2015-08-18,27.276159286499023,107.11000061035156,104.79501342773438,102.30546569824219,175.06790161132812,90.5216293334961,112.4000015258789,51.97269058227539
2015-08-19,26.938743591308594,108.55000305175781,103.7093734741211,101.63180541992188,173.68385314941406,91.41553497314453,107.44000244140625,51.6636848449707
2015-08-20,26.514999389648438,110.44000244140625,101.08646392822266,98.81718444824219,170.05711364746094,92.3387451171875,106.95999908447266,51.28384780883789
2015-08-21,25.698915481567383,111.12999725341797,99.90526580810547,94.49829864501953,164.93797302246094,92.61720275878906,105.83999633789062,50.33106231689453
2015-08-24,24.576793670654297,110.52999877929688,96.00564575195312,90.86234283447266,157.99295043945312,92.58793640136719,99.91999816894531,47.97480392456055
2015-08-25,24.890670776367188,109.16000366210938,95.26741027832031,90.52085876464844,156.1337127685547,91.10042572021484,101.83999633789062,46.6550407409668
2015-08-26,25.71460723876953,107.66999816894531,97.69058227539062,95.07966613769531,162.12832641601562,89.34190368652344,102.16000366210938,47.91685485839844
2015-08-27,26.8524227142334,107.7300033569336,99.436279296875,97.48826599121094,166.13861083984375,89.3932113647461,111.5999984741211,48.843910217285156
2015-08-28,26.507156372070312,108.69999694824219,100.41766357421875,97.46977996826172,166.1468963623047,89.65701293945312,119.04000091552734,48.77308654785156
2015-08-31,26.554235458374023,108.81999969482422,100.05292510986328,96.26087188720703,164.80462646484375,88.96821594238281,127.12000274658203,47.65935516357422
2015-09-01,25.526277542114258,109.19999694824219,97.18682861328125,93.25247192382812,159.88555908203125,89.60928344726562,118.4800033569336,46.751617431640625
2015-09-02,25.89508628845215,108.62000274658203,98.93252563476562,95.88253784179688,162.92034912109375,88.83824157714844,120.72000122070312,47.23444747924805
2015-09-03,25.997102737426758,107.83999633789062,98.7762222290039,95.41190338134766,163.0370635986328,89.271484375,122.72000122070312,47.36320495605469
2015-09-04,25.22024917602539,107.48999786376953,98.029296875,94.27680969238281,160.56924438476562,90.08659362792969,120.63999938964844,46.48121643066406
2015-09-08,26.02064323425293,107.5199966430664,100.27006530761719,96.9345932006836,164.60447692871094,88.75745391845703,120.16000366210938,47.18293762207031
2015-09-09,25.887243270874023,106.12999725341797,99.11492156982422,95.84561920166016,162.40342712402344,89.18336486816406,116.08000183105469,46.64216232299805
2015-09-10,26.154041290283203,106.37999725341797,99.56655883789062,96.8884048461914,163.28717041015625,88.58121490478516,119.44000244140625,46.74516677856445
2015-09-11,26.25605010986328,106.16000366210938,100.03555297851562,97.4236831665039,164.0292510986328,89.1393051147461,117.19999694824219,47.640037536621094
2015-09-14,26.216812133789062,106.22000122070312,99.57521057128906,97.12834167480469,163.42054748535156,89.27884674072266,115.12000274658203,47.6657829284668
2015-09-15,26.467914581298828,105.9000015258789,100.69564056396484,98.27268981933594,165.4632110595703,87.56784057617188,116.55999755859375,48.1357421875
2015-09-16,27.111377716064453,107.30999755859375,101.56412506103516,98.82638549804688,166.89723205566406,87.23738098144531,122.87999725341797,48.65077209472656
2015-09-17,27.048599243164062,108.41000366210938,101.91152954101562,98.86328887939453,166.52206420898438,88.30217742919922,121.83999633789062,49.20442581176758
2015-09-18,26.546390533447266,109.20999908447266,100.50453186035156,97.45719909667969,163.80088806152344,89.66070556640625,116.95999908447266,49.1207389831543
2015-09-21,26.499305725097656,108.52999877929688,100.32213592529297,97.76248168945312,164.6473388671875,88.19939422607422,120.4000015258789,49.539188385009766
2015-09-22,26.004947662353516,107.79000091552734,98.80226135253906,96.30083465576172,162.51022338867188,89.42569732666016,119.36000061035156,48.91473388671875
2015-09-23,25.58905792236328,108.22000122070312,98.50697326660156,96.37483978271484,162.25045776367188,89.4183578491211,115.5199966430664,49.22163391113281
2015-09-24,25.479198455810547,110.48999786376953,98.3419418334961,96.0233154296875,161.6637420654297,90.0278549194336,116.72000122070312,48.75996780395508
2015-09-25,25.42426872253418,109.80999755859375,97.04761505126953,95.209228515625,161.62191772460938,89.24944305419922,117.76000213623047,48.95504379272461
2015-09-28,24.88282585144043,108.41999816894531,94.33007049560547,92.49873352050781,157.5656280517578,90.77684020996094,115.04000091552734,48.19427490234375
2015-09-29,25.000534057617188,107.9800033569336,93.659423828125,92.01770782470703,157.6578369140625,91.03385162353516,116.87999725341797,48.70795440673828
2015-09-30,25.722457885742188,106.86000061035156,95.1139907836914,94.13615417480469,160.59945678710938,90.71812438964844,117.44000244140625,49.11760330200195
2015-10-01,25.863698959350586,106.7300033569336,94.9485092163086,94.56168365478516,161.01846313476562,91.10513305664062,116.63999938964844,49.358184814453125
2015-10-02,26.554235458374023,108.98999786376953,96.35953521728516,96.21755981445312,163.42373657226562,91.65705871582031,118.16000366210938,49.715797424316406
2015-10-05,27.1270694732666,108.7699966430664,98.65897369384766,97.595947265625,166.33180236816406,90.41349792480469,120.0,50.554588317871094
2015-10-06,27.079986572265625,109.86000061035156,97.97958374023438,97.1333999633789,165.76197814941406,90.8034439086914,125.91999816894531,50.437530517578125
2015-10-07,27.801908493041992,109.69999694824219,99.71293640136719,97.71619415283203,167.1195831298828,90.50172424316406,124.55999755859375,51.01622009277344
2015-10-08,28.10009002685547,109.13999938964844,100.61002349853516,98.10472106933594,168.62815856933594,89.74388885498047,128.32000732421875,51.44539260864258
2015-10-09,28.202106475830078,110.87000274658203,100.81038665771484,98.54877471923828,168.7287139892578,89.97931671142578,127.91999816894531,51.360836029052734
2015-10-12,27.990232467651367,111.30999755859375,100.66230773925781,98.7892837524414,168.8878936767578,90.6636734008789,122.4800033569336,51.7249755859375
2015-10-13,27.535118103027344,111.86000061035156,99.28609466552734,98.15098571777344,167.8236083984375,90.81817626953125,120.4800033569336,51.321842193603516
2015-10-14,27.74698829650879,113.80999755859375,98.31060791015625,97.99373626708984,167.01904296875,91.61286163330078,120.4000015258789,50.938201904296875
2015-10-15,28.421825408935547,113.29000091552734,100.66230773925781,99.60333251953125,169.5835723876953,91.16399383544922,121.04000091552734,51.63393783569336
2015-10-16,28.445371627807617,112.48999786376953,100.53165435791016,100.01963806152344,170.35464477539062,91.19346618652344,121.76000213623047,52.02409362792969
2015-10-19,28.155027389526367,112.0199966430664,100.72328186035156,100.59320831298828,170.43838500976562,90.9432144165039,118.63999938964844,52.7523307800293
2015-10-20,28.147174835205078,112.7300033569336,100.58391571044922,100.07514953613281,170.2205352783203,90.38406372070312,117.83999633789062,52.732818603515625
2015-10-21,27.7391357421875,111.7300033569336,99.05094909667969,99.46459197998047,169.16455078125,91.28173065185547,115.44000244140625,52.537750244140625
2015-10-22,28.31196403503418,111.69000244140625,99.92195129394531,101.49051666259766,172.0223388671875,91.4363021850586,116.08000183105469,52.99939727783203
2015-10-23,28.476757049560547,111.5,100.90618133544922,104.33052825927734,173.90798950195312,90.6562728881836,114.16000366210938,52.48573684692383
2015-10-26,28.21780014038086,111.43000030517578,100.21810150146484,104.39527893066406,173.4806365966797,91.25969696044922,112.08000183105469,52.47273635864258
2015-10-27,27.896072387695312,111.68000030517578,99.12062072753906,104.6080551147461,173.1453399658203,91.48776245117188,110.55999755859375,52.45323181152344
2015-10-28,27.574342727661133,110.77999877929688,102.01234436035156,105.47763061523438,175.11485290527344,91.119873046875,117.5199966430664,52.49872970581055
2015-10-29,27.315397262573242,109.72000122070312,100.9236068725586,105.31110382080078,175.01425170898438,89.67024993896484,117.04000091552734,52.427188873291016
2015-10-30,27.36247444152832,109.30000305175781,100.46196746826172,104.83934020996094,174.2599639892578,90.34725189208984,118.4800033569336,51.94605255126953
2015-11-02,27.903921127319336,108.58999633789062,102.5523910522461,106.02342224121094,176.3216094970703,89.93201446533203,118.0,53.051429748535156
2015-11-03,28.27272605895996,106.9800033569336,103.08373260498047,106.3934555053711,176.83287048339844,89.19459533691406,122.23999786376953,52.51823806762695
2015-11-04,28.045167922973633,105.97000122070312,103.03146362304688,106.40269470214844,176.29649353027344,89.29784393310547,118.80000305175781,52.28416061401367
2015-11-05,28.092254638671875,105.63999938964844,103.10984802246094,106.11591339111328,176.12051391601562,89.0618896484375,115.83999633789062,52.49223709106445
2015-11-06,27.699892044067383,104.0999984741211,103.84146881103516,106.18993377685547,176.0283203125,87.7565689086914,113.83999633789062,50.86019515991211
2015-11-09,27.009363174438477,104.4000015258789,102.62206268310547,105.06132507324219,174.38571166992188,87.26251220703125,112.63999938964844,49.988887786865234
2015-11-10,26.89165496826172,104.18000030517578,102.92694091796875,104.79303741455078,174.78797912597656,87.52057647705078,112.72000122070312,50.56106948852539
2015-11-11,26.946590423583984,103.83000183105469,102.02977752685547,104.66353607177734,174.1007843017578,87.33623504638672,110.08000183105469,50.61958694458008
2015-11-12,26.687631607055664,103.8499984741211,100.07874298095703,103.64595794677734,171.67034912109375,87.7565689086914,106.80000305175781,50.27499008178711
2015-11-13,26.31882667541504,103.55999755859375,99.35577392578125,101.61080932617188,169.74278259277344,88.25801849365234,104.4800033569336,49.70278549194336
2015-11-16,26.828882217407227,103.70999908447266,100.20939636230469,103.07243347167969,172.3240203857422,88.17689514160156,107.12000274658203,50.27499008178711
2015-11-17,26.750408172607422,102.33999633789062,99.8261489868164,103.13716125488281,172.1983184814453,88.32442474365234,104.08000183105469,50.27499008178711
2015-11-18,27.040748596191406,102.43000030517578,101.51589965820312,105.1168441772461,174.930419921875,88.5087890625,104.4000015258789,50.71714401245117
2015-11-19,27.28400993347168,103.55999755859375,101.08910369873047,105.19085693359375,174.77957153320312,89.0987319946289,103.68000030517578,50.873191833496094
2015-11-20,27.558650970458984,103.08999633789062,101.74235534667969,105.90315246582031,175.4165496826172,88.82588195800781,103.44000244140625,51.510398864746094
2015-11-23,27.299705505371094,102.26000213623047,102.24754333496094,105.59786224365234,175.2154083251953,89.0987319946289,104.16000366210938,51.62094497680664
2015-11-24,27.440956115722656,102.94000244140625,102.99662017822266,105.50537872314453,175.45005798339844,89.09133911132812,106.55999755859375,51.347843170166016
2015-11-25,27.229082107543945,102.45999908447266,103.79792785644531,105.59786224365234,175.4248809814453,89.29784393310547,107.12000274658203,51.555912017822266
2015-11-27,26.632707595825195,101.25,104.18990325927734,105.74588775634766,175.6260223388672,89.20932006835938,104.23999786376953,52.00457000732422
2015-11-30,26.671945571899414,101.91999816894531,103.7369613647461,105.47763061523438,174.8968963623047,89.56330871582031,103.44000244140625,51.62094497680664
2015-12-01,26.8759708404541,102.27999877929688,104.42506408691406,106.53221130371094,176.564697265625,90.77310180664062,103.5999984741211,52.3361930847168
2015-12-02,26.554235458374023,100.69000244140625,103.30146789550781,105.87541198730469,174.76283264160156,90.80268859863281,99.83999633789062,51.26983642578125
2015-12-03,26.40514373779297,101.76000213623047,101.5594253540039,104.08076477050781,172.31565856933594,88.33435821533203,102.16000366210938,50.46356201171875
2015-12-04,26.585622787475586,104.0199966430664,102.58721923828125,106.51370239257812,175.67630004882812,89.11031341552734,99.68000030517578,51.42586898803711
2015-12-07,26.146198272705078,102.66999816894531,101.04556274414062,106.03265380859375,174.6119384765625,89.97492218017578,93.76000213623047,51.282814025878906
2015-12-08,25.855859756469727,102.83999633789062,100.48811340332031,106.04193878173828,173.4386749267578,90.01927185058594,93.44000244140625,51.237308502197266
2015-12-09,25.64398956298828,102.63999938964844,99.364501953125,104.4322738647461,172.08935546875,89.92324829101562,92.4800033569336,50.951202392578125
2015-12-10,25.47135353088379,102.55000305175781,99.69547271728516,104.90410614013672,172.5335235595703,90.04149627685547,90.95999908447266,50.58708953857422
2015-12-11,24.757272720336914,103.11000061035156,97.47443389892578,102.4896240234375,169.189697265625,91.46039581298828,88.55999755859375,50.496063232421875
2015-12-14,25.1574764251709,101.79000091552734,96.77761840820312,103.26667022705078,170.0445098876953,90.27794647216797,89.27999877929688,50.73014450073242
2015-12-15,25.541973114013672,101.5199966430664,98.17123413085938,103.8957290649414,171.82958984375,89.74584197998047,91.19999694824219,51.282814025878906
2015-12-16,26.044178009033203,102.75,99.66938018798828,105.44062805175781,174.3437957763672,89.55369567871094,87.91999816894531,52.28416061401367
2015-12-17,25.706758499145508,100.5,98.60673522949219,103.9050064086914,171.6871337890625,90.56614685058594,85.91999816894531,52.02409362792969
2015-12-18,25.620447158813477,102.04000091552734,97.09990692138672,101.9118423461914,168.6284637451172,91.06869506835938,85.27999877929688,51.41937255859375
2015-12-21,25.820470809936523,103.1500015258789,97.8315200805664,103.04389190673828,170.0195770263672,91.04647064208984,85.27999877929688,51.62094497680664
2015-12-22,26.027673721313477,102.61000061035156,98.72865295410156,103.72126007080078,171.56236267089844,90.38877868652344,86.16000366210938,51.82901382446289
2015-12-23,26.39426040649414,102.30999755859375,99.97423553466797,104.49141693115234,173.6868896484375,89.70890045166016,90.08000183105469,52.361717224121094
2015-12-24,26.298627853393555,103.05000305175781,100.16315460205078,104.47288513183594,173.4001922607422,90.2228775024414,90.4000015258789,52.361717224121094
2015-12-28,26.115337371826172,102.2699966430664,99.69952392578125,104.41716766357422,173.0039520263672,90.48945617675781,87.44000244140625,52.651824951171875
2015-12-29,26.13924217224121,102.19999694824219,100.77552032470703,106.05957794189453,174.85023498535156,88.986083984375,90.08000183105469,53.212223052978516
2015-12-30,25.732812881469727,101.41999816894531,99.76075744628906,105.10381317138672,173.61094665527344,88.89728546142578,87.44000244140625,53.02763366699219
2015-12-31,25.653120040893555,101.45999908447266,98.51858520507812,103.79551696777344,171.874267578125,89.29717254638672,88.0,52.566123962402344
2016-01-04,24.951820373535156,102.88999938964844,96.2353744506836,101.60563659667969,169.47154235839844,89.9414291381836,87.83999633789062,51.93317413330078
2016-01-05,25.007606506347656,103.18000030517578,96.4453125,101.4293212890625,169.7582244873047,89.57857513427734,85.27999877929688,52.93531799316406
2016-01-06,24.529449462890625,104.66999816894531,94.9756851196289,100.45502471923828,167.61685180664062,90.78565216064453,80.87999725341797,52.790287017822266
2016-01-07,23.772363662719727,106.1500015258789,92.43878936767578,97.30941772460938,163.59547424316406,90.94864654541016,79.19999694824219,51.761775970458984
2016-01-08,23.517351150512695,105.68000030517578,90.8466796875,96.5114517211914,161.79969787597656,91.35591888427734,78.4000015258789,51.06949996948242
2016-01-11,23.509382247924805,104.73999786376953,90.45301055908203,96.80836486816406,161.9599609375,90.35613250732422,74.0,51.359588623046875
2016-01-12,23.55719757080078,104.20999908447266,90.72421264648438,97.93114471435547,163.2666473388672,91.65953063964844,73.36000061035156,51.016746520996094
2016-01-13,23.310152053833008,104.72000122070312,87.81114959716797,94.5535659790039,159.19464111328125,92.56304168701172,72.72000122070312,50.284934997558594
2016-01-14,23.61298179626465,103.0199966430664,89.02713012695312,96.56710815429688,161.80810546875,91.6965560913086,73.83999633789062,50.16624069213867
2016-01-15,22.68057632446289,104.08000183105469,87.583740234375,93.56997680664062,158.3347625732422,93.12586212158203,70.31999969482422,49.82341766357422
2016-01-19,23.01528549194336,103.9800033569336,86.40276336669922,93.77410125732422,158.54551696777344,92.83704376220703,67.91999816894531,50.087135314941406
2016-01-20,22.51322364807129,105.37000274658203,86.76142883300781,93.48644256591797,156.51376342773438,93.81462097167969,65.91999816894531,48.74215316772461
2016-01-21,22.600881576538086,105.48999786376953,86.56021118164062,93.5792465209961,157.39051818847656,93.17774963378906,68.4800033569336,49.012451171875
2016-01-22,23.3739013671875,105.0,88.67718505859375,96.2887191772461,160.61947631835938,92.82223510742188,74.16000366210938,50.377227783203125
2016-01-25,22.975439071655273,106.08000183105469,86.70893859863281,94.85974884033203,158.19139099121094,93.3258285522461,68.31999969482422,50.06076431274414
2016-01-26,23.310152053833008,107.29000091552734,88.4410171508789,95.71344757080078,160.34970092773438,93.37026977539062,71.76000213623047,51.10905456542969
2016-01-27,23.230457305908203,107.69000244140625,87.22505950927734,93.32872772216797,158.60455322265625,93.34803009033203,73.44000244140625,50.12009048461914
2016-01-28,23.5970458984375,106.54000091552734,87.20757293701172,94.64633178710938,159.43075561523438,93.48136901855469,77.5999984741211,49.73771667480469
2016-01-29,24.36209487915039,106.94999694824219,90.06812286376953,96.62276458740234,163.3172149658203,94.27377319335938,77.19999694824219,50.75962829589844
2016-02-01,24.1309871673584,108.05000305175781,89.65695190429688,96.88260650634766,163.2582244873047,93.98512268066406,72.16000366210938,50.8453369140625
2016-02-02,23.349998474121094,108.08999633789062,87.72367095947266,94.7854995727539,160.31593322753906,95.72875213623047,68.55999755859375,50.38381576538086
2016-02-03,24.011444091796875,109.25,87.83741760253906,94.33084869384766,161.2770538330078,94.9348373413086,74.72000122070312,50.720069885253906
2016-02-04,24.194740295410156,110.56999969482422,88.17858123779297,94.32157897949219,161.5299530029297,95.39490509033203,72.95999908447266,50.74645233154297
2016-02-05,23.915815353393555,112.31999969482422,85.76416015625,91.04609680175781,158.45281982421875,95.5061264038086,71.27999877929688,49.78386306762695
2016-02-08,23.589073181152344,113.83000183105469,84.35575103759766,89.65422058105469,156.31985473632812,97.56141662597656,69.12000274658203,48.3597526550293
2016-02-09,23.262332916259766,113.58000183105469,83.7871322631836,89.37582397460938,156.32823181152344,97.6653060913086,65.44000244140625,47.46971893310547
2016-02-10,23.357969284057617,114.45999908447266,83.83089447021484,89.71916961669922,156.19338989257812,98.5259780883789,63.68000030517578,47.79936218261719
2016-02-11,22.967470169067383,119.05999755859375,82.9211196899414,89.58924865722656,154.16162109375,99.21600341796875,63.91999816894531,47.12027359008789
2016-02-12,23.365936279296875,118.36000061035156,84.4957046508789,90.9532699584961,157.3399200439453,97.56880950927734,66.63999938964844,47.66091537475586
2016-02-16,23.88393783569336,114.7699966430664,86.49899291992188,93.00393676757812,159.99559020996094,96.53750610351562,66.4800033569336,48.53778076171875
2016-02-17,24.3541259765625,115.4800033569336,87.85492706298828,95.11029815673828,162.60910034179688,95.9439468383789,70.23999786376953,48.95314025878906
2016-02-18,24.210676193237305,118.29000091552734,87.43499755859375,94.0246353149414,161.94305419921875,97.12361145019531,69.27999877929688,49.44761276245117
2016-02-19,24.099109649658203,117.58000183105469,87.8724136352539,94.30303955078125,161.8671875,97.20525360107422,68.4000015258789,49.731109619140625
2016-02-22,24.69680404663086,115.48999786376953,88.8521957397461,95.83404541015625,164.21087646484375,97.1533432006836,71.27999877929688,50.20581817626953
2016-02-23,24.17082977294922,117.22000122070312,88.03860473632812,94.25665283203125,162.13694763183594,97.54656982421875,67.83999633789062,50.07394790649414
2016-02-24,24.115047454833984,117.61000061035156,88.88715362548828,95.15667724609375,162.8788604736328,97.35363006591797,68.72000122070312,50.01462173461914
2016-02-25,24.194740295410156,117.91999816894531,89.70069122314453,96.09385681152344,164.8515167236328,97.70237731933594,70.4000015258789,51.036529541015625
2016-02-26,23.955657958984375,117.11000061035156,90.2693099975586,95.97322845458984,164.47216796875,96.76008605957031,70.23999786376953,50.772804260253906
2016-02-29,24.162864685058594,118.63999938964844,89.86695098876953,95.11029815673828,163.18235778808594,97.18299865722656,72.0,50.575016021728516
2016-03-01,25.02354621887207,117.7699966430664,91.80020904541016,98.16310119628906,167.0182647705078,95.47172546386719,73.19999694824219,51.99909973144531
2016-03-02,25.358253479003906,118.68000030517578,92.7449722290039,98.20021057128906,167.7686004638672,95.86566925048828,74.4000015258789,52.374916076660156
2016-03-03,25.645151138305664,120.7300033569336,93.71598815917969,98.0146484375,168.42613220214844,96.21509552001953,74.0,52.651824951171875
2016-03-04,26.155187606811523,120.54000091552734,94.23210144042969,98.05174255371094,168.97410583496094,95.59813690185547,77.19999694824219,52.65840530395508
2016-03-07,26.115337371826172,121.13999938964844,95.25560760498047,97.44861602783203,169.10902404785156,95.5683822631836,80.87999725341797,52.796844482421875
2016-03-08,25.669055938720703,120.58000183105469,92.95490264892578,96.641357421875,167.26275634765625,96.62399291992188,77.19999694824219,52.25623321533203
2016-03-09,25.828439712524414,119.58000183105469,93.42729187011719,97.2630386352539,168.0889434814453,96.0367431640625,81.19999694824219,52.546321868896484
2016-03-10,25.868289947509766,121.5,92.6662368774414,97.11457061767578,168.2238311767578,95.64274597167969,80.31999969482422,52.355133056640625
2016-03-11,26.410198211669922,119.41000366210938,94.6519775390625,98.8126220703125,170.9384765625,94.67633056640625,81.5199966430664,53.528682708740234
2016-03-14,26.250808715820312,117.87000274658203,94.40706634521484,98.97965240478516,170.7192840576172,94.97364807128906,79.04000091552734,53.5352783203125
2016-03-15,25.876258850097656,117.95999908447266,92.93743896484375,98.9425277709961,170.4410858154297,95.0628662109375,77.5999984741211,53.5616569519043
2016-03-16,26.39426040649414,120.58999633789062,93.59351348876953,99.82405853271484,171.4274444580078,95.34535217285156,81.44000244140625,54.20777893066406
2016-03-17,26.976016998291016,120.12999725341797,95.02814483642578,99.76837158203125,172.5150146484375,95.73936462402344,84.4000015258789,54.97254943847656
2016-03-18,27.119468688964844,119.80000305175781,95.88546752929688,99.92472839355469,173.1929168701172,95.94007873535156,83.83999633789062,54.735206604003906
2016-03-21,27.17525291442871,118.95999908447266,95.65804290771484,100.31560516357422,173.4386749267578,95.20413208007812,84.72000122070312,54.24119567871094
2016-03-22,27.111499786376953,119.30999755859375,95.5442886352539,100.62271118164062,173.345458984375,95.18187713623047,84.31999969482422,54.24119567871094
2016-03-23,26.649274826049805,116.61000061035156,93.77804565429688,99.79443359375,172.20147705078125,96.25973510742188,80.87999725341797,53.947853088378906
2016-03-24,26.585525512695312,116.33000183105469,94.05883026123047,99.82234191894531,172.1251983642578,96.29685974121094,80.4800033569336,53.96788787841797
2016-03-28,26.67319107055664,116.5999984741211,94.17290496826172,99.6827621459961,172.22686767578125,96.4232406616211,80.08000183105469,54.454532623291016
2016-03-29,27.03977394104004,118.76000213623047,96.78759765625,101.28348541259766,173.81997680664062,97.43423461914062,78.4000015258789,55.63455581665039
2016-03-30,27.318695068359375,117.0999984741211,96.79638671875,101.7767105102539,174.5826873779297,96.4084243774414,77.83999633789062,55.52788162231445
2016-03-31,27.2947940826416,117.63999938964844,97.06834411621094,101.62784576416016,174.15895080566406,97.09233093261719,77.5999984741211,55.867889404296875
2016-04-01,27.21510887145996,116.93000030517578,97.49830627441406,102.7074203491211,175.3452911376953,97.3455581665039,74.63999938964844,55.79458999633789
2016-04-04,26.88835906982422,116.1500015258789,96.68228149414062,102.31652069091797,174.77757263183594,97.40518188476562,72.63999938964844,55.71455764770508
2016-04-05,26.36238670349121,117.66000366210938,95.58551788330078,101.33001708984375,173.03187561035156,98.47039794921875,73.04000091552734,55.34788131713867
2016-04-06,26.68115234375,116.94000244140625,96.66474914550781,102.99590301513672,174.9215850830078,97.75527954101562,76.80000305175781,55.481231689453125
2016-04-07,26.147216796875,118.61000061035156,95.35743713378906,101.51615905761719,172.8285369873047,98.96202087402344,76.08000183105469,55.13454055786133
2016-04-08,26.60146713256836,118.43000030517578,95.73467254638672,101.44171142578125,173.2946319580078,98.33634185791016,80.23999786376953,55.441219329833984
2016-04-11,26.944141387939453,120.02999877929688,95.43638610839844,101.06941986083984,172.8878936767578,98.20966339111328,82.23999786376953,55.3278923034668
2016-04-12,27.35854721069336,120.05000305175781,96.46295928955078,101.91635131835938,174.49794006347656,97.53177642822266,85.12000274658203,55.72789001464844
2016-04-13,27.84467124938965,118.7699966430664,98.54240417480469,103.2192611694336,176.26052856445312,97.87448120117188,84.08000183105469,55.481231689453125
2016-04-14,27.709196090698242,117.11000061035156,98.4195785522461,103.22856140136719,176.26901245117188,97.40518188476562,83.83999633789062,55.174564361572266
2016-04-15,27.549808502197266,117.91999816894531,98.6652603149414,102.96797180175781,176.07412719726562,98.23946380615234,82.0,55.587890625
2016-04-18,27.67731285095215,117.73999786376953,99.41107177734375,103.51708221435547,177.31134033203125,97.81488037109375,81.36000061035156,55.85457992553711
2016-04-19,28.099685668945312,119.58000183105469,99.4900131225586,102.88420867919922,177.87062072753906,97.50948333740234,83.5199966430664,55.88123321533203
2016-04-20,27.972183227539062,118.97000122070312,99.63919067382812,102.96797180175781,178.0400390625,96.43675231933594,86.08000183105469,54.93455505371094
2016-04-21,27.69325828552246,119.41999816894531,99.13904571533203,102.97726440429688,177.08250427246094,95.86316680908203,85.76000213623047,53.95450973510742
2016-04-22,27.525894165039062,117.88999938964844,100.12178039550781,101.423095703125,177.08250427246094,95.61736297607422,86.08000183105469,54.541194915771484
2016-04-25,27.35057830810547,118.2300033569336,99.41107177734375,101.423095703125,176.77737426757812,95.22254943847656,84.4000015258789,54.99455261230469
2016-04-26,27.645435333251953,118.69999694824219,100.38500213623047,100.9298324584961,177.0400848388672,94.79051208496094,86.4800033569336,55.20790100097656
2016-04-27,27.812795639038086,119.04000091552734,100.73595428466797,100.12017822265625,177.404541015625,95.73657989501953,89.12000274658203,55.174564361572266
2016-04-28,27.525894165039062,121.29000091552734,99.58653259277344,98.91029357910156,175.79443359375,96.13136291503906,89.76000213623047,55.06121826171875
2016-04-29,27.406352996826172,123.6500015258789,98.69158935546875,98.38915252685547,174.84536743164062,96.37715148925781,90.4000015258789,54.55453872680664
2016-05-02,27.334640502929688,123.23999786376953,99.56900024414062,99.3198013305664,176.235107421875,95.40682220458984,88.4000015258789,55.4012336730957
2016-05-03,26.561620712280273,122.95999908447266,97.93700408935547,98.39844512939453,174.70130920410156,96.60858917236328,85.91999816894531,55.48789596557617
2016-05-04,26.131275177001953,122.20999908447266,97.12977600097656,97.76560974121094,173.7267608642578,97.13854217529297,86.31999969482422,56.28125762939453
2016-05-05,26.123308181762695,122.06999969482422,96.74369812011719,97.7376708984375,173.6929168701172,97.78787231445312,87.19999694824219,56.441253662109375
2016-05-06,26.16315460205078,123.18000030517578,97.3140640258789,98.25885772705078,174.3284454345703,97.36992645263672,87.68000030517578,57.061248779296875
2016-05-09,25.828439712524414,120.6500015258789,97.5948257446289,98.53804779052734,174.4724578857422,97.67597961425781,85.44000244140625,57.687957763671875
2016-05-10,26.322540283203125,120.9800033569336,98.5775146484375,99.88750457763672,176.64181518554688,97.68339538574219,87.91999816894531,57.68125915527344
2016-05-11,26.258785247802734,122.12000274658203,97.35791015625,98.98477172851562,174.98941040039062,98.23580169677734,90.72000122070312,56.44790267944336
2016-05-12,26.187055587768555,121.16000366210938,96.84022521972656,98.5473403930664,175.0402374267578,97.78787231445312,91.5999984741211,56.77459716796875
2016-05-13,25.716875076293945,121.70999908447266,96.19972229003906,98.18439483642578,173.51490783691406,98.73588562011719,90.95999908447266,56.267906188964844
2016-05-16,26.027673721313477,121.80000305175781,97.41932678222656,99.4128646850586,175.2266845703125,97.88494873046875,94.08000183105469,56.80125427246094
2016-05-17,25.908132553100586,122.22000122070312,95.87506103515625,98.16580963134766,173.5911407470703,98.04914093017578,95.36000061035156,55.74791717529297
2016-05-18,25.653120040893555,120.0999984741211,96.3752212524414,98.51941680908203,173.64202880859375,96.65335845947266,93.5999984741211,54.874542236328125
2016-05-19,25.414039611816406,119.87000274658203,95.60307312011719,98.00759887695312,173.04034423828125,97.07135772705078,94.31999969482422,54.26121520996094
2016-05-20,25.669055938720703,119.70999908447266,97.20873260498047,99.08712768554688,174.13357543945312,97.1460189819336,94.0,54.69453811645508
2016-05-23,25.621244430541992,119.37000274658203,97.09469604492188,98.95683288574219,173.89625549316406,97.36243438720703,93.27999877929688,54.701210021972656
2016-05-24,25.88422966003418,117.30000305175781,99.09517669677734,100.93914031982422,176.1503143310547,96.9295425415039,94.55999755859375,55.3812255859375
2016-05-25,26.195030212402344,116.9800033569336,99.67427825927734,101.66505432128906,177.34518432617188,96.56375122070312,96.23999786376953,55.3812255859375
2016-05-26,26.370351791381836,116.58000183105469,99.56022644042969,101.9628677368164,177.3960723876953,97.0638656616211,95.5999984741211,55.48789596557617
2016-05-27,26.36238670349121,115.62000274658203,100.55170440673828,102.49333190917969,178.1587371826172,96.92204284667969,95.83999633789062,55.787899017333984
2016-05-31,26.39426040649414,116.05999755859375,100.90267181396484,102.68878173828125,177.81979370117188,97.15348052978516,94.95999908447266,55.78123474121094
2016-06-01,26.378320693969727,115.94000244140625,101.5870132446289,102.69805908203125,178.18414306640625,97.54762268066406,95.44000244140625,55.82789611816406
2016-06-02,26.593494415283203,115.66999816894531,102.36793518066406,102.91215515136719,178.7265167236328,98.25072479248047,94.87999725341797,56.114566802978516
2016-06-03,26.999923706054688,118.87999725341797,101.7537612915039,102.42819213867188,178.19264221191406,99.64934539794922,94.55999755859375,56.341251373291016
2016-06-06,27.28681755065918,118.91999816894531,102.85051727294922,102.80046844482422,179.09934997558594,98.908935546875,96.31999969482422,55.90790557861328
2016-06-07,27.533872604370117,118.81999969482422,103.14883422851562,102.53985595703125,179.37893676757812,99.14827728271484,97.76000213623047,56.24791717529297
2016-06-08,27.733102798461914,120.58000183105469,103.9122085571289,102.7166976928711,179.9637451171875,99.67932891845703,99.44000244140625,56.607913970947266
2016-06-09,27.414325714111328,121.25,103.24535369873047,102.54918670654297,179.71792602539062,100.32251739501953,98.0,56.73458480834961
2016-06-10,26.72100067138672,121.73999786376953,101.84148406982422,101.3858871459961,178.0146484375,100.80866241455078,94.95999908447266,56.46791076660156
2016-06-13,26.346452713012695,122.63999938964844,100.73595428466797,100.5389633178711,176.64181518554688,101.2574691772461,94.08000183105469,56.48124694824219
2016-06-14,26.258785247802734,122.7699966430664,100.44639587402344,100.5389633178711,176.29444885253906,101.18266296386719,93.83999633789062,56.334590911865234
2016-06-15,26.53770637512207,123.68000030517578,100.51660919189453,100.25045013427734,176.04869079589844,101.57158660888672,91.76000213623047,56.867919921875
2016-06-16,26.442079544067383,122.37999725341797,100.5078353881836,100.54825592041016,176.57406616210938,102.06524658203125,89.12000274658203,57.18792724609375
2016-06-17,26.513797760009766,123.94999694824219,100.077880859375,99.36972045898438,175.91648864746094,101.42947387695312,93.27999877929688,57.09459686279297
2016-06-20,26.983989715576172,123.20999908447266,101.16587829589844,99.99490356445312,177.04933166503906,100.34495544433594,95.27999877929688,57.17460250854492
2016-06-21,27.191186904907227,120.83999633789062,100.97286987304688,100.31219482421875,177.55194091796875,99.88117980957031,95.12000274658203,57.39255142211914
2016-06-22,27.260265350341797,120.9000015258789,100.5780258178711,100.069580078125,177.26234436035156,100.0457763671875,93.91999816894531,57.30509948730469
2016-06-23,27.91887855529785,120.11000061035156,102.49954986572266,101.49726867675781,179.57073974609375,98.90139770507812,95.83999633789062,57.59433364868164
2016-06-24,26.224149703979492,126.0,98.60383605957031,97.31683349609375,173.12252807617188,101.55661010742188,91.19999694824219,57.083106994628906
2016-06-27,25.886810302734375,126.68000030517578,95.36618041992188,95.38518524169922,170.0219268798828,104.09222412109375,89.5199966430664,57.123477935791016
2016-06-28,26.64984130859375,125.31999969482422,96.84022521972656,97.47544860839844,173.08847045898438,104.30912780761719,91.76000213623047,58.32756423950195
2016-06-29,27.324520111083984,125.83999633789062,99.04254150390625,99.20173645019531,176.0356903076172,103.50872039794922,94.31999969482422,59.03388595581055
2016-06-30,27.597604751586914,126.47000122070312,100.88511657714844,100.34953308105469,178.43785095214844,103.89019012451172,92.55999755859375,59.645999908447266
2016-07-01,27.862653732299805,128.41000366210938,101.24484252929688,100.85340881347656,178.81263732910156,105.33267974853516,94.23999786376953,59.666168212890625
2016-07-05,27.268299102783203,129.47000122070312,99.75322723388672,100.23754119873047,177.52635192871094,106.6514892578125,89.44000244140625,60.32539749145508
2016-07-06,27.19601058959961,130.22999572753906,100.47755432128906,101.05870056152344,178.59115600585938,106.8238525390625,90.63999938964844,60.063072204589844
2016-07-07,27.123720169067383,129.74000549316406,100.6893081665039,101.3572998046875,178.4804229736328,106.81632995605469,86.55999755859375,59.44420623779297
2016-07-08,27.710054397583008,130.52000427246094,103.03605651855469,102.92497253417969,181.13807678222656,107.6031723022461,86.63999938964844,60.40610885620117
2016-07-11,27.975101470947266,129.2899932861328,104.22706604003906,103.51283264160156,181.77694702148438,106.65900421142578,85.19999694824219,60.8097038269043
2016-07-12,28.36866569519043,127.1500015258789,105.62100219726562,104.0353775024414,183.0972442626953,104.90557098388672,89.5199966430664,60.80299377441406
2016-07-13,28.32047462463379,128.32000732421875,105.20630645751953,103.7834701538086,183.0717010498047,106.14196014404297,86.0,61.13932418823242
2016-07-14,28.73009490966797,127.33000183105469,105.31222534179688,104.49263763427734,184.0938720703125,104.59835052490234,86.95999908447266,60.59446716308594
2016-07-15,28.66584587097168,126.83999633789062,105.60330963134766,104.3246841430664,183.8468475341797,103.69913482666016,87.91999816894531,60.6146354675293
2016-07-18,28.922861099243164,127.04000091552734,105.77980041503906,105.01519775390625,184.34091186523438,103.60174560546875,86.55999755859375,60.776092529296875
2016-07-19,28.62567901611328,127.20999908447266,105.25045776367188,104.6325912475586,184.1535186767578,104.18622589111328,85.5999984741211,61.07206344604492
2016-07-20,28.7702579498291,125.38999938964844,105.9385986328125,105.85501098632812,184.9201202392578,103.61676025390625,85.83999633789062,61.078800201416016
2016-07-21,28.68191146850586,127.30000305175781,105.43570709228516,105.61241149902344,184.22166442871094,103.82650756835938,83.91999816894531,61.19988250732422
2016-07-22,28.890737533569336,126.3499984741211,106.22091674804688,106.05097198486328,185.04791259765625,104.0063705444336,83.36000061035156,61.73802185058594
2016-07-25,28.601587295532227,125.47000122070312,106.0621109008789,106.060302734375,184.5453338623047,103.93144989013672,81.04000091552734,61.623680114746094
2016-07-26,28.82648277282715,126.0,106.57379913330078,106.1816177368164,184.63047790527344,104.09632873535156,80.63999938964844,61.320953369140625
2016-07-27,28.922861099243164,128.02999877929688,106.8737564086914,106.91878509521484,184.4346466064453,105.39265441894531,79.19999694824219,60.843379974365234
2016-07-28,28.930892944335938,127.66000366210938,106.60028076171875,107.29206085205078,184.6475830078125,105.19779205322266,77.36000061035156,61.40842056274414
2016-07-29,29.083505630493164,128.97999572753906,106.81198120117188,107.52531433105469,184.94570922851562,106.07455444335938,78.08000183105469,62.1887092590332
2016-08-01,29.027284622192383,129.22000122070312,106.90023803710938,108.09453582763672,184.79238891601562,104.9244384765625,75.27999877929688,62.323246002197266
2016-08-02,28.81845474243164,130.27000427246094,105.40927124023438,107.27334594726562,183.60829162597656,103.84345245361328,74.63999938964844,61.32769775390625
2016-08-03,28.91482925415039,129.64999389648438,106.26500701904297,107.62797546386719,184.14495849609375,103.90351867675781,77.5199966430664,60.971160888671875
2016-08-04,29.075468063354492,129.8699951171875,106.36205291748047,107.9359130859375,184.34091186523438,104.6842269897461,78.72000122070312,60.722259521484375
2016-08-05,29.412817001342773,127.55000305175781,107.89713287353516,108.9716796875,185.84860229492188,103.59574127197266,78.87999725341797,60.76264190673828
2016-08-08,29.621639251708984,127.44000244140625,107.84422302246094,108.85040283203125,185.73793029785156,103.79088592529297,80.80000305175781,60.87025833129883
2016-08-09,29.82244110107422,127.95999908447266,107.95890045166016,109.10233306884766,185.84860229492188,104.81189727783203,80.55999755859375,61.19988250732422
2016-08-10,29.830467224121094,128.55999755859375,107.18253326416016,108.82239532470703,185.38865661621094,105.21727752685547,78.16000366210938,61.13258361816406
2016-08-11,30.216007232666016,127.66999816894531,107.6942138671875,109.28897094726562,186.2489776611328,104.27889251708984,81.68000030517578,60.43976974487305
2016-08-12,30.10354995727539,127.4000015258789,107.80009460449219,109.36357879638672,186.08712768554688,105.1572265625,84.0,60.695377349853516
2016-08-15,30.416799545288086,127.83999633789062,108.86761474609375,109.83016204833984,186.62376403808594,104.16625213623047,86.08000183105469,60.63483810424805
2016-08-16,30.280256271362305,128.47000122070312,107.98536682128906,109.22364044189453,185.6612091064453,103.888427734375,87.36000061035156,59.908321380615234
2016-08-17,30.087491989135742,128.5,107.6677474975586,109.4195785522461,186.01046752929688,104.5115966796875,87.91999816894531,60.150508880615234
2016-08-18,30.368608474731445,129.11000061035156,108.46178436279297,109.44758605957031,186.42784118652344,104.67674255371094,90.4000015258789,59.92852020263672
2016-08-19,30.19994354248047,127.97000122070312,108.46178436279297,109.4195785522461,186.15524291992188,104.12871551513672,90.72000122070312,59.54511260986328
2016-08-22,29.798349380493164,127.77999877929688,108.7088394165039,109.50357818603516,186.14675903320312,105.00700378417969,87.76000213623047,59.86796951293945
2016-08-23,29.677867889404297,127.76000213623047,109.46749877929688,109.69953155517578,186.52151489257812,105.11962890625,88.72000122070312,59.90161895751953
2016-08-24,29.758180618286133,126.33999633789062,108.57646942138672,108.9903564453125,185.56753540039062,104.87189483642578,86.55999755859375,59.63925552368164
2016-08-25,29.78228187561035,126.2300033569336,108.78820037841797,108.81304931640625,185.43975830078125,104.47406768798828,87.5999984741211,59.908321380615234
2016-08-26,29.525257110595703,126.05000305175781,108.56764221191406,108.9716796875,185.09048461914062,103.86597442626953,87.5999984741211,59.31637191772461
2016-08-29,29.75015640258789,126.30000305175781,109.13227081298828,109.12100219726562,186.00193786621094,105.25479125976562,86.80000305175781,59.90161895751953
2016-08-30,29.669832229614258,125.02999877929688,109.3351821899414,108.7663803100586,185.6952667236328,104.8493881225586,85.83999633789062,59.78725814819336
2016-08-31,29.340524673461914,124.77999877929688,108.7176284790039,108.6544418334961,185.16714477539062,104.99954223632812,82.87999725341797,59.84782791137695
2016-09-01,29.56541633605957,125.29000091552734,108.7970199584961,108.93436431884766,185.1756591796875,105.11528778076172,80.4800033569336,59.69981002807617
2016-09-02,30.047330856323242,126.56999969482422,109.84687805175781,109.28897094726562,186.01046752929688,104.25798797607422,81.91999816894531,60.2177619934082
2016-09-06,30.68988800048828,128.7100067138672,109.9527587890625,109.97012329101562,186.57269287109375,105.01756286621094,83.12000274658203,60.68191909790039
2016-09-07,30.593502044677734,128.27000427246094,110.64090728759766,110.03546905517578,186.5555877685547,104.9423828125,84.16000366210938,61.04515075683594
2016-09-08,30.51318359375,127.58999633789062,110.42034912109375,109.39161682128906,186.1296844482422,103.62625122070312,87.68000030517578,60.29849624633789
2016-09-09,29.485097885131836,126.75,106.97080993652344,106.63884735107422,181.6746826171875,101.91909790039062,84.72000122070312,57.910491943359375
2016-09-12,29.685890197753906,126.58999633789062,108.46178436279297,108.55181121826172,184.28126525878906,101.97176361083984,85.12000274658203,58.59663009643555
2016-09-13,28.938928604125977,125.75,106.37971496582031,107.581298828125,181.6321258544922,100.8136215209961,82.95999908447266,57.12548828125
2016-09-14,29.027284622192383,126.18000030517578,106.39736938476562,108.09453582763672,181.56399536132812,100.96400451660156,80.72000122070312,57.308345794677734
2016-09-15,29.525257110595703,125.37000274658203,107.6677474975586,109.77416229248047,183.37838745117188,100.5278091430664,81.12000274658203,57.52509307861328
2016-09-16,29.324453353881836,125.05999755859375,107.50897216796875,109.72179412841797,182.6695098876953,101.3399658203125,80.0,57.552188873291016
2016-09-19,29.557388305664062,125.31999969482422,108.22356414794922,109.24469757080078,182.70372009277344,101.00909423828125,79.83999633789062,58.073726654052734
2016-09-20,29.573457717895508,125.44000244140625,107.76480865478516,109.45050811767578,182.7122344970703,101.36253356933594,80.55999755859375,57.98566818237305
2016-09-21,30.400728225708008,127.2699966430664,109.32637786865234,110.52629089355469,184.76699829101562,102.18231201171875,83.19999694824219,58.730743408203125
2016-09-22,30.61759376525879,127.56999969482422,110.89672088623047,111.40565490722656,185.9312744140625,102.99456024169922,84.23999786376953,59.780582427978516
2016-09-23,30.224037170410156,127.6500015258789,110.11154174804688,110.69468688964844,184.91250610351562,102.89673614501953,81.5199966430664,59.96348571777344
2016-09-26,29.78228187561035,127.55000305175781,109.01810455322266,109.76856994628906,183.41433715820312,103.55108642578125,83.44000244140625,60.105709075927734
2016-09-27,30.207962036132812,126.62000274658203,109.46043395996094,110.85372924804688,184.55294799804688,104.31063079833984,81.19999694824219,59.468997955322266
2016-09-28,30.481054306030273,126.22000122070312,110.30085754394531,111.04080963134766,185.46897888183594,104.08499908447266,85.19999694824219,59.95670700073242
2016-09-29,29.95094871520996,126.06999969482422,108.6907730102539,110.2363052368164,183.79098510742188,104.34822082519531,86.95999908447266,59.157447814941406
2016-09-30,30.079458236694336,125.63999938964844,109.88505554199219,111.05953979492188,185.17791748046875,103.41566467285156,87.44000244140625,58.75104904174805
2016-10-03,30.288288116455078,125.31999969482422,109.54005432128906,110.90049743652344,184.73272705078125,103.07443237304688,88.80000305175781,57.65380096435547
2016-10-04,29.95094871520996,120.97000122070312,109.00042724609375,110.73212432861328,183.79098510742188,101.86895751953125,88.72000122070312,56.86809539794922
2016-10-05,30.384675979614258,120.77999877929688,109.65506744384766,111.1250228881836,184.6043243408203,101.39429473876953,90.80000305175781,55.71665954589844
2016-10-06,30.408771514892578,119.66000366210938,109.54005432128906,111.06890106201172,184.73272705078125,100.8292236328125,92.08000183105469,55.73698043823242
2016-10-07,30.272226333618164,119.73999786376953,108.66421508789062,110.8256607055664,184.0991668701172,100.8969955444336,90.63999938964844,55.64215087890625
2016-10-10,30.60153579711914,120.16000366210938,109.96469116210938,111.52726745605469,185.05804443359375,100.30183410644531,93.36000061035156,55.987579345703125
2016-10-11,29.894731521606445,119.55000305175781,107.95646667480469,109.93695831298828,182.72080993652344,100.07581329345703,92.63999938964844,55.44572448730469
2016-10-12,29.83850860595703,119.73999786376953,107.86802673339844,109.84342956542969,182.96058654785156,100.17378997802734,91.44000244140625,56.0824089050293
2016-10-13,29.573457717895508,120.02999877929688,106.9744873046875,109.45050811767578,182.36126708984375,100.55047607421875,91.91999816894531,56.522666931152344
2016-10-14,29.621639251708984,119.36000061035156,106.54100036621094,109.58148193359375,182.4554901123047,99.14156341552734,91.5199966430664,56.27205276489258
2016-10-17,29.58951759338379,119.68000030517578,106.4171371459961,109.2821273803711,181.82196044921875,99.77445983886719,90.95999908447266,56.39397430419922
2016-10-18,30.11159324645996,120.41999816894531,107.02758026123047,110.25504302978516,182.96058654785156,100.09842681884766,91.5999984741211,56.752952575683594
2016-10-19,30.296321868896484,121.11000061035156,107.4787826538086,110.24565124511719,183.4485321044922,100.18128967285156,93.27999877929688,56.87487030029297
2016-10-20,30.207962036132812,120.73999786376953,107.1602783203125,110.11469268798828,183.1061248779297,100.28683471679688,91.44000244140625,56.74620056152344
2016-10-21,30.19994354248047,120.83000183105469,107.1072006225586,110.52629089355469,183.19171142578125,100.43746185302734,91.83999633789062,56.536231994628906
2016-10-24,30.328445434570312,120.55999755859375,107.78839874267578,111.85468292236328,183.9707794189453,100.00048828125,91.44000244140625,56.66490936279297
2016-10-25,30.360576629638672,121.47000122070312,106.98335266113281,111.49923706054688,183.35435485839844,100.26421356201172,89.91999816894531,56.563297271728516
2016-10-26,30.03929901123047,120.79000091552734,105.9217529296875,110.741455078125,182.98622131347656,99.58607482910156,88.72000122070312,55.825016021728516
2016-10-27,29.78228187561035,121.01000213623047,104.70974731445312,110.2363052368164,182.49826049804688,98.50118255615234,89.68000030517578,54.36199951171875
2016-10-28,29.661802291870117,121.58000183105469,104.41777801513672,109.54405975341797,181.9589080810547,98.2826919555664,88.08000183105469,54.490699768066406
2016-10-31,29.830467224121094,121.94000244140625,104.8336181640625,109.44115447998047,181.9674530029297,98.88539123535156,84.23999786376953,55.37799072265625
2016-11-01,29.58951759338379,122.7300033569336,103.55079650878906,108.6179428100586,180.6490478515625,98.89299011230469,84.55999755859375,54.17233657836914
2016-11-02,29.23611068725586,123.63999938964844,102.2326431274414,107.74797821044922,179.56175231933594,99.3232650756836,82.23999786376953,53.379886627197266
2016-11-03,29.155792236328125,124.30000305175781,101.73725128173828,106.69086456298828,178.7399444580078,98.56085968017578,80.63999938964844,52.96670150756836
2016-11-04,28.858612060546875,124.38999938964844,102.39191436767578,106.3166732788086,178.54299926757812,99.44400024414062,79.83999633789062,53.38665771484375
2016-11-07,29.902755737304688,122.1500015258789,104.89553833007812,108.84246063232422,182.48114013671875,98.59857940673828,81.27999877929688,54.321353912353516
2016-11-08,30.095523834228516,121.63999938964844,105.1697769165039,109.55342102050781,183.3030242919922,98.19853973388672,80.80000305175781,54.6058349609375
2016-11-09,29.115636825561523,121.55999755859375,108.40767669677734,110.05856323242188,185.24636840820312,94.03173065185547,82.23999786376953,53.77950668334961
2016-11-10,28.288345336914062,119.75,110.14164733886719,108.28118896484375,185.70872497558594,92.64281463623047,80.31999969482422,52.878662109375
2016-11-11,27.750213623046875,117.0999984741211,112.67179870605469,108.32794189453125,185.28060913085938,92.12198638916016,78.16000366210938,53.19700622558594
2016-11-14,27.54941177368164,116.11000061035156,114.25532531738281,107.23342895507812,185.42617797851562,91.57095336914062,78.95999908447266,54.456844329833984
2016-11-15,28.10361099243164,117.12000274658203,114.60922241210938,108.72086334228516,186.87298583984375,92.0238037109375,82.72000122070312,54.003021240234375
2016-11-16,27.87069320678711,116.7699966430664,114.60038757324219,109.36634063720703,186.52198791503906,92.85415649414062,81.83999633789062,53.847232818603516
2016-11-17,27.91084861755371,116.16999816894531,115.2727279663086,110.16149139404297,187.48086547851562,91.4878921508789,81.04000091552734,53.298606872558594
2016-11-18,27.782333374023438,115.1500015258789,115.88316345214844,109.74986267089844,187.0613250732422,91.22367858886719,82.55999755859375,53.45437240600586
2016-11-21,28.055423736572266,115.58000183105469,116.42281341552734,110.89112854003906,188.47393798828125,91.45014190673828,86.16000366210938,53.291831970214844
2016-11-22,28.48110580444336,115.54000091552734,117.48441314697266,111.22791290283203,188.8420867919922,91.41998291015625,85.04000091552734,54.22654724121094
2016-11-23,28.175899505615234,113.25,118.21868133544922,110.77887725830078,188.9447784423828,91.0652084350586,85.36000061035156,53.996253967285156
2016-11-25,28.312437057495117,112.61000061035156,118.60794067382812,111.13439178466797,189.64683532714844,91.20105743408203,82.63999938964844,54.307804107666016
2016-11-28,28.424888610839844,113.80000305175781,117.06861114501953,110.88179779052734,188.7564697265625,91.87281799316406,83.5199966430664,54.558441162109375
2016-11-29,28.46506118774414,113.2699966430664,117.00667572021484,111.26531982421875,189.1245880126953,92.2578353881836,80.4800033569336,55.0799560546875
2016-11-30,28.51324462890625,111.75,116.431640625,109.91825103759766,188.67083740234375,90.76322937011719,87.44000244140625,54.45006561279297
2016-12-01,28.175899505615234,111.54000091552734,115.86544799804688,108.01922607421875,187.97738647460938,89.80489349365234,90.63999938964844,53.65079879760742
2016-12-02,28.208023071289062,112.13999938964844,115.80352783203125,108.23438262939453,188.07156372070312,90.46296691894531,91.83999633789062,54.185890197753906
2016-12-05,28.440950393676758,111.54000091552734,117.79403686523438,109.0763168334961,189.20162963867188,90.36454772949219,90.80000305175781,54.585514068603516
2016-12-06,28.59355926513672,111.43000030517578,119.06797790527344,109.33827209472656,189.8009490966797,90.2965087890625,90.31999969482422,54.93772888183594
2016-12-07,29.075468063354492,111.83000183105469,120.22689819335938,110.7227554321289,192.28369140625,91.06809997558594,88.72000122070312,56.03499984741211
2016-12-08,29.203981399536133,111.56999969482422,122.1200942993164,110.919189453125,192.7545166015625,89.99397277832031,90.4800033569336,56.42106628417969
2016-12-09,29.051374435424805,110.4000015258789,122.35894012451172,111.78919982910156,193.9188690185547,88.87452697753906,91.5199966430664,56.3600959777832
2016-12-12,28.858612060546875,110.81999969482422,121.0673828125,111.28404998779297,193.6962432861328,89.04096221923828,92.95999908447266,56.73262405395508
2016-12-13,29.17989158630371,110.44999694824219,121.07611846923828,112.6872329711914,194.989013671875,89.35865020751953,93.83999633789062,56.70553970336914
2016-12-14,28.312437057495117,108.83000183105469,119.56340026855469,112.45340728759766,193.37948608398438,88.36021423339844,90.55999755859375,55.466033935546875
2016-12-15,28.360633850097656,107.33999633789062,120.4569091796875,112.63115692138672,194.17578125,88.80647277832031,90.87999725341797,55.140926361083984
2016-12-16,28.23213005065918,108.05000305175781,120.2357406616211,112.213623046875,193.79592895507812,88.60228729248047,92.4000015258789,55.96725845336914
2016-12-19,28.039356231689453,108.58999633789062,121.0230941772461,112.67333221435547,194.2178955078125,89.55529022216797,92.0,56.570064544677734
2016-12-20,28.135740280151367,107.79000091552734,122.0492935180664,113.10494995117188,194.96713256835938,89.1090316772461,92.95999908447266,56.698768615722656
2016-12-21,28.01876449584961,107.8499984741211,121.25309753417969,113.0204849243164,194.42454528808594,89.5023422241211,91.5199966430664,55.83856201171875
2016-12-22,27.68568992614746,107.58999633789062,120.2075424194336,112.70150756835938,194.0887451171875,89.34233856201172,91.68000030517578,55.7452278137207
2016-12-23,27.848159790039062,107.93000030517578,120.8471450805664,112.77655029296875,194.37290954589844,89.52430725097656,92.4800033569336,55.89042282104492
2016-12-27,27.970022201538086,108.55999755859375,121.38898468017578,113.3582763671875,194.85513305664062,89.23617553710938,93.83999633789062,56.00799560546875
2016-12-28,28.181230545043945,108.86000061035156,120.14533233642578,112.47630310058594,193.24472045898438,89.88835906982422,94.0,55.66913986206055
2016-12-29,28.644285202026367,110.29000091552734,120.25196075439453,112.31682586669922,193.20172119140625,90.20685577392578,93.76000213623047,56.36067581176758
2016-12-30,28.44118881225586,109.61000061035156,119.79003143310547,111.16279602050781,192.4955291748047,90.34337615966797,93.76000213623047,57.072959899902344
2017-01-03,28.78238868713379,110.47000122070312,120.38523864746094,112.15733337402344,193.9682159423828,90.73017120361328,91.5199966430664,57.25969314575195
2017-01-04,29.001737594604492,110.86000061035156,122.39280700683594,112.76716613769531,195.12208557128906,91.0789566040039,92.63999938964844,58.096458435058594
2017-01-05,29.318557739257812,112.58000183105469,120.98042297363281,113.40519714355469,194.96713256835938,92.50468444824219,93.5999984741211,58.2831916809082
2017-01-06,29.19669532775879,111.75,120.53627014160156,114.39973449707031,195.6646728515625,91.65534973144531,93.44000244140625,58.290077209472656
2017-01-09,29.17232894897461,112.66999816894531,119.74559783935547,114.77499389648438,195.01876831054688,92.39093017578125,90.4800033569336,57.76450729370117
2017-01-10,29.342931747436523,113.1500015258789,120.89158630371094,115.02831268310547,195.01876831054688,92.33028411865234,88.55999755859375,57.273529052734375
2017-01-11,29.69225311279297,113.5,121.10476684570312,115.33794403076172,195.56988525390625,92.64118957519531,90.95999908447266,56.92081832885742
2017-01-12,29.82222557067871,113.91000366210938,120.1720199584961,115.15969848632812,195.07907104492188,92.43643951416016,92.31999969482422,57.2112922668457
2017-01-13,29.79785919189453,114.20999908447266,121.04258728027344,115.55375671386719,195.52687072753906,91.9966049194336,91.27999877929688,57.12828063964844
2017-01-17,29.7816104888916,115.8499984741211,119.39920806884766,115.20658874511719,194.83790588378906,92.95970916748047,91.44000244140625,57.57087707519531
2017-01-18,29.61913299560547,114.87000274658203,119.79003143310547,115.44117736816406,195.26849365234375,91.76909637451172,89.27999877929688,57.66767883300781
2017-01-19,29.52977180480957,114.7699966430664,118.81290435791016,115.38488006591797,194.54515075683594,91.13961791992188,89.36000061035156,57.07988357543945
2017-01-20,29.586641311645508,115.05000305175781,119.42587280273438,115.63818359375,195.25991821289062,90.9576416015625,91.12000274658203,57.49480056762695
2017-01-23,30.025314331054688,115.79000091552734,118.92835998535156,115.73200988769531,194.75180053710938,91.86766815185547,90.55999755859375,57.9788818359375
2017-01-24,30.212167739868164,115.2699966430664,120.74945068359375,116.51074981689453,196.00050354003906,91.23821258544922,90.95999908447266,57.992733001708984
2017-01-25,30.54524040222168,114.31999969482422,121.88646697998047,117.68356323242188,197.69696044921875,90.09312438964844,90.4800033569336,57.612361907958984
2017-01-26,30.41526222229004,113.26000213623047,121.3979263305664,117.80553436279297,197.49026489257812,90.39642333984375,92.23999786376953,57.5017204284668
2017-01-27,30.43963050842285,113.48999786376953,120.98042297363281,118.03070831298828,197.18023681640625,90.72254180908203,91.19999694824219,56.94155502319336
2017-01-30,30.277158737182617,113.97000122070312,119.29258728027344,117.1112060546875,195.95742797851562,90.44957733154297,90.23999786376953,56.55430603027344
2017-01-31,30.334022521972656,115.55000305175781,120.12760162353516,116.87665557861328,195.940185546875,91.0789566040039,90.55999755859375,56.96232604980469
2017-02-01,30.350271224975586,115.19999694824219,120.05655670166016,117.68356323242188,196.0177001953125,90.51583099365234,91.83999633789062,56.277687072753906
2017-02-02,30.480253219604492,115.83999633789062,119.7545394897461,117.58035278320312,196.14688110351562,90.4778060913086,92.08000183105469,56.948490142822266
2017-02-03,30.667091369628906,116.12999725341797,121.58442687988281,117.91810607910156,197.4989013671875,90.43982696533203,92.31999969482422,57.25969314575195
2017-02-06,30.5939884185791,117.69999694824219,120.66947937011719,118.05884552001953,197.1458282470703,90.98702239990234,91.04000091552734,57.162872314453125
2017-02-07,30.43963050842285,117.45999908447266,120.13648986816406,118.49046325683594,197.1544189453125,91.65580749511719,89.5199966430664,56.96232604980469
2017-02-08,30.626476287841797,118.19000244140625,119.92332458496094,118.68746185302734,197.41278076171875,92.90223693847656,89.83999633789062,57.41181945800781
2017-02-09,30.764577865600586,117.29000091552734,121.611083984375,119.11904907226562,198.58399963378906,91.83057403564453,90.80000305175781,57.550140380859375
2017-02-10,31.04892349243164,117.5999984741211,122.53496551513672,119.51310729980469,199.36766052246094,91.77740478515625,92.0,57.9581413269043
2017-02-13,31.146398544311523,116.80000305175781,122.85482025146484,120.18866729736328,200.4527130126953,91.48857879638672,90.55999755859375,57.9788818359375
2017-02-14,31.178892135620117,116.93000030517578,123.26335906982422,120.59207916259766,201.25355529785156,90.82743072509766,91.04000091552734,57.67459487915039
2017-02-15,31.430734634399414,117.44999694824219,124.00072479248047,121.30516052246094,202.3041534423828,90.40940856933594,90.87999725341797,57.48097610473633
2017-02-16,31.316997528076172,118.08000183105469,123.65421295166016,121.26764678955078,202.13198852539062,90.90341186523438,91.27999877929688,57.81982421875
2017-02-17,31.187013626098633,117.68000030517578,123.57428741455078,121.79302215576172,202.4506072998047,91.44300079345703,91.12000274658203,57.930477142333984
2017-02-21,31.528207778930664,117.75,124.54255676269531,122.39351654052734,203.65621948242188,91.2834243774414,92.31999969482422,58.67042541503906
2017-02-22,31.625694274902344,117.91000366210938,123.99183654785156,122.4404525756836,203.47540283203125,91.43543243408203,90.87999725341797,58.476802825927734
2017-02-23,31.633817672729492,118.94000244140625,123.25450134277344,121.9806900024414,203.61312866210938,91.70901489257812,92.23999786376953,58.781089782714844
2017-02-24,31.2601318359375,119.69999694824219,123.16561889648438,122.21524810791016,203.87156677246094,92.72740936279297,91.68000030517578,59.05768966674805
2017-02-27,31.16264533996582,119.12000274658203,124.36488342285156,122.36537170410156,204.19017028808594,92.18020629882812,91.76000213623047,59.368900299072266
2017-02-28,30.862070083618164,119.2300033569336,122.44609832763672,121.99008178710938,203.6389617919922,92.52220153808594,91.5999984741211,58.96089553833008
2017-03-01,31.341367721557617,119.05999755859375,124.68466186523438,123.32238006591797,206.48941040039062,90.9719009399414,91.19999694824219,58.781089782714844
2017-03-02,30.788955688476562,117.58000183105469,123.25450134277344,122.70314025878906,205.18910217285156,90.64446258544922,89.36000061035156,58.46296691894531
2017-03-03,31.024538040161133,117.51000213623047,123.16561889648438,122.92835235595703,205.31826782226562,90.88053131103516,90.31999969482422,58.23476028442383
2017-03-06,31.040790557861328,116.72000122070312,122.32176971435547,122.65623474121094,204.706787109375,90.44646453857422,90.23999786376953,57.971961975097656
2017-03-07,31.07328224182129,115.77999877929688,121.52227020263672,122.44983673095703,204.0954132080078,90.17234802246094,90.16000366210938,57.695343017578125
2017-03-08,30.780826568603516,115.05999755859375,120.72278594970703,122.66559600830078,203.71653747558594,89.68504333496094,85.36000061035156,56.63037109375
2017-03-09,30.537113189697266,114.47000122070312,120.24309539794922,122.75942993164062,203.97482299804688,88.96923828125,84.23999786376953,55.7797737121582
2017-03-10,30.878313064575195,114.72000122070312,120.77605438232422,123.2754898071289,204.6896514892578,89.28143310546875,82.31999969482422,55.60689163208008
2017-03-13,31.308874130249023,114.73999786376953,121.06036376953125,123.48190307617188,204.79298400878906,88.71794128417969,82.23999786376953,55.7452278137207
2017-03-14,31.130149841308594,114.12000274658203,120.48291778564453,123.1816177368164,204.00927734375,89.14437866210938,81.5199966430664,55.73137664794922
2017-03-15,31.942522048950195,116.25,122.34841918945312,123.94161987304688,205.77471923828125,90.23329162597656,83.04000091552734,56.85860061645508
2017-03-16,32.13749313354492,116.7300033569336,122.50833129882812,123.857177734375,205.36993408203125,89.7763900756836,82.87999725341797,56.74794387817383
2017-03-17,32.08063507080078,116.98999786376953,122.99687957763672,123.81392669677734,205.00924682617188,90.3398666381836,82.63999938964844,57.01071548461914
2017-03-20,32.454315185546875,117.51000213623047,122.46389770507812,123.9267578125,204.784423828125,90.72824096679688,82.16000366210938,56.96232604980469
2017-03-21,32.09687042236328,118.54000091552734,119.00831604003906,122.04637908935547,202.15501403808594,91.48204040527344,80.87999725341797,56.71336364746094
2017-03-22,32.25122833251953,118.83000183105469,119.03494262695312,122.87371826171875,202.6308135986328,91.84757232666016,80.95999908447266,56.6820182800293
2017-03-23,32.259342193603516,118.66999816894531,119.72782897949219,122.56348419189453,202.41453552246094,91.7181167602539,80.08000183105469,57.0999755859375
2017-03-24,32.34059143066406,118.86000061035156,119.81428527832031,122.81729888916016,202.2675018310547,92.0455093383789,80.72000122070312,57.037269592285156
2017-03-27,32.25122833251953,119.52999877929688,120.0369873046875,123.01475524902344,202.05996704101562,92.4643325805664,80.31999969482422,56.52178955078125
2017-03-28,32.34059143066406,119.04000091552734,120.97241973876953,123.76691436767578,203.53025817871094,91.84757232666016,81.19999694824219,56.765602111816406
2017-03-29,32.39744567871094,119.33000183105469,121.3644027709961,124.34046936035156,203.72056579589844,92.39579772949219,82.95999908447266,57.08603286743164
2017-03-30,32.22684860229492,118.47000122070312,122.281982421875,124.54725646972656,204.3692169189453,91.64956665039062,84.55999755859375,57.190528869628906
2017-03-31,31.999385833740234,118.72000122070312,122.47798919677734,124.46271514892578,203.89353942871094,91.91609954833984,85.12000274658203,57.53186798095703
2017-04-03,32.178104400634766,119.3499984741211,121.18624877929688,124.38746643066406,203.53895568847656,92.84324645996094,84.4000015258789,57.699058532714844
2017-04-04,32.19435501098633,119.62000274658203,121.0436782836914,124.58483123779297,203.66864013671875,92.3396224975586,85.68000030517578,57.699058532714844
2017-04-05,32.09687042236328,119.62000274658203,119.67176055908203,124.07720184326172,203.06320190429688,92.62191772460938,85.44000244140625,57.78264617919922
2017-04-06,32.040008544921875,119.18000030517578,120.78533172607422,124.14299774169922,203.63406372070312,92.48458862304688,86.87999725341797,58.08913803100586
2017-04-07,31.983131408691406,119.45999908447266,120.7319107055664,124.07720184326172,203.42645263671875,92.11070251464844,87.68000030517578,58.172733306884766
2017-04-10,31.8531551361084,119.45999908447266,120.99917602539062,124.12419128417969,203.54757690429688,92.53800201416016,89.12000274658203,58.53498077392578
2017-04-11,31.780048370361328,121.19000244140625,121.96128845214844,123.5882797241211,203.30532836914062,93.4155502319336,89.36000061035156,58.93897247314453
2017-04-12,31.934406280517578,122.0199966430664,120.30425262451172,123.08999633789062,202.41453552246094,93.92682647705078,88.87999725341797,58.83449935913086
2017-04-13,31.796295166015625,122.5999984741211,119.1282958984375,122.60108947753906,201.09988403320312,94.21678161621094,89.04000091552734,58.70213317871094
2017-04-17,32.12936782836914,122.23999786376953,120.5269775390625,123.6164779663086,202.88162231445312,93.92682647705078,88.4800033569336,59.41269302368164
2017-04-18,31.72318458557129,122.81999969482422,120.55374145507812,123.4284439086914,202.276123046875,95.15534210205078,88.31999969482422,59.572872161865234
2017-04-19,31.528207778930664,121.7300033569336,120.97241973876953,123.62589263916016,201.90423583984375,94.63641357421875,84.95999908447266,59.489280700683594
2017-04-20,31.91815185546875,121.95999908447266,122.51366424560547,124.66007232666016,203.54757690429688,94.27018737792969,84.31999969482422,59.49626541137695
2017-04-21,31.91815185546875,122.30999755859375,122.23748016357422,124.63187408447266,202.89889526367188,94.27018737792969,82.55999755859375,59.280311584472656
2017-04-24,32.373077392578125,121.4800033569336,123.76087951660156,126.13624572753906,205.1303253173828,93.80472564697266,82.0,58.62550354003906
2017-04-25,32.657413482666016,120.25,124.96358489990234,127.04822540283203,206.32395935058594,92.67533874511719,82.87999725341797,58.86933898925781
2017-04-26,32.53555679321289,120.83999633789062,125.60501861572266,126.86959838867188,206.1941680908203,93.1866455078125,82.08000183105469,58.43046188354492
2017-04-27,32.49493408203125,120.38999938964844,125.56935119628906,127.63111877441406,206.3671417236328,93.15605926513672,81.91999816894531,58.277225494384766
2017-04-28,32.54368591308594,120.7699966430664,123.88558197021484,127.85678100585938,205.91741943359375,93.36213684082031,81.91999816894531,57.67116165161133
2017-05-01,32.730525970458984,119.66999816894531,124.5982666015625,128.99441528320312,206.43638610839844,92.58599853515625,81.19999694824219,58.01251983642578
2017-05-02,32.96611404418945,119.6500015258789,123.96575927734375,129.21063232421875,206.5142364501953,93.06007385253906,79.36000061035156,57.91499710083008
2017-05-03,32.74677276611328,117.9800033569336,123.19965362548828,128.7969512939453,206.2633514404297,93.12126922607422,79.44000244140625,57.14178466796875
2017-05-04,32.38119888305664,116.79000091552734,123.03038787841797,128.84396362304688,206.5055389404297,92.66242980957031,75.68000030517578,56.863136291503906
2017-05-05,32.6492919921875,117.01000213623047,123.8232421875,129.31405639648438,207.31857299804688,92.74654388427734,77.27999877929688,57.39952087402344
2017-05-08,32.64116668701172,116.75,123.30653381347656,129.59613037109375,207.28396606445312,92.24189758300781,77.36000061035156,56.9954833984375
2017-05-09,33.05547332763672,116.05000305175781,123.2530517578125,130.04737854003906,207.09373474121094,92.23424530029297,76.55999755859375,56.688995361328125
2017-05-10,33.27481460571289,116.04000091552734,124.01924896240234,130.12269592285156,207.46560668945312,92.12715148925781,78.87999725341797,57.13480758666992
2017-05-11,33.34792709350586,116.5,123.15509796142578,130.01918029785156,207.0418243408203,92.12715148925781,79.5199966430664,56.84919738769531
2017-05-12,33.48603820800781,116.83000183105469,122.50474548339844,130.31068420410156,206.69581604003906,92.822998046875,79.5999984741211,56.61934280395508
2017-05-15,33.82722854614258,117.13999938964844,123.45796203613281,130.72433471679688,207.83755493164062,92.57070922851562,81.36000061035156,56.78651428222656
2017-05-16,33.859718322753906,117.6500015258789,123.50251007080078,131.26963806152344,207.64724731445312,92.91477966308594,80.87999725341797,56.40339279174805
2017-05-17,33.28293991088867,119.79000091552734,120.17063903808594,127.93195343017578,203.9627227783203,94.26820373535156,81.5199966430664,56.63325500488281
2017-05-18,32.730525970458984,118.80999755859375,120.607177734375,129.05079650878906,204.784423828125,94.37529754638672,82.08000183105469,56.94673538208008
2017-05-19,33.429168701171875,119.4000015258789,121.18624877929688,129.59613037109375,206.11634826660156,94.59707641601562,83.83999633789062,57.25322723388672
2017-05-22,33.46166229248047,119.9000015258789,122.00582122802734,130.68673706054688,207.1628875732422,94.33708953857422,84.31999969482422,57.476139068603516
2017-05-23,33.49415969848633,119.13999938964844,122.40673828125,130.818359375,207.62130737304688,93.70238494873047,85.12000274658203,57.52490997314453
2017-05-24,33.62413024902344,119.61000061035156,122.48690795898438,131.4200439453125,208.10565185546875,94.22999572753906,84.80000305175781,57.99161911010742
2017-05-25,33.78661346435547,119.4800033569336,122.56712341308594,132.53887939453125,209.1002655029297,94.26060485839844,80.31999969482422,57.99858093261719
2017-05-26,33.908470153808594,120.54000091552734,122.53144836425781,132.77398681640625,209.05706787109375,94.42119598388672,82.23999786376953,57.58063507080078
2017-05-30,33.7297477722168,120.13999938964844,121.56926727294922,132.8867950439453,208.87539672851562,94.88764190673828,81.91999816894531,57.218379974365234
2017-05-31,33.469783782958984,120.62000274658203,121.4445571899414,132.8397979736328,208.82351684570312,95.12471771240234,79.68000030517578,57.25322723388672
2017-06-01,33.754119873046875,120.72000122070312,123.78759002685547,133.35696411132812,210.48411560058594,95.13463592529297,79.27999877929688,57.552772521972656
2017-06-02,33.924705505371094,121.61000061035156,124.58942413330078,134.88002014160156,211.18470764160156,96.26110076904297,78.87999725341797,58.1448860168457
2017-06-05,33.884098052978516,121.7300033569336,123.8143310546875,134.85174560546875,211.02903747558594,95.66337585449219,78.4000015258789,57.894100189208984
2017-06-06,33.90034103393555,123.0999984741211,123.6985092163086,134.31588745117188,210.35438537597656,96.1844253540039,79.76000213623047,57.61545181274414
2017-06-07,33.859718322753906,122.44999694824219,123.8143310546875,134.8423614501953,210.74366760253906,95.72468566894531,75.68000030517578,58.01947021484375
2017-06-08,34.06281280517578,121.6500015258789,125.50698852539062,134.98342895507812,210.84738159179688,95.47181701660156,75.44000244140625,57.880165100097656
2017-06-09,33.802852630615234,120.54000091552734,126.15735626220703,131.60809326171875,210.5273895263672,95.32622528076172,75.91999816894531,58.2841911315918
2017-06-12,33.62413024902344,120.36000061035156,125.95244598388672,130.90298461914062,210.48411560058594,95.2955551147461,76.16000366210938,58.8066520690918
2017-06-13,33.78661346435547,120.4800033569336,126.59390258789062,131.96543884277344,211.5133819580078,95.3108901977539,76.80000305175781,58.93897247314453
2017-06-14,33.77848434448242,119.81999969482422,125.84552764892578,131.39186096191406,211.24525451660156,96.78217315673828,73.83999633789062,59.0225830078125
2017-06-15,33.429168701171875,119.31999969482422,125.20407104492188,130.80894470214844,210.83876037597656,96.62889099121094,73.44000244140625,59.32209777832031
2017-06-16,33.48603820800781,119.33999633789062,124.89228057861328,130.241455078125,210.88482666015625,96.82048797607422,73.91999816894531,59.16885757446289
2017-06-19,33.81911087036133,118.43000030517578,125.81877136230469,132.419189453125,212.64047241210938,96.68253326416016,72.95999908447266,59.175838470458984
2017-06-20,33.4453125,118.18000030517578,124.54484558105469,131.38217163085938,211.20639038085938,97.54844665527344,71.5999984741211,59.0365104675293
2017-06-21,33.51876449584961,118.5199966430664,124.23306274414062,132.68313598632812,211.15423583984375,97.7476806640625,69.68000030517578,58.91808319091797
2017-06-22,33.690155029296875,118.91999816894531,124.70516967773438,132.6454620361328,211.05865478515625,97.96224975585938,70.23999786376953,58.973819732666016
2017-06-23,33.86970520019531,119.43000030517578,125.5337142944336,133.15452575683594,211.31063842773438,97.91626739501953,70.87999725341797,59.1784782409668
2017-06-26,34.196163177490234,118.36000061035156,125.68516540527344,132.53231811523438,211.44976806640625,98.28410339355469,71.44000244140625,59.60040283203125
2017-06-27,33.79624938964844,118.80999755859375,124.5804672241211,130.12831115722656,209.74624633789062,97.23424530029297,72.80000305175781,59.065956115722656
2017-06-28,34.05741500854492,118.9000015258789,126.48693084716797,132.00440979003906,211.62356567382812,96.91243743896484,73.5999984741211,59.20659637451172
2017-06-29,33.6248664855957,118.31999969482422,125.73863220214844,129.71348571777344,209.76364135742188,96.10016632080078,73.68000030517578,58.531471252441406
2017-06-30,33.779930114746094,118.0199966430664,125.54266357421875,129.76063537597656,210.15476989746094,95.87796020507812,76.0,58.531471252441406
2017-07-03,33.975807189941406,116.08999633789062,126.59390258789062,128.3936767578125,210.51113891601562,95.56927490234375,76.95999908447266,59.276920318603516
2017-07-05,33.910518646240234,116.5199966430664,126.1395492553711,129.65689086914062,210.99783325195312,95.59226989746094,74.0,58.4400634765625
2017-07-06,33.502437591552734,116.47000122070312,124.49231719970703,128.48789978027344,209.06834411621094,94.80139923095703,74.4800033569336,57.342979431152344
2017-07-07,33.5677375793457,115.27999877929688,125.70022583007812,129.873779296875,210.4241485595703,94.2331314086914,72.80000305175781,57.666481018066406
2017-07-10,33.88602828979492,115.47000122070312,125.15443420410156,130.7222442626953,210.65013122558594,94.37139892578125,73.04000091552734,57.1390380859375
2017-07-11,34.163509368896484,115.62000274658203,125.5212631225586,131.08985900878906,210.4937286376953,94.53263092041016,74.16000366210938,57.075748443603516
2017-07-12,34.824588775634766,116.02999877929688,126.48758697509766,132.6454620361328,212.07554626464844,95.1853256225586,74.63999938964844,57.77899932861328
2017-07-13,34.995975494384766,115.81999969482422,126.59492492675781,132.9376983642578,212.43186950683594,94.58638763427734,75.76000213623047,57.870418548583984
2017-07-14,35.43669509887695,116.7699966430664,126.8096923828125,133.98414611816406,213.42269897460938,94.7015609741211,76.72000122070312,58.42598342895508
2017-07-17,35.273468017578125,117.29000091552734,127.10489654541016,134.0501251220703,213.39659118652344,94.9626235961914,75.5999984741211,58.89716720581055
2017-07-18,35.37956237792969,118.11000061035156,126.77384948730469,134.94573974609375,213.50958251953125,95.79196166992188,76.31999969482422,58.77058410644531
2017-07-19,35.67337417602539,118.08000183105469,128.0354461669922,135.73770141601562,214.66546630859375,95.83036041259766,77.5199966430664,59.2136344909668
2017-07-20,35.63256072998047,118.23999786376953,128.1249237060547,135.91683959960938,214.76112365722656,96.10677337646484,76.87999725341797,58.939369201660156
2017-07-21,35.60807800292969,119.26000213623047,127.54335021972656,135.8602752685547,214.56996154785156,96.51376342773438,74.72000122070312,58.89716720581055
2017-07-24,35.714176177978516,119.30999755859375,127.72230529785156,136.4824676513672,214.51779174804688,96.13745880126953,76.0,58.78464889526367
2017-07-25,35.62440872192383,118.91999816894531,128.88546752929688,136.13365173339844,215.03921508789062,94.88585662841797,78.4800033569336,58.86198425292969
2017-07-26,35.918212890625,119.87999725341797,128.16966247558594,136.5767364501953,215.04791259765625,95.03939056396484,79.68000030517578,59.26985168457031
2017-07-27,35.72233963012695,119.79000091552734,127.35543823242188,135.71885681152344,214.84799194335938,94.571044921875,80.4800033569336,59.340213775634766
2017-07-28,35.706024169921875,120.69000244140625,127.01546478271484,135.605712890625,214.59597778320312,95.13158416748047,81.36000061035156,59.1784782409668
2017-07-31,35.74681854248047,120.75,126.61284637451172,135.03062438964844,214.47430419921875,95.24676513671875,82.23999786376953,59.255828857421875
2017-08-01,35.8529167175293,120.6500015258789,126.85440063476562,135.3416748046875,214.9523468017578,95.91545867919922,80.72000122070312,59.5230598449707
2017-08-02,35.88557434082031,120.4000015258789,125.46758270263672,135.7093963623047,215.05662536621094,95.96935272216797,81.12000274658203,58.98154830932617
2017-08-03,35.7386589050293,120.58999633789062,124.84122467041016,135.18148803710938,214.63946533203125,96.96208190917969,80.16000366210938,58.86198425292969
2017-08-04,35.86924743652344,119.6500015258789,125.44970703125,135.4265899658203,215.0305633544922,96.13863372802734,81.04000091552734,59.05891036987305
2017-08-07,36.11407470703125,119.51000213623047,125.65547180175781,136.28443908691406,215.43031311035156,96.24640655517578,80.80000305175781,58.995628356933594
2017-08-08,36.12224197387695,119.86000061035156,125.26183319091797,136.0487823486328,214.90017700195312,95.90010833740234,80.4800033569336,58.714317321777344
2017-08-09,35.79579162597656,121.30999755859375,124.17914581298828,135.86968994140625,214.89151000976562,96.4233627319336,81.19999694824219,58.517433166503906
2017-08-10,34.94700622558594,122.20999908447266,121.92442321777344,132.9565887451172,211.8582305908203,97.24684143066406,79.27999877929688,58.0954475402832
2017-08-11,35.02861785888672,122.79000091552734,122.10342407226562,133.96533203125,212.17115783691406,97.29295349121094,79.91999816894531,57.73680877685547
2017-08-14,35.38772201538086,121.91999816894531,123.95545959472656,135.69053649902344,214.27438354492188,96.79275512695312,77.76000213623047,58.700252532958984
2017-08-15,35.42852783203125,120.9800033569336,122.93548583984375,135.78475952148438,214.248291015625,96.38490295410156,78.0,58.524436950683594
2017-08-16,35.79579162597656,121.87000274658203,122.97129821777344,136.02049255371094,214.62203979492188,96.7389144897461,76.55999755859375,58.756526947021484
2017-08-17,35.33876037597656,122.48999786376953,120.72547149658203,133.23939514160156,211.27590942382812,97.46227264404297,76.95999908447266,58.39081954956055
2017-08-18,35.640724182128906,122.30000305175781,120.7165756225586,133.14508056640625,210.9456329345703,97.43922424316406,79.76000213623047,57.80010986328125
2017-08-21,35.77131271362305,122.76000213623047,120.63603973388672,132.97537231445312,211.1107635498047,97.67774963378906,77.68000030517578,58.418968200683594
2017-08-22,36.17121505737305,122.20999908447266,121.94231414794922,135.00234985351562,213.3184051513672,97.30065155029297,78.16000366210938,58.250179290771484
2017-08-23,36.34260177612305,122.66999816894531,121.74551391601562,134.5215606689453,212.55357360839844,97.96244049072266,79.04000091552734,58.847957611083984
2017-08-24,36.45686340332031,122.29000091552734,122.121337890625,134.12562561035156,212.0581512451172,97.60077667236328,77.68000030517578,58.66509246826172
2017-08-25,36.6690559387207,122.73999786376953,122.4702377319336,133.84275817871094,212.55357360839844,97.97787475585938,78.0,58.9463996887207
2017-08-28,36.538482666015625,124.69000244140625,122.98918151855469,134.25759887695312,212.56219482421875,97.91631317138672,76.23999786376953,58.49629592895508
2017-08-29,36.47319030761719,124.41999816894531,123.01603698730469,134.78553771972656,212.80557250976562,98.23180389404297,75.68000030517578,58.433021545410156
2017-08-30,36.53031539916992,124.36000061035156,123.80337524414062,136.36932373046875,213.8137969970703,98.20099639892578,75.04000091552734,58.76355743408203
2017-08-31,36.58744430541992,125.81999969482422,125.02018737792969,137.83059692382812,215.10009765625,98.49344635009766,77.04000091552734,59.10110092163086
2017-09-01,36.856773376464844,126.05999755859375,125.7270278930664,137.64208984375,215.40431213378906,97.74007415771484,77.36000061035156,59.305049896240234
2017-09-05,36.375244140625,127.45999908447266,124.51914978027344,136.40708923339844,213.85723876953125,99.2900161743164,79.36000061035156,59.14329528808594
2017-09-06,36.6119270324707,126.80999755859375,124.77865600585938,136.82180786132812,214.5873260498047,98.68083953857422,80.31999969482422,59.298011779785156
2017-09-07,36.88124465942383,128.1300048828125,124.4654769897461,137.1423797607422,214.5612335205078,99.69097137451172,80.23999786376953,59.67779541015625
2017-09-08,36.63641357421875,127.97000122070312,124.56392669677734,135.95448303222656,214.3092041015625,99.47512817382812,77.83999633789062,59.72700881958008
2017-09-11,37.12610626220703,126.19000244140625,125.87018585205078,137.5194549560547,216.59494018554688,98.28756713867188,78.55999755859375,60.27552032470703
2017-09-12,37.08528137207031,126.55999755859375,126.63968658447266,137.84945678710938,217.32504272460938,97.77091217041016,78.95999908447266,59.56525421142578
2017-09-13,36.8894157409668,125.61000061035156,127.01546478271484,138.0380401611328,217.42930603027344,97.3853530883789,80.55999755859375,59.41053009033203
2017-09-14,36.98734664916992,126.16000366210938,126.89913940429688,137.22723388671875,217.3597869873047,97.78633880615234,81.04000091552734,59.90279006958008
2017-09-15,37.20771026611328,125.52999877929688,127.41802978515625,137.69859313964844,217.6524658203125,97.82489013671875,81.5999984741211,60.01532745361328
2017-09-18,37.338294982910156,124.36000061035156,128.2859649658203,137.5181121826172,218.11534118652344,97.261962890625,81.36000061035156,59.691837310791016
2017-09-19,37.41990661621094,124.62000274658203,128.2859649658203,137.75439453125,218.3336944580078,97.02291107177734,80.87999725341797,59.298011779785156
2017-09-20,37.248512268066406,123.62000274658203,128.69752502441406,137.32920837402344,218.41233825683594,97.09233093261719,81.91999816894531,59.13628387451172
2017-09-21,37.248512268066406,122.68000030517578,128.5633544921875,136.48834228515625,217.82708740234375,97.03833770751953,82.0,59.023746490478516
2017-09-22,37.03632736206055,123.23999786376953,129.1090850830078,136.35601806640625,217.8707733154297,97.31595611572266,81.91999816894531,58.60743713378906
2017-09-25,36.40789031982422,124.52999877929688,129.2880401611328,134.91990661621094,217.4253387451172,97.92513275146484,84.4000015258789,58.948455810546875
2017-09-26,36.309959411621094,123.13999938964844,129.6997528076172,135.26951599121094,217.55633544921875,97.74777221679688,83.91999816894531,59.047916412353516
2017-09-27,36.17937469482422,121.9800033569336,132.23793029785156,136.48834228515625,218.40359497070312,96.27489471435547,84.16000366210938,58.51506423950195
2017-09-28,36.15489196777344,122.20999908447266,132.58773803710938,136.44107055664062,218.66558837890625,95.98959350585938,83.44000244140625,58.91292190551758
2017-09-29,36.57111740112305,121.58000183105469,132.90164184570312,137.4236297607422,219.43418884277344,96.20552062988281,83.44000244140625,59.03369903564453
2017-10-02,36.57927703857422,120.7699966430664,134.53396606445312,137.5465087890625,220.38629150390625,96.02934265136719,81.68000030517578,58.948455810546875
2017-10-03,37.15873718261719,120.83000183105469,134.82997131347656,137.83937072753906,220.85789489746094,96.12206268310547,81.44000244140625,58.863182067871094
2017-10-04,37.150577545166016,121.16999816894531,134.39947509765625,137.97164916992188,221.11997985839844,96.12979888916016,80.63999938964844,59.16157913208008
2017-10-05,37.428062438964844,120.5199966430664,134.76715087890625,139.32275390625,222.43011474609375,95.76663970947266,82.0,59.37474060058594
2017-10-06,37.2403564453125,121.08999633789062,134.578857421875,139.51174926757812,222.1768035888672,95.49617767333984,79.76000213623047,59.182884216308594
2017-10-09,37.21586608886719,122.08000183105469,134.02273559570312,139.3511505126953,221.80996704101562,95.79753112792969,80.0,59.325008392333984
2017-10-10,37.583133697509766,122.4000015258789,134.40846252441406,139.45506286621094,222.39523315429688,95.95206451416016,82.23999786376953,59.502628326416016
2017-10-11,37.754520416259766,122.79000091552734,134.3097686767578,139.8706817626953,222.74452209472656,96.13751983642578,82.87999725341797,59.70155715942383
2017-10-12,37.73820114135742,122.88999938964844,134.2111053466797,139.61561584472656,222.41262817382812,96.54705047607422,81.83999633789062,60.085208892822266
2017-10-13,38.08097839355469,123.81999969482422,133.96888732910156,140.15414428710938,222.6833953857422,97.24246215820312,82.95999908447266,60.24152374267578
2017-10-16,38.05649185180664,122.97000122070312,133.85240173339844,140.6360626220703,222.98040771484375,97.17296600341797,83.68000030517578,59.94310760498047
2017-10-17,37.86061096191406,122.12999725341797,133.46670532226562,140.81558227539062,223.13754272460938,97.29652404785156,83.91999816894531,60.014137268066406
2017-10-18,37.95039367675781,121.66999816894531,134.10348510742188,140.64547729492188,223.35595703125,96.65522766113281,83.83999633789062,59.950218200683594
2017-10-19,37.615779876708984,122.38999938964844,133.89715576171875,140.12586975097656,223.4171600341797,96.8252182006836,82.80000305175781,59.77260208129883
2017-10-20,37.754520416259766,121.61000061035156,134.51609802246094,140.50375366210938,224.57005310058594,95.79753112792969,83.44000244140625,59.431556701660156
2017-10-23,37.45256042480469,121.80000305175781,133.51153564453125,139.5873565673828,223.69659423828125,95.96756744384766,83.36000061035156,59.204219818115234
2017-10-24,37.45256042480469,121.33000183105469,133.78958129882812,139.8235321044922,224.08966064453125,95.37255859375,84.31999969482422,58.84897994995117
2017-10-25,37.37093734741211,121.3499984741211,133.1437530517578,139.29440307617188,222.98040771484375,94.91670227050781,83.83999633789062,58.678466796875
2017-10-26,37.11793899536133,120.33000183105469,133.42184448242188,138.85037231445312,223.26858520507812,94.59986877441406,84.55999755859375,58.19532775878906
2017-10-27,37.656578063964844,120.9000015258789,134.34564208984375,142.8941650390625,225.0940704345703,95.22576904296875,86.72000122070312,58.45820617675781
2017-10-30,37.41990661621094,121.12999725341797,132.92855834960938,143.2153778076172,224.25564575195312,96.13751983642578,86.95999908447266,58.40847396850586
2017-10-31,37.77085494995117,120.66999816894531,133.87025451660156,143.7539520263672,224.60499572753906,96.16846466064453,87.44000244140625,58.401363372802734
2017-11-01,37.96671676635742,121.11000061035156,132.9823760986328,143.7067413330078,224.90196228027344,96.59664916992188,87.19999694824219,58.68557357788086
2017-11-02,38.015689849853516,121.19000244140625,133.3769989013672,143.43272399902344,224.9892578125,97.02250671386719,87.91999816894531,59.182884216308594
2017-11-03,37.8198127746582,120.62000274658203,133.2872772216797,144.81210327148438,225.74049377441406,97.28578186035156,89.44000244140625,59.03369903564453
2017-11-06,38.24420928955078,121.6500015258789,133.43975830078125,145.30343627929688,226.08982849121094,97.649658203125,92.08000183105469,59.431556701660156
2017-11-07,37.999366760253906,121.20999908447266,131.84324645996094,145.38845825195312,225.93263244628906,98.06008911132812,91.91999816894531,59.914703369140625
2017-11-08,38.17890548706055,121.62999725341797,132.02272033691406,145.97427368164062,226.31692504882812,97.84331512451172,91.27999877929688,60.21309280395508
2017-11-09,37.942237854003906,122.12999725341797,131.5562744140625,145.20899963378906,225.4958953857422,97.56451416015625,91.68000030517578,60.27703094482422
2017-11-10,37.77900314331055,121.12999725341797,131.4575958251953,145.19947814941406,225.42604064941406,96.09332275390625,91.36000061035156,60.34098815917969
2017-11-13,37.6973876953125,121.30999755859375,131.4935302734375,145.37904357910156,225.63563537597656,96.2946548461914,91.04000091552734,60.64649200439453
2017-11-14,37.44438552856445,121.55999755859375,131.13473510742188,144.8499298095703,225.11163330078125,96.945068359375,89.04000091552734,60.51859664916992
2017-11-15,37.248512268066406,121.41000366210938,130.61456298828125,144.16966247558594,223.98483276367188,97.99815368652344,88.72000122070312,59.90757751464844
2017-11-16,38.02385330200195,121.4000015258789,132.53390502929688,146.01206970214844,225.88893127441406,97.1463851928711,88.55999755859375,60.404911041259766
2017-11-17,38.21155548095703,122.86000061035156,133.1437530517578,145.45460510253906,225.22512817382812,97.86653137207031,90.80000305175781,60.14204406738281
2017-11-20,38.407432556152344,121.30999755859375,134.1124725341797,145.34120178222656,225.6094207763672,97.82783508300781,90.23999786376953,59.964420318603516
2017-11-21,38.921600341796875,121.51000213623047,135.51158142089844,146.9190673828125,227.0856170654297,98.13750457763672,91.19999694824219,60.41204071044922
2017-11-22,39.019535064697266,122.62999725341797,135.3322296142578,147.0985565185547,226.88467407226562,98.45501708984375,92.80000305175781,60.27703094482422
2017-11-24,38.937923431396484,122.31999969482422,135.38601684570312,147.63710021972656,227.40870666503906,98.18400573730469,94.31999969482422,60.35517501831055
2017-11-27,38.36662673950195,122.83000183105469,134.9735107421875,147.57101440429688,227.29515075683594,98.04462432861328,92.72000122070312,60.07100296020508
2017-11-28,38.65227127075195,122.80999755859375,137.09912109375,147.94894409179688,229.6010284423828,98.17626190185547,92.63999938964844,59.843658447265625
2017-11-29,38.0401725769043,122.04000091552734,137.55653381347656,145.3695831298828,229.46131896972656,97.20835876464844,91.76000213623047,59.86495590209961
2017-11-30,37.62393569946289,121.0999984741211,137.80760192871094,146.5884246826172,231.47024536132812,96.88314056396484,91.76000213623047,59.95733642578125
2017-12-01,37.411739349365234,121.58999633789062,137.24261474609375,145.96482849121094,230.9899139404297,98.19052124023438,93.36000061035156,60.09944152832031
2017-12-04,37.485191345214844,121.18000030517578,136.7313995361328,144.28306579589844,230.7103729248047,98.23709869384766,91.91999816894531,59.80101776123047
2017-12-05,37.46070861816406,120.31999969482422,135.36807250976562,144.3775177001953,229.88058471679688,98.72593688964844,92.31999969482422,59.30369186401367
2017-12-06,36.95470428466797,120.06999969482422,134.73133850097656,145.0294189453125,229.9241943359375,99.06729888916016,89.5999984741211,59.246829986572266
2017-12-07,37.06081008911133,118.48999786376953,135.67308044433594,145.52076721191406,230.64923095703125,98.29142761230469,90.63999938964844,59.396034240722656
2017-12-08,37.49336242675781,118.4800033569336,135.79859924316406,146.1632843017578,231.90696716308594,98.29914855957031,91.91999816894531,59.70155715942383
2017-12-11,37.68107223510742,118.01000213623047,135.74478149414062,147.29702758789062,232.60572814941406,98.0973892211914,92.80000305175781,59.69444274902344
2017-12-12,37.428062438964844,118.1500015258789,135.3232879638672,147.0985565185547,233.0162353515625,98.05859375,91.5199966430664,59.9857292175293
2017-12-13,37.8769416809082,119.16999816894531,136.13046264648438,147.38201904296875,232.98997497558594,98.79572296142578,90.63999938964844,60.085208892822266
2017-12-14,37.59945297241211,118.93000030517578,134.62368774414062,147.27809143066406,232.03799438476562,99.2146987915039,91.44000244140625,60.07100296020508
2017-12-15,37.68107223510742,119.18000030517578,136.54307556152344,148.95042419433594,233.9702606201172,99.587158203125,91.68000030517578,60.44754409790039
2017-12-18,38.105464935302734,119.7300033569336,138.39060974121094,150.19924926757812,235.45391845703125,98.67931365966797,91.5199966430664,60.84543228149414
2017-12-19,37.90413284301758,119.81999969482422,137.29644775390625,149.30929565429688,234.54969787597656,97.39908599853516,92.08000183105469,59.552345275878906
2017-12-20,37.9538459777832,120.13999938964844,137.56552124023438,149.1483154296875,234.4267120361328,96.32061767578125,92.87999725341797,58.863182067871094
2017-12-21,38.202392578125,120.30999755859375,138.1677703857422,149.16725158691406,234.90960693359375,96.88197326660156,93.12000274658203,58.63520050048828
2017-12-22,38.5255126953125,120.94000244140625,137.9156951904297,148.99681091308594,234.84811401367188,97.01415252685547,93.27999877929688,59.039222717285156
2017-12-26,38.492366790771484,121.7699966430664,137.99673461914062,148.19204711914062,234.5671844482422,97.30184173583984,95.5999984741211,59.335025787353516
2017-12-27,38.591796875,122.2300033569336,137.86166381835938,148.2109832763672,234.68136596679688,98.56924438476562,95.36000061035156,59.52982711791992
2017-12-28,38.85691833496094,122.8499984741211,138.40187072753906,148.39088439941406,235.16424560546875,98.48373413085938,95.76000213623047,59.84729766845703
2017-12-29,39.039180755615234,123.6500015258789,137.25851440429688,147.4724884033203,234.2775115966797,98.63922119140625,96.08000183105469,59.86891555786133
2018-01-02,39.776554107666016,125.1500015258789,138.55490112304688,150.0572509765625,235.9542694091797,97.57401275634766,96.55999755859375,59.645286560058594
2018-01-03,40.15766906738281,124.81999969482422,138.69891357421875,151.5153045654297,237.44671630859375,98.04051971435547,98.72000122070312,59.47211837768555
2018-01-04,40.356510162353516,125.45999908447266,139.0680694580078,151.78041076660156,238.44757080078125,98.02499389648438,98.95999908447266,58.447593688964844
2018-01-05,40.7044792175293,125.33000183105469,139.35614013671875,153.3047637939453,240.03656005859375,97.74504089355469,98.4800033569336,58.476478576660156
2018-01-08,40.7044792175293,125.30999755859375,139.572265625,153.9011993408203,240.47543334960938,97.682861328125,99.04000091552734,58.779483795166016
2018-01-09,40.63819885253906,124.7300033569336,139.38316345214844,153.9107208251953,241.01983642578125,96.37662506103516,100.55999755859375,58.021915435791016
2018-01-10,40.38137435913086,125.02999877929688,139.40115356445312,153.5509033203125,240.6510467529297,96.25994873046875,101.44000244140625,57.37260055541992
2018-01-11,40.629913330078125,125.44000244140625,141.7959747314453,154.60183715820312,242.40689086914062,96.65645599365234,101.5999984741211,57.17778396606445
2018-01-12,41.01930618286133,126.95999908447266,142.39019775390625,155.73800659179688,243.98716735839844,96.81977844238281,102.95999908447266,56.716041564941406
2018-01-16,40.86189651489258,127.16999816894531,140.57151794433594,155.2930145263672,243.1531219482422,97.22408294677734,102.08000183105469,56.82426834106445
2018-01-17,41.400428771972656,126.13999938964844,141.9039764404297,156.9688720703125,245.4707794189453,97.0919418334961,102.23999786376953,57.221073150634766
2018-01-18,41.45014572143555,125.86000061035156,140.931640625,156.9972381591797,245.05812072753906,96.19001007080078,102.08000183105469,56.48517608642578
2018-01-19,41.789825439453125,126.41999816894531,142.7863006591797,157.4895477294922,246.17308044433594,95.6845703125,101.76000213623047,56.788185119628906
2018-01-22,42.030086517333984,126.6500015258789,143.55152893066406,159.1748504638672,248.17466735839844,95.77787780761719,102.23999786376953,57.307655334472656
2018-01-23,42.22893524169922,127.27999877929688,144.01071166992188,160.49085998535156,248.70152282714844,96.19001007080078,103.76000213623047,58.10127639770508
2018-01-24,42.58518981933594,128.8300018310547,143.119384765625,159.449462890625,248.6049041748047,95.66900634765625,105.76000213623047,57.79829406738281
2018-01-25,42.56033706665039,127.97000122070312,143.17340087890625,159.39266967773438,248.7102508544922,96.454345703125,104.4800033569336,57.69725036621094
2018-01-26,43.14857864379883,128.07000732421875,143.68658447265625,161.83535766601562,251.58973693847656,96.0966796875,105.91999816894531,57.49524688720703
2018-01-29,42.49405288696289,127.3499984741211,142.87631225585938,161.04946899414062,249.9217987060547,95.42798614501953,104.87999725341797,56.72325897216797
2018-01-30,41.91409683227539,126.80000305175781,141.50784301757812,159.72398376464844,247.3583221435547,94.8681640625,103.19999694824219,56.31201934814453
2018-01-31,42.27864456176758,127.6500015258789,140.76962280273438,160.38674926757812,247.48117065429688,95.42798614501953,103.83999633789062,57.32208251953125
2018-02-01,41.70697021484375,128.07000732421875,141.21080017089844,159.0233917236328,247.2001953125,94.04496002197266,105.91999816894531,56.08835220336914
2018-02-02,40.63819885253906,126.38999938964844,138.49191284179688,155.85157775878906,241.8187713623047,93.17230224609375,104.31999969482422,55.6121711730957
2018-02-05,39.213172912597656,126.70999908447266,133.171142578125,149.7069549560547,231.70526123046875,94.05274200439453,102.16000366210938,53.9599723815918
2018-02-06,40.489070892333984,125.37999725341797,134.76466369628906,153.67398071289062,236.2703399658203,93.46835327148438,101.5999984741211,53.96717834472656
2018-02-07,39.213172912597656,124.79000091552734,134.89971923828125,151.68576049804688,234.98863220214844,92.58014678955078,98.95999908447266,53.73631286621094
2018-02-08,37.85441970825195,124.9800033569336,130.9384765625,145.28543090820312,226.17449951171875,92.47886657714844,96.72000122070312,52.19231414794922
2018-02-09,38.459228515625,124.7699966430664,132.13577270507812,147.79441833496094,229.57191467285156,91.89447021484375,94.87999725341797,53.49820327758789
2018-02-12,39.06404113769531,125.37000274658203,133.38720703125,150.4169921875,232.94309997558594,92.29962921142578,95.12000274658203,53.519874572753906
2018-02-13,39.362300872802734,126.08000183105469,133.67529296875,151.1934356689453,233.5224609375,92.71258544921875,94.95999908447266,53.89503860473633
2018-02-14,40.34822463989258,128.22999572753906,136.0791015625,154.02427673339844,236.67410278320312,91.68412017822266,97.44000244140625,53.50541687011719
2018-02-15,41.176734924316406,128.3800048828125,137.5645751953125,156.88363647460938,239.6941375732422,91.99576568603516,98.63999938964844,54.02488708496094
2018-02-16,41.04417037963867,127.95999908447266,138.0507354736328,156.18299865722656,239.76441955566406,92.49444580078125,99.04000091552734,54.32071304321289
2018-02-20,40.48078536987305,126.23999786376953,136.91639709472656,156.4954071044922,238.2632293701172,92.08927917480469,99.12000274658203,53.678585052490234
2018-02-21,40.44765853881836,125.66000366210938,137.06045532226562,156.0504608154297,237.0779266357422,90.95946502685547,98.31999969482422,52.61800003051758
2018-02-22,40.47249221801758,126.30000305175781,136.84439086914062,156.03152465820312,237.38522338867188,91.23220825195312,100.72000122070312,53.216827392578125
2018-02-23,41.193302154541016,126.13999938964844,138.62689208984375,159.22216796875,241.1690673828125,92.04254150390625,102.16000366210938,54.06819152832031
2018-02-26,41.57441329956055,126.44999694824219,139.53623962402344,161.33349609375,243.9695281982422,92.07366180419922,102.87999725341797,54.219696044921875
2018-02-27,40.36479568481445,125.12999725341797,137.52854919433594,159.33583068847656,240.9232177734375,91.94122314453125,101.19999694824219,52.95709228515625
2018-02-28,39.78484344482422,125.0,135.35891723632812,158.3133544921875,238.48265075683594,92.52555847167969,98.95999908447266,52.92102813720703
2018-03-01,39.710269927978516,124.72000122070312,134.9987030029297,155.72853088378906,235.01498413085938,93.1572036743164,98.80000305175781,52.97151565551758
2018-03-02,39.8759765625,125.38999938964844,137.1595001220703,157.158203125,236.2264862060547,92.39988708496094,98.95999908447266,52.94988250732422
2018-03-05,39.93397521972656,125.18000030517578,138.38380432128906,158.9002685546875,238.95668029785156,92.15006256103516,100.72000122070312,53.54869842529297
2018-03-06,40.30680465698242,126.52999877929688,139.8783416748047,159.572509765625,239.56248474121094,92.2359619140625,100.55999755859375,53.80124282836914
2018-03-07,40.34822463989258,125.72000122070312,141.11172485351562,159.94174194335938,239.47474670410156,92.13446807861328,98.80000305175781,54.133121490478516
2018-03-08,40.356510162353516,125.41999816894531,140.82366943359375,160.82232666015625,240.63345336914062,92.66533660888672,97.19999694824219,54.23411178588867
2018-03-09,41.21815872192383,125.54000091552734,143.07440185546875,163.94668579101562,244.82113647460938,92.05635833740234,99.76000213623047,54.52994918823242
2018-03-12,41.31756591796875,125.54000091552734,143.3264923095703,164.8177032470703,244.51385498046875,92.58726501464844,98.95999908447266,54.768028259277344
2018-03-13,40.94474411010742,125.77999877929688,142.66026306152344,162.57382202148438,242.9336395263672,93.05570983886719,97.91999816894531,54.81854248046875
2018-03-14,41.01103210449219,125.69999694824219,141.9850311279297,162.54541015625,241.68701171875,93.87549591064453,98.23999786376953,54.86903762817383
2018-03-15,40.86189651489258,124.9000015258789,141.2738037109375,162.40338134765625,241.42369079589844,93.87549591064453,98.72000122070312,54.854618072509766
2018-03-16,40.7707633972168,124.5999984741211,142.0660400390625,161.92054748535156,241.6855010986328,93.53975677490234,100.4000015258789,55.236995697021484
2018-03-19,40.33165740966797,124.87000274658203,140.69761657714844,158.46580505371094,238.4153594970703,93.24308013916016,100.4000015258789,54.76081848144531
2018-03-20,40.779052734375,124.30999755859375,140.6615447998047,158.98731994628906,238.82081604003906,92.86831665039062,102.4800033569336,54.5732307434082
2018-03-21,41.01930618286133,126.4800033569336,141.4808349609375,158.29510498046875,238.3624267578125,92.9698715209961,105.44000244140625,54.1692008972168
2018-03-22,39.652286529541016,125.9800033569336,138.37852478027344,154.38803100585938,232.40402221679688,93.89110565185547,103.5999984741211,53.851749420166016
2018-03-23,38.8486328125,127.61000061035156,135.40069580078125,150.3196563720703,227.45050048828125,93.82079315185547,106.23999786376953,52.89215850830078
2018-03-26,40.10795593261719,128.27999877929688,138.36045837402344,155.90530395507812,233.6732940673828,93.4616928100586,105.68000030517578,53.49391555786133
2018-03-27,39.378868103027344,127.48999786376953,135.68040466308594,150.86019897460938,229.6981201171875,94.46102905273438,104.63999938964844,53.6978759765625
2018-03-28,39.18003845214844,125.7300033569336,135.6352996826172,149.12477111816406,229.0194091796875,94.71089172363281,104.31999969482422,55.04560089111328
2018-03-29,40.00025177001953,125.79000091552734,137.00697326660156,151.85592651367188,231.94573974609375,95.17150115966797,104.72000122070312,54.980037689208984
2018-04-02,39.279449462890625,127.26000213623047,133.6681365966797,147.4746551513672,226.93930053710938,95.35926818847656,101.91999816894531,54.236968994140625
2018-04-03,39.66885757446289,126.30000305175781,135.58116149902344,149.13427734375,229.847900390625,94.62381744384766,102.4800033569336,54.6959342956543
2018-04-04,39.685420989990234,126.44999694824219,137.30462646484375,151.48606872558594,232.3070831298828,94.42822265625,102.55999755859375,55.27143859863281
2018-04-05,39.78484344482422,125.80000305175781,138.44166564941406,152.3490447998047,234.14048767089844,93.72406768798828,102.63999938964844,55.249603271484375
2018-04-06,39.00605010986328,126.38999938964844,135.68040466308594,148.53683471679688,228.92245483398438,94.7490234375,100.08000183105469,54.8343391418457
2018-04-09,39.04747772216797,126.81999969482422,135.8428192138672,149.5799560546875,230.0506591796875,94.90547943115234,102.16000366210938,54.65950393676758
2018-04-10,39.80970001220703,127.12000274658203,138.4055633544922,152.8801727294922,233.70852661132812,94.73336029052734,106.0,54.601219177246094
2018-04-11,39.82625961303711,128.11000061035156,138.70335388183594,151.99818420410156,232.4833984375,95.06979370117188,107.5999984741211,54.71778106689453
2018-04-12,39.80970001220703,126.62000274658203,139.65084838867188,153.8284912109375,234.39608764648438,94.37346649169922,108.16000366210938,54.1058464050293
2018-04-13,39.412010192871094,127.44999694824219,138.91990661621094,153.03187561035156,233.70852661132812,94.59255981445312,108.4000015258789,54.38996505737305
2018-04-16,39.461727142333984,127.62999725341797,140.2012939453125,154.19830322265625,235.6300811767578,94.62381744384766,107.04000091552734,54.725074768066406
2018-04-17,39.544578552246094,127.75,141.726318359375,157.51748657226562,238.1509552001953,94.88204956054688,107.27999877929688,55.36616516113281
2018-04-18,39.884254455566406,127.8499984741211,142.10531616210938,157.8398895263672,238.32720947265625,94.12307739257812,111.04000091552734,55.249603271484375
2018-04-19,39.652286529541016,127.5999984741211,141.12173461914062,156.3889923095703,237.005126953125,93.35633850097656,110.16000366210938,54.4482421875
2018-04-20,39.155174255371094,126.62999725341797,140.36370849609375,153.91375732421875,234.995361328125,92.68347930908203,110.0,53.945579528808594
2018-04-23,38.8403434753418,125.62000274658203,140.1562042236328,153.5249786376953,234.96018981933594,92.70693969726562,111.36000061035156,53.9018669128418
2018-04-24,38.65807342529297,126.2300033569336,139.3530731201172,150.27227783203125,231.79588317871094,92.28443145751953,109.44000244140625,54.1058464050293
2018-04-25,38.35981369018555,125.41000366210938,139.14553833007812,150.4524383544922,232.3688201904297,91.66631317138672,109.76000213623047,54.003849029541016
2018-04-26,38.91490936279297,124.97000122070312,139.78619384765625,153.61985778808594,234.73104858398438,92.30790710449219,110.16000366210938,54.71050262451172
2018-04-27,39.155174255371094,125.5,139.58773803710938,153.71469116210938,234.9513397216797,93.0198745727539,109.83999633789062,55.6502799987793
2018-04-30,38.87348175048828,124.58999633789062,138.35142517089844,152.62403869628906,233.14450073242188,93.18421936035156,110.4000015258789,55.431705474853516
2018-05-01,38.68292236328125,123.70999908447266,139.0282440185547,154.36900329589844,233.55877685546875,92.84861755371094,108.87999725341797,55.93438720703125
2018-05-02,38.37638473510742,123.6500015258789,139.5515594482422,153.45863342285156,231.9898223876953,92.74665832519531,109.36000061035156,55.730411529541016
2018-05-03,38.293521881103516,124.27999877929688,138.79354858398438,153.43963623046875,231.47857666015625,93.16222381591797,110.55999755859375,55.69397735595703
2018-05-04,38.46752166748047,124.54000091552734,140.52609252929688,156.3510284423828,234.47535705566406,93.30338287353516,112.72000122070312,56.305912017822266
2018-05-07,38.24382019042969,124.56999969482422,141.71730041503906,157.65023803710938,235.26869201660156,93.15444946289062,112.80000305175781,56.684757232666016
2018-05-08,38.459228515625,124.58999633789062,142.42112731933594,157.4890594482422,235.26869201660156,93.06812286376953,112.4800033569336,56.400630950927734
2018-05-09,38.533809661865234,124.33000183105469,143.18809509277344,159.20550537109375,237.54273986816406,92.51143646240234,114.95999908447266,56.77944564819336
2018-05-10,39.33745193481445,125.18000030517578,143.95513916015625,160.85556030273438,239.7639617919922,93.25635528564453,115.27999877929688,57.223838806152344
2018-05-11,39.27116775512695,125.0,144.23487854003906,160.70384216308594,240.49554443359375,93.49160766601562,114.0,57.027137756347656
2018-05-14,39.32087326049805,124.48999786376953,143.68447875976562,160.9788360595703,240.61012268066406,92.9975814819336,115.04000091552734,56.53905487060547
2018-05-15,38.50893783569336,122.4800033569336,143.71153259277344,159.19598388671875,238.95306396484375,91.93903350830078,115.19999694824219,55.62113571166992
2018-05-16,39.088890075683594,122.29000091552734,145.20948791503906,160.2486572265625,239.95782470703125,91.586181640625,115.68000030517578,55.45357894897461
2018-05-17,38.492366790771484,122.36000061035156,145.87722778320312,159.6322479248047,239.755126953125,91.12355041503906,115.91999816894531,55.1767463684082
2018-05-18,38.16925811767578,122.41000366210938,146.0666961669922,158.80718994140625,239.15574645996094,91.90766906738281,115.44000244140625,55.249603271484375
2018-05-21,38.401241302490234,122.4800033569336,147.03224182128906,159.6986541748047,240.9538116455078,91.9546890258789,117.36000061035156,55.905242919921875
2018-05-22,38.533809661865234,122.41000366210938,145.9674072265625,159.48997497558594,240.28399658203125,91.81355285644531,116.4800033569336,55.985382080078125
2018-05-23,38.517234802246094,122.54000091552734,146.1569061279297,160.83663940429688,240.9450225830078,92.48005676269531,116.08000183105469,56.54633331298828
2018-05-24,38.31010055541992,123.58999633789062,146.21107482910156,160.78919982910156,240.45140075683594,93.21708679199219,114.31999969482422,56.42977523803711
2018-05-25,38.46752166748047,123.20999908447266,145.94943237304688,160.950439453125,239.8785858154297,93.79737091064453,109.44000244140625,56.62646484375
2018-05-29,37.57272720336914,123.19000244140625,145.7509002685547,160.23919677734375,237.11972045898438,95.85177612304688,108.08000183105469,56.8960075378418
2018-05-30,37.87098693847656,123.37000274658203,148.0609130859375,161.3866729736328,240.28399658203125,95.20881652832031,110.63999938964844,57.668209075927734
2018-05-31,37.85441970825195,123.0999984741211,146.87881469726562,161.28233337402344,238.81207275390625,95.05196380615234,108.4000015258789,57.47151565551758
2018-06-01,38.38467025756836,122.48999786376953,147.84439086914062,163.81439208984375,241.15658569335938,94.54981994628906,106.0,57.726505279541016
2018-06-04,38.77406311035156,122.37000274658203,148.62945556640625,165.2937469482422,242.30247497558594,93.86600494384766,104.95999908447266,58.22917175292969
2018-06-05,38.475807189941406,122.8499984741211,149.54986572265625,165.80589294433594,242.47866821289062,94.0860824584961,105.76000213623047,58.076175689697266
2018-06-06,39.05575180053711,122.91999816894531,150.63270568847656,166.7731475830078,244.50596618652344,93.32369995117188,105.27999877929688,58.214599609375
2018-06-07,38.459228515625,122.86000061035156,149.81158447265625,165.4170684814453,244.4795379638672,94.22755432128906,106.80000305175781,58.214599609375
2018-06-08,38.38467025756836,123.01000213623047,150.26272583007812,165.426513671875,245.20220947265625,93.944580078125,106.16000366210938,58.42585754394531
2018-06-11,38.38467025756836,123.2300033569336,150.4883270263672,165.87225341796875,245.5283966064453,93.77168273925781,106.87999725341797,58.33843994140625
2018-06-12,38.285247802734375,122.81999969482422,151.17416381835938,166.74476623535156,245.84573364257812,93.79525756835938,107.19999694824219,58.688114166259766
2018-06-13,38.028411865234375,123.19000244140625,150.57858276367188,166.73524475097656,245.06126403808594,93.74811553955078,107.76000213623047,57.54436111450195
2018-06-14,37.771568298339844,123.37999725341797,151.38165283203125,168.42327880859375,245.6782684326172,94.52617645263672,108.16000366210938,58.09075927734375
2018-06-15,37.47331237792969,121.33999633789062,151.42678833007812,167.83526611328125,245.36480712890625,94.6126480102539,104.4000015258789,58.054344177246094
2018-06-18,37.01762771606445,121.11000061035156,152.13966369628906,167.7384033203125,244.86021423339844,94.52617645263672,106.31999969482422,58.07050704956055
2018-06-19,36.609012603759766,120.80000305175781,152.1487274169922,167.26318359375,243.92173767089844,95.07634735107422,105.12000274658203,58.01167297363281
2018-06-20,36.767459869384766,120.26000213623047,153.37586975097656,168.45111083984375,244.33773803710938,94.24325561523438,106.23999786376953,58.6587028503418
2018-06-21,36.250423431396484,120.05000305175781,151.94110107421875,166.987548828125,242.80606079101562,94.73841094970703,106.4800033569336,58.93811798095703
2018-06-22,36.62568664550781,120.33999633789062,151.435791015625,166.61691284179688,243.24874877929688,94.73053741455078,112.16000366210938,59.40132522583008
2018-06-25,36.1336784362793,119.88999938964844,148.96334838867188,162.86300659179688,239.93746948242188,94.94270324707031,110.16000366210938,59.24691390991211
2018-06-26,35.99191665649414,119.26000213623047,149.82957458496094,163.5282440185547,240.46868896484375,95.07634735107422,114.16000366210938,59.438079833984375
2018-06-27,35.29975891113281,118.58000183105469,147.4292449951172,161.3043975830078,238.47665405273438,95.97234344482422,117.19999694824219,59.210147857666016
2018-06-28,35.599971771240234,118.22000122070312,147.88046264648438,162.69195556640625,239.840087890625,95.99591064453125,118.87999725341797,59.73953628540039
2018-06-29,36.1336784362793,118.6500015258789,147.7811737060547,163.12913513183594,240.18539428710938,95.66580963134766,120.4800033569336,59.88658142089844
2018-07-02,35.77509307861328,117.45999908447266,148.8008575439453,164.2220458984375,240.69886779785156,95.59098815917969,119.68000030517578,59.55570983886719
2018-07-03,35.800113677978516,118.6500015258789,149.39410400390625,162.3213348388672,239.8489532470703,96.10298156738281,119.36000061035156,60.004234313964844
2018-07-05,35.70838165283203,119.05000305175781,151.09669494628906,164.33607482910156,241.80557250976562,96.37870025634766,118.23999786376953,60.71742630004883
2018-07-06,36.20038986206055,118.86000061035156,152.3736572265625,166.8925018310547,243.8508758544922,96.69378662109375,119.68000030517578,61.04093933105469
2018-07-09,36.85084533691406,119.1500015258789,153.3335723876953,168.39413452148438,246.04661560058594,96.07151794433594,120.23999786376953,60.5556640625
2018-07-10,36.767459869384766,118.93000030517578,152.63623046875,168.5176239013672,246.931884765625,96.06361389160156,120.55999755859375,60.6806640625
2018-07-11,36.0502815246582,117.63999938964844,151.34120178222656,167.66229248046875,245.1257781982422,96.43386840820312,114.4800033569336,60.4821662902832
2018-07-12,36.54230499267578,118.12999725341797,152.07476806640625,170.55137634277344,247.3480987548828,96.42598724365234,115.12000274658203,60.665950775146484
2018-07-13,36.567317962646484,117.61000061035156,151.62197875976562,170.69393920898438,247.54290771484375,96.67018127441406,115.76000213623047,60.4821662902832
2018-07-16,36.367183685302734,117.55000305175781,151.03326416015625,170.2852783203125,247.32159423828125,96.2684326171875,111.5199966430664,60.15863037109375
2018-07-17,36.634029388427734,116.27999877929688,151.70343017578125,171.32118225097656,248.322021484375,96.08726501464844,111.5999984741211,59.76158142089844
2018-07-18,36.59233093261719,116.30999755859375,152.12908935546875,170.99806213378906,248.84442138671875,95.70130157470703,112.80000305175781,59.49691390991211
2018-07-19,36.14201736450195,115.80999755859375,153.20680236816406,170.1427764892578,247.90589904785156,96.30778503417969,113.04000091552734,60.19538497924805
2018-07-20,36.65904235839844,116.55999755859375,152.58193969726562,170.10475158691406,247.62254333496094,95.12621307373047,113.19999694824219,59.61455154418945
2018-07-23,36.41721725463867,116.0,152.77210998535156,170.64642333984375,248.0829620361328,93.95250701904297,112.72000122070312,59.48954772949219
2018-07-24,36.95092010498047,116.04000091552734,151.14198303222656,171.34971618652344,249.33128356933594,94.27547454833984,113.83999633789062,59.1880989074707
2018-07-25,37.55134582519531,116.68000030517578,151.69439697265625,173.7445831298828,251.4563446044922,94.12580871582031,115.36000061035156,59.65864944458008
2018-07-26,37.134376525878906,115.7699966430664,152.5094451904297,171.1121368408203,250.8630828857422,93.94458770751953,115.76000213623047,59.85717010498047
2018-07-27,37.26781463623047,115.83000183105469,149.665771484375,168.80276489257812,249.16310119628906,94.10218811035156,114.55999755859375,59.21750259399414
2018-07-30,37.20943069458008,115.6500015258789,148.705810546875,166.41734313964844,247.86163330078125,93.77922821044922,116.31999969482422,59.2542610168457
2018-07-31,37.40958023071289,115.98999786376953,150.21820068359375,167.6908721923828,249.0834503173828,94.2912368774414,114.23999786376953,60.24684524536133
2018-08-01,37.07600784301758,115.13999938964844,150.11854553222656,168.32757568359375,248.66725158691406,93.52304077148438,112.72000122070312,60.67331314086914
2018-08-02,36.58399200439453,114.5199966430664,151.21438598632812,170.6179656982422,250.0219268798828,93.65727233886719,114.87999725341797,60.43069076538086
2018-08-03,36.86752700805664,114.91999816894531,150.6891632080078,171.140625,251.09323120117188,94.12307739257812,114.16000366210938,61.085079193115234
2018-08-06,36.58399200439453,114.33000183105469,151.53138732910156,172.14804077148438,252.01405334472656,94.17832946777344,114.4800033569336,61.00418472290039
2018-08-07,36.95925521850586,114.58999633789062,151.89361572265625,172.77520751953125,252.8462677001953,93.68885803222656,114.87999725341797,60.89387130737305
2018-08-08,36.90922164916992,114.91000366210938,151.75784301757812,172.98428344726562,252.74009704589844,93.78358459472656,111.19999694824219,60.54095458984375
2018-08-09,36.80081558227539,114.73999786376953,152.147216796875,172.87977600097656,252.39483642578125,94.5730972290039,111.04000091552734,60.57035827636719
2018-08-10,36.01692581176758,114.69000244140625,151.7216033935547,171.55877685546875,250.70372009277344,95.25993347167969,112.63999938964844,60.107173919677734
2018-08-13,35.42485427856445,112.95999908447266,150.83401489257812,171.36874389648438,249.76515197753906,95.06256103515625,112.08000183105469,59.9895133972168
2018-08-14,35.64166259765625,113.06999969482422,152.32838439941406,172.44261169433594,251.35885620117188,94.84942626953125,111.91999816894531,60.28362274169922
2018-08-15,34.61594772338867,111.19000244140625,150.4174346923828,170.33285522460938,249.48182678222656,95.40204620361328,108.08000183105469,60.746856689453125
2018-08-16,34.832767486572266,111.0999984741211,151.81216430664062,170.89358520507812,251.5005340576172,95.39415740966797,109.04000091552734,61.23944854736328
2018-08-17,35.1996955871582,112.12999725341797,152.4642333984375,170.93154907226562,252.38587951660156,95.51260375976562,109.5199966430664,61.80560302734375
2018-08-20,35.35813522338867,112.69000244140625,152.8898468017578,170.77947998046875,252.9259490966797,96.15208435058594,110.08000183105469,61.849735260009766
2018-08-21,35.80844497680664,113.0199966430664,154.64678955078125,171.40675354003906,253.5191650390625,95.82836151123047,110.63999938964844,61.4747314453125
2018-08-22,36.091976165771484,113.2699966430664,155.0271453857422,172.07196044921875,253.36868286132812,96.20733642578125,114.16000366210938,61.1291618347168
2018-08-23,35.50823974609375,112.19999694824219,154.5562286376953,171.8248748779297,253.03228759765625,96.3573226928711,114.16000366210938,60.97475051879883
2018-08-24,36.167030334472656,114.16000366210938,155.39845275878906,173.42144775390625,254.55502319335938,96.54678344726562,115.44000244140625,61.33503341674805
2018-08-27,36.68406295776367,114.58999633789062,155.62489318847656,175.18911743164062,256.56488037109375,95.99417877197266,116.0,61.114471435546875
2018-08-28,36.550636291503906,113.68000030517578,155.76974487304688,175.44578552246094,256.6888427734375,95.41781616210938,115.44000244140625,61.93794250488281
2018-08-29,36.77579879760742,114.19999694824219,156.22259521484375,177.47003173828125,258.070068359375,95.54415130615234,117.27999877929688,61.95265197753906
2018-08-30,35.81679153442383,113.63999938964844,156.09579467773438,177.1563720703125,257.0252685546875,95.74945068359375,118.0,61.55562973022461
2018-08-31,36.000247955322266,113.51000213623047,156.6935577392578,177.38449096679688,257.03411865234375,95.52836608886719,117.68000030517578,61.79824447631836
2018-09-04,35.29975891113281,112.93000030517578,155.99615478515625,176.62420654296875,256.5914001464844,94.97600555419922,116.63999938964844,61.062992095947266
2018-09-05,34.79106903076172,113.31999969482422,155.57960510253906,174.34336853027344,255.90081787109375,94.72286224365234,115.91999816894531,61.41592788696289
2018-09-06,34.824424743652344,113.54000091552734,154.5290069580078,172.78477478027344,255.13055419921875,95.07101440429688,114.4000015258789,61.59238052368164
2018-09-07,34.64930725097656,113.2300033569336,154.447509765625,172.11952209472656,254.63473510742188,94.2639389038086,114.23999786376953,60.92330551147461
2018-09-10,34.30739974975586,113.1500015258789,154.6376953125,172.6991729736328,255.0774383544922,94.61206817626953,113.68000030517578,61.19535827636719
2018-09-11,34.3824462890625,113.22000122070312,154.89126586914062,174.02975463867188,255.91851806640625,93.89202117919922,116.80000305175781,61.18797302246094
2018-09-12,34.55757141113281,114.16999816894531,154.5199737548828,173.51651000976562,255.9805145263672,94.11360168457031,118.23999786376953,61.2173957824707
2018-09-13,35.024559020996094,113.76000213623047,154.5562286376953,175.36973571777344,257.4945373535156,94.25601959228516,115.91999816894531,61.51884841918945
2018-09-14,34.99120330810547,113.0199966430664,155.20823669433594,174.85653686523438,257.5387878417969,93.80497741699219,116.0,61.1291618347168
2018-09-17,34.67432403564453,113.61000061035156,153.5600128173828,172.33807373046875,256.17523193359375,93.80497741699219,115.76000213623047,61.32768249511719
2018-09-18,35.00788879394531,113.44000244140625,154.2030029296875,173.76361083984375,257.56536865234375,92.82381439208984,117.5199966430664,61.03358840942383
2018-09-19,35.49156188964844,113.87999725341797,153.6415252685547,173.6305694580078,257.83978271484375,92.26994323730469,119.5199966430664,60.32039260864258
2018-09-20,35.88350296020508,114.2699966430664,155.0634002685547,175.55032348632812,259.92919921875,92.69719696044922,118.4000015258789,60.88655090332031
2018-09-21,36.0502815246582,113.48999786376953,154.3207244873047,174.59043884277344,259.69183349609375,92.65760040283203,119.68000030517578,60.864471435546875
2018-09-24,35.64166259765625,113.47000122070312,153.7501678466797,175.07603454589844,258.8292236328125,92.42027282714844,122.0,59.77147674560547
2018-09-25,35.7834358215332,113.6500015258789,153.98562622070312,175.31405639648438,258.5889892578125,92.32528686523438,122.16000366210938,59.77894973754883
2018-09-26,35.858489990234375,113.05000305175781,152.57818603515625,175.4377899169922,257.81524658203125,92.97416687011719,120.87999725341797,59.0632209777832
2018-09-27,36.033599853515625,112.05000305175781,152.58729553222656,176.92303466796875,258.53564453125,93.03744506835938,122.08000183105469,59.34650802612305
2018-09-28,35.79177474975586,112.76000213623047,153.0504150390625,176.8849334716797,258.5624084472656,92.79216766357422,124.16000366210938,60.15171813964844
2018-10-01,35.800113677978516,112.56999969482422,151.03451538085938,177.24667358398438,259.4606018066406,92.11094665527344,127.5999984741211,59.59253692626953
2018-10-02,35.34979248046875,113.87000274658203,149.4000701904297,176.84683227539062,259.30938720703125,92.67401123046875,126.95999908447266,59.4583625793457
2018-10-03,35.05792236328125,113.41999816894531,150.70761108398438,177.03726196289062,259.4517517089844,91.06412506103516,128.63999938964844,58.82463073730469
2018-10-04,34.18231201171875,113.4800033569336,148.59185791015625,173.63836669921875,257.42388916015625,90.4217758178711,125.91999816894531,58.33256530761719
2018-10-05,34.05723190307617,113.80000305175781,147.2479705810547,171.51524353027344,255.983154296875,89.64459228515625,125.5199966430664,58.30272674560547
2018-10-08,34.10725021362305,112.54000091552734,146.93930053710938,170.4679718017578,255.983154296875,89.34326171875,125.44000244140625,59.14521408081055
2018-10-09,33.9821662902832,112.5999984741211,146.36720275878906,171.0201873779297,255.60955810546875,90.24732208251953,126.55999755859375,59.22721862792969
2018-10-10,32.97312545776367,112.87999725341797,142.16294860839844,163.49879455566406,247.51612854003906,90.00144958496094,123.04000091552734,58.34747314453125
2018-10-11,32.63955307006836,115.77999877929688,139.44789123535156,161.47093200683594,242.06419372558594,91.09588623046875,119.5999984741211,56.677425384521484
2018-10-12,33.598567962646484,115.2300033569336,139.4751434326172,165.96469116210938,245.4261016845703,90.77863311767578,120.95999908447266,56.52830123901367
2018-10-15,33.2399787902832,116.0,139.99270629882812,163.95584106445312,244.0475311279297,90.73902130126953,121.04000091552734,56.90853500366211
2018-10-16,34.07390594482422,115.80000305175781,144.0516815185547,168.72567749023438,249.38377380371094,90.94517517089844,121.5199966430664,58.079078674316406
2018-10-17,33.65694808959961,115.79000091552734,143.4342498779297,168.7923126220703,249.42831420898438,90.40589904785156,118.55999755859375,57.85539245605469
2018-10-18,32.77299118041992,115.91999816894531,140.74644470214844,164.87928771972656,245.82626342773438,90.37417602539062,116.4800033569336,57.74355697631836
2018-10-19,33.08153533935547,116.01000213623047,139.25721740722656,164.72698974609375,245.6929168701172,90.17594909667969,117.76000213623047,58.24310302734375
2018-10-22,33.44011688232422,115.70999908447266,138.95758056640625,165.57432556152344,244.590087890625,90.05699920654297,117.91999816894531,57.43042755126953
2018-10-23,33.07320022583008,116.38999938964844,137.71351623535156,164.9650115966797,243.3448944091797,90.34245300292969,112.31999969482422,57.683929443359375
2018-10-24,32.00577926635742,116.66000366210938,132.5286102294922,157.41510009765625,235.97189331054688,91.02445983886719,112.4000015258789,58.22817611694336
2018-10-25,32.62288284301758,116.4000015258789,135.3980712890625,162.86094665527344,240.2053680419922,90.6437759399414,113.68000030517578,58.973731994628906
2018-10-26,32.24761199951172,116.7699966430664,133.91795349121094,158.67184448242188,235.98077392578125,91.19103240966797,114.63999938964844,57.55718231201172
2018-10-29,31.688888549804688,116.30999755859375,133.18243408203125,155.40626525878906,234.67344665527344,90.98483276367188,112.87999725341797,58.28783416748047
2018-10-30,32.30598449707031,115.80000305175781,135.9610137939453,157.9673309326172,238.15087890625,90.53277587890625,112.23999786376953,59.08559799194336
2018-10-31,32.6562385559082,115.1500015258789,136.2334442138672,161.68038940429688,240.69454956054688,90.07286071777344,110.31999969482422,58.3922004699707
2018-11-01,33.8237190246582,116.62999725341797,139.37525939941406,163.81297302246094,243.2559814453125,90.15630340576172,107.68000030517578,58.6680793762207
2018-11-02,34.04054260253906,116.6500015258789,139.83836364746094,161.26145935058594,241.8152313232422,89.03539276123047,106.4800033569336,58.18344497680664
2018-11-05,34.13227462768555,116.37000274658203,139.72938537597656,160.86158752441406,243.14927673339844,89.38522338867188,106.4000015258789,59.04829025268555
2018-11-06,34.07390594482422,116.04000091552734,140.4194793701172,162.08021545410156,244.68789672851562,89.32955169677734,105.44000244140625,59.34650802612305
2018-11-07,34.71602249145508,116.02999877929688,142.93478393554688,167.16432189941406,249.9264678955078,89.44877624511719,104.4800033569336,60.0548095703125
2018-11-08,33.81538391113281,115.77999877929688,142.5534210205078,166.0980224609375,249.4728240966797,89.4408950805664,102.72000122070312,60.09953308105469
2018-11-09,33.18994140625,114.4800033569336,139.91102600097656,163.29888916015625,247.03585815429688,90.10858917236328,101.5999984741211,60.09207534790039
2018-11-12,32.722957611083984,113.66000366210938,137.14146423339844,158.35763549804688,242.419921875,90.69686889648438,99.83999633789062,60.211368560791016
2018-11-13,33.09821701049805,113.69999694824219,136.70565795898438,158.49093627929688,241.96633911132812,90.64127349853516,93.5199966430664,60.15171813964844
2018-11-14,33.29835510253906,114.63999938964844,135.706787109375,157.28179931640625,240.3121795654297,90.69686889648438,95.5999984741211,60.002628326416016
2018-11-15,34.04054260253906,114.7699966430664,137.6409149169922,160.0332489013672,242.8201904296875,90.65714263916016,95.83999633789062,59.59253692626953
2018-11-16,34.10725021362305,115.62000274658203,137.96780395507812,159.47154235839844,243.45164489746094,91.18180084228516,96.55999755859375,60.233734130859375
2018-11-19,33.64860153198242,115.66999816894531,135.17105102539062,154.2923583984375,239.3338623046875,91.43624114990234,97.12000274658203,60.31574249267578
2018-11-20,32.92308807373047,115.66999816894531,132.56497192382812,151.5312957763672,234.90463256835938,91.46802520751953,90.16000366210938,59.69692611694336
2018-11-21,33.5318489074707,115.86000061035156,134.4173583984375,152.68328857421875,235.70510864257812,91.43624114990234,92.16000366210938,59.74913024902344
2018-11-23,33.139923095703125,115.7699966430664,134.29022216796875,151.57894897460938,234.13088989257812,91.53158569335938,86.63999938964844,59.629817962646484
2018-11-26,33.54853439331055,115.63999938964844,136.03366088867188,155.08251953125,237.9108123779297,91.324951171875,87.5199966430664,59.741661071777344
2018-11-27,33.78202819824219,114.94999694824219,134.90771484375,155.60618591308594,238.71119689941406,91.42827606201172,87.5999984741211,59.995155334472656
2018-11-28,34.59093475341797,115.37999725341797,138.24024963378906,160.6140899658203,244.20758056640625,90.98304748535156,85.27999877929688,60.531959533691406
2018-11-29,34.290714263916016,115.73999786376953,137.86795043945312,160.09042358398438,243.6739959716797,91.34081268310547,86.95999908447266,60.54685592651367
2018-11-30,34.257362365722656,115.54000091552734,138.58526611328125,161.25193786621094,245.15928649902344,91.6826400756836,85.83999633789062,61.120933532714844
2018-12-03,34.94951629638672,116.41000366210938,139.91102600097656,164.07009887695312,248.405517578125,92.33358764648438,90.16000366210938,61.44899368286133
2018-12-04,34.20733642578125,117.12000274658203,133.95425415039062,157.77685546875,240.35662841796875,93.87944030761719,89.44000244140625,60.53942108154297
2018-12-06,33.89044189453125,117.13999938964844,133.66371154785156,158.89077758789062,239.99197387695312,94.17425537109375,87.5199966430664,62.03798294067383
2018-12-07,33.256649017333984,118.08999633789062,130.77609252929688,153.6449432373047,234.41554260253906,94.34953308105469,88.87999725341797,61.2253303527832
2018-12-10,32.906410217285156,117.68000030517578,130.39479064941406,155.25390625,234.8602294921875,94.73998260498047,86.0,60.830169677734375
2018-12-11,33.156585693359375,117.54000091552734,130.258544921875,155.76800537109375,234.9135284423828,94.72398376464844,87.5999984741211,60.86000442504883
2018-12-12,33.698631286621094,117.79000091552734,131.50257873535156,157.1389923095703,236.09632873535156,94.3017349243164,86.55999755859375,59.92060089111328
2018-12-13,33.6902961730957,117.52999877929688,129.6410675048828,157.1865997314453,236.0163116455078,94.07862091064453,89.68000030517578,60.266883850097656
2018-12-14,33.214969635009766,117.05999755859375,127.6796646118164,153.3592987060547,231.6583709716797,94.40534973144531,86.55999755859375,60.0933723449707
2018-12-17,32.906410217285156,117.87000274658203,124.83621215820312,149.88421630859375,227.11363220214844,94.95509338378906,83.5999984741211,57.82997131347656
2018-12-18,33.1298713684082,118.1500015258789,124.68134307861328,150.82679748535156,226.86459350585938,95.52377319335938,78.31999969482422,58.42599105834961
2018-12-19,32.57969284057617,117.43000030517578,122.08477783203125,147.12319946289062,223.4671630859375,96.78571319580078,80.16000366210938,57.78468704223633
2018-12-20,32.83362579345703,119.23999786376953,120.07125854492188,144.99057006835938,219.82958984375,96.43429565429688,77.76000213623047,56.91706466674805
2018-12-21,32.605079650878906,118.72000122070312,116.95535278320312,140.49688720703125,215.32533264160156,96.41830444335938,76.55999755859375,56.12485885620117
2018-12-24,32.30036163330078,120.0199966430664,114.68677520751953,137.01278686523438,209.63583374023438,96.89752197265625,74.31999969482422,54.12553405761719
2018-12-26,32.94365310668945,119.66000366210938,120.19879150390625,145.56777954101562,220.22764587402344,95.8592529296875,79.19999694824219,55.93626403808594
2018-12-27,32.90133285522461,120.56999969482422,120.69989776611328,146.1310272216797,221.9184112548828,95.87520599365234,76.95999908447266,55.928714752197266
2018-12-28,33.21452713012695,121.05999755859375,121.0461196899414,146.05471801757812,221.63217163085938,96.68191528320312,76.23999786376953,56.109779357910156
2018-12-31,33.062164306640625,121.25,121.99365234375,147.28636169433594,223.57334899902344,97.04928588867188,77.27999877929688,56.26066589355469
2019-01-02,33.146812438964844,121.33000183105469,122.6860580444336,147.8783721923828,223.80592346191406,97.5604476928711,78.80000305175781,55.038429260253906
2019-01-03,32.54582595825195,122.43000030517578,120.49034881591797,143.0470733642578,218.46531677246094,98.67060852050781,79.5999984741211,55.423221588134766
2019-01-04,33.59541702270508,121.44000244140625,124.9911117553711,149.16732788085938,225.7830047607422,97.52848815917969,81.44000244140625,56.07205581665039
2019-01-07,33.671600341796875,121.86000061035156,127.17768096923828,150.94322204589844,227.5631866455078,97.24095916748047,82.31999969482422,56.622833251953125
2019-01-08,33.79856872558594,121.52999877929688,129.1273651123047,152.30859375,229.70126342773438,96.9853744506836,84.0,57.79222869873047
2019-01-09,34.39954376220703,122.30999755859375,130.19337463378906,153.5498046875,230.77476501464844,96.8336181640625,88.4000015258789,57.7092399597168
2019-01-10,34.645015716552734,121.58999633789062,130.86758422851562,153.989013671875,231.58888244628906,96.21063232421875,88.80000305175781,58.493896484375
2019-01-11,34.4757194519043,121.80000305175781,130.9040069580078,153.42567443847656,231.6782989501953,96.58607482910156,87.19999694824219,58.65989303588867
2019-01-14,34.18793487548828,122.08999633789062,129.60118103027344,152.06988525390625,230.26483154296875,96.22662353515625,85.5199966430664,58.463714599609375
2019-01-15,34.4249382019043,121.87999725341797,130.69447326660156,155.03932189941406,232.9038543701172,95.87520599365234,88.0,59.02202224731445
2019-01-16,34.84815216064453,122.2699966430664,131.66928100585938,155.01065063476562,233.46739196777344,95.97103881835938,88.4800033569336,59.43698501586914
2019-01-17,35.00052261352539,122.11000061035156,132.86280822753906,156.2327880859375,235.23867797851562,95.99503326416016,88.23999786376953,59.72368621826172
2019-01-18,35.169803619384766,121.0199966430664,134.22943115234375,157.77952575683594,238.36968994140625,95.49181365966797,90.4800033569336,59.92738342285156
2019-01-22,34.56037521362305,121.44999694824219,132.1066436767578,154.61915588378906,235.1492156982422,96.1387710571289,88.95999908447266,59.746315002441406
2019-01-23,34.91587448120117,121.27999877929688,131.7422332763672,154.8196563720703,235.64125061035156,96.09883117675781,88.4000015258789,59.75386047363281
2019-01-24,35.254459381103516,121.08999633789062,132.53485107421875,155.8222198486328,235.76644897460938,96.72979736328125,89.36000061035156,59.95755386352539
2019-01-25,35.719993591308594,122.86000061035156,134.23858642578125,157.68406677246094,237.76141357421875,96.26655578613281,90.0,60.704471588134766
2019-01-28,35.34756851196289,123.29000091552734,133.51881408691406,155.73631286621094,235.95433044433594,96.17073822021484,87.5999984741211,61.30052185058594
2019-01-29,35.40681457519531,123.9800033569336,133.19996643066406,154.26588439941406,235.64125061035156,96.65794372558594,89.27999877929688,61.78338623046875
2019-01-30,36.17708206176758,124.69000244140625,134.65768432617188,158.19004821777344,239.3716278076172,96.58607482910156,91.19999694824219,62.281333923339844
2019-01-31,36.48180389404297,124.75,135.80563354492188,160.5580291748047,241.47390747070312,97.41667175292969,90.80000305175781,62.93017578125
2019-02-01,36.19400405883789,124.5,135.9149169921875,159.8800811767578,241.59022521972656,96.82832336425781,93.04000091552734,62.53028869628906
2019-02-04,36.25326156616211,123.95999908447266,137.5366668701172,161.8660430908203,243.28990173339844,96.39603424072266,92.0,62.99806213378906
2019-02-05,36.75266647338867,124.27999877929688,137.68240356445312,163.2982177734375,244.30975341796875,96.8363265991211,90.31999969482422,63.3602180480957
2019-02-06,36.25326156616211,123.44000244140625,137.5093536376953,162.8113250732422,243.98765563964844,96.88435363769531,90.55999755859375,62.945255279541016
2019-02-07,35.8892822265625,123.73999786376953,136.3795928955078,160.6248016357422,241.6617889404297,97.5247573852539,88.55999755859375,63.465843200683594
2019-02-08,35.68614196777344,124.20999908447266,136.52537536621094,160.9398956298828,241.9569549560547,97.9410171508789,88.63999938964844,63.465843200683594
2019-02-11,35.5676383972168,123.5999984741211,137.6642303466797,160.78713989257812,242.09115600585938,97.55677795410156,88.08000183105469,63.63936233520508
2019-02-12,35.8638916015625,123.86000061035156,139.38619995117188,163.1645965576172,245.20425415039062,97.30860137939453,89.27999877929688,63.2395133972168
2019-02-13,35.60995864868164,123.37000274658203,139.7779083251953,163.27919006347656,246.0004119873047,96.94039916992188,90.72000122070312,63.56391525268555
2019-02-14,35.677677154541016,124.05999755859375,140.0968017578125,163.4796142578125,245.4547882080078,97.49270629882812,91.83999633789062,63.76762390136719
2019-02-15,35.626895904541016,124.80000305175781,142.32896423339844,164.1671142578125,248.12957763671875,97.64485168457031,93.68000030517578,64.19767761230469
2019-02-19,35.906219482421875,126.69999694824219,142.72073364257812,164.4917449951172,248.55897521972656,97.89297485351562,94.23999786376953,64.18258666992188
2019-02-20,36.10936737060547,126.4800033569336,143.3949432373047,164.4630889892578,249.0599365234375,97.61280822753906,95.44000244140625,63.7827262878418
2019-02-21,36.03318786621094,125.05000305175781,142.84828186035156,163.861572265625,248.17428588867188,96.74027252197266,95.04000091552734,63.84307098388672
2019-02-22,36.43101501464844,125.5,144.0873260498047,165.0741424560547,249.71298217773438,97.31661987304688,95.5999984741211,64.2203140258789
2019-02-25,36.83730697631836,125.37000274658203,144.12376403808594,165.67567443847656,250.0529022216797,97.02845001220703,92.55999755859375,63.71479415893555
2019-02-26,36.7103385925293,125.58000183105469,143.1306610107422,165.8475341796875,249.8740997314453,97.50874328613281,93.04000091552734,63.51865768432617
2019-02-27,36.39715576171875,124.69000244140625,143.33114624023438,165.7425079345703,249.76663208007812,96.40406036376953,95.12000274658203,63.2017936706543
2019-02-28,35.92314529418945,123.98999786376953,142.83917236328125,165.36058044433594,249.30152893066406,96.07583618164062,95.5999984741211,63.36775207519531
2019-03-01,35.96547317504883,121.87999725341797,144.16934204101562,166.50636291503906,250.8580322265625,95.1878433227539,93.27999877929688,63.171607971191406
2019-03-04,36.01625061035156,121.55999755859375,142.86648559570312,166.53500366210938,249.94557189941406,95.9338607788086,94.4000015258789,63.45828628540039
2019-03-05,36.371761322021484,121.72000122070312,142.201416015625,166.65911865234375,249.6056671142578,96.13439178466797,94.55999755859375,63.63180160522461
2019-03-06,36.16861343383789,121.61000061035156,139.4135284423828,165.71389770507812,248.09378051757812,96.48736572265625,94.0,63.33758544921875
2019-03-07,35.49991989135742,121.51000213623047,138.19265747070312,163.68017578125,246.01841735839844,97.113037109375,94.4800033569336,63.2017936706543
2019-03-08,35.24599075317383,122.83999633789062,138.15623474121094,163.43191528320312,245.52626037597656,97.52217864990234,93.83999633789062,63.26968765258789
2019-03-11,35.906219482421875,122.23999786376953,140.57057189941406,166.83096313476562,249.08677673339844,97.2333984375,94.87999725341797,64.19767761230469
2019-03-12,36.092430114746094,122.9800033569336,140.64346313476562,167.74758911132812,250.02610778808594,97.91527557373047,95.12000274658203,64.49192810058594
2019-03-13,36.1347541809082,123.83999633789062,141.19920349121094,169.00787353515625,251.6810302734375,97.73075866699219,97.5199966430664,64.80879974365234
2019-03-14,35.9400749206543,122.41000366210938,140.62525939941406,168.72149658203125,251.52003479003906,97.02484130859375,97.76000213623047,64.90687561035156
2019-03-15,36.46487045288086,122.97000122070312,140.99876403808594,170.28736877441406,252.76266479492188,97.66659545898438,97.5999984741211,64.70317077636719
2019-03-18,36.87117004394531,123.04000091552734,141.90069580078125,170.69293212890625,253.6791229248047,97.61045837402344,98.4800033569336,64.37877655029297
2019-03-19,36.888099670410156,123.37999725341797,141.18104553222656,171.26683044433594,253.7420196533203,97.39385986328125,98.23999786376953,64.18258666992188
2019-03-20,36.94734191894531,124.18000030517578,140.00436401367188,171.9459228515625,252.97830200195312,98.41264343261719,100.0,64.37877655029297
2019-03-21,36.998130798339844,123.68000030517578,141.840576171875,174.63381958007812,255.83560180664062,98.62918853759766,99.5199966430664,65.52555847167969
2019-03-22,35.91468048095703,123.97000122070312,136.67918395996094,170.79808044433594,250.91183471679688,100.16138458251953,97.83999633789062,65.05020141601562
2019-03-25,35.99932098388672,124.91999816894531,137.2821044921875,170.472900390625,250.72305297851562,100.32183074951172,98.0,65.13322448730469
2019-03-26,36.10936737060547,124.30000305175781,138.72549438476562,171.26683044433594,252.5919647216797,100.2496109008789,99.76000213623047,65.65380859375
2019-03-27,35.719993591308594,123.6500015258789,138.18650817871094,170.16677856445312,251.27114868164062,101.17216491699219,98.72000122070312,65.46516418457031
2019-03-28,35.95700454711914,121.9000015258789,139.4197540283203,170.5590057373047,252.22357177734375,101.5251235961914,98.80000305175781,66.10043334960938
2019-03-29,36.32944107055664,122.01000213623047,139.84913635253906,171.85031127929688,253.8139190673828,101.42887878417969,100.0,66.03965759277344
2019-04-01,36.93042755126953,121.52999877929688,141.3745880126953,174.1268310546875,256.82403564453125,99.9881820678711,102.55999755859375,66.00163269042969
2019-04-02,36.811920166015625,121.9800033569336,141.00926208496094,174.78684997558594,256.9497375488281,100.17310333251953,104.08000183105469,66.46516418457031
2019-04-03,37.065853118896484,121.80000305175781,141.74005126953125,175.7911834716797,257.3540954589844,99.30479431152344,103.91999816894531,66.3891830444336
2019-04-04,37.294395446777344,122.11000061035156,142.434326171875,175.72427368164062,258.0369873046875,99.58618927001953,103.36000061035156,66.28278350830078
2019-04-05,37.582176208496094,121.9800033569336,143.76808166503906,176.63294982910156,259.285888671875,99.7148208618164,105.19999694824219,66.74629211425781
2019-04-08,37.582176208496094,122.51000213623047,143.53054809570312,177.08248901367188,259.48358154296875,99.36106872558594,107.19999694824219,66.37397766113281
2019-04-09,37.5059928894043,123.1500015258789,141.776611328125,176.4607696533203,258.1537780761719,99.67462158203125,106.63999938964844,66.02444458007812
2019-04-10,37.68375015258789,123.52999877929688,143.70408630371094,177.40773010253906,259.03436279296875,99.91580963134766,107.27999877929688,66.63233184814453
2019-04-11,37.27745819091797,121.94999694824219,143.52142333984375,176.98683166503906,258.9624938964844,99.3289566040039,106.16000366210938,66.58672332763672
2019-04-12,37.54832077026367,121.83000183105469,144.04212951660156,177.75213623046875,260.714599609375,98.6214370727539,106.4000015258789,66.9058837890625
2019-04-15,37.3536376953125,121.5999984741211,143.57620239257812,177.7808074951172,260.54388427734375,98.87066650390625,105.91999816894531,66.56391906738281
2019-04-16,37.632965087890625,120.51000213623047,143.9141845703125,178.3929901123047,260.714599609375,98.25159454345703,106.95999908447266,65.05941009521484
2019-04-17,37.74300765991211,120.27999877929688,142.59877014160156,179.01473999023438,260.0765686035156,98.29180908203125,106.23999786376953,64.46671295166016
2019-04-18,37.717613220214844,120.37000274658203,142.1785430908203,179.24427795410156,260.5887451171875,98.80635833740234,106.55999755859375,64.96061706542969
2019-04-22,37.472137451171875,120.37000274658203,141.803955078125,179.75128173828125,260.8133544921875,98.33202362060547,109.36000061035156,64.24637603759766
2019-04-23,37.556785583496094,120.12000274658203,143.941650390625,182.03736877441406,263.1586608886719,98.54103088378906,110.31999969482422,65.09740447998047
2019-04-24,37.048919677734375,120.47000122070312,144.38926696777344,181.4634246826172,262.5745544433594,99.3449935913086,109.44000244140625,65.57611083984375
2019-04-25,36.998130798339844,120.56999969482422,143.19252014160156,182.19998168945312,262.412841796875,99.20028686523438,108.23999786376953,65.43933868408203
2019-04-26,37.142032623291016,121.37000274658203,144.58108520507812,182.362548828125,263.6347961425781,99.53795623779297,104.72000122070312,65.95606231689453
2019-04-29,37.21821212768555,120.83000183105469,145.27532958984375,182.7165069580078,264.0481262207031,98.90282440185547,105.83999633789062,65.31016540527344
2019-04-30,37.18435287475586,121.19999694824219,144.599365234375,181.3008270263672,264.1828918457031,99.40929412841797,106.31999969482422,65.93324279785156
2019-05-01,36.905025482177734,120.4000015258789,143.22901916503906,180.71730041503906,262.1971130371094,99.81938934326172,105.76000213623047,65.98644256591797
2019-05-02,36.98966598510742,119.94000244140625,143.8959503173828,179.9329833984375,261.63116455078125,99.34408569335938,102.55999755859375,66.05482482910156
2019-05-03,37.42981719970703,120.6500015258789,146.64559936523438,182.80252075195312,264.1919250488281,99.62604522705078,102.95999908447266,66.61713409423828
2019-05-06,36.65955352783203,120.80999755859375,146.81004333496094,181.6834259033203,263.10467529296875,99.89997100830078,104.55999755859375,66.40435791015625
2019-05-07,35.9400749206543,121.20999908447266,143.90509033203125,178.14425659179688,258.7109375,100.66531372070312,101.83999633789062,65.20379638671875
2019-05-08,35.8892822265625,120.91000366210938,143.20166015625,177.6947021484375,258.35150146484375,100.23026275634766,103.12000274658203,65.13541412353516
2019-05-09,35.32217025756836,121.19999694824219,142.68092346191406,176.7381591796875,257.56976318359375,100.64115905761719,102.4800033569336,65.30257415771484
2019-05-10,35.533775329589844,121.43000030517578,143.07382202148438,176.9581756591797,258.8636474609375,100.50418853759766,102.72000122070312,66.00163269042969
2019-05-13,34.34876251220703,122.66999816894531,138.51536560058594,170.8172607421875,252.35836791992188,101.29374694824219,101.44000244140625,65.93324279785156
2019-05-14,34.831233978271484,122.45999908447266,140.2601776123047,172.69203186035156,254.64059448242188,100.99565887451172,102.95999908447266,66.17642211914062
2019-05-15,34.898948669433594,122.38999938964844,140.71694946289062,175.13121032714844,256.1321105957031,101.61598205566406,103.76000213623047,66.62472534179688
2019-05-16,34.72965621948242,121.51000213623047,141.59393310546875,176.89120483398438,258.5042419433594,101.27759552001953,105.12000274658203,66.89069366455078
2019-05-17,34.10329055786133,120.6500015258789,139.62071228027344,175.0833740234375,256.8329772949219,101.503173828125,104.63999938964844,66.76150512695312
2019-05-20,33.959388732910156,120.63999938964844,138.6524200439453,172.12771606445312,255.13470458984375,101.29374694824219,105.19999694824219,65.79647827148438
2019-05-21,34.39107894897461,120.36000061035156,140.51596069335938,173.92596435546875,257.4349060058594,101.13257598876953,105.04000091552734,66.35877227783203
2019-05-22,34.22179412841797,120.23999786376953,139.33755493164062,173.1511688232422,256.6443176269531,101.7126693725586,101.91999816894531,66.55634307861328
2019-05-23,33.78163528442383,121.16999816894531,136.46910095214844,170.5015869140625,253.50857543945312,102.85664367675781,96.72000122070312,66.70830535888672
2019-05-24,33.81549835205078,121.30000305175781,137.74801635742188,170.41552734375,254.08351135253906,102.94532012939453,97.83999633789062,66.9134750366211
2019-05-28,33.933998107910156,120.83000183105469,136.65182495117188,169.77464294433594,251.72032165527344,103.68648529052734,97.83999633789062,66.25240325927734
2019-05-29,34.15407180786133,120.87000274658203,135.50994873046875,168.3780975341797,250.03111267089844,104.00068664550781,97.91999816894531,65.37095642089844
2019-05-30,34.34028625488281,121.69000244140625,135.1353759765625,169.08592224121094,250.71408081054688,104.89495849609375,94.08000183105469,65.64449310302734
2019-05-31,34.45879364013672,123.33000183105469,133.24444580078125,166.38848876953125,247.3355712890625,106.20814514160156,88.80000305175781,66.02444458007812
2019-06-03,34.771976470947266,125.11000061035156,133.71029663085938,162.7250213623047,246.7065887451172,106.91857147216797,87.91999816894531,66.18402099609375
2019-06-04,34.84815216064453,125.1500015258789,137.17254638671875,167.30679321289062,252.0618896484375,105.69953155517578,89.27999877929688,65.88765716552734
2019-06-05,34.56883239746094,125.47000122070312,137.19992065429688,168.55029296875,254.2451934814453,105.10214233398438,86.16000366210938,67.26302337646484
2019-06-06,34.58576202392578,125.87999725341797,136.84368896484375,169.88943481445312,255.89840698242188,105.44123840332031,88.4800033569336,67.39219665527344
2019-06-07,34.856624603271484,126.58999633789062,137.81198120117188,173.17025756835938,258.4593505859375,106.35348510742188,89.83999633789062,67.6429443359375
2019-06-10,35.22059631347656,125.33000183105469,138.62501525878906,175.18861389160156,259.6453857421875,105.35240936279297,88.87999725341797,67.42259216308594
2019-06-11,35.618431091308594,125.18000030517578,138.2139129638672,175.42774963378906,259.58245849609375,105.4170150756836,88.87999725341797,67.60496520996094
2019-06-12,35.23752975463867,125.83000183105469,138.36923217773438,174.413818359375,259.124267578125,105.49773406982422,85.12000274658203,67.83289337158203
2019-06-13,35.178279876708984,126.5999984741211,139.830810546875,175.44686889648438,260.1934814453125,105.8610610961914,87.04000091552734,68.12165069580078
2019-06-14,34.788909912109375,126.55999755859375,138.60671997070312,174.7008056640625,259.9059753417969,106.12745666503906,87.5199966430664,68.15966796875
2019-06-17,34.92623519897461,126.4800033569336,139.56285095214844,175.75294494628906,260.00482177734375,106.31314086914062,86.4800033569336,68.88912200927734
2019-06-18,35.77059555053711,127.12000274658203,141.1854705810547,178.306884765625,262.7272644042969,106.8459243774414,90.0,68.82073211669922
2019-06-19,36.069114685058594,127.88999938964844,141.6896514892578,178.97647094726562,263.3203430175781,106.99929809570312,90.63999938964844,69.19306182861328
2019-06-20,36.5979118347168,131.11000061035156,142.35887145996094,180.64083862304688,265.83612060546875,107.28187561035156,94.80000305175781,69.54259490966797
2019-06-21,36.4785041809082,131.97999572753906,141.13050842285156,180.3730010986328,265.44970703125,106.10318756103516,95.76000213623047,68.5623779296875
2019-06-24,36.42733383178711,133.94000244140625,139.41619873046875,180.3787841796875,265.12469482421875,106.89437866210938,96.08000183105469,68.32682037353516
2019-06-25,36.05205154418945,134.1999969482422,138.5635986328125,177.28233337402344,262.52435302734375,107.225341796875,96.0,67.31621551513672
2019-06-26,36.39320755004883,132.97000122070312,138.24278259277344,178.1067352294922,262.26251220703125,106.5391845703125,98.31999969482422,65.97126770019531
2019-06-27,36.649085998535156,132.83999633789062,140.83712768554688,178.7874298095703,263.1925354003906,107.28993225097656,98.31999969482422,66.82051086425781
2019-06-28,36.5979118347168,133.1999969482422,142.55140686035156,179.0174560546875,264.546875,107.21730041503906,96.31999969482422,67.05065155029297
2019-07-01,37.03289031982422,130.6199951171875,143.10142517089844,181.43324279785156,266.94854736328125,106.96653747558594,98.23999786376953,67.01996612548828
2019-07-02,36.93906784057617,133.41000366210938,142.23052978515625,182.1522216796875,267.64373779296875,107.79156494140625,93.5999984741211,68.18605041503906
2019-07-03,36.87084197998047,133.6300048828125,143.24813842773438,183.5231170654297,269.7835693359375,108.56002044677734,94.16000366210938,68.999267578125
2019-07-05,36.614967346191406,132.13999938964844,143.6331787109375,183.14918518066406,269.4765930175781,107.12023162841797,95.5999984741211,68.75377655029297
2019-07-08,36.39320755004883,131.2899932861328,142.2672576904297,181.86463928222656,267.995849609375,107.26580047607422,95.44000244140625,68.999267578125
2019-07-09,36.28233337402344,131.75,142.45973205566406,182.77537536621094,268.3299255371094,107.22534942626953,96.31999969482422,69.22940063476562
2019-07-10,36.589378356933594,133.8300018310547,142.70724487304688,184.59678649902344,269.6119689941406,106.6348648071289,100.23999786376953,69.62835693359375
2019-07-11,36.52115249633789,132.6999969482422,142.0105438232422,184.4625701904297,270.2440490722656,105.21124267578125,100.4000015258789,68.72308349609375
2019-07-12,36.54673385620117,133.52999877929688,143.11061096191406,185.5266571044922,271.4538879394531,105.33258056640625,100.16000366210938,68.63105010986328
2019-07-15,36.683197021484375,133.52999877929688,142.35887145996094,186.12100219726562,271.54425048828125,105.93925476074219,98.4000015258789,68.57731628417969
2019-07-16,36.63202667236328,132.39999389648438,142.31307983398438,185.16232299804688,270.66839599609375,105.62379455566406,96.55999755859375,68.41622924804688
2019-07-17,36.52115249633789,134.5800018310547,141.2954864501953,184.25167846679688,268.8265075683594,106.7643051147461,94.0,68.18605041503906
2019-07-18,36.74290084838867,136.47999572753906,141.82717895507812,184.4625701904297,269.8106384277344,106.77240753173828,92.4800033569336,68.18605041503906
2019-07-19,36.555259704589844,134.47000122070312,141.01132202148438,183.11085510253906,268.3119201660156,106.52165222167969,93.36000061035156,67.07366180419922
2019-07-22,36.563785552978516,134.4499969482422,140.88294982910156,184.5680389404297,268.9710388183594,106.72383880615234,93.44000244140625,67.0123062133789
2019-07-23,36.606441497802734,133.69000244140625,141.81800842285156,185.77593994140625,270.8941345214844,106.1414794921875,94.4800033569336,67.77178955078125
2019-07-24,36.6661376953125,134.3699951171875,144.1648712158203,187.0797119140625,272.167236328125,106.60252380371094,92.72000122070312,67.82550048828125
2019-07-25,36.342037200927734,133.4199981689453,142.4230499267578,185.30621337890625,270.86700439453125,106.09294891357422,92.80000305175781,67.42655944824219
2019-07-26,36.418800354003906,133.63999938964844,144.10983276367188,187.21388244628906,272.68182373046875,106.3436508178711,93.19999694824219,67.73342895507812
2019-07-29,36.35057067871094,134.52999877929688,143.14727783203125,186.5715789794922,272.18524169921875,106.37602233886719,94.55999755859375,67.91754913330078
2019-07-30,36.069114685058594,134.97999572753906,144.69656372070312,185.76632690429688,271.51715087890625,106.6348648071289,96.63999938964844,68.46224212646484
2019-07-31,35.625606536865234,133.2100067138672,143.52310180664062,183.19720458984375,268.546630859375,107.49227905273438,96.31999969482422,68.19374084472656
2019-08-01,34.92623519897461,136.41000366210938,141.442138671875,182.28643798828125,266.2081298828125,109.62711334228516,90.4800033569336,68.19374084472656
2019-08-02,34.58506393432617,135.88999938964844,139.87454223632812,179.6022491455078,264.2037048339844,110.64025115966797,91.83999633789062,68.52362060546875
2019-08-05,33.30571746826172,137.7899932861328,135.67593383789062,173.25599670410156,256.2583312988281,112.55300903320312,90.95999908447266,67.17340087890625
2019-08-06,33.78334045410156,138.91000366210938,136.9226837158203,175.68133544921875,259.85186767578125,113.4526596069336,89.12000274658203,67.91754913330078
2019-08-07,33.936866760253906,141.02000427246094,136.8860321044922,176.63043212890625,260.00531005859375,113.49317169189453,86.72000122070312,68.57731628417969
2019-08-08,34.35478591918945,141.72999572753906,139.8378448486328,180.47463989257812,265.10662841796875,113.73633575439453,87.68000030517578,69.78177642822266
2019-08-09,34.00509262084961,141.25999450683594,138.07781982421875,178.77783203125,263.30078125,113.50941467285156,90.23999786376953,69.69740295410156
2019-08-12,33.59571075439453,142.6300048828125,136.29013061523438,176.726318359375,260.0955810546875,115.87601470947266,90.87999725341797,69.51327514648438
2019-08-13,34.022151947021484,141.77999877929688,137.75689697265625,180.59922790527344,264.1405029296875,115.47887420654297,94.95999908447266,69.61302185058594
2019-08-14,33.04130935668945,142.75,133.90664672851562,175.2020263671875,256.3305969238281,118.08056640625,91.5199966430664,68.55430603027344
2019-08-15,33.2630729675293,143.6999969482422,133.3749542236328,175.000732421875,257.0076904296875,119.3935317993164,90.80000305175781,69.23711395263672
2019-08-16,33.7236328125,142.77999877929688,136.2534942626953,177.80958557128906,260.7998046875,118.43717956542969,91.19999694824219,69.95055389404297
2019-08-19,33.860103607177734,141.11000061035156,137.62857055664062,180.63755798339844,263.9418640136719,116.74327850341797,93.27999877929688,70.45689392089844
2019-08-20,33.92833709716797,142.2100067138672,136.73019409179688,179.23794555664062,261.9193115234375,117.9509048461914,93.04000091552734,69.95824432373047
2019-08-21,34.2524299621582,141.75999450683594,137.8577117919922,180.82933044433594,264.05023193359375,117.1646728515625,92.87999725341797,70.24976348876953
2019-08-22,33.808929443359375,141.39999389648438,137.53689575195312,180.24453735351562,263.968994140625,116.38665008544922,92.23999786376953,70.57196807861328
2019-08-23,33.30571746826172,144.1699981689453,133.31997680664062,174.5406036376953,257.18829345703125,118.2994384765625,89.5199966430664,69.58230590820312
2019-08-26,33.48482131958008,144.19000244140625,134.7866973876953,177.17691040039062,260.0323486328125,117.8211898803711,89.44000244140625,70.11933898925781
2019-08-27,33.54454040527344,145.57000732421875,132.7882843017578,176.80296325683594,259.0120849609375,119.63668823242188,91.36000061035156,69.91987609863281
2019-08-28,33.63835525512695,145.16000366210938,134.3374786376953,177.4357452392578,260.8359680175781,119.79073333740234,93.12000274658203,70.15003204345703
2019-08-29,34.01361846923828,144.1199951171875,136.6935272216797,180.14869689941406,264.1676330566406,119.33682250976562,94.23999786376953,70.69470977783203
2019-08-30,34.27802276611328,143.75,136.44598388671875,179.71726989746094,264.05023193359375,119.3692398071289,91.68000030517578,70.74842834472656
2019-09-03,34.064796447753906,145.75,134.44757080078125,177.97250366210938,262.50628662109375,119.52352142333984,89.76000213623047,71.45421600341797
2019-09-04,34.63624572753906,146.66000366210938,135.5292510986328,180.54171752929688,265.4858703613281,119.70210266113281,93.68000030517578,72.05260467529297
2019-09-05,35.0285758972168,143.13999938964844,138.05026245117188,183.84901428222656,268.8988037109375,117.53430938720703,93.5999984741211,71.53092956542969
2019-09-06,35.18209457397461,141.9199981689453,137.41773986816406,183.66693115234375,269.1064147949219,118.37055969238281,94.16000366210938,71.69203186035156
2019-09-09,35.29297637939453,141.38999938964844,139.26036071777344,183.28341674804688,269.2419128417969,116.26763916015625,96.63999938964844,71.34681701660156
2019-09-10,35.31855773925781,140.17999267578125,141.038818359375,182.7561798095703,269.1786193847656,114.229736328125,95.83999633789062,70.61032104492188
2019-09-11,35.5659065246582,141.02999877929688,143.926513671875,184.47215270996094,271.0927734375,114.0268325805664,93.44000244140625,70.68706512451172
2019-09-12,35.8217658996582,141.32000732421875,143.96319580078125,185.23907470703125,272.03179931640625,113.27983093261719,91.76000213623047,71.06298065185547
2019-09-13,36.02647018432617,140.14999389648438,144.21067810058594,184.5775604248047,271.8511657714844,110.86022186279297,91.5199966430664,70.303466796875
2019-09-16,35.74501037597656,141.32000732421875,144.75155639648438,183.75314331054688,271.0115051269531,112.27303314208984,102.63999938964844,70.91720581054688
2019-09-17,35.74501037597656,141.60000610351562,144.3756866455078,184.6351318359375,271.6976623535156,112.8819808959961,98.31999969482422,71.6843490600586
2019-09-18,35.60001754760742,140.7100067138672,143.48648071289062,184.55845642089844,271.8602294921875,113.36103820800781,96.80000305175781,71.43887329101562
2019-09-19,35.455020904541016,141.27999877929688,142.78973388671875,184.86521911621094,271.8421325683594,113.70201110839844,97.5199966430664,71.69203186035156
2019-09-20,35.489139556884766,142.9499969482422,142.4872283935547,182.90951538085938,270.5577392578125,115.20404815673828,97.5999984741211,71.69203186035156
2019-09-23,35.523258209228516,143.75,142.37721252441406,182.99026489257812,270.4942626953125,115.17972564697266,97.68000030517578,71.80712127685547
2019-09-24,35.14797592163086,144.50999450683594,140.22821044921875,180.55999755859375,268.371826171875,116.56812286376953,95.19999694824219,71.6478042602539
2019-09-25,35.12239456176758,141.8300018310547,141.7645263671875,182.58682250976562,269.95904541015625,114.86307525634766,94.4000015258789,71.78701782226562
2019-09-26,35.11385726928711,141.7899932861328,140.18223571777344,181.91439819335938,269.39666748046875,115.60195922851562,94.4000015258789,72.39020538330078
2019-09-27,34.661827087402344,141.05999755859375,139.05982971191406,179.65701293945312,267.9454345703125,115.88602447509766,93.27999877929688,71.98806762695312
2019-09-30,34.85799026489258,138.8699951171875,139.22547912597656,181.36688232421875,269.1881103515625,116.17024993896484,90.72000122070312,72.11180877685547
2019-10-01,34.61065673828125,139.6300048828125,136.4932098388672,179.88758850097656,265.9862976074219,116.52000427246094,89.5199966430664,71.43128204345703
2019-10-02,34.34625244140625,141.25999450683594,135.46286010742188,176.79452514648438,261.2876892089844,116.80473327636719,87.83999633789062,71.12967681884766
2019-10-03,34.789772033691406,141.89999389648438,135.91360473632812,178.7349090576172,263.42828369140625,117.87019348144531,87.44000244140625,71.81795501708984
2019-10-04,34.94328689575195,141.89999389648438,137.2015838623047,181.36688232421875,266.9930114746094,118.74044036865234,88.31999969482422,72.25098419189453
2019-10-07,34.653297424316406,140.69000244140625,136.96238708496094,180.81932067871094,265.8410949707031,117.7562484741211,88.31999969482422,72.09632873535156
2019-10-08,34.40595626831055,141.9199981689453,134.7361602783203,178.11048889160156,261.7139892578125,118.07345581054688,87.12000274658203,71.71739959716797
2019-10-09,34.670352935791016,142.0500030517578,135.3524627685547,179.84913635253906,264.19927978515625,117.40656280517578,87.91999816894531,71.85661315917969
2019-10-10,35.0285758972168,140.80999755859375,135.89527893066406,181.2419891357422,265.9862976074219,115.65782165527344,89.5199966430664,71.97258758544922
2019-10-11,35.591487884521484,140.02999877929688,138.19512939453125,183.57618713378906,268.7436218261719,114.22637176513672,91.36000061035156,71.941650390625
2019-10-14,35.43796157836914,140.58999633789062,137.68919372558594,183.55703735351562,268.4443054199219,115.05595397949219,89.44000244140625,71.97258758544922
2019-10-15,35.7535400390625,139.61000061035156,139.27149963378906,185.89122009277344,271.10198974609375,113.66512298583984,88.4800033569336,72.06541442871094
2019-10-16,35.85588455200195,140.41000366210938,139.4186553955078,185.4300994873047,270.66656494140625,113.80340576171875,89.12000274658203,72.0731430053711
2019-10-17,35.992347717285156,140.61000061035156,141.06536865234375,185.9199981689453,271.4648132324219,113.52691650390625,90.23999786376953,72.54486083984375
2019-10-18,35.804710388183594,140.4600067138672,140.39378356933594,184.1333465576172,270.2765808105469,113.52691650390625,89.76000213623047,73.10164642333984
2019-10-21,36.128814697265625,139.7899932861328,141.70932006835938,185.7662811279297,272.1088562011719,112.6728744506836,89.68000030517578,73.65843200683594
2019-10-22,36.15439987182617,140.1999969482422,141.86573791503906,184.2870330810547,271.219970703125,113.3316421508789,90.72000122070312,73.44189453125
2019-10-23,36.162925720214844,140.52999877929688,142.04054260253906,184.64244079589844,272.0090637207031,113.44554138183594,93.19999694824219,73.60429382324219
2019-10-24,36.162925720214844,141.52999877929688,141.838134765625,186.438720703125,272.45361328125,113.21782684326172,93.83999633789062,73.41869354248047
2019-10-25,36.418800354003906,141.86000061035156,142.59249877929688,187.92758178710938,273.5692138671875,112.66472625732422,94.63999938964844,72.79232025146484
2019-10-28,36.63202667236328,140.63999938964844,143.8252410888672,189.78155517578125,275.1111755371094,111.63988494873047,93.19999694824219,72.35152435302734
2019-10-29,36.44438552856445,140.25,144.29441833496094,188.31185913085938,275.02960205078125,111.7131118774414,92.63999938964844,72.79232025146484
2019-10-30,36.606441497802734,141.02000427246094,143.8160400390625,189.2244110107422,275.8731384277344,113.34793853759766,91.76000213623047,73.05524444580078
2019-10-31,36.31645584106445,142.42999267578125,143.0064697265625,189.31085205078125,275.1384582519531,114.87704467773438,90.4000015258789,72.92379760742188
2019-11-01,36.86231231689453,142.55999755859375,145.44435119628906,191.03030395507812,277.68719482421875,114.5234603881836,93.5199966430664,72.90830993652344
2019-11-04,37.22905731201172,142.14999389648438,146.22633361816406,192.21182250976562,278.80291748046875,113.01612091064453,94.4800033569336,72.39791870117188
2019-11-05,37.44227981567383,139.85000610351562,146.4103546142578,192.31747436523438,278.49456787109375,111.74510192871094,95.44000244140625,71.16836547851562
2019-11-06,37.3228759765625,140.4499969482422,145.56394958496094,191.88523864746094,278.5580749511719,112.42131805419922,94.4800033569336,71.3230209350586
2019-11-07,37.595802307128906,138.27000427246094,145.9503173828125,192.52877807617188,279.5376892089844,110.3844223022461,95.04000091552734,70.61156463623047
2019-11-08,37.254642486572266,137.38999938964844,146.34591674804688,193.29727172851562,280.2270202636719,109.92000579833984,95.91999816894531,70.4414291381836
2019-11-11,36.99024200439453,137.05999755859375,146.0699005126953,193.0379180908203,279.69189453125,109.99332427978516,95.12000274658203,70.5960922241211
2019-11-12,36.751434326171875,137.42999267578125,146.11593627929688,193.59500122070312,280.28143310546875,110.49846649169922,94.95999908447266,70.0625
2019-11-13,36.469974517822266,137.97999572753906,145.4903564453125,193.64305114746094,280.3721618652344,111.21549224853516,95.68000030517578,70.70436096191406
2019-11-14,36.49555587768555,138.55999755859375,145.44435119628906,193.48939514160156,280.78033447265625,112.36432647705078,95.27999877929688,71.25340270996094
2019-11-15,36.785545349121094,138.2100067138672,146.19871520996094,194.91102600097656,282.8121337890625,112.2420654296875,96.63999938964844,71.64008331298828
2019-11-18,36.7258415222168,138.6199951171875,145.83074951171875,195.06471252441406,283.02081298828125,112.44577026367188,95.19999694824219,71.98806762695312
2019-11-19,36.802608489990234,138.69000244140625,146.3734588623047,195.35289001464844,282.9390869140625,113.38277435302734,92.55999755859375,72.11180877685547
2019-11-20,36.64055252075195,138.75999450683594,145.82154846191406,194.18099975585938,281.886962890625,114.5560073852539,95.19999694824219,72.0731430053711
2019-11-21,36.563785552978516,138.0,145.1039581298828,193.7487030029297,281.4334411621094,113.8390121459961,97.5999984741211,71.06008911132812
2019-11-22,36.563785552978516,137.74000549316406,145.5547637939453,193.87359619140625,282.0592956542969,113.98567962646484,96.87999725341797,70.79716491699219
2019-11-25,36.93053436279297,137.0800018310547,148.645751953125,196.16941833496094,284.24530029296875,114.31974792480469,96.87999725341797,71.02140808105469
2019-11-26,36.81966018676758,137.74000549316406,148.74697875976562,196.54400634765625,284.8892822265625,114.98787689208984,97.5199966430664,71.96484375
2019-11-27,36.86231231689453,137.00999450683594,149.79571533203125,197.91763305664062,286.1591796875,114.65377044677734,97.12000274658203,72.30513763427734
2019-11-29,36.28233337402344,137.86000061035156,148.820556640625,197.0147247314453,285.0979309082031,114.40933990478516,92.95999908447266,71.97258758544922
2019-12-02,36.273799896240234,137.7899932861328,147.36703491210938,194.9974822998047,282.6761474609375,112.88396453857422,93.36000061035156,70.8822250366211
2019-12-03,36.08617401123047,139.11000061035156,146.8978729248047,193.47015380859375,280.78033447265625,115.25080871582031,94.08000183105469,71.33847045898438
2019-12-04,36.359100341796875,138.9199981689453,147.90980529785156,194.44993591308594,282.5126953125,114.09999084472656,97.5199966430664,71.63232421875
2019-12-05,36.52115249633789,139.0,148.05699157714844,194.83416748046875,283.02081298828125,113.54505920410156,97.5199966430664,71.67101287841797
2019-12-06,36.734371185302734,137.6199951171875,149.78652954101562,196.91864013671875,285.6059265136719,112.91659545898438,98.55999755859375,71.81795501708984
2019-12-09,36.589378356933594,137.5800018310547,149.50132751464844,196.0253143310547,284.7079162597656,113.16141510009766,98.63999938964844,71.95713806152344
2019-12-10,36.71731948852539,137.97000122070312,149.59335327148438,195.86199951171875,284.390380859375,113.16957092285156,99.12000274658203,71.53954315185547
2019-12-11,37.254642486572266,138.9199981689453,149.54733276367188,196.8994140625,285.1977844238281,114.05919647216797,98.4000015258789,70.8126220703125
2019-12-12,37.90284729003906,138.42999267578125,150.8352813720703,198.36912536621094,287.6558532714844,112.18204498291016,98.95999908447266,69.85370635986328
2019-12-13,37.88578414916992,139.0500030517578,150.25570678710938,199.02227783203125,287.828125,113.47977447509766,99.91999816894531,69.86917877197266
2019-12-16,38.20722961425781,139.0399932861328,151.31475830078125,201.02032470703125,289.80560302734375,112.45952606201172,100.72000122070312,70.37184143066406
2019-12-17,38.5556755065918,139.00999450683594,152.07191467285156,201.13560485839844,289.86907958984375,112.30447387695312,101.76000213623047,69.70675659179688
2019-12-18,38.764747619628906,139.02000427246094,152.36732482910156,201.2892608642578,289.8872985839844,111.38218688964844,101.91999816894531,70.55638885498047
2019-12-19,38.782161712646484,139.3800048828125,153.02291870117188,202.54763793945312,291.0754699707031,111.56038665771484,102.23999786376953,71.18170928955078
2019-12-20,38.86056900024414,139.52000427246094,153.24453735351562,203.36410522460938,292.3515625,111.70755004882812,101.04000091552734,71.572509765625
2019-12-23,38.91282653808594,139.9499969482422,153.54922485351562,203.9012908935547,292.7982482910156,111.5440902709961,101.5999984741211,71.21295928955078
2019-12-24,38.825721740722656,141.27000427246094,153.9000701904297,204.00717163085938,292.8074035644531,111.86285400390625,102.16000366210938,71.40052795410156
2019-12-26,39.1044807434082,142.3800048828125,153.9000701904297,205.807373046875,294.3661193847656,112.1325912475586,103.12000274658203,71.71319580078125
2019-12-27,39.26128387451172,142.3300018310547,153.1429443359375,205.6340789794922,294.2931213378906,112.25521087646484,103.27999877929688,71.93985748291016
2019-12-30,38.99995040893555,142.6300048828125,152.7551727294922,204.28634643554688,292.6706237792969,111.8465347290039,103.12000274658203,72.01018524169922
2019-12-31,39.08705520629883,142.89999389648438,152.96751403808594,204.67144775390625,293.3815612792969,110.7510986328125,102.4800033569336,72.52606201171875
2020-01-02,39.87977600097656,143.9499969482422,153.06907653808594,208.08885192871094,296.1253356933594,112.0018539428711,102.4800033569336,71.67410278320312
2020-01-03,39.13932800292969,145.86000061035156,152.4689483642578,206.18280029296875,293.88299560546875,113.72673797607422,105.44000244140625,72.11963653564453
2020-01-06,39.04349899291992,147.38999938964844,152.67205810546875,207.5112762451172,295.0041198730469,113.08087158203125,105.27999877929688,72.20561218261719
2020-01-07,39.01736831665039,147.97000122070312,152.1642303466797,207.48239135742188,294.1745910644531,112.5250244140625,105.04000091552734,71.40052795410156
2020-01-08,39.243865966796875,146.86000061035156,152.63510131835938,209.0419158935547,295.7424621582031,111.7811279296875,101.27999877929688,71.61939239501953
2020-01-09,39.505191802978516,146.02999877929688,152.8197479248047,210.8131866455078,297.74774169921875,112.17353057861328,99.91999816894531,71.5802993774414
2020-01-10,39.714263916015625,146.91000366210938,152.24729919433594,210.27410888671875,296.890869140625,113.17082214355469,99.27999877929688,72.12744140625
2020-01-13,40.33275604248047,145.82000732421875,153.23529052734375,212.70001220703125,298.9327392578125,112.8274917602539,97.5999984741211,72.99505615234375
2020-01-14,40.106266021728516,145.69000244140625,153.79852294921875,211.862548828125,298.47705078125,113.40790557861328,98.23999786376953,72.72147369384766
2020-01-15,39.79266357421875,146.5399932861328,154.53712463378906,211.94912719726562,299.15155029296875,114.15998077392578,97.44000244140625,73.37803649902344
2020-01-16,40.0452880859375,146.30999755859375,156.53158569335938,213.98036193847656,301.63995361328125,113.80024719238281,98.31999969482422,73.96422576904297
2020-01-17,40.27178955078125,146.5800018310547,156.1068115234375,215.03927612304688,302.5788269042969,112.8274917602539,98.63999938964844,74.03459167480469
2020-01-21,39.2525634765625,146.74000549316406,154.8141632080078,214.94300842285156,301.9862976074219,114.01283264160156,97.91999816894531,74.7380599975586
2020-01-22,39.57489013671875,146.7899932861328,154.71258544921875,215.51100158691406,302.0228576660156,114.4133529663086,95.19999694824219,74.23780059814453
2020-01-23,39.165462493896484,147.1199951171875,154.61102294921875,216.2041015625,302.36920166015625,115.21450805664062,93.27999877929688,74.86311340332031
2020-01-24,38.85184860229492,147.97999572753906,152.70895385742188,214.38465881347656,299.6802062988281,116.14643859863281,91.44000244140625,74.60514831542969
2020-01-27,37.51033401489258,148.99000549316406,150.9730682373047,209.95648193359375,294.8764953613281,117.95311737060547,88.80000305175781,74.24561309814453
2020-01-28,37.823944091796875,147.66000366210938,152.22885131835938,213.1813201904297,297.9665222167969,117.0292739868164,90.0,74.54263305664062
2020-01-29,38.00687789916992,148.4600067138672,151.3608856201172,213.5278778076172,297.72039794921875,118.17371368408203,89.27999877929688,74.26905822753906
2020-01-30,37.440650939941406,148.47000122070312,151.3608856201172,214.28839111328125,298.68658447265625,118.19010162353516,88.63999938964844,74.32378387451172
2020-01-31,36.682769775390625,149.3300018310547,148.2216033935547,210.89024353027344,293.26312255859375,119.26913452148438,86.72000122070312,73.41708374023438
2020-02-03,37.09220504760742,148.36000061035156,149.8743438720703,214.07667541503906,295.441650390625,119.17254638671875,83.91999816894531,73.659423828125
2020-02-04,38.05043411254883,146.42999267578125,152.13650512695312,218.9765625,299.9445495605469,117.56764221191406,83.5199966430664,74.41758728027344
2020-02-05,38.268211364746094,146.61000061035156,154.48178100585938,219.6985626220703,303.4082946777344,116.28204345703125,85.5999984741211,74.4644775390625
2020-02-06,38.30305480957031,147.39999389648438,154.1309051513672,221.59500122070312,304.4292297363281,116.80613708496094,85.91999816894531,74.71458435058594
2020-02-07,37.77167892456055,147.7899932861328,152.2381134033203,220.6419677734375,302.8067321777344,118.26361846923828,84.63999938964844,74.69895935058594
2020-02-10,37.98073959350586,148.1699981689453,153.09678649902344,223.30856323242188,305.0672912597656,118.59119415283203,83.36000061035156,75.5352783203125
2020-02-11,38.477272033691406,147.66000366210938,154.1586151123047,223.34701538085938,305.5960693359375,117.99345397949219,84.0,76.10586547851562
2020-02-12,38.99995040893555,147.5399932861328,155.2204132080078,225.52267456054688,307.5647888183594,117.3956527709961,86.4800033569336,76.55919647216797
2020-02-13,38.48598098754883,148.3800048828125,155.62667846679688,225.23385620117188,307.2367248535156,117.84600830078125,86.72000122070312,77.0203628540039
2020-02-14,38.50341033935547,149.0,155.02651977539062,225.8788299560547,307.72894287109375,118.36186981201172,87.5999984741211,77.81759643554688
2020-02-18,38.25078582763672,150.91000366210938,154.69407653808594,225.9654541015625,306.9359436035156,119.17254638671875,87.5999984741211,77.73161315917969
2020-02-19,38.529541015625,151.7899932861328,155.4881591796875,228.1315155029297,308.4034729003906,119.16437530517578,89.44000244140625,76.68424987792969
2020-02-20,37.928466796875,152.41000366210938,155.86671447753906,226.0136260986328,307.1363830566406,120.09783172607422,90.23999786376953,77.59874725341797
2020-02-21,37.710693359375,154.6999969482422,154.28785705566406,221.6720428466797,303.9735107421875,121.21958923339844,89.27999877929688,77.82542419433594
2020-02-24,36.29948043823242,156.08999633789062,149.6435089111328,213.12356567382812,293.8920593261719,123.02924346923828,85.91999816894531,76.76241302490234
2020-02-25,36.01201248168945,153.3000030517578,144.32516479492188,207.32835388183594,284.9864501953125,123.68431091308594,83.19999694824219,74.68333435058594
2020-02-26,36.29948043823242,153.97000122070312,142.65394592285156,208.3968963623047,283.93829345703125,123.02924346923828,81.5199966430664,73.8782730102539
2020-02-27,35.42836380004883,154.0,137.63104248046875,197.96165466308594,271.1861267089844,124.36385345458984,78.23999786376953,69.94673156738281
2020-02-28,35.29770278930664,148.3800048828125,135.11038208007812,198.11569213867188,270.0466613769531,127.17253875732422,75.5999984741211,68.25843048095703
2020-03-02,36.06427764892578,149.1999969482422,139.44996643066406,208.3391571044922,281.741455078125,126.23688507080078,79.36000061035156,71.17385864257812
2020-03-03,35.820369720458984,153.88999938964844,136.606201171875,201.6582794189453,273.6745910644531,128.1967315673828,79.12000274658203,71.0097427368164
2020-03-04,36.45627975463867,154.16000366210938,140.49339294433594,210.0719451904297,285.17791748046875,126.8354721069336,78.87999725341797,73.690673828125
2020-03-05,35.689701080322266,157.49000549316406,136.0244598388672,203.68951416015625,275.6980895996094,129.99267578125,76.87999725341797,72.11181640625
2020-03-06,34.95795440673828,157.5500030517578,133.32833862304688,200.25283813476562,271.1405029296875,136.75799560546875,69.83999633789062,70.86904907226562
2020-03-09,32.57109451293945,157.80999755859375,120.3648681640625,186.34234619140625,249.9659423828125,140.46450805664062,52.15999984741211,65.40555572509766
2020-03-10,34.226226806640625,154.47999572753906,124.1227798461914,196.48883056640625,262.90045166015625,133.2646026611328,57.91999816894531,68.16886901855469
2020-03-11,32.632076263427734,153.92999267578125,116.22834014892578,187.93075561523438,250.08441162109375,128.3607940673828,55.52000045776367,64.0727310180664
2020-03-12,29.36538314819336,147.7899932861328,103.38487243652344,170.6991424560547,226.1570587158203,129.15621948242188,52.31999969482422,57.581966400146484
2020-03-13,31.48219871520996,143.27999877929688,110.30982971191406,185.1582794189453,245.49034118652344,126.23688507080078,55.68000030517578,62.60758972167969
2020-03-16,27.553455352783203,141.63999938964844,95.67509460449219,162.97854614257812,218.62791442871094,134.41258239746094,48.400001525878906,51.50868606567383
2020-03-17,29.452497482299805,143.55999755859375,100.0608901977539,175.33908081054688,230.4320831298828,125.4495849609375,45.68000030517578,54.48624801635742
2020-03-18,26.908830642700195,140.6999969482422,92.30496215820312,170.0060272216797,218.76463317871094,118.37271118164062,37.68000030517578,49.3030891418457
2020-03-19,27.117897033691406,138.0399932861328,95.90592956542969,171.0264129638672,219.2294921875,121.59544372558594,42.959999084472656,49.476383209228516
2020-03-20,27.318254470825195,140.11000061035156,93.62532043457031,164.32626342773438,209.7820281982422,130.73876953125,39.52000045776367,47.010841369628906
2020-03-23,26.6649169921875,146.3000030517578,92.24031829833984,164.44496154785156,204.41824340820312,136.1265106201172,39.040000915527344,44.828861236572266
2020-03-24,28.668487548828125,153.39999389648438,100.67953491210938,177.17913818359375,222.93919372558594,133.59266662597656,39.84000015258789,48.861961364746094
2020-03-25,29.678985595703125,151.3000030517578,101.93082427978516,175.86715698242188,226.2766571044922,133.2892303466797,40.63999938964844,51.49293518066406
2020-03-26,30.802732467651367,153.24000549316406,108.27079010009766,185.12832641601562,239.4888916015625,133.94520568847656,38.63999938964844,55.12429428100586
2020-03-27,29.051782608032227,152.25,104.33148956298828,178.7612762451172,232.35556030273438,137.5205841064453,35.7599983215332,55.1794319152832
2020-03-30,29.530902862548828,152.9199981689453,106.63020324707031,185.26344299316406,239.90147399902344,136.38893127441406,33.84000015258789,56.384647369384766
2020-03-31,29.73125457763672,148.0500030517578,106.09259796142578,183.6812744140625,236.32568359375,135.2819061279297,33.68000030517578,55.02189254760742
2020-04-01,28.45941734313965,149.4499969482422,98.8628158569336,175.87677001953125,225.68984985351562,137.17723083496094,35.040000915527344,51.406288146972656
2020-04-02,29.417652130126953,151.89999389648438,99.79896545410156,179.44622802734375,230.89773559570312,138.0477752685547,40.880001068115234,51.57958984375
2020-04-03,28.860139846801758,152.64999389648438,96.97193145751953,176.89939880371094,227.56028747558594,138.3762969970703,47.20000076293945,50.83124923706055
2020-04-06,30.43685531616211,156.8800048828125,104.3963851928711,189.54673767089844,242.8446044921875,138.0149383544922,43.84000015258789,54.59652328491211
2020-04-07,30.59365463256836,156.0399932861328,104.66519165039062,189.46958923339844,243.0922393798828,136.569580078125,40.720001220703125,55.10066223144531
2020-04-08,30.907257080078125,154.64999389648438,109.43870544433594,193.49244689941406,251.25244140625,135.57586669921875,42.959999084472656,58.85806655883789
2020-04-09,30.794025421142578,158.69000244140625,114.67566680908203,193.77220153808594,255.0758819580078,135.8221893310547,39.84000015258789,62.15858840942383
2020-04-13,30.83757209777832,161.41000366210938,111.5705795288086,195.86563110351562,252.74688720703125,134.58224487304688,39.439998626708984,59.543373107910156
2020-04-14,31.543180465698242,162.67999267578125,113.83219909667969,204.3840789794922,260.20123291015625,134.54931640625,37.279998779296875,61.213348388671875
2020-04-15,30.7330322265625,161.85000610351562,109.18843078613281,202.03977966308594,254.67234802246094,138.11337280273438,35.439998626708984,58.78717041015625
2020-04-16,30.898544311523438,161.7100067138672,108.36348724365234,205.7250213623047,255.9010772705078,139.68202209472656,34.880001068115234,58.11759948730469
2020-04-17,31.58673095703125,158.57000732421875,113.13700103759766,207.6929931640625,262.8143005371094,137.8096160888672,33.68000030517578,59.95298767089844
2020-04-20,31.186017990112305,159.6999969482422,111.80229187011719,205.23300170898438,258.1841125488281,138.9182891845703,30.0,57.723758697509766
2020-04-21,30.3236083984375,158.61000061035156,109.13282775878906,197.66000366210938,250.3447265625,140.66744995117188,22.479999542236328,56.67610549926758
2020-04-22,31.151172637939453,161.72999572753906,110.45829010009766,203.5254669189453,255.9010772705078,139.2303466796875,20.079999923706055,57.5425910949707
2020-04-23,31.03792953491211,163.33999633789062,111.54275512695312,203.09127807617188,255.88265991210938,139.96945190429688,21.1200008392334,57.06207275390625
2020-04-24,30.994375228881836,162.63999938964844,113.46143341064453,206.294189453125,259.4493408203125,140.2978973388672,20.559999465942383,57.3062629699707
2020-04-27,31.621572494506836,161.55999755859375,117.95687866210938,207.9534912109375,263.1900939941406,137.68641662597656,17.520000457763672,59.267677307128906
2020-04-28,31.68255043029785,160.83999633789062,119.671630859375,204.0367431640625,261.9798889160156,139.2714385986328,17.040000915527344,59.75606918334961
2020-04-29,32.6059455871582,161.72999572753906,125.55738830566406,211.2720947265625,268.83819580078125,138.54873657226562,18.0,60.654052734375
2020-04-30,31.917760848999023,158.8000030517578,120.7839126586914,211.1852569580078,266.3350830078125,136.93093872070312,19.1200008392334,59.95298767089844
2020-05-01,30.767879486083984,159.77999877929688,115.99185943603516,205.23300170898438,259.2843322753906,138.10348510742188,18.860000610351562,57.92857360839844
2020-05-04,31.098907470703125,160.33999633789062,116.49238586425781,207.62545776367188,259.9994812011719,137.45388793945312,19.670000076293945,57.64497375488281
2020-05-05,31.273134231567383,161.02000427246094,117.39148712158203,209.97938537597656,262.4017333984375,136.573974609375,21.510000228881836,57.92857360839844
2020-05-06,31.17731475830078,158.9499969482422,116.52944946289062,211.2720947265625,260.6229553222656,134.37030029296875,20.850000381469727,56.88877868652344
2020-05-07,31.429931640625,161.38999938964844,118.12371826171875,213.9925994873047,263.767822265625,136.61514282226562,20.469999313354492,57.70012664794922
2020-05-08,32.09198760986328,160.4199981689453,122.68402099609375,216.92530822753906,268.13214111328125,134.83901977539062,21.469999313354492,59.070743560791016
2020-05-11,31.882911682128906,159.4199981689453,122.07231140136719,218.8643798828125,268.1871643066406,133.78646850585938,21.170000076293945,58.21213150024414
2020-05-12,31.760953903198242,160.0399932861328,117.6880874633789,214.2820281982422,262.8418273925781,135.15972900390625,20.969999313354492,55.56542205810547
2020-05-13,31.699979782104492,161.5800018310547,113.74878692626953,211.60011291503906,258.1932067871094,136.10533142089844,20.600000381469727,54.21842956542969
2020-05-14,31.82193374633789,163.00999450683594,114.11952209472656,214.0022430419922,261.2830810546875,137.4374542236328,21.450000762939453,54.407474517822266
2020-05-15,31.38637351989746,163.92999267578125,115.93624877929688,215.39138793945312,262.48419189453125,137.08383178710938,22.389999389648438,54.194793701171875
2020-05-18,32.61465072631836,162.69000244140625,122.98065185546875,219.40460205078125,270.4793701171875,134.0743408203125,24.309999465942383,57.400787353515625
2020-05-19,32.35331726074219,164.25999450683594,120.55217742919922,218.85475158691406,267.7012939453125,134.57586669921875,24.440000534057617,56.62883758544922
2020-05-20,32.78016662597656,164.64999389648438,124.20418548583984,223.22488403320312,272.2489929199219,134.9788360595703,25.34000015258789,57.132965087890625
2020-05-21,32.40557861328125,162.25,124.42664337158203,220.79379272460938,270.36932373046875,135.31597900390625,26.600000381469727,57.180240631103516
2020-05-22,31.734830856323242,163.2100067138672,125.02913665771484,221.5559539794922,270.8829040527344,136.1300048828125,25.56999969482422,57.95219802856445
2020-05-26,32.43172073364258,160.88999938964844,128.63470458984375,220.95782470703125,274.2203063964844,134.3045196533203,25.65999984741211,60.11840057373047
2020-05-27,32.536251068115234,161.17999267578125,132.62965393066406,222.1636962890625,278.3003845214844,134.0578155517578,25.0,61.31574249267578
2020-05-28,32.30977249145508,161.72000122070312,129.48748779296875,221.87428283691406,277.78692626953125,133.56446838378906,25.030000686645508,61.6071891784668
2020-05-29,32.867271423339844,162.91000366210938,128.74594116210938,225.1253662109375,279.0247497558594,134.51824951171875,25.8799991607666,60.992767333984375
2020-06-01,33.625144958496094,163.66000366210938,129.97869873046875,225.8007049560547,280.152587890625,133.61260986328125,26.219999313354492,62.40279769897461
2020-06-02,34.426578521728516,162.60000610351562,131.05389404296875,227.31527709960938,282.4721984863281,133.12681579589844,27.06999969482422,62.906917572021484
2020-06-03,35.22800827026367,159.60000610351562,134.21466064453125,228.33792114257812,286.2313537597656,131.35667419433594,27.1200008392334,64.92347717285156
2020-06-04,34.731468200683594,161.27999877929688,134.01998901367188,226.73648071289062,285.4795837402344,129.4546661376953,27.5,64.27754974365234
2020-06-05,35.64614486694336,158.00999450683594,139.20138549804688,231.23202514648438,292.7962646484375,128.53260803222656,28.8700008392334,66.71160125732422
2020-06-08,35.86391830444336,159.72000122070312,141.898681640625,233.02635192871094,296.3353271484375,129.026611328125,28.3700008392334,68.36579132080078
2020-06-09,35.62001037597656,161.25999450683594,139.2755126953125,234.714599609375,294.125732421875,130.49212646484375,28.420000076293945,67.23148345947266
2020-06-10,35.88134765625,163.57000732421875,135.49378967285156,237.53155517578125,292.4845275878906,132.4270477294922,28.43000030517578,65.52212524414062
2020-06-11,34.00844192504883,162.38999938964844,125.15886688232422,225.76211547851562,275.6230163574219,134.93002319335938,26.360000610351562,61.31574249267578
2020-06-12,34.731468200683594,162.6199951171875,128.16201782226562,227.5564727783203,278.9238586425781,133.62913513183594,26.43000030517578,63.513458251953125
2020-06-15,34.416046142578125,162.3300018310547,131.12513732910156,230.32518005371094,281.5277404785156,133.7032012939453,26.979999542236328,64.4114761352539
2020-06-16,34.63508605957031,162.25,134.2779083251953,234.2804718017578,286.946533203125,131.65304565429688,27.639999389648438,65.67967987060547
2020-06-17,34.96803665161133,162.55999755859375,131.8505401611328,235.0233154296875,285.754638671875,132.1964874267578,27.280000686645508,64.72655487060547
2020-06-18,34.98556137084961,162.24000549316406,131.8040008544922,235.6600341796875,285.8646240234375,133.59608459472656,27.889999389648438,64.01759338378906
2020-06-19,34.97679138183594,164.02999877929688,131.12513732910156,235.62144470214844,284.23101806640625,133.7032012939453,28.229999542236328,63.08808135986328
2020-06-22,35.40612030029297,165.08999633789062,132.43641662597656,238.44720458984375,286.05438232421875,133.7196807861328,28.979999542236328,63.025089263916016
2020-06-23,35.747833251953125,166.47999572753906,132.99449157714844,240.47657775878906,287.3711853027344,132.80572509765625,28.719999313354492,62.765113830566406
2020-06-24,35.27470016479492,165.89999389648438,128.6791534423828,235.51901245117188,280.0407409667969,134.23011779785156,27.25,60.977012634277344
2020-06-25,35.42365264892578,165.8000030517578,130.6228485107422,237.7610321044922,283.04290771484375,134.6171417236328,27.940000534057617,61.75582504272461
2020-06-26,34.99432373046875,166.5399932861328,127.10733032226562,232.14634704589844,276.3202819824219,136.05792236328125,27.360000610351562,60.57051467895508
2020-06-29,35.15203094482422,166.6300048828125,131.26463317871094,234.67825317382812,280.3815612792969,135.62982177734375,28.270000457763672,61.739933013916016
2020-06-30,35.03812789916992,167.3699951171875,133.16183471679688,239.2782745361328,283.9730529785156,134.9711151123047,28.059999465942383,62.471805572509766
2020-07-01,35.432403564453125,166.6199951171875,131.89703369140625,242.07118225097656,285.96221923828125,134.7089385986328,28.350000381469727,63.911659240722656
2020-07-02,36.23849105834961,166.97999572753906,132.43641662597656,243.7139892578125,287.53704833984375,134.8491668701172,28.75,63.72871398925781
2020-07-06,37.79806900024414,167.97999572753906,133.39434814453125,249.7056884765625,291.9757995605469,134.29684448242188,28.959999084472656,63.69688415527344
2020-07-07,37.16722106933594,169.0399932861328,131.03208923339844,247.98544311523438,288.9644775390625,136.18450927734375,28.790000915527344,62.43201446533203
2020-07-08,38.13102722167969,170.08999633789062,132.00860595703125,251.25181579589844,291.1745300292969,135.64053344726562,29.18000030517578,62.34452438354492
2020-07-09,38.13102722167969,169.6300048828125,129.3394012451172,253.36822509765625,289.5169372558594,137.8002166748047,28.40999984741211,61.954708099365234
2020-07-10,37.88570022583008,169.19000244140625,131.4226837158203,255.09815979003906,292.47308349609375,137.1077423095703,29.030000686645508,62.14563751220703
2020-07-13,37.6316032409668,169.39999389648438,129.75794982910156,249.85055541992188,289.94061279296875,137.56114196777344,28.5,61.405818939208984
2020-07-14,37.68416976928711,170.19000244140625,131.9062957763672,251.6190185546875,293.69793701171875,137.75897216796875,28.8799991607666,61.92289352416992
2020-07-15,37.79806900024414,170.33999633789062,136.7425079345703,252.13128662109375,296.3962707519531,137.115966796875,29.290000915527344,62.5274772644043
2020-07-16,37.26361083984375,168.72999572753906,135.93333435058594,250.4110870361328,295.4200439453125,137.76718139648438,29.15999984741211,61.77969741821289
2020-07-17,37.47389602661133,170.1199951171875,136.33326721191406,250.70108032226562,296.27642822265625,137.4787139892578,29.100000381469727,62.58315658569336
2020-07-20,37.955787658691406,170.94000244140625,135.74734497070312,257.81365966796875,298.6708679199219,137.81663513183594,29.1200008392334,61.835391998291016
2020-07-21,38.306251525878906,173.0,137.67251586914062,255.1271209716797,299.3062438964844,137.89907836914062,29.719999313354492,61.986534118652344
2020-07-22,38.1397705078125,175.6300048828125,137.74693298339844,256.0257873535156,301.0099792480469,138.31121826171875,29.75,62.93319320678711
2020-07-23,37.83312225341797,177.17999267578125,137.8864288330078,249.33834838867188,297.41839599609375,139.9269256591797,29.40999984741211,62.67068099975586
2020-07-24,37.79806900024414,178.6999969482422,135.85897827148438,246.97071838378906,295.5029602050781,139.91871643066406,29.440000534057617,62.20927047729492
2020-07-27,38.385101318359375,182.22999572753906,137.27261352539062,251.37745666503906,297.6578674316406,139.39930725097656,29.719999313354492,62.797943115234375
2020-07-28,38.06968688964844,183.75,135.9054718017578,248.17872619628906,295.7700500488281,140.36376953125,29.350000381469727,64.04692077636719
2020-07-29,38.683013916015625,185.1300048828125,138.900146484375,251.03927612304688,299.4075927734375,140.12474060058594,29.56999969482422,65.28790283203125
2020-07-30,38.192352294921875,183.75999450683594,138.3513946533203,252.35354614257812,298.3393859863281,141.0479736328125,28.93000030517578,64.86628723144531
2020-07-31,37.92950439453125,185.42999267578125,137.04940795898438,256.85693359375,300.6969299316406,140.957275390625,29.06999969482422,64.7469711303711
2020-08-03,38.192352294921875,185.63999938964844,139.28147888183594,260.32623291015625,302.7873840332031,140.24766540527344,29.34000015258789,63.88780212402344
2020-08-04,38.700531005859375,189.58999633789062,140.23936462402344,261.29266357421875,303.9569396972656,141.58447265625,29.780000686645508,64.84243774414062
2020-08-05,39.121089935302734,191.35000610351562,143.02947998046875,261.9400634765625,305.8447265625,140.3466033935547,30.229999542236328,64.51626586914062
2020-08-06,39.24375915527344,193.88999938964844,142.9737091064453,265.40948486328125,307.88916015625,141.13058471679688,30.18000030517578,64.61968994140625
2020-08-07,38.437679290771484,190.80999755859375,145.2429656982422,262.34600830078125,308.1102600097656,140.18984985351562,29.850000381469727,65.54247283935547
2020-08-10,38.534053802490234,190.14999389648438,146.7496337890625,261.22503662109375,309.03118896484375,139.56271362304688,30.15999984741211,65.64591217041016
2020-08-11,38.42891311645508,179.94000244140625,145.9033203125,256.2769775390625,306.4801940917969,137.90391540527344,29.81999969482422,64.69922637939453
2020-08-12,38.945858001708984,179.10000610351562,146.49850463867188,262.7228698730469,310.7532043457031,136.64955139160156,30.559999465942383,65.35157775878906
2020-08-13,38.83195877075195,183.3300018310547,146.1916046142578,263.3220520019531,310.1915283203125,135.18893432617188,30.399999618530273,64.54808807373047
2020-08-14,38.761863708496094,182.5399932861328,146.0985870361328,263.0127868652344,310.20068359375,134.6608123779297,30.329999923706055,64.55604553222656
2020-08-17,39.25251007080078,186.5,146.8519287109375,266.06658935546875,311.18609619140625,134.9991455078125,30.770000457763672,65.0810775756836
2020-08-18,39.208709716796875,188.17999267578125,145.44760131835938,268.6275329589844,311.8583679199219,135.96466064453125,30.600000381469727,64.77082824707031
2020-08-19,38.72681427001953,182.24000549316406,145.4568328857422,266.8203430175781,310.55987548828125,135.11468505859375,30.65999984741211,63.633243560791016
2020-08-20,38.604148864746094,183.5,144.8616485595703,270.5216369628906,311.5268249511719,136.33590698242188,30.520000457763672,64.23783874511719
2020-08-21,38.79691696166992,182.02999877929688,143.79214477539062,272.3964538574219,312.63189697265625,137.1529541015625,30.18000030517578,64.34124755859375
2020-08-24,39.22623062133789,181.0,145.2987823486328,274.0973205566406,315.7998962402344,136.9301300048828,30.350000381469727,64.75492095947266
2020-08-25,39.62051773071289,181.22000122070312,145.4568328857422,276.2523193359375,316.90496826171875,135.8821563720703,30.920000076293945,64.92198944091797
2020-08-26,39.725650787353516,183.36000061035156,144.54547119140625,282.14727783203125,320.0821228027344,135.3622589111328,30.93000030517578,64.32535552978516
2020-08-27,39.3927116394043,181.24000549316406,144.89886474609375,281.26788330078125,320.7819519042969,133.05987548828125,30.670000076293945,65.2719955444336
2020-08-28,39.90965270996094,184.38999938964844,146.12649536132812,282.6982116699219,322.8540954589844,132.9608612060547,30.719999313354492,65.70158386230469
2020-08-31,39.024715423583984,184.8300018310547,144.5547332763672,284.96917724609375,321.68450927734375,133.84384155273438,30.579999923706055,65.0333480834961
2020-09-01,39.69060516357422,185.0500030517578,146.21017456054688,289.8397521972656,324.7143859863281,135.3746795654297,30.610000610351562,65.0810775756836
2020-09-02,39.5854606628418,182.6199951171875,147.37277221679688,292.58428955078125,329.4110107421875,136.6634979248047,29.860000610351562,66.2902603149414
2020-09-03,38.83195877075195,181.13999938964844,143.02017211914062,277.7502136230469,318.07440185546875,137.05177307128906,29.639999389648438,65.49474334716797
2020-09-04,38.8494758605957,181.63999938964844,142.10873413085938,274.0489807128906,315.4775390625,134.4493865966797,28.510000228881836,65.15267944335938
2020-09-08,38.17482376098633,181.2899932861328,139.3744659423828,260.8771667480469,306.8577880859375,135.2755889892578,26.75,64.35717010498047
2020-09-09,38.744346618652344,183.0500030517578,141.48562622070312,268.5404968261719,312.9173889160156,134.91201782226562,27.40999984741211,64.9935531616211
2020-09-10,38.122257232666016,182.4600067138672,139.6441650390625,263.1867370605469,307.4839782714844,135.59779357910156,26.790000915527344,64.19807434082031
2020-09-11,38.49024200439453,182.4499969482422,138.714111328125,261.36029052734375,307.6405944824219,135.88693237304688,27.040000915527344,63.840084075927734
2020-09-14,39.112335205078125,183.88999938964844,142.3691864013672,265.9120788574219,311.69256591796875,135.87863159179688,26.940000534057617,65.3992919921875
2020-09-15,39.52413558959961,183.4499969482422,142.63890075683594,269.6809387207031,313.2673034667969,135.54815673828125,27.520000457763672,66.18683624267578
2020-09-16,39.471561431884766,183.97000122070312,143.98741149902344,265.3804931640625,312.02410888671875,135.14344787597656,28.700000762939453,66.53687286376953
2020-09-17,39.31385040283203,182.9600067138672,142.9365234375,261.23468017578125,309.27978515625,135.5564727783203,29.229999542236328,65.24018859863281
2020-09-18,39.00719451904297,183.1999969482422,142.564453125,257.9006652832031,305.7191467285156,135.13516235351562,29.059999465942383,63.76850509643555
2020-09-21,38.64795684814453,179.52000427246094,137.5702362060547,258.5191650390625,302.3166809082031,135.82083129882812,28.290000915527344,61.851295471191406
2020-09-22,38.35882568359375,178.64999389648438,138.63047790527344,263.3220520019531,305.3955383300781,135.71339416503906,28.170000076293945,62.59111785888672
2020-09-23,37.763023376464844,174.7899932861328,134.5002899169922,255.2816925048828,298.3131408691406,135.89520263671875,28.030000686645508,60.70573043823242
2020-09-24,37.58779525756836,175.44000244140625,134.5002899169922,256.47039794921875,299.10821533203125,136.4156494140625,28.5,61.031917572021484
2020-09-25,37.622833251953125,174.94000244140625,136.68487548828125,262.43292236328125,303.9439392089844,136.4156494140625,28.350000381469727,62.290550231933594
2020-09-28,38.043399810791016,176.6999969482422,140.05506896972656,267.88348388671875,308.99224853515625,136.02735900878906,28.690000534057617,63.56521987915039
2020-09-29,38.017112731933594,178.19000244140625,139.42025756835938,266.6754150390625,307.30950927734375,136.18434143066406,27.700000762939453,63.10826873779297
2020-09-30,38.630435943603516,177.1199951171875,139.8403778076172,268.50189208984375,309.6394958496094,134.87899780273438,28.290000915527344,63.30067825317383
2020-10-01,38.989662170410156,178.6999969482422,142.07159423828125,272.763671875,311.62738037109375,135.1014404296875,27.510000228881836,64.56732940673828
2020-10-02,38.54281997680664,178.5399932861328,142.69712829589844,265.090576171875,308.6686096191406,134.59698486328125,26.350000381469727,65.68164825439453
2020-10-05,39.05976104736328,179.41000366210938,146.63677978515625,270.7440185546875,314.1423034667969,131.96713256835938,27.93000030517578,66.05845642089844
2020-10-06,39.12985610961914,177.3000030517578,146.21665954589844,265.9120788574219,309.6763916015625,132.6782989501953,28.389999389648438,65.62554931640625
2020-10-07,39.55918502807617,177.22000122070312,149.4095458984375,270.51202392578125,315.0668029785156,131.7107391357422,28.389999389648438,65.72174072265625
2020-10-08,39.88336944580078,177.85000610351562,151.10861206054688,271.9518737792969,317.8591613769531,132.42193603515625,29.139999389648438,66.82006072998047
2020-10-09,40.15497970581055,181.0800018310547,151.892822265625,276.107421875,320.69775390625,132.39718627929688,28.690000534057617,66.55548095703125
2020-10-12,40.50545120239258,180.55999755859375,152.9104766845703,284.6309509277344,325.8569641113281,132.8188934326172,28.06999969482422,66.86814880371094
2020-10-13,40.33897018432617,177.72000122070312,151.892822265625,284.6212463378906,323.7303161621094,133.76998901367188,28.459999084472656,65.72174072265625
2020-10-14,40.06736373901367,178.27000427246094,150.38978576660156,282.2439880371094,321.6962890625,134.07598876953125,28.979999542236328,64.92005157470703
2020-10-15,39.77822494506836,178.9199981689453,151.9395294189453,280.3498229980469,321.2987060546875,133.84442138671875,28.940000534057617,65.25676727294922
2020-10-16,39.91841125488281,178.3000030517578,151.5660400390625,278.81329345703125,321.10455322265625,133.4722442626953,28.719999313354492,64.79179382324219
2020-10-19,39.80451202392578,178.38999938964844,149.7549285888672,274.2615661621094,316.22259521484375,132.9677734375,28.59000015258789,63.78167724609375
2020-10-20,40.24258804321289,179.25,150.08169555664062,274.8510437011719,317.4893493652344,131.702392578125,29.049999237060547,64.23863220214844
2020-10-21,40.35649871826172,180.60000610351562,148.79335021972656,274.6384582519531,316.88836669921875,131.24755859375,28.100000381469727,64.04622650146484
2020-10-22,40.347740173339844,178.8300018310547,151.36070251464844,274.62890625,318.62652587890625,129.8829345703125,28.510000228881836,64.0382080078125
2020-10-23,40.58430480957031,178.63999938964844,152.2382354736328,275.1700439453125,319.7084045410156,130.67694091796875,27.8799991607666,64.42300415039062
2020-10-26,40.05860137939453,178.5500030517578,148.95205688476562,271.0435485839844,313.80023193359375,131.89266967773438,27.110000610351562,63.50108337402344
2020-10-27,40.233829498291016,179.02000427246094,147.67303466796875,273.159912109375,312.7183532714844,132.77760314941406,27.690000534057617,62.48294448852539
2020-10-28,39.22623062133789,176.1300048828125,143.12652587890625,262.5102844238281,302.0299987792969,132.9015655517578,26.309999465942383,60.9918327331543
2020-10-29,39.62051773071289,175.39999389648438,144.83497619628906,267.1005859375,305.09967041015625,131.6114959716797,25.600000381469727,61.80953598022461
2020-10-30,39.17366027832031,176.1999969482422,142.92117309570312,260.32623291015625,301.9190673828125,130.31301879882812,25.25,61.40068817138672
2020-11-02,39.67308044433594,177.91000366210938,145.46983337402344,260.90606689453125,305.3031005859375,131.2891845703125,26.260000228881836,62.86773681640625
2020-11-03,39.84831237792969,178.9199981689453,149.59619140625,265.4190673828125,310.6934509277344,130.52749633789062,26.719999313354492,64.07830047607422
2020-11-04,41.10124206542969,178.82000732421875,149.76425170898438,277.2671203613281,317.6373291015625,133.35897827148438,27.440000534057617,64.1905517578125
2020-11-05,41.80217742919922,182.92999267578125,153.9560546875,284.49578857421875,323.83203125,133.59068298339844,27.15999984741211,64.49515533447266
2020-11-06,41.99494171142578,183.19000244140625,152.7516632080078,284.708251953125,323.75811767578125,131.97630310058594,26.469999313354492,64.05423736572266
2020-11-09,42.284080505371094,175.0800018310547,158.28781127929688,278.890625,327.8262939453125,129.2028350830078,28.06999969482422,66.322998046875
2020-11-10,41.80217742919922,175.66000366210938,161.22857666015625,273.8943786621094,327.3456115722656,128.4576873779297,28.90999984741211,67.29303741455078
2020-11-11,42.073795318603516,174.89999389648438,161.16323852539062,280.02130126953125,329.77728271484375,128.92135620117188,29.040000915527344,67.54959106445312
2020-11-12,41.75837707519531,175.9600067138672,158.68923950195312,278.7070007324219,326.578125,131.11526489257812,28.65999984741211,66.66770935058594
2020-11-13,42.34540939331055,177.16000366210938,161.9754180908203,281.1518859863281,331.0994567871094,130.94143676757812,28.1299991607666,68.44744110107422
2020-11-16,42.87110900878906,177.14999389648438,165.8311004638672,283.3456726074219,335.2324523925781,130.6268310546875,28.809999465942383,69.21705627441406
2020-11-17,42.82729721069336,176.5,166.60597229003906,282.4469299316406,333.42950439453125,131.4795684814453,28.8700008392334,69.28119659423828
2020-11-18,42.67835235595703,175.49000549316406,164.27203369140625,280.35955810546875,329.4166259765625,131.86041259765625,29.0,67.93437194824219
2020-11-19,42.74844741821289,175.16000366210938,165.53236389160156,282.55322265625,330.80352783203125,132.53932189941406,29.09000015258789,68.19892883300781
2020-11-20,42.985008239746094,175.69000244140625,165.7097625732422,280.6205139160156,328.5382995605469,133.71487426757812,29.270000457763672,67.83014678955078
2020-11-23,43.09891128540039,172.22999572753906,168.80926513671875,280.6300354003906,330.5076599121094,133.10232543945312,29.520000457763672,67.95841217041016
2020-11-24,43.677188873291016,169.58999633789062,171.98341369628906,284.5730285644531,335.8334045410156,131.7776336669922,30.799999237060547,68.31917572021484
2020-11-25,43.431861877441406,169.50999450683594,171.39523315429688,286.3221130371094,335.3155822753906,131.37191772460938,31.3700008392334,68.35926818847656
2020-11-27,43.84366226196289,167.7899932861328,172.12342834472656,288.9604797363281,336.2494812011719,132.64691162109375,31.219999313354492,68.05463409423828
2020-11-30,42.69587707519531,166.6699981689453,168.99594116210938,289.54986572265625,334.7608337402344,132.48130798339844,30.969999313354492,67.34114074707031
2020-12-01,43.53700256347656,170.17999267578125,170.5643768310547,293.26092529296875,338.42230224609375,130.52796936035156,30.6200008392334,68.20694732666016
2020-12-02,43.59833908081055,171.4600067138672,170.7417449951172,293.6378173828125,339.13421630859375,129.4920654296875,30.969999313354492,67.6698226928711
2020-12-03,44.097755432128906,172.80999755859375,171.7033233642578,294.0532531738281,339.041748046875,130.53627014160156,31.25,68.23902130126953
2020-12-04,44.5533561706543,172.32000732421875,175.69898986816406,295.2515563964844,341.9635009765625,128.6217803955078,31.559999465942383,69.28119659423828
2020-12-07,44.5533561706543,174.88999938964844,175.8670654296875,296.92352294921875,341.2607727050781,129.7821044921875,31.399999618530273,68.67993927001953
2020-12-08,44.570884704589844,175.5,178.12628173828125,297.9284973144531,342.2594299316406,130.39544677734375,31.40999984741211,68.43943786621094
2020-12-09,44.18537139892578,172.5,176.82864379882812,291.1830139160156,339.189697265625,129.9644012451172,31.34000015258789,68.01454162597656
2020-12-10,44.7548828125,172.1699981689453,178.53709411621094,292.3524475097656,339.0787658691406,131.11647033691406,32.11000061035156,67.71794128417969
2020-12-11,44.439456939697266,172.49000549316406,177.6595458984375,291.7049865722656,338.6811218261719,131.5804901123047,31.940000534057617,67.65380859375
2020-12-14,44.20841598510742,171.5399932861328,177.86741638183594,293.8214416503906,337.1648254394531,131.21585083007812,32.16999816894531,67.357177734375
2020-12-15,44.68643569946289,173.94000244140625,182.3157501220703,296.96209716796875,341.7230529785156,130.77658081054688,32.540000915527344,68.73605346679688
2020-12-16,44.89889144897461,174.89999389648438,181.66018676757812,298.5953369140625,342.2594299316406,130.42848205566406,32.7400016784668,68.81623077392578
2020-12-17,45.19102096557617,176.74000549316406,183.82354736328125,300.54736328125,344.1733093261719,130.08338928222656,33.15999984741211,69.48162841796875
2020-12-18,45.137908935546875,176.44000244140625,182.93380737304688,299.6390380859375,342.7990417480469,129.6935272216797,33.47999954223633,68.08670806884766
2020-12-21,44.473976135253906,175.8800048828125,182.8402099609375,299.07843017578125,341.5733642578125,130.20782470703125,32.63999938964844,67.7018814086914
2020-12-22,44.11989212036133,174.49000549316406,184.91920471191406,299.8917236328125,340.9977111816406,130.8797607421875,32.09000015258789,68.17488098144531
2020-12-23,44.57135772705078,175.64999389648438,186.4925079345703,298.38134765625,341.3040466308594,129.97557067871094,32.75,67.73394775390625
2020-12-24,44.376609802246094,176.35000610351562,186.37074279785156,299.6981506347656,342.63189697265625,130.48988342285156,32.91999816894531,68.32697296142578
2020-12-28,44.50053787231445,175.7100067138672,185.677734375,302.7186279296875,345.575439453125,130.5479736328125,32.59000015258789,68.7342758178711
2020-12-29,45.16446304321289,176.35000610351562,182.08163452148438,302.9897766113281,344.9161071777344,130.38204956054688,32.779998779296875,68.14777374267578
2020-12-30,45.766422271728516,177.6999969482422,183.93588256835938,302.99945068359375,345.408203125,130.66415405273438,32.90999984741211,68.52247619628906
2020-12-31,45.739864349365234,178.36000061035156,183.60812377929688,303.744873046875,347.1632080078125,130.8549041748047,33.0099983215332,69.18228149414062
2021-01-04,46.031986236572266,182.3300018310547,181.21066284179688,299.4560241699219,342.4368591308594,130.6973419189453,32.380001068115234,66.93404388427734
2021-01-05,47.13852310180664,182.8699951171875,184.01077270507812,301.9247741699219,344.7953796386719,129.72665405273438,33.939998626708984,67.03178405761719
2021-01-06,46.740169525146484,179.89999389648438,191.5401611328125,297.7424621582031,346.8567810058594,127.06359100341797,34.11000061035156,67.14582061767578
2021-01-07,47.18278503417969,179.47999572753906,194.94900512695312,304.9453430175781,352.01007080078125,125.94364929199219,34.529998779296875,67.01551818847656
2021-01-08,48.43096160888672,173.33999633789062,194.52755737304688,308.8663635253906,354.01580810546875,125.5370864868164,35.43000030517578,67.66717529296875
2021-01-11,47.77589416503906,173.0,194.35899353027344,304.40325927734375,351.6295166015625,125.3297119140625,35.2599983215332,66.77112579345703
2021-01-12,48.245059967041016,174.1199951171875,197.8427276611328,303.9192199707031,351.7037048339844,125.23014831542969,35.900001525878906,66.9259033203125
2021-01-13,48.351295471191406,173.3699951171875,196.4286346435547,305.9715881347656,352.6509094238281,126.64047241210938,35.79999923706055,67.7404556274414
2021-01-14,48.802757263183594,173.27999877929688,200.35252380371094,304.33551025390625,351.41583251953125,125.45416259765625,36.2400016784668,68.13963317871094
2021-01-15,48.11227798461914,171.1300048828125,197.3651580810547,301.9247741699219,348.8531494140625,125.9519271850586,35.34000015258789,68.92162322998047
2021-01-19,48.90898895263672,172.5800018310547,199.89364624023438,306.3298645019531,351.5923767089844,126.35847473144531,35.75,68.72611236572266
2021-01-20,49.767662048339844,175.38999938964844,200.77395629882812,313.455322265625,356.4580078125,126.48287200927734,35.790000915527344,70.03758239746094
2021-01-21,49.85618209838867,175.27999877929688,199.03207397460938,315.9627990722656,356.7828369140625,125.59512329101562,35.7599983215332,69.70362854003906
2021-01-22,49.42243194580078,173.89999389648438,201.34523010253906,315.0528259277344,355.52001953125,126.00165557861328,35.22999954223633,69.86652374267578
2021-01-25,49.79421615600586,174.0500030517578,201.14854431152344,317.65704345703125,356.9222106933594,127.48677062988281,35.59000015258789,70.3960189819336
2021-01-26,49.4312744140625,173.6199951171875,199.75318908691406,318.1218566894531,356.3650817871094,127.24610900878906,35.45000076293945,70.89290618896484
2021-01-27,48.05916976928711,172.52000427246094,196.09153747558594,309.2536315917969,347.65533447265625,127.56966400146484,35.5,69.6384506225586
2021-01-28,48.39555358886719,172.67999267578125,195.4640655517578,311.0834045410156,350.64520263671875,126.8645248413086,35.25,70.0131607055664
2021-01-29,47.1916389465332,172.61000061035156,192.5047607421875,304.53875732421875,343.6254577636719,126.10131072998047,35.18000030517578,69.20671844482422
2021-02-01,48.46637725830078,174.22999572753906,197.23402404785156,312.1484069824219,349.34527587890625,126.24748992919922,36.119998931884766,70.78699493408203
2021-02-02,49.094879150390625,172.11000061035156,200.04345703125,317.24078369140625,354.2850646972656,125.43344116210938,36.81999969482422,71.2105941772461
2021-02-03,49.342750549316406,171.85000610351562,200.64285278320312,315.9821472167969,354.56378173828125,124.32047271728516,37.439998626708984,71.03138732910156
2021-02-04,49.3604621887207,168.14999389648438,204.73532104492188,319.7192077636719,358.593505859375,123.98828887939453,37.810001373291016,71.52012634277344
2021-02-05,49.78536605834961,169.80999755859375,207.5728759765625,320.80352783203125,360.00494384765625,122.95012664794922,38.189998626708984,71.77264404296875
2021-02-08,49.8738899230957,171.52000427246094,212.87342834472656,322.9528503417969,362.60491943359375,123.48992919921875,38.939998626708984,72.16362762451172
2021-02-09,50.405025482177734,172.0800018310547,213.8754425048828,322.8851013183594,362.3634033203125,123.58129119873047,39.16999816894531,72.41616821289062
2021-02-10,50.582069396972656,172.7100067138672,212.47071838378906,322.1493835449219,362.20556640625,124.40357971191406,39.279998779296875,72.80716705322266
2021-02-11,51.1220588684082,171.2100067138672,212.2272491455078,323.9209899902344,362.79052734375,123.72245788574219,38.970001220703125,72.96194458007812
2021-02-12,51.16632080078125,170.69000244140625,212.82662963867188,325.7314147949219,364.5826721191406,122.1859359741211,39.939998626708984,72.97821807861328
2021-02-16,51.290252685546875,168.24000549316406,211.48739624023438,324.8503723144531,364.2669372558594,120.32544708251953,40.45000076293945,72.41616821289062
2021-02-17,51.30796432495117,166.3300018310547,209.82980346679688,323.2917175292969,364.3505859375,121.08953857421875,40.88999938964844,72.3265609741211
2021-02-18,50.59978485107422,166.32000732421875,206.5802001953125,321.878173828125,362.7998352050781,120.59953308105469,40.27000045776367,72.01702117919922
2021-02-19,50.92730712890625,167.00999450683594,210.88803100585938,320.474365234375,362.1592102050781,118.99653625488281,39.68000030517578,72.43244934082031
2021-02-22,49.4312744140625,169.50999450683594,209.520751953125,312.167724609375,359.3735656738281,118.09115600585938,41.279998779296875,73.03524017333984
2021-02-23,49.6525764465332,169.1199951171875,207.6758575439453,311.2383117675781,359.8099670410156,117.75071716308594,41.619998931884766,73.49141693115234
2021-02-24,49.333892822265625,169.0,212.58309936523438,313.8039245605469,363.77484130859375,116.97822570800781,42.5,74.05347442626953
2021-02-25,48.209651947021484,165.82000732421875,204.7259521484375,302.8638610839844,355.0093688964844,115.06788635253906,42.459999084472656,72.63610076904297
2021-02-26,47.56343460083008,161.80999755859375,204.44500732421875,304.13214111328125,353.1800537109375,118.87195587158203,41.310001373291016,71.57715606689453
2021-03-01,48.83816909790039,161.52999877929688,211.712158203125,313.2811279296875,361.7413024902344,117.30192565917969,40.599998474121094,71.89483642578125
2021-03-02,48.36015319824219,162.41000366210938,207.63841247558594,308.25640869140625,358.91864013671875,117.31018829345703,40.06999969482422,71.20243835449219
2021-03-03,48.26276779174805,160.6199951171875,205.390869140625,299.3108215332031,354.1644592285156,116.03787994384766,41.13999938964844,70.79515075683594
2021-03-04,47.13852310180664,159.0399932861328,199.65011596679688,294.4119567871094,349.7817077636719,115.28955841064453,43.06999969482422,69.98870849609375
2021-03-05,47.65196228027344,159.13999938964844,203.88311767578125,298.84613037109375,356.2164306640625,115.51400756835938,44.439998626708984,70.7544174194336
2021-03-08,46.368377685546875,157.49000549316406,204.8477020263672,290.3844909667969,354.4429931640625,114.61595153808594,43.5,71.36536407470703
2021-03-09,47.386390686035156,160.83999633789062,209.155517578125,301.8376770019531,359.5035400390625,116.2042236328125,43.11000061035156,71.83782196044922
2021-03-10,47.17394256591797,161.66000366210938,212.7891082763672,300.9760437011719,361.7413024902344,116.4371109008789,43.7400016784668,72.55463409423828
2021-03-11,48.661128997802734,161.52000427246094,217.4715576171875,307.907958984375,365.4090576171875,115.59717559814453,44.599998474121094,73.40180206298828
2021-03-12,47.793601989746094,161.49000549316406,218.75454711914062,305.4100341796875,365.9010925292969,113.14408874511719,44.349998474121094,74.63182830810547
2021-03-15,47.90867614746094,162.1999969482422,219.53182983398438,308.6727294921875,368.083251953125,113.80928802490234,44.2599983215332,75.73966979980469
2021-03-16,48.11227798461914,162.35000610351562,215.8607940673828,310.3670349121094,367.61907958984375,113.3519287109375,43.83000183105469,75.43010711669922
2021-03-17,48.17424774169922,163.50999450683594,217.5558624267578,311.6449890136719,368.8725280761719,112.5037612915039,43.81999969482422,75.49528503417969
2021-03-18,47.28901290893555,162.55999755859375,210.93484497070312,302.09912109375,363.50555419921875,111.3644790649414,40.470001220703125,74.72956848144531
2021-03-19,47.87327194213867,163.24000549316406,212.52688598632812,303.16400146484375,362.8329772949219,112.05467224121094,41.77000045776367,73.71134948730469
2021-03-22,47.73162841796875,163.0,210.9254913330078,308.8492736816406,365.73016357421875,113.31037139892578,41.709999084472656,74.23267364501953
2021-03-23,46.81984329223633,161.80999755859375,203.27438354492188,307.501953125,362.8515625,114.3332290649414,39.369998931884766,74.12678527832031
2021-03-24,45.74871826171875,162.3699951171875,198.57321166992188,302.31573486328125,361.007080078125,114.94853210449219,41.45000076293945,73.71134948730469
2021-03-25,45.9611701965332,161.77999877929688,203.2813720703125,301.7923278808594,363.0379333496094,114.04218292236328,39.88999938964844,74.46187591552734
2021-03-26,47.15623474121094,162.24000549316406,206.9874267578125,306.3193054199219,368.8883056640625,113.64299011230469,41.529998779296875,76.06777954101562
2021-03-29,46.828697204589844,160.30999755859375,201.16087341308594,306.2320556640625,368.70196533203125,112.67835235595703,41.91999816894531,75.62532806396484
2021-03-30,46.979183197021484,157.57000732421875,204.5479736328125,304.6907653808594,367.7238464355469,113.26879119873047,41.16999816894531,75.7236557006836
2021-03-31,47.218196868896484,159.9600067138672,207.2970733642578,309.3533935546875,369.2142639160156,112.63676452636719,40.529998779296875,75.26481628417969
2021-04-01,47.678524017333984,161.97999572753906,209.92417907714844,314.6267395019531,373.2014465332031,114.50621032714844,41.84000015258789,76.63312530517578
2021-04-05,47.86440658569336,161.9199981689453,211.0782012939453,320.9082336425781,378.55804443359375,114.00659942626953,40.279998779296875,76.9281005859375
2021-04-06,48.12998580932617,163.22000122070312,210.45896911621094,320.6852722167969,378.3345031738281,114.781005859375,40.70000076293945,77.12472534179688
2021-04-07,47.42179870605469,162.75999450683594,207.0625,321.4607849121094,378.7723693847656,113.98160552978516,40.86000061035156,77.18208312988281
2021-04-08,47.81130599975586,164.50999450683594,208.81703186035156,324.8148193359375,380.5702209472656,114.92257690429688,40.81999969482422,76.89530181884766
2021-04-09,47.40408706665039,163.27000427246094,208.84515380859375,326.78265380859375,383.3370361328125,114.50621032714844,40.63999938964844,76.80519104003906
2021-04-12,47.120819091796875,162.27999877929688,208.02890014648438,326.3560485839844,383.4768371582031,114.45628356933594,40.900001525878906,77.25581359863281
2021-04-13,47.315574645996094,163.42999267578125,207.48471069335938,330.16571044921875,384.6133728027344,115.31396484375,41.400001525878906,77.64093017578125
2021-04-14,47.55459213256836,162.72000122070312,209.5301055908203,326.2010192871094,383.29986572265625,114.94754028320312,43.040000915527344,77.23123168945312
2021-04-15,47.98834228515625,165.35000610351562,210.44020080566406,331.1446838378906,387.41748046875,116.87113189697266,43.27000045776367,78.58316040039062
2021-04-16,48.11227798461914,166.35000610351562,210.7779541015625,331.5325012207031,388.7122802734375,115.96343231201172,43.18000030517578,78.75524139404297
2021-04-19,47.935237884521484,165.88999938964844,208.03829956054688,328.4984130859375,386.8025817871094,115.63037872314453,43.31999969482422,78.91090393066406
2021-04-20,47.54573440551758,166.47999572753906,203.7786102294922,326.1040344238281,383.9705505371094,116.16334533691406,42.7400016784668,79.55818176269531
2021-04-21,47.83786392211914,168.1300048828125,208.7607421875,328.89581298828125,387.6036682128906,116.39645385742188,41.77000045776367,80.0825424194336
2021-04-22,47.669654846191406,167.0399932861328,207.89752197265625,324.93115234375,384.063720703125,116.90444946289062,42.09000015258789,79.6482925415039
2021-04-23,48.36015319824219,166.39999389648438,211.8194580078125,329.0218200683594,388.22784423828125,116.62962341308594,42.459999084472656,80.11531829833984
2021-04-26,48.42210388183594,166.83999633789062,214.02432250976562,331.1641540527344,389.0383605957031,116.46310424804688,42.33000183105469,80.35295104980469
2021-04-27,48.39555358886719,166.4199981689453,214.34332275390625,329.7294616699219,388.95458984375,115.4472427368164,43.11000061035156,80.34475708007812
2021-04-28,48.75850296020508,166.91000366210938,214.70919799804688,328.61468505859375,388.8428039550781,115.52212524414062,43.529998779296875,80.17268371582031
2021-04-29,48.64341354370117,166.22000122070312,213.91172790527344,329.79736328125,391.32073974609375,115.18073272705078,44.2599983215332,80.86094665527344
2021-04-30,47.78474044799805,165.66000366210938,211.00314331054688,327.6356506347656,388.7496643066406,115.4472427368164,43.27000045776367,81.18047332763672
2021-05-03,47.78474044799805,167.80999755859375,212.0352020263672,325.8907775878906,389.5879821777344,115.51639556884766,43.97999954223633,81.02479553222656
2021-05-04,47.244754791259766,166.5800018310547,209.50189208984375,320.02618408203125,387.1845703125,116.3003158569336,44.869998931884766,80.50041198730469
2021-05-05,47.466060638427734,167.27000427246094,208.66693115234375,318.9501037597656,387.3056640625,116.49211883544922,44.65999984741211,79.16490173339844
2021-05-06,47.91753005981445,170.05999755859375,208.84515380859375,321.3540954589844,390.3985290527344,116.68390655517578,44.40999984741211,79.60733795166016
2021-05-07,48.41325759887695,171.58999633789062,211.47225952148438,323.96173095703125,393.23974609375,116.10844421386719,44.43000030517578,80.65608978271484
2021-05-10,47.54573440551758,172.11000061035156,206.09608459472656,315.7803649902344,389.34576416015625,114.93267059326172,44.47999954223633,80.63150787353516
2021-05-11,47.41294860839844,172.13999938964844,205.4393310546875,315.3440246582031,385.8709716796875,114.28216552734375,44.869998931884766,79.61551666259766
2021-05-12,46.10280990600586,170.42999267578125,198.7683868408203,307.1820068359375,377.673095703125,113.08132934570312,45.220001220703125,77.59993743896484
2021-05-13,46.04084014892578,171.1300048828125,202.4275360107422,309.5570068359375,382.20989990234375,113.25643920898438,43.810001373291016,78.60774230957031
2021-05-14,46.872955322265625,172.69000244140625,207.37213134765625,316.39105224609375,388.078857421875,114.3155517578125,44.709999084472656,79.54179382324219
2021-05-17,46.828697204589844,174.6999969482422,207.6536102294922,314.4716491699219,387.09136962890625,114.07369995117188,45.38999938964844,79.62371826171875
2021-05-18,47.45720672607422,175.0399932861328,206.0773162841797,312.3486633300781,383.7563171386719,113.7818603515625,44.84000015258789,79.64008331298828
2021-05-19,47.315574645996094,175.16000366210938,204.49171447753906,312.7073974609375,382.7502136230469,113.50660705566406,43.43000030517578,79.3861083984375
2021-05-20,47.589988708496094,175.9600067138672,205.85215759277344,318.7561950683594,386.8677673339844,114.44062042236328,42.47999954223633,80.27920532226562
2021-05-21,47.04115676879883,176.0399932861328,206.38694763183594,316.99200439453125,386.55108642578125,114.80755615234375,43.70000076293945,80.19725799560547
2021-05-24,47.4306526184082,176.35000610351562,207.72860717773438,322.32354736328125,390.4916687011719,115.23284912109375,45.02000045776367,81.19685363769531
2021-05-25,47.89982604980469,177.9499969482422,205.7207794189453,322.7694091796875,389.625244140625,116.3003158569336,44.91999816894531,81.1722640991211
2021-05-26,48.2539176940918,177.63999938964844,209.55825805664062,323.89385986328125,390.3985290527344,116.10011291503906,45.20000076293945,81.53279113769531
2021-05-27,48.26276779174805,177.7100067138672,211.7162322998047,322.6822509765625,390.6034851074219,115.63317108154297,45.54999923706055,81.34435272216797
2021-05-28,48.57259750366211,178.3800048828125,211.57546997070312,323.70001220703125,391.3020935058594,115.44967651367188,45.41999816894531,81.8359375
2021-06-01,49.57291030883789,177.89999389648438,213.97740173339844,322.6239929199219,390.95751953125,115.42376708984375,46.33000183105469,83.31077575683594
2021-06-02,49.6525764465332,178.77000427246094,214.23072814941406,323.254150390625,391.5722961425781,115.69099426269531,46.900001525878906,84.2857894897461
2021-06-03,49.1214485168457,175.27000427246094,212.43865966796875,319.890380859375,390.1189880371094,115.25679779052734,46.970001220703125,83.97443389892578
2021-06-04,49.56406021118164,177.16000366210938,213.358154296875,325.3188171386719,393.68701171875,116.83519744873047,47.2599983215332,84.01539611816406
2021-06-07,49.316192626953125,177.8699951171875,216.2197723388672,326.2881774902344,393.3050231933594,116.47604370117188,47.27000045776367,85.00680541992188
2021-06-08,49.07717514038086,177.32000732421875,218.50912475585938,326.4433288574219,393.3888854980469,117.29450988769531,47.880001068115234,85.71145629882812
2021-06-09,48.935546875,176.97999572753906,217.05487060546875,326.5208435058594,392.8020324707031,118.33006286621094,47.58000183105469,85.82616424560547
2021-06-10,49.327632904052734,177.74000549316406,215.44522094726562,329.92340087890625,394.6278381347656,119.0399169921875,47.83000183105469,86.44065856933594
2021-06-11,49.158714294433594,175.74000549316406,217.71923828125,330.78607177734375,395.2799987792969,118.84783935546875,48.06999969482422,86.0965347290039
2021-06-14,49.292076110839844,174.7100067138672,217.0802459716797,333.9559020996094,396.1650390625,117.93753814697266,48.31999969482422,86.4324722290039
2021-06-15,48.9542121887207,174.0500030517578,216.46005249023438,331.77484130859375,395.4384460449219,117.79553985595703,48.97999954223633,85.50659942626953
2021-06-16,48.287384033203125,171.11000061035156,215.99960327148438,330.5631103515625,393.23040771484375,117.69537353515625,48.75,84.9494400024414
2021-06-17,48.554115295410156,165.85000610351562,213.57530212402344,334.7604675292969,393.10009765625,119.45750427246094,48.040000915527344,84.84292602539062
2021-06-18,48.216251373291016,164.92999267578125,208.72666931152344,332.1334533691406,387.7970275878906,121.70401763916016,48.36000061035156,83.40089416503906
2021-06-21,48.42074966430664,166.9499969482422,213.19003295898438,334.19775390625,393.34869384765625,119.66625213623047,49.36000061035156,85.12150573730469
2021-06-22,48.19846725463867,166.25,214.1579132080078,337.3129577636719,395.4516296386719,119.9585952758789,49.41999816894531,84.67906951904297
2021-06-23,48.491878509521484,166.13999938964844,214.8626251220703,337.4779357910156,394.9749755859375,119.64958953857422,49.720001220703125,84.5315933227539
2021-06-24,48.936431884765625,166.0399932861328,217.89773559570312,339.5644836425781,397.3115234375,119.84162902832031,49.84000015258789,84.3492431640625
2021-06-25,49.34542465209961,166.58999633789062,218.26419067382812,339.1471862792969,398.72283935546875,118.59732055664062,50.25,84.91858673095703
2021-06-28,49.38987731933594,166.5800018310547,216.5352325439453,343.2717590332031,399.5265808105469,119.81661987304688,49.540000915527344,84.67105102539062
2021-06-29,49.35430908203125,164.8300018310547,215.50157165527344,344.5140380859375,399.7415771484375,120.01705169677734,49.88999938964844,84.43999481201172
2021-06-30,49.03424072265625,165.6300048828125,215.52980041503906,343.9705505371094,400.0780334472656,120.55154418945312,49.880001068115234,83.9944076538086
2021-07-01,48.75861740112305,166.1999969482422,217.42794799804688,344.1064147949219,402.29315185546875,120.55818176269531,50.619998931884766,84.35749053955078
2021-07-02,48.70526123046875,167.2899932861328,215.3606414794922,348.0563049316406,405.3681335449219,121.28572845458984,50.93000030517578,84.61328887939453
2021-07-06,47.85172653198242,168.1199951171875,212.2315673828125,349.560546875,404.6297302246094,122.7072982788086,49.900001525878906,85.23217010498047
2021-07-07,47.79837417602539,168.75999450683594,210.25833129882812,350.29815673828125,406.0596923828125,123.79438781738281,48.65999984741211,85.52922821044922
2021-07-08,46.80257797241211,168.64999389648438,208.32261657714844,348.18243408203125,402.7511291503906,124.27938842773438,49.52000045776367,85.28992462158203
2021-07-09,47.611663818359375,169.2100067138672,212.72021484375,350.3563537597656,407.0503845214844,122.53167724609375,50.40999984741211,86.69271850585938
2021-07-12,47.65612030029297,169.0,212.89874267578125,351.7247314453125,408.5083923339844,122.37281036376953,50.310001373291016,87.43537902832031
2021-07-13,47.70057678222656,169.22000122070312,208.88638305664062,351.7247314453125,407.11578369140625,121.4362564086914,51.150001525878906,86.21411895751953
2021-07-14,47.90507507324219,171.0399932861328,205.66339111328125,352.3555908203125,407.7232666015625,122.81603240966797,49.70000076293945,86.81648254394531
2021-07-15,48.02065658569336,171.07000732421875,204.49818420410156,349.880859375,406.3307800292969,124.17069244384766,49.040000915527344,86.95677185058594
2021-07-16,47.64722442626953,169.41000366210938,201.97988891601562,347.0469665527344,403.14361572265625,123.93656921386719,49.13999938964844,86.89901733398438
2021-07-19,46.84703063964844,169.61000061035156,198.95419311523438,344.2034606933594,397.1900634765625,126.6542739868164,45.84000015258789,85.31468200683594
2021-07-20,46.99817657470703,169.38999938964844,205.12777709960938,348.2018737792969,402.8819274902344,125.43341827392578,46.5099983215332,87.32811737060547
2021-07-21,47.30047607421875,168.75999450683594,208.66085815429688,350.89007568359375,406.1437683105469,123.84455871582031,48.27000045776367,87.31985473632812
2021-07-22,47.38938903808594,169.08999633789062,205.3438720703125,353.20953369140625,406.9942626953125,125.0152816772461,49.16999816894531,86.62671661376953
2021-07-23,46.68699264526367,168.55999755859375,206.3022918701172,357.3341979980469,411.18157958984375,124.17901611328125,49.470001220703125,87.34459686279297
2021-07-26,45.797882080078125,168.16000366210938,206.9037322998047,357.6156921386719,412.19085693359375,123.81108856201172,49.66999816894531,87.38585662841797
2021-07-27,44.87321472167969,168.44000244140625,204.48875427246094,353.67547607421875,410.31231689453125,125.13232421875,49.470001220703125,87.8809585571289
2021-07-28,46.09129333496094,169.2899932861328,207.49571228027344,355.0340881347656,410.14398193359375,125.14069366455078,49.720001220703125,87.57565307617188
2021-07-29,46.32245635986328,171.1699981689453,209.09312438964844,355.66497802734375,411.84503173828125,124.44661712646484,50.63999938964844,87.59214782714844
2021-07-30,45.877899169921875,169.82000732421875,207.7118377685547,353.8113098144531,409.84490966796875,125.0320816040039,50.65999984741211,87.70767974853516
2021-08-02,46.206878662109375,169.61000061035156,206.67820739746094,353.8403625488281,408.9850769042969,126.147216796875,49.18000030517578,87.51789855957031
2021-08-03,46.4024772644043,169.49000549316406,207.53326416015625,355.98516845703125,412.31243896484375,126.21417999267578,48.849998474121094,87.62516021728516
2021-08-04,46.642539978027344,169.52999877929688,204.94921875,356.49951171875,410.28424072265625,126.47373962402344,47.20000076293945,87.35285186767578
2021-08-05,46.5714111328125,168.86000061035156,208.6326904296875,358.76080322265625,412.8824462890625,125.82904052734375,48.099998474121094,88.37609100341797
2021-08-06,46.18020248413086,164.63999938964844,209.91064453125,357.1885681152344,413.56475830078125,123.7275390625,47.56999969482422,88.21927642822266
2021-08-09,46.33135223388672,161.72000122070312,208.7548370361328,357.8485412597656,413.228271484375,123.2838363647461,46.599998474121094,87.7489242553711
2021-08-10,46.39358901977539,161.77000427246094,209.16830444335938,356.0142822265625,413.7422790527344,122.71449279785156,47.68000030517578,86.91551208496094
2021-08-11,46.51805877685547,164.0,210.19252014160156,355.4028625488281,414.7704772949219,122.63914489746094,48.29999923706055,87.4271240234375
2021-08-12,46.10906982421875,164.0399932861328,209.6945037841797,356.6839599609375,416.0135192871094,122.43821716308594,48.099998474121094,87.6169204711914
2021-08-13,45.993492126464844,166.38999938964844,207.78701782226562,357.9358825683594,416.7705383300781,124.3722915649414,47.43000030517578,88.09550476074219
2021-08-16,45.57560729980469,167.22000122070312,205.85128784179688,358.0911865234375,417.75189208984375,124.67366790771484,47.040000915527344,87.98825073242188
2021-08-17,44.73984909057617,166.97000122070312,203.3424072265625,354.93707275390625,415.0134582519531,124.6233901977539,46.58000183105469,87.8974609375
2021-08-18,44.810977935791016,167.10000610351562,201.56643676757812,351.5209045410156,410.4710693359375,125.04203796386719,45.400001525878906,87.0970458984375
2021-08-19,44.04634475708008,166.61000061035156,199.15151977539062,353.21929931640625,411.1066589355469,125.9629898071289,44.77000045776367,87.51789855957031
2021-08-20,44.010780334472656,166.6999969482422,202.51551818847656,356.8780517578125,414.3778381347656,126.04669952392578,43.43000030517578,87.9552230834961
2021-08-23,44.677608489990234,168.72999572753906,206.36810302734375,362.2157897949219,418.0230407714844,125.9629898071289,45.849998474121094,87.79020690917969
2021-08-24,45.691192626953125,168.64999389648438,208.39776611328125,363.3220520019531,418.6865234375,124.98343658447266,47.369998931884766,87.4023666381836
2021-08-25,45.744537353515625,167.47999572753906,209.1306915283203,363.7393798828125,419.5650329589844,123.94524383544922,47.810001373291016,87.34459686279297
2021-08-26,45.308876037597656,167.6699981689453,206.91310119628906,361.4296569824219,417.08837890625,124.28850555419922,47.47999954223633,87.37760162353516
2021-08-27,45.8690071105957,170.19000244140625,212.7483673095703,364.9429016113281,420.81756591796875,125.13408660888672,48.150001525878906,88.29357147216797
2021-08-30,45.96681594848633,169.35000610351562,211.87449645996094,369.03826904296875,422.66815185546875,125.46067810058594,48.400001525878906,89.1764907836914
2021-08-31,46.59808349609375,169.69000244140625,212.28794860839844,368.7373962402344,422.0419006347656,124.6066665649414,48.040000915527344,89.59732818603516
2021-09-01,47.193782806396484,169.6999969482422,213.71624755859375,369.34881591796875,422.26617431640625,124.81542205810547,47.93000030517578,91.03313446044922
2021-09-02,46.98040771484375,169.25,215.200927734375,369.1741638183594,423.5653381347656,125.3603286743164,48.95000076293945,91.51172637939453
2021-09-03,47.22935104370117,171.05999755859375,214.20489501953125,370.30963134765625,423.4624938964844,124.22019958496094,48.65999984741211,91.52825164794922
2021-09-07,47.50497055053711,167.7100067138672,212.7296142578125,370.8336181640625,421.94842529296875,123.17232513427734,48.040000915527344,90.49678039550781
2021-09-08,46.81147003173828,167.2899932861328,210.40866088867188,369.54296875,421.4343566894531,124.0106201171875,48.59000015258789,90.95062255859375
2021-09-09,46.72256088256836,168.02999877929688,210.30531311035156,368.2715759277344,419.6305236816406,125.51121520996094,47.75,89.10222625732422
2021-09-10,46.669219970703125,167.17999267578125,208.24745178222656,365.4765930175781,416.3219299316406,124.4046401977539,48.79999923706055,87.79845428466797
2021-09-13,46.79368591308594,167.74000549316406,209.431396484375,365.2242431640625,417.38739013671875,125.15908813476562,49.47999954223633,88.39256286621094
2021-09-14,46.4024772644043,168.82000732421875,206.76275634765625,364.18585205078125,415.13494873046875,126.67646026611328,49.310001373291016,88.23578643798828
2021-09-15,46.39358901977539,167.8300018310547,208.6326904296875,366.8934631347656,418.6023864746094,126.23221588134766,50.689998626708984,88.51636505126953
2021-09-16,45.8690071105957,164.02999877929688,208.78306579589844,367.145751953125,417.9388427734375,125.65369415283203,50.70000076293945,88.59061431884766
2021-09-17,45.67340850830078,163.77000427246094,209.05552673339844,362.7980041503906,413.86767578125,125.0501480102539,50.31999969482422,87.79845428466797
2021-09-20,44.44644546508789,164.94000244140625,204.08473205566406,355.3014221191406,406.966796875,126.60102844238281,49.599998474121094,87.2620849609375
2021-09-21,44.77541732788086,166.0399932861328,204.3948211669922,355.7386474609375,406.582275390625,126.49201965332031,49.58000183105469,87.30335998535156
2021-09-22,45.335548400878906,165.4199981689453,207.57086181640625,359.0613708496094,410.5484924316406,127.2464599609375,50.47999954223633,88.15327453613281
2021-09-23,45.691192626953125,163.50999450683594,211.24493408203125,362.3743896484375,415.53662109375,124.37107849121094,51.380001068115234,87.97998046875
2021-09-24,45.14883804321289,163.3000030517578,210.22610473632812,362.7144470214844,416.2211608886719,123.15558624267578,51.81999969482422,87.03925323486328
2021-09-27,45.44224548339844,163.63999938964844,213.42115783691406,359.8191833496094,415.0303649902344,122.702880859375,52.90999984741211,85.86856842041016
2021-09-28,44.855430603027344,162.0500030517578,208.56727600097656,349.63714599609375,406.66680908203125,120.79154968261719,52.400001525878906,85.28736877441406
2021-09-29,44.43755340576172,161.32000732421875,208.12432861328125,349.06402587890625,407.3512268066406,121.00115966796875,52.31999969482422,85.92667388916016
2021-09-30,44.79319763183594,164.22000122070312,206.17332458496094,347.7815246582031,402.3724365234375,120.984375,52.560001373291016,84.50688171386719
2021-10-01,44.748741149902344,164.58999633789062,209.5003662109375,349.93841552734375,407.1542663574219,122.0025405883789,53.2599983215332,85.70250701904297
2021-10-04,44.09080505371094,165.36000061035156,207.5964813232422,342.59332275390625,401.9037170410156,121.69196319580078,54.4900016784668,85.7191162109375
2021-10-05,44.40198516845703,164.58999633789062,208.3128204345703,347.218017578125,406.0854797363281,120.51685333251953,55.630001068115234,85.12962341308594
2021-10-06,44.153038024902344,165.02999877929688,207.22891235351562,349.4429016113281,407.77313232421875,121.1967544555664,54.15999984741211,85.94329071044922
2021-10-07,45.01547622680664,164.16000366210938,210.4240264892578,352.6490478515625,411.2986145019531,119.92928314208984,55.36000061035156,86.17577362060547
2021-10-08,45.18440628051758,164.22999572753906,208.84060668945312,350.8904724121094,410.5484924316406,119.08992004394531,55.470001220703125,85.36209106445312
2021-10-11,45.095489501953125,163.9199981689453,207.64361572265625,348.1992492675781,407.5762023925781,118.78773498535156,56.18000030517578,85.57796478271484
2021-10-12,44.86433029174805,164.66000366210938,208.78407287597656,346.9848327636719,406.5729064941406,120.81906127929688,56.11000061035156,86.69886016845703
2021-10-13,45.4867057800293,167.58999633789062,209.773681640625,349.7635803222656,408.03564453125,121.99406433105469,56.15999984741211,87.32986450195312
2021-10-14,45.62895584106445,168.0,212.88392639160156,356.20501708984375,414.89910888671875,122.44738006591797,56.810001373291016,88.39263916015625
2021-10-15,46.18020248413086,165.3300018310547,212.2147674560547,358.4493408203125,418.0588073730469,121.7338638305664,57.150001525878906,88.32621765136719
2021-10-18,46.06462478637695,164.9199981689453,212.09225463867188,362.0538330078125,419.2965393066406,122.3046875,56.959999084472656,88.55040740966797
2021-10-19,46.6781005859375,165.4499969482422,212.88392639160156,364.7936706542969,422.53125,120.61756134033203,57.41999816894531,88.5918960571289
2021-10-20,46.669219970703125,166.89999389648438,214.29774475097656,364.31756591796875,424.1909484863281,119.8033676147461,58.119998931884766,89.98680877685547
2021-10-21,46.36692428588867,166.75,214.84439086914062,366.5424499511719,425.2973937988281,119.66061401367188,57.40999984741211,90.1113510131836
2021-10-22,46.269107818603516,167.77000427246094,214.33544921875,363.4626159667969,424.8565979003906,120.97846221923828,58.029998779296875,90.5347900390625
2021-10-25,46.5091667175293,168.92999267578125,216.3712615966797,367.1836242675781,427.1350402832031,120.79389953613281,57.83000183105469,90.82540130615234
2021-10-26,46.269107818603516,167.67999267578125,214.7406768798828,368.33984375,427.5195007324219,121.79268646240234,58.45000076293945,91.07447052001953
2021-10-27,45.89568328857422,168.1199951171875,210.79161071777344,369.1947937011719,425.62554931640625,124.00859832763672,56.900001525878906,90.30230712890625
2021-10-28,45.940147399902344,168.0800018310547,214.99520874023438,373.29486083984375,429.7322998046875,123.58892059326172,57.400001525878906,91.56434631347656
2021-10-29,45.273311614990234,166.64999389648438,214.9386444091797,375.1310729980469,430.60430908203125,123.96665954589844,57.150001525878906,90.5347900390625
2021-11-01,45.62895584106445,167.52000427246094,220.5088653564453,376.4136047363281,431.3450622558594,123.07416534423828,57.529998779296875,90.98314666748047
2021-11-02,45.21996307373047,167.16000366210938,220.97068786621094,377.9874267578125,433.0889587402344,123.6203384399414,57.529998779296875,91.41490173339844
2021-11-03,45.433349609375,165.77000427246094,224.91978454589844,382.0000915527344,435.73309326171875,122.34288787841797,55.34000015258789,91.72210693359375
2021-11-04,45.32666778564453,167.64999389648438,224.8349609375,386.896728515625,437.78656005859375,123.62879180908203,54.91999816894531,90.85030364990234
2021-11-05,45.273311614990234,169.83999633789062,227.90753173828125,387.2658996582031,439.305419921875,125.47770690917969,56.54999923706055,91.31527709960938
2021-11-08,45.691192626953125,170.4499969482422,228.6143798828125,386.7413024902344,439.68048095703125,125.24241638183594,57.09000015258789,91.24053192138672
2021-11-09,45.513370513916016,171.2899932861328,227.2854766845703,384.07916259765625,438.2272033691406,126.87286376953125,57.970001220703125,91.39830017089844
2021-11-10,45.32666778564453,173.14999389648438,223.7039337158203,378.43438720703125,434.70172119140625,124.55325317382812,56.31999969482422,90.974853515625
2021-11-11,46.10906982421875,174.1199951171875,225.50411987304688,379.4836120605469,434.84234619140625,124.36837005615234,56.220001220703125,91.12429809570312
2021-11-12,46.23354721069336,174.4499969482422,225.73031616210938,383.4768371582031,438.1240234375,123.82211303710938,55.97999954223633,91.0578842163086
2021-11-15,46.082401275634766,174.17999267578125,224.8349609375,383.3894348144531,438.2740173339844,122.26725006103516,56.06999969482422,91.69720458984375
2021-11-16,46.1446418762207,172.9199981689453,225.24964904785156,386.1195373535156,440.0086669921875,121.95629119873047,56.20000076293945,91.09107971191406
2021-11-17,45.90458679199219,174.5,222.2996063232422,386.3235168457031,438.9397277832031,122.9228286743164,55.0,91.3733901977539
2021-11-18,45.34444808959961,173.94000244140625,221.35711669921875,390.3263244628906,440.4306640625,123.38504028320312,55.54999923706055,91.3899917602539
2021-11-19,45.273311614990234,172.61000061035156,219.3401336669922,392.50262451171875,439.64300537109375,124.68775177001953,53.779998779296875,90.85030364990234
2021-11-22,44.908775329589844,168.74000549316406,218.4070587158203,387.946044921875,438.40533447265625,123.22540283203125,54.45000076293945,90.40193176269531
2021-11-23,44.86433029174805,167.27999877929688,218.03004455566406,386.1777648925781,438.9866027832031,121.44366455078125,56.20000076293945,91.1325912475586
2021-11-24,44.802085876464844,167.1199951171875,218.26571655273438,387.42144775390625,440.15869140625,123.39348602294922,55.880001068115234,92.23688507080078
2021-11-26,43.29949188232422,166.85000610351562,210.03759765625,380.0763244628906,430.3417663574219,126.51150512695312,49.630001068115234,89.67129516601562
2021-11-29,43.46842956542969,166.6199951171875,209.90565490722656,388.3249206542969,435.62054443359375,125.49454498291016,50.16999816894531,90.33552551269531
2021-11-30,43.42396926879883,165.5,205.62667846679688,382.62188720703125,427.14447021484375,127.4023666381836,47.90999984741211,88.6251449584961
2021-12-01,43.584014892578125,166.16000366210938,200.9989776611328,376.1122741699219,422.40008544921875,128.18832397460938,47.040000915527344,87.16382598876953
2021-12-02,44.11748123168945,165.24000549316406,206.60691833496094,378.8230285644531,428.86968994140625,128.34811401367188,48.290000915527344,89.77922058105469
2021-12-03,43.49510192871094,166.6300048828125,202.36561584472656,372.2358093261719,425.1379699707031,129.8795928955078,48.0,89.48033142089844
2021-12-06,43.83295822143555,166.22000122070312,206.4277801513672,375.2185363769531,430.1729736328125,128.0957489013672,50.5099983215332,91.04959106445312
2021-12-07,44.52646255493164,166.80999755859375,211.21572875976562,386.517822265625,439.07098388671875,127.06069946289062,51.59000015258789,92.36141967773438
2021-12-08,44.70428466796875,166.89999389648438,212.6577606201172,388.2471618652344,440.233642578125,124.86445617675781,52.41999816894531,93.0256576538086
2021-12-09,44.490901947021484,165.8800048828125,207.84156799316406,382.53436279296875,437.2613830566406,125.56298828125,51.02000045776367,91.68058776855469
2021-12-10,44.52646255493164,166.5800018310547,207.2666473388672,386.69268798828125,441.3775939941406,125.2599868774414,52.029998779296875,91.96289825439453
2021-12-13,43.8203239440918,167.0,204.2376708984375,381.10626220703125,437.46771240234375,127.11121368408203,51.439998626708984,92.82640075683594
2021-12-14,43.72112274169922,165.44000244140625,202.47926330566406,377.1616516113281,434.4578857421875,126.80821990966797,50.91999816894531,91.63906860351562
2021-12-15,43.59485626220703,166.14999389648438,205.6935272216797,385.75994873046875,441.2463684082031,125.58821868896484,51.619998931884766,92.92603302001953
2021-12-16,43.64897537231445,168.16000366210938,201.53392028808594,375.84033203125,437.3551940917969,125.63701629638672,51.869998931884766,92.89281463623047
2021-12-17,43.43252944946289,167.8000030517578,203.38681030273438,373.9651794433594,432.7004089355469,127.06071472167969,50.779998779296875,92.77657318115234
2021-12-20,42.7832145690918,167.08999633789062,200.5318145751953,370.3375549316406,428.0993957519531,126.10879516601562,49.900001525878906,92.05422973632812
2021-12-21,43.50468444824219,167.02000427246094,206.26075744628906,378.62591552734375,435.7019958496094,125.62859344482422,51.56999969482422,93.09209442138672
2021-12-22,43.71210479736328,168.58999633789062,208.24603271484375,383.237060546875,440.0584411621094,126.20990753173828,52.47999954223633,94.04692077636719
2021-12-23,43.93756866455078,168.97000122070312,209.909912109375,386.12628173828125,442.7965393066406,125.11476135253906,53.130001068115234,93.9472885131836
2021-12-27,44.135963439941406,169.3699951171875,211.8762664794922,392.5078125,449.06304931640625,125.41804504394531,54.52000045776367,95.54217529296875
2021-12-28,43.991676330566406,168.63999938964844,210.58111572265625,390.688720703125,448.6960754394531,124.92095947265625,54.66999816894531,95.89414978027344
2021-12-29,43.793270111083984,168.58999633789062,210.8079833984375,390.6303405761719,449.27008056640625,123.55623626708984,55.08000183105469,96.53949737548828
2021-12-30,44.29496383666992,169.8000030517578,210.75123596191406,389.4628601074219,448.02801513671875,124.59246063232422,55.099998474121094,96.95854187011719
2021-12-31,44.078399658203125,170.9600067138672,210.29745483398438,387.03094482421875,446.8988952636719,124.83667755126953,54.36000061035156,97.22672271728516
2022-01-03,44.39421463012695,168.3300018310547,213.0106964111328,390.7567443847656,449.4864501953125,121.55977630615234,54.83000183105469,96.46405792236328
2022-01-04,44.24081802368164,169.57000732421875,212.6892547607422,385.6884765625,449.33587646484375,121.0543212890625,55.59000015258789,96.34674072265625
2022-01-05,43.51896286010742,169.05999755859375,205.48558044433594,373.8396911621094,440.70770263671875,120.39720916748047,55.43000030517578,93.58940887451172
2022-01-06,43.717472076416016,166.99000549316406,206.65780639648438,373.57708740234375,440.2937316894531,120.70897674560547,56.88999938964844,93.67322540283203
2022-01-07,44.114501953125,167.75,204.26602172851562,369.5301208496094,438.5530090332031,119.84123229980469,56.66999816894531,93.05303192138672
2022-01-10,44.114501953125,168.25999450683594,203.5570068359375,369.7733154296875,438.0072021484375,120.13609313964844,56.15999984741211,92.51665496826172
2022-01-11,45.134124755859375,170.2899932861328,205.72186279296875,375.328125,441.9967956542969,120.93639373779297,58.15999984741211,92.65913391113281
2022-01-12,45.88304138183594,170.74000549316406,204.1904296875,376.81646728515625,443.19171142578125,120.47306060791016,58.90999984741211,92.76807403564453
2022-01-13,45.23337173461914,170.16000366210938,202.3185577392578,367.3899841308594,437.0851135253906,121.54285430908203,58.27000045776367,92.5837173461914
2022-01-14,45.215328216552734,169.6699981689453,202.6021728515625,369.67608642578125,437.2638854980469,119.70651245117188,59.970001220703125,91.74562072753906
2022-01-18,44.41226577758789,169.38999938964844,196.47621154785156,360.4734191894531,429.5201110839844,118.0216293334961,60.970001220703125,90.78182983398438
2022-01-19,44.601749420166016,172.0800018310547,193.2808074951172,356.5140075683594,425.0602722167969,118.83876037597656,61.04999923706055,89.5582046508789
2022-01-20,44.86342239379883,171.64999389648438,189.782958984375,351.8834533691406,420.3556823730469,119.57166290283203,60.65999984741211,88.41004180908203
2022-01-21,44.2137565612793,171.08999633789062,186.22836303710938,342.1261901855469,412.1037902832031,120.99539184570312,60.779998779296875,88.19210815429688
2022-01-24,43.59115219116211,172.02999877929688,190.5203399658203,343.6924133300781,413.8538513183594,120.00130462646484,60.11000061035156,88.35973358154297
2022-01-25,43.50994110107422,172.5800018310547,187.977294921875,335.7251281738281,408.8011169433594,119.80760192871094,60.970001220703125,88.00773620605469
2022-01-26,42.959529876708984,169.7899932861328,185.2640838623047,335.1997985839844,407.77545166015625,118.3586654663086,61.68000030517578,86.63328552246094
2022-01-27,42.46324157714844,167.60000610351562,181.05718994140625,331.82415771484375,405.761962890625,120.53202056884766,61.86000061035156,85.20015716552734
2022-01-28,42.67078399658203,167.10000610351562,184.5834197998047,342.233154296875,415.8392333984375,120.57414245605469,61.970001220703125,87.95745849609375
2022-01-31,44.06937789916992,168.08999633789062,190.2462158203125,353.1773681640625,423.32891845703125,119.95075988769531,62.47999954223633,89.03858184814453
2022-02-01,44.34007263183594,168.22999572753906,192.25039672851562,355.5801086425781,426.1893615722656,119.55259704589844,62.529998779296875,88.72012329101562
2022-02-02,44.26789093017578,168.83999633789062,190.3407440185547,358.4693603515625,430.32928466796875,119.95748901367188,62.52000045776367,89.85154724121094
2022-02-03,43.79867935180664,168.60000610351562,186.73886108398438,343.93560791015625,420.2144775390625,119.0211181640625,63.5099983215332,88.89613342285156
2022-02-04,43.90696334838867,168.86000061035156,187.54241943359375,348.27435302734375,422.19036865234375,117.26647186279297,64.91000366210938,88.01610565185547
2022-02-07,43.81673049926758,170.11000061035156,188.4689178466797,345.47265625,420.83544921875,117.34245300292969,64.68000030517578,87.89041900634766
2022-02-08,44.24081802368164,170.6300048828125,191.6831512451172,349.3541259765625,424.29803466796875,116.55781555175781,63.619998931884766,87.47972869873047
2022-02-09,44.93560791015625,171.2100067138672,195.32284545898438,356.7572021484375,430.5081481933594,116.77721405029297,64.16999816894531,89.45764923095703
2022-02-10,44.63784408569336,170.55999755859375,192.3259735107422,348.6828918457031,422.7737121582031,114.92134094238281,63.959999084472656,87.34565734863281
2022-02-11,43.961097717285156,173.80999755859375,190.37857055664062,337.62213134765625,414.4372253417969,116.6253662109375,65.73999786376953,86.54947662353516
2022-02-14,43.65431213378906,174.74000549316406,189.716796875,338.04046630859375,413.082275390625,115.17440032958984,66.36000061035156,85.76165771484375
2022-02-15,44.601749420166016,173.0800018310547,194.80288696289062,346.44549560546875,419.7439880371094,113.86685180664062,64.27999877929688,86.53272247314453
2022-02-16,44.92658233642578,174.86000061035156,195.20936584472656,346.35784912109375,420.2144775390625,114.54171752929688,63.540000915527344,86.93498229980469
2022-02-17,44.40324020385742,177.25,190.2083740234375,336.0559387207031,411.23809814453125,115.39373016357422,64.16999816894531,86.01307678222656
2022-02-18,43.961097717285156,177.1199951171875,188.57289123535156,332.2231140136719,408.5752868652344,116.6084976196289,64.73999786376953,85.49349212646484
2022-02-22,43.338504791259766,177.49000549316406,185.91639709472656,328.88629150390625,404.19061279296875,116.9122085571289,65.54000091552734,85.1833724975586
2022-02-23,42.83320236206055,178.2899932861328,182.43743896484375,320.4618225097656,397.0207824707031,115.30091857910156,66.23999786376953,83.775390625
2022-02-24,41.94892883300781,177.13999938964844,187.2209930419922,331.2308044433594,402.9956359863281,115.37684631347656,66.33999633789062,85.1833724975586
2022-02-25,42.724918365478516,176.5500030517578,191.4373779296875,336.3672180175781,411.88739013671875,115.46122741699219,65.80000305175781,87.2366943359375
2022-02-28,42.16548156738281,178.3800048828125,192.2125244140625,337.369140625,410.83349609375,117.9919662475586,67.4800033569336,85.93765258789062
2022-03-01,41.606040954589844,181.6199951171875,188.5918426513672,332.2035827636719,404.57635498046875,119.35616302490234,71.81999969482422,85.4850845336914
2022-03-02,41.67823028564453,179.72999572753906,193.08230590820312,337.7777404785156,412.01904296875,115.27627563476562,75.41999816894531,87.08585357666016
2022-03-03,41.09171676635742,180.8000030517578,190.79452514648438,332.9526672363281,409.9678955078125,116.45040130615234,74.52999877929688,87.79821014404297
2022-03-04,40.26158905029297,183.67999267578125,187.80712890625,328.1274719238281,406.636962890625,118.46074676513672,79.45999908447266,88.20050048828125
2022-03-07,38.75471115112305,186.41000366210938,183.13702392578125,316.02581787109375,394.6496887207031,117.55691528320312,82.37000274658203,86.45729064941406
2022-03-08,38.88103103637695,191.50999450683594,184.1485595703125,314.55682373046875,391.65753173828125,116.37438201904297,85.43000030517578,86.0382308959961
2022-03-09,39.98186492919922,185.82000732421875,189.33863830566406,325.8802795410156,402.1582336425781,115.23400115966797,75.47000122070312,87.36241149902344
2022-03-10,39.232933044433594,186.39999389648438,188.998291015625,322.2615051269531,400.34228515625,113.5783920288086,74.05999755859375,87.58030700683594
2022-03-11,38.411827087402344,185.08999633789062,185.9825439453125,315.5783386230469,395.2518310546875,113.95848083496094,76.4000015258789,86.88469696044922
2022-03-14,37.4824333190918,182.3000030517578,182.1821746826172,309.5177001953125,392.3633117675781,111.2977066040039,72.83999633789062,86.20584869384766
2022-03-15,37.53657150268555,178.88999938964844,185.08447265625,319.2262878417969,400.99151611328125,111.10343170166016,68.62999725341797,86.78414154052734
2022-03-16,40.55935287475586,180.00999450683594,190.907958984375,331.06536865234375,409.88323974609375,112.1930923461914,68.27999877929688,87.81498718261719
2022-03-17,40.35181427001953,180.88999938964844,193.90476989746094,335.0733337402344,415.01116943359375,111.35684967041016,73.68000030517578,89.17269134521484
2022-03-18,40.92930221557617,179.3000030517578,195.94677734375,341.93170166015625,419.55670166015625,112.71682739257812,74.63999938964844,89.17269134521484
2022-03-21,40.297672271728516,180.6699981689453,194.21676635742188,340.9809875488281,419.4339904785156,110.10670471191406,79.54000091552734,88.62793731689453
2022-03-22,41.028560638427734,179.36000061035156,196.1641845703125,347.6822204589844,424.3420104980469,108.696044921875,78.55999755859375,88.85420227050781
2022-03-23,40.75785446166992,181.80999755859375,192.76087951660156,342.685546875,418.87713623046875,111.07810974121094,81.94999694824219,87.85733032226562
2022-03-24,40.97441864013672,183.1300048828125,194.97740173339844,350.3022766113281,425.19146728515625,110.20806121826172,79.75,88.41350555419922
2022-03-25,40.64957809448242,182.3800048828125,195.24261474609375,350.01007080078125,427.2679138183594,108.67915344238281,80.73999786376953,89.51738739013672
2022-03-28,40.78492736816406,179.05999755859375,195.30892944335938,355.4255676269531,430.3070983886719,109.60832977294922,74.52999877929688,90.46961975097656
2022-03-29,41.479713439941406,179.13999938964844,200.53762817382812,361.5423278808594,435.63037109375,110.43609619140625,76.1500015258789,93.12406921386719
2022-03-30,41.36241149902344,180.5800018310547,196.5119171142578,357.54888916015625,432.94036865234375,111.2977066040039,77.91000366210938,92.44991302490234
2022-03-31,40.73981857299805,180.64999389648438,194.4375,353.1172180175781,426.2768859863281,111.56803131103516,74.12000274658203,91.32073211669922
2022-04-01,41.416561126708984,179.5,196.61607360839844,352.44512939453125,427.48492431640625,111.99270629882812,74.16999816894531,93.09877014160156
2022-04-04,42.14743423461914,180.3699951171875,196.93814086914062,359.7014465332031,431.1470947265625,111.21441650390625,76.86000061035156,92.64373016357422
2022-04-05,41.371437072753906,179.24000549316406,192.27783203125,351.7146301269531,425.70111083984375,108.7017822265625,74.80000305175781,92.18869018554688
2022-04-06,40.83004379272461,179.66000366210938,189.5498046875,344.0783996582031,421.44439697265625,107.82193756103516,73.05000305175781,93.28414916992188
2022-04-07,40.505210876464844,180.33999633789062,188.93408203125,344.89654541015625,423.56805419921875,107.00980377197266,73.11000061035156,92.35720825195312
2022-04-08,40.54130554199219,181.47000122070312,187.42799377441406,340.0751953125,422.4354248046875,105.85079193115234,74.11000061035156,92.5088882446289
2022-04-11,40.0359992980957,182.3699951171875,186.16815185546875,332.0299377441406,415.2151184082031,104.17571258544922,72.30000305175781,91.51453399658203
2022-04-12,39.9096794128418,183.77000427246094,186.75547790527344,330.6273498535156,413.6766357421875,104.03191375732422,75.9800033569336,91.37972259521484
2022-04-13,40.43301773071289,184.64999389648438,190.3075408935547,337.34808349609375,418.4146423339844,104.24339294433594,78.41999816894531,92.02857208251953
2022-04-14,39.9096794128418,184.0399932861328,188.46047973632812,329.6338195800781,413.2047119140625,102.15380096435547,79.56999969482422,91.63251495361328
2022-04-18,39.77433395385742,184.61000061035156,187.19117736816406,329.88702392578125,413.37451171875,101.64622497558594,80.41000366210938,91.26173400878906
2022-04-19,39.57582092285156,181.82000732421875,190.9232635498047,337.26031494140625,420.0475158691406,100.88479614257812,76.86000061035156,93.25045013427734
2022-04-20,39.341217041015625,182.7100067138672,191.65260314941406,332.3415222167969,419.7359619140625,102.91517639160156,77.23999786376953,94.80097198486328
2022-04-21,38.58326721191406,182.05999755859375,187.36166381835938,325.4650573730469,413.45953369140625,102.15380096435547,78.12000274658203,94.14368438720703
2022-04-22,38.240386962890625,180.2899932861328,182.5118865966797,316.9425048828125,402.114501953125,101.51083374023438,76.30999755859375,92.49202728271484
2022-04-25,37.960662841796875,177.0500030517578,183.6201171875,321.0138244628906,404.44580078125,102.52601623535156,74.6500015258789,92.25608825683594
2022-04-26,37.130531311035156,177.32000732421875,177.83255004882812,308.8971862792969,392.7326965332031,103.55817413330078,76.45999908447266,90.73928833007812
2022-04-27,37.56364440917969,175.97999572753906,177.09371948242188,308.5270690917969,393.8370056152344,102.22992706298828,76.37000274658203,90.14097595214844
2022-04-28,38.105037689208984,176.92999267578125,180.39955139160156,319.4846496582031,403.7850341796875,102.38221740722656,78.08000183105469,91.8010482788086
2022-04-29,38.240386962890625,176.91000366210938,175.1898193359375,305.1082458496094,388.8629455566406,101.05400848388672,77.16000366210938,87.58769226074219
2022-05-02,38.18624496459961,173.6300048828125,177.02743530273438,310.2023620605469,391.2037048339844,99.3023681640625,78.37999725341797,85.4725570678711
2022-05-03,38.46596145629883,174.08999633789062,178.54296875,310.53350830078125,392.9969787597656,99.97180938720703,76.69000244140625,86.53433227539062
2022-05-04,38.88103103637695,175.8000030517578,183.3075408935547,321.0333251953125,404.9649658203125,100.52263641357422,80.22000122070312,87.52869415283203
2022-05-05,37.44634246826172,175.1300048828125,175.871826171875,304.8647155761719,390.57135009765625,97.76848602294922,80.4800033569336,85.19447326660156
2022-05-06,36.93201446533203,175.4199981689453,172.9448699951172,301.2122497558594,388.2400207519531,96.32787322998047,82.12999725341797,84.18326568603516
2022-05-09,35.86727523803711,172.8800048828125,165.67015075683594,289.42681884765625,375.80963134765625,97.17530059814453,76.56999969482422,80.47549438476562
2022-05-10,36.038719177246094,171.4199981689453,165.717529296875,292.94293212890625,376.677978515625,98.056640625,74.52999877929688,79.00924682617188
2022-05-11,35.786067962646484,172.82000732421875,161.5970916748047,284.2547302246094,370.69403076171875,99.94638061523438,78.18000030517578,78.84070587158203
2022-05-12,35.55147171020508,170.1699981689453,163.49154663085938,283.5826416015625,370.3070068359375,99.75995635986328,79.2300033569336,79.45584106445312
2022-05-13,36.53499984741211,168.7899932861328,168.67288208007812,294.0922546386719,379.1602783203125,98.2854232788086,81.27999877929688,81.55411529541016
2022-05-16,36.390628814697266,170.39999389648438,167.8677520751953,290.6831970214844,377.62176513671875,98.18373107910156,83.11000061035156,81.04007720947266
2022-05-17,37.28391647338867,169.3300018310547,173.001708984375,298.2122802734375,385.3895568847656,96.99734497070312,81.11000061035156,82.14398956298828
2022-05-18,36.390628814697266,169.4199981689453,166.93946838378906,283.5729064941406,369.8539733886719,99.06504821777344,79.29000091552734,79.75921630859375
2022-05-19,36.96811294555664,171.91000366210938,167.21414184570312,282.0534973144531,367.5888366699219,99.3023681640625,80.58000183105469,79.40531158447266
2022-05-20,37.12150573730469,172.02999877929688,166.7878875732422,281.1768798828125,367.7492370605469,100.429443359375,81.6500015258789,79.91089630126953
2022-05-23,37.40122604370117,172.8300018310547,168.8054962158203,285.85211181640625,374.6299133300781,98.77693939208984,81.97000122070312,80.83785247802734
2022-05-24,36.75155258178711,174.1300048828125,166.3048095703125,279.7743225097656,371.7699890136719,100.72604370117188,82.0,81.5204086303711
2022-05-25,36.93201446533203,173.0800018310547,169.2980499267578,283.6898193359375,375.0545654296875,101.12432861328125,82.4800033569336,82.21141052246094
2022-05-26,37.50950241088867,172.75999450683594,173.0775146484375,291.5500793457031,382.5486755371094,100.66667938232422,84.58999633789062,82.31253051757812
2022-05-27,37.94261932373047,172.85000610351562,177.73782348632812,301.06610107421875,391.9399108886719,100.91249084472656,85.45999908447266,84.52033996582031
2022-05-31,38.4749870300293,171.13999938964844,175.5308074951172,300.2674560546875,389.7407531738281,98.77693939208984,85.47000122070312,83.48384094238281
2022-06-01,38.204288482666016,172.22999572753906,174.5361785888672,298.0467224121094,386.58831787109375,98.66403198242188,85.54000091552734,82.7928466796875
2022-06-02,38.86298751831055,174.35000610351562,178.79873657226562,306.20892333984375,393.9502258300781,98.71501159667969,87.25,83.93046569824219
2022-06-03,38.231361389160156,172.5800018310547,177.1884765625,298.2415466308594,387.48492431640625,98.50276184082031,89.47000122070312,82.80970001220703
2022-06-06,38.43889236450195,171.82000732421875,177.9556884765625,299.2350158691406,388.6648254394531,96.6860122680664,88.38999938964844,82.54847717285156
2022-06-07,38.55619812011719,172.94000244140625,180.82579040527344,301.8161315917969,392.3929138183594,97.73020935058594,90.04000091552734,83.68608093261719
2022-06-08,38.763729095458984,172.77999877929688,178.03150939941406,299.64410400390625,388.12677001953125,96.86428833007812,91.98999786376953,81.75636291503906
2022-06-09,37.84645462036133,172.22999572753906,174.3408660888672,291.61822509765625,378.8959655761719,97.1868896484375,91.08000183105469,79.81819915771484
2022-06-10,37.427860260009766,174.5399932861328,169.61122131347656,281.3326110839844,367.9096984863281,96.5841293334961,90.12999725341797,78.048583984375
2022-06-13,36.11747741699219,169.92999267578125,161.64306640625,268.2517395019531,353.94085693359375,93.55342864990234,90.36000061035156,74.14701080322266
2022-06-14,36.61798095703125,168.57000732421875,160.86427307128906,268.73876953125,352.87420654296875,92.37338256835938,88.44999694824219,73.5824203491211
2022-06-15,37.10026931762695,170.77000427246094,163.21957397460938,275.4496765136719,357.9049072265625,94.09671783447266,86.93000030517578,75.32673645019531
2022-06-16,35.9627799987793,172.69000244140625,155.6598358154297,264.3362121582031,346.0597229003906,94.84378814697266,87.66000366210938,73.34645080566406
2022-06-17,36.099281311035156,171.27000427246094,156.8754425048828,267.550537109375,346.80572509765625,95.1494140625,83.33999633789062,73.90262603759766
2022-06-21,36.681671142578125,170.6300048828125,159.68661499023438,274.3006591796875,355.5361022949219,93.53640747070312,84.05000305175781,74.93067169189453
2022-06-22,36.026485443115234,171.30999755859375,159.3827362060547,273.9004821777344,354.8916015625,96.10871887207031,80.87999725341797,75.8829116821289
2022-06-23,36.135677337646484,170.25999450683594,161.29165649414062,277.9797668457031,358.370361328125,96.89823913574219,78.9800033569336,77.3245849609375
2022-06-24,36.991065979003906,170.08999633789062,166.28720092773438,287.50439453125,369.7643737792969,95.55692291259766,81.2699966430664,78.96978759765625
2022-06-27,37.03657150268555,169.89999389648438,166.904541015625,285.396484375,368.35198974609375,94.74191284179688,82.93000030517578,78.85105895996094
2022-06-28,36.80906677246094,169.6199951171875,163.77044677734375,276.7013854980469,360.8254699707031,95.18340301513672,84.72000122070312,77.89277648925781
2022-06-29,36.663475036621094,169.49000549316406,162.10841369628906,276.9550476074219,360.5316467285156,96.66902923583984,82.94999694824219,77.40938568115234
2022-06-30,36.490577697753906,168.4600067138672,160.8452911376953,273.52001953125,357.6025695800781,97.51798248291016,80.3499984741211,77.26522827148438
2022-07-01,36.2630729675293,168.32000732421875,162.79225158691406,275.32537841796875,361.384765625,98.51914978027344,81.66999816894531,78.6560287475586
2022-07-05,35.98097610473633,164.75,164.140869140625,280.03887939453125,362.0672912597656,99.29320526123047,74.77999877929688,78.43551635742188
2022-07-06,35.7625846862793,162.13999938964844,162.92520141601562,281.8344421386719,363.2900390625,97.62598419189453,73.66999816894531,78.2913589477539
2022-07-07,36.481475830078125,162.22999572753906,166.7810516357422,287.86541748046875,368.7311096191406,96.76685333251953,76.55000305175781,78.50337219238281
2022-07-08,36.481475830078125,162.3000030517578,166.7620849609375,288.2265625,368.4277648925781,95.69507598876953,78.54000091552734,78.08783721923828
2022-07-11,35.507789611816406,161.42999267578125,163.40953063964844,282.06866455078125,364.21905517578125,97.3453140258789,78.2300033569336,77.91820526123047
2022-07-12,35.37128829956055,160.8300018310547,162.8492431640625,279.336181640625,360.99615478515625,97.92369842529297,72.80999755859375,77.61290740966797
2022-07-13,35.289390563964844,161.60000610351562,162.7067413330078,278.7603759765625,359.1002197265625,99.04652404785156,73.19000244140625,77.23977661132812
2022-07-14,34.97089767456055,159.3300018310547,161.03524780273438,279.755859375,358.22821044921875,98.23844909667969,72.8499984741211,76.54438781738281
2022-07-15,35.15289306640625,159.00999450683594,164.38771057128906,284.8304138183594,365.0721435546875,98.79135131835938,73.73999786376953,77.8418960571289
2022-07-18,35.398590087890625,159.16000366210938,163.9224090576172,282.419921875,362.05780029296875,97.7621078491211,76.80999755859375,77.29065704345703
2022-07-19,35.98097610473633,159.5399932861328,169.70620727539062,291.1053466796875,371.84033203125,97.23468017578125,78.05000305175781,79.29204559326172
2022-07-20,35.8262825012207,158.0399932861328,172.36546325683594,295.7212219238281,374.2101135253906,97.48992919921875,77.63999938964844,79.10548400878906
2022-07-21,36.235782623291016,160.27000427246094,173.24867248535156,299.96636962890625,378.02069091796875,99.17412567138672,75.48999786376953,79.7330322265625
2022-07-22,35.871788024902344,160.6699981689453,170.48497009277344,294.7064208984375,374.5133972167969,100.84135437011719,74.52999877929688,80.14857482910156
2022-07-25,35.99918746948242,160.22999572753906,171.3682098388672,293.02777099609375,374.9684753417969,99.8546142578125,76.22000122070312,80.28426361083984
2022-07-26,35.71708679199219,160.0399932861328,170.3140106201172,287.2701110839844,370.53216552734375,99.93120574951172,75.16000366210938,80.36906433105469
2022-07-27,36.38137435913086,161.6699981689453,174.1888885498047,299.4100646972656,380.1535949707031,99.36976623535156,77.87000274658203,80.85244750976562
2022-07-28,36.53607940673828,163.63999938964844,176.5821990966797,302.3376770019531,384.92156982421875,100.16085815429688,77.12999725341797,83.472900390625
2022-07-29,36.36317825317383,164.10000610351562,177.8358612060547,307.8514404296875,390.533203125,99.8886489868164,78.05000305175781,83.92237091064453
2022-08-01,36.053775787353516,165.02999877929688,177.76934814453125,307.6661071777344,389.3768005371094,102.29430389404297,75.12999725341797,83.24392700195312
2022-08-02,35.880882263183594,164.0500030517578,177.59840393066406,306.7486877441406,386.8079528808594,100.12981414794922,75.93000030517578,82.17539978027344
2022-08-03,36.16298294067383,164.4499969482422,180.2101593017578,315.102294921875,392.86517333984375,101.70632934570312,73.52999877929688,82.43827819824219
2022-08-04,36.41777801513672,167.1699981689453,179.8302764892578,316.57586669921875,392.5997009277344,101.67225646972656,71.52999877929688,82.31108093261719
2022-08-05,36.45417785644531,165.2899932861328,181.20736694335938,313.98974609375,391.9361877441406,99.25208282470703,71.54000091552734,82.54005432128906
2022-08-08,36.49967575073242,166.69000244140625,183.12579345703125,312.9748840332031,391.48114013671875,100.85416412353516,73.54000091552734,83.27783203125
2022-08-09,36.36317825317383,167.1999969482422,180.62802124023438,309.432373046875,389.9266052246094,100.462158203125,73.44999694824219,83.73580169677734
2022-08-10,36.818172454833984,166.77999877929688,185.78504943847656,318.06890869140625,398.1166076660156,99.80599975585938,74.31999969482422,85.00785827636719
2022-08-11,36.963768005371094,166.33999633789062,186.47836303710938,316.2635498046875,398.1166076660156,97.47956848144531,76.27999877929688,84.80433654785156
2022-08-12,37.355064392089844,167.8699951171875,190.28675842285156,322.4213562011719,404.85638427734375,98.46807861328125,74.9800033569336,86.26296997070312
2022-08-15,37.182167053222656,165.7100067138672,190.96104431152344,325.0269775390625,406.5246276855469,98.38285064697266,72.87999725341797,86.61065673828125
2022-08-16,37.173065185546875,165.4199981689453,190.8850860595703,324.26580810546875,407.3208923339844,98.79190826416016,71.23999786376953,86.38169860839844
2022-08-17,37.018375396728516,164.35000610351562,187.67501831054688,320.56719970703125,404.4297180175781,97.76077270507812,72.05000305175781,85.86437225341797
2022-08-18,36.80906677246094,163.9199981689453,188.91912841796875,321.3382263183594,405.6051940917969,97.90562438964844,74.20999908447266,85.29619598388672
2022-08-19,36.30857849121094,162.72000122070312,184.86380004882812,315.072998046875,400.1546630859375,96.32915496826172,74.05999755859375,84.39726257324219
2022-08-22,35.990081787109375,161.63999938964844,181.05538940429688,306.7779541015625,391.8224792480469,96.00531768798828,74.68000030517578,82.5570068359375
2022-08-23,36.18117904663086,162.77000427246094,181.34979248046875,306.5242919921875,390.8745422363281,95.47696685791016,76.83000183105469,81.49696350097656
2022-08-24,36.17207717895508,163.25,182.73641967773438,307.41241455078125,392.1258239746094,94.77816772460938,78.04000091552734,81.9634017944336
2022-08-25,36.95466995239258,163.75,185.57611083984375,312.84796142578125,397.66162109375,96.09905242919922,76.5,83.18456268310547
2022-08-26,36.40867614746094,161.75999450683594,179.47886657714844,300.02490234375,384.201171875,96.82339477539062,75.8499984741211,81.08989715576172
2022-08-29,36.18117904663086,161.86000061035156,177.82635498046875,297.0679626464844,381.6607360839844,96.02236938476562,78.69000244140625,80.36058807373047
2022-08-30,35.75348663330078,160.50999450683594,175.3380889892578,293.759765625,377.4709167480469,96.26097106933594,75.47000122070312,79.24964904785156
2022-08-31,35.880882263183594,159.27000427246094,174.27438354492188,292.0518798828125,374.5987854003906,95.34062194824219,73.11000061035156,78.87650299072266
2022-09-01,35.598785400390625,157.8699951171875,172.37493896484375,292.1788024902344,375.7741394042969,93.59510040283203,70.94999694824219,79.02067565917969
2022-09-02,35.271183013916016,159.25999450683594,171.0358428955078,288.0508728027344,371.8117980957031,94.12455749511719,71.43000030517578,77.91820526123047
2022-09-06,34.85259246826172,158.3300018310547,169.34532165527344,285.98199462890625,370.4089660644531,91.7932357788086,71.41999816894531,78.62210083007812
2022-09-07,35.161991119384766,159.94000244140625,173.0302276611328,291.7591552734375,377.0632629394531,93.24500274658203,67.62000274658203,80.15705871582031
2022-09-08,34.97089767456055,158.97999572753906,174.4738006591797,293.2718200683594,379.5279541015625,92.28854370117188,68.08999633789062,80.37754821777344
2022-09-09,35.48958206176758,159.82000732421875,177.9783172607422,299.683349609375,385.4239807128906,92.49347686767578,71.0999984741211,81.25102233886719
2022-09-12,36.01738739013672,160.6300048828125,180.1342010498047,303.24530029296875,389.5663757324219,91.73342895507812,72.37000274658203,82.03970336914062
2022-09-13,34.907196044921875,158.5399932861328,173.08721923828125,286.6162414550781,372.6270446777344,91.94696044921875,72.01000213623047,78.90194702148438
2022-09-14,35.08009719848633,157.92999267578125,173.7615203857422,288.89013671875,374.0489501953125,92.26289367675781,72.7300033569336,78.0030288696289
2022-09-15,34.70699691772461,154.97999572753906,172.4984130859375,284.0790100097656,369.80224609375,92.20314025878906,69.76000213623047,76.56134033203125
2022-09-16,34.38850021362305,155.83999633789062,169.9911346435547,282.3418884277344,366.9811096191406,91.4345703125,69.9000015258789,76.56982421875
2022-09-19,34.4976921081543,155.9600067138672,171.44422912597656,284.5406494140625,369.8270263671875,91.6480712890625,70.05000305175781,76.45957946777344
2022-09-20,34.30660629272461,155.07000732421875,169.1078643798828,282.2725524902344,365.5819396972656,90.73432159423828,69.22000122070312,74.60237121582031
2022-09-21,33.733306884765625,155.7899932861328,166.52464294433594,277.2181701660156,359.20477294921875,92.25438690185547,68.68000030517578,73.42357635498047
2022-09-22,33.56951141357422,155.6999969482422,162.77325439453125,273.80621337890625,356.1875305175781,89.89744567871094,68.97000122070312,72.49075317382812
2022-09-23,32.741416931152344,153.00999450683594,158.8983612060547,269.34820556640625,350.21966552734375,90.2646255493164,65.31999969482422,71.52721405029297
2022-09-26,32.34102249145508,151.22999572753906,156.72271728515625,268.23370361328125,346.7550354003906,88.53963470458984,63.20000076293945,69.52130889892578
2022-09-27,32.30462646484375,151.5399932861328,157.25735473632812,268.3412780761719,345.8699035644531,86.208251953125,64.41999816894531,68.59549713134766
2022-09-28,32.58671951293945,154.69000244140625,162.23097229003906,273.6790771484375,352.67535400390625,89.09469604492188,67.12999725341797,70.01850128173828
2022-09-29,31.858726501464844,154.66000366210938,158.5938262939453,265.7896423339844,345.308349609375,88.63353729248047,66.7699966430664,67.96114349365234
2022-09-30,31.74043083190918,154.6699981689453,157.438720703125,261.28271484375,339.9686584472656,87.48921966552734,65.27999877929688,68.72408294677734
2022-10-03,32.25912857055664,158.42999267578125,161.6104736328125,267.4125061035156,348.94427490234375,88.8793716430664,67.88999938964844,69.94989776611328
2022-10-04,33.31471633911133,160.6999969482422,168.01608276367188,275.82012939453125,359.7568054199219,88.63113403320312,70.27999877929688,71.36434173583984
2022-10-05,33.332908630371094,159.80999755859375,166.77511596679688,275.67352294921875,358.9192199707031,87.78369140625,71.94000244140625,69.9670639038086
2022-10-06,33.132713317871094,159.6300048828125,165.83950805664062,273.503173828125,355.2166442871094,87.2957534790039,72.98999786376953,68.0211410522461
2022-10-07,32.441123962402344,157.8800048828125,160.96133422851562,263.08154296875,345.308349609375,86.44830322265625,75.0999984741211,66.38385009765625
2022-10-10,31.986133575439453,155.47999572753906,160.06398010253906,260.4517517089844,342.6717529296875,85.10438537597656,73.77999877929688,65.758056640625
2022-10-11,31.476531982421875,155.16000366210938,160.11167907714844,256.8735656738281,340.50164794921875,85.48098754882812,71.75,66.42670440673828
2022-10-12,31.512935638427734,155.99000549316406,159.67257690429688,256.7856140136719,339.3785095214844,85.90044403076172,70.93000030517578,65.73235321044922
2022-10-13,31.60392951965332,154.91000366210938,163.62474060058594,262.80780029296875,348.3350524902344,85.07868957519531,72.5199966430664,66.9324722290039
2022-10-14,31.1307373046875,152.97999572753906,159.24295043945312,254.9085235595703,340.39691162109375,84.37678527832031,70.16999816894531,65.26943969726562
2022-10-17,31.986133575439453,153.4199981689453,164.3216552734375,263.3258972167969,349.1441345214844,83.96586608886719,70.12999725341797,67.72969055175781
2022-10-18,31.995229721069336,153.75,166.2690887451172,265.40838623046875,353.2464294433594,84.16275024414062,68.69999694824219,68.46691131591797
2022-10-19,31.412837982177734,151.69000244140625,163.4434051513672,264.4404296875,350.7431335449219,82.63050079345703,70.04000091552734,66.76101684570312
2022-10-20,31.613027572631836,151.4499969482422,161.3622589111328,263.09130859375,347.8020324707031,81.21807861328125,70.18000030517578,66.46955871582031
2022-10-21,32.0953254699707,154.14999389648438,164.8657684326172,269.2602233886719,356.2541809082031,79.75432586669922,70.56999969482422,66.99246978759766
2022-10-24,30.875938415527344,153.64999389648438,165.57223510742188,272.222412109375,360.6134338378906,79.09518432617188,70.37999725341797,66.98389434814453
2022-10-25,31.1307373046875,154.0,170.087646484375,277.8536071777344,366.3719787597656,81.39785766601562,70.61000061035156,69.61558532714844
2022-10-26,31.640331268310547,154.97999572753906,170.92771911621094,271.7140808105469,363.6116638183594,82.57059478759766,72.97000122070312,69.57273864746094
2022-10-27,31.394634246826172,154.74000549316406,170.96595764160156,266.7672424316406,361.6700134277344,83.43518829345703,73.62000274658203,69.67559814453125
2022-10-28,31.203540802001953,153.16000366210938,174.851318359375,274.9304504394531,370.2743835449219,82.86162567138672,72.81999969482422,71.21004486083984
2022-10-31,31.112533569335938,151.91000366210938,175.01356506347656,271.7336730957031,367.5998229980469,82.27100372314453,71.52999877929688,71.13290405273438
2022-11-01,31.68583106994629,153.4600067138672,175.2522430419922,268.9571228027344,365.9912109375,83.03987884521484,73.12000274658203,71.107177734375
2022-11-02,31.421932220458984,152.38999938964844,169.43846130371094,259.738037109375,356.80621337890625,82.679443359375,74.08000183105469,69.15269470214844
2022-11-03,31.60392951965332,151.80999755859375,168.30247497558594,254.66409301757812,353.1322326660156,82.23323059082031,73.29000091552734,69.05840301513672
2022-11-04,32.941612243652344,156.47000122070312,170.5745086669922,258.7603759765625,358.2148742675781,80.85167694091797,76.81999969482422,70.00135040283203
2022-11-07,32.95981979370117,155.85000610351562,171.3477783203125,261.6053771972656,361.6414489746094,80.04503631591797,76.55999755859375,70.00135040283203
2022-11-08,33.196414947509766,159.4499969482422,171.41456604003906,263.5116882324219,363.5926208496094,80.9203109741211,74.47000122070312,70.21566772460938
2022-11-09,32.62311935424805,158.64999389648438,166.70823669433594,257.43084716796875,356.101806640625,81.18634796142578,71.66999816894531,69.4955825805664
2022-11-10,33.806114196777344,163.47999572753906,176.9705810546875,276.4262390136719,375.6711120605469,84.30989074707031,72.23999786376953,74.57894897460938
2022-11-11,34.725196838378906,164.55999755859375,178.42161560058594,281.51971435546875,379.3070983886719,84.00094604492188,74.37999725341797,74.57037353515625
2022-11-14,34.515899658203125,164.9199981689453,176.4264373779297,279.05609130859375,376.0804138183594,83.79501342773438,71.91000366210938,72.7530517578125
2022-11-15,35.30759048461914,165.5,179.0421905517578,282.91778564453125,379.28802490234375,85.15081787109375,73.25,73.54170227050781
2022-11-16,34.74339294433594,165.1199951171875,175.891845703125,279.05609130859375,376.3945617675781,87.012939453125,72.04000091552734,72.87305450439453
2022-11-17,34.80709457397461,163.9199981689453,174.25941467285156,278.44024658203125,375.2427978515625,86.09477233886719,70.13999938964844,72.3758773803711
2022-11-18,34.60689926147461,162.7899932861328,175.38587951660156,278.4499816894531,376.946533203125,85.50267028808594,69.02999877929688,73.2931137084961
2022-11-21,34.17010498046875,161.8800048828125,174.4694366455078,275.5854797363281,375.57598876953125,85.86308288574219,69.02999877929688,73.67886352539062
2022-11-22,34.25200271606445,162.07000732421875,176.3310089111328,279.5546569824219,380.6300964355469,87.08158111572266,69.9800033569336,74.08175659179688
2022-11-23,34.53409957885742,163.0800018310547,176.78921508789062,282.3605041503906,383.0286865234375,88.60047912597656,67.41000366210938,74.14175415039062
2022-11-25,34.370304107666016,163.22000122070312,177.16151428222656,280.5030517578125,382.9429931640625,88.30013275146484,66.95999908447266,74.61323547363281
2022-11-28,34.215599060058594,161.92999267578125,173.59117126464844,276.38714599609375,376.8323669433594,88.54895782470703,66.87999725341797,72.61588287353516
2022-11-29,34.95269012451172,162.72999572753906,174.09710693359375,274.29498291015625,376.18511962890625,87.51065826416016,68.33999633789062,73.81602478027344
2022-11-30,35.9627799987793,164.80999755859375,178.8703155517578,286.7989807128906,388.03521728515625,88.15425872802734,70.2300033569336,75.5047607421875
2022-12-01,35.844478607177734,167.83999633789062,178.47889709472656,287.1510009765625,387.7496643066406,90.97038269042969,70.44999694824219,75.34187316894531
2022-12-02,35.98097610473633,167.25999450683594,179.51943969726562,286.0069885253906,387.30230712890625,92.11442565917969,69.83999633789062,75.1189956665039
2022-12-05,35.57148742675781,164.38999938964844,174.5744171142578,281.2069091796875,380.3350524902344,90.82417297363281,67.72000122070312,73.7474365234375
2022-12-06,35.5259895324707,164.83999633789062,171.9014434814453,275.3802185058594,374.8526306152344,91.99396514892578,65.2300033569336,73.05308532714844
2022-12-07,35.31668472290039,166.3300018310547,171.3955078125,274.2558898925781,374.21484375,94.1615982055664,63.650001525878906,73.19881439208984
2022-12-08,35.744380950927734,166.47000122070312,172.63650512695312,277.50164794921875,377.1464538574219,93.90352630615234,62.709999084472656,73.71314239501953
2022-12-09,35.507789611816406,167.05999755859375,170.5172576904297,275.73211669921875,374.3290710449219,91.46068572998047,62.849998474121094,73.57599639892578
2022-12-12,35.398590087890625,165.67999267578125,172.52194213867188,279.19293212890625,379.72589111328125,91.75316619873047,64.41000366210938,74.14175415039062
2022-12-13,35.65172576904297,168.50999450683594,173.95095825195312,282.1943359375,382.600341796875,92.63909149169922,65.86000061035156,75.5133285522461
2022-12-14,35.670204162597656,168.10000610351562,172.8096923828125,280.1021728515625,380.1541748046875,93.03478240966797,67.36000061035156,74.99897766113281
2022-12-15,34.84796905517578,165.35000610351562,168.48440551757812,270.69732666015625,370.8549499511719,93.3978042602539,66.1500015258789,73.99604034423828
2022-12-16,34.9495964050293,166.7899932861328,167.2280731201172,268.11639404296875,366.47662353515625,92.35446166992188,64.9000015258789,72.08441162109375
2022-12-19,34.97731018066406,166.32000732421875,164.96473693847656,264.3483581542969,363.3689270019531,90.80241394042969,66.06999969482422,71.16718292236328
2022-12-20,34.96806716918945,169.0800018310547,165.8374481201172,264.142578125,363.8661804199219,89.19004821777344,66.22000122070312,70.9871597290039
2022-12-21,35.28218460083008,168.8000030517578,168.69537353515625,267.9742736816406,369.306884765625,89.41421508789062,68.05999755859375,71.59577941894531
2022-12-22,34.96806716918945,166.75999450683594,166.4896240234375,261.418212890625,364.038330078125,89.3969955444336,67.69999694824219,71.29499816894531
2022-12-23,34.92188262939453,167.25999450683594,167.24725341796875,262.0062255859375,366.13232421875,88.0864028930664,69.31999969482422,71.92962646484375
2022-12-27,35.43924331665039,168.6699981689453,166.12513732910156,258.3018798828125,364.6885986328125,86.34465789794922,69.52999877929688,71.90354919433594
2022-12-28,34.92188262939453,167.91000366210938,163.54531860351562,254.89157104492188,360.1562194824219,85.83596801757812,68.58000183105469,70.67776489257812
2022-12-29,35.503910064697266,168.85000610351562,167.6884307861328,261.1046447753906,366.63916015625,86.81027221679688,68.52999877929688,72.22520446777344
2022-12-30,35.01426315307617,169.63999938964844,167.218505859375,260.94793701171875,365.6734619140625,85.84455108642578,70.11000061035156,71.70359802246094
2023-01-03,35.309898376464844,171.05999755859375,166.2977752685547,259.18389892578125,364.1340026855469,87.48280334472656,67.63999938964844,71.77313995361328
2023-01-04,36.37233352661133,172.6699981689453,168.36929321289062,260.4186706542969,366.9450988769531,88.68134307861328,64.30000305175781,73.39881896972656
2023-01-05,36.261474609375,170.52000427246094,166.56634521484375,256.3420104980469,362.757080078125,89.0521011352539,64.77999877929688,71.42540740966797
2023-01-06,37.01903533935547,173.7100067138672,170.3065643310547,263.41741943359375,371.0758361816406,90.69034576416016,64.83000183105469,73.3466567993164
2023-01-09,37.29619598388672,174.10000610351562,170.5943145751953,265.12249755859375,370.865478515625,91.17320251464844,65.87999725341797,73.37274169921875
2023-01-10,37.564117431640625,174.74000549316406,173.1165771484375,267.36676025390625,373.46630859375,89.66427612304688,65.9000015258789,73.53791046142578
2023-01-11,37.721168518066406,174.6199951171875,175.2744140625,271.99212646484375,378.18988037109375,91.1214828491211,68.05000305175781,76.17201232910156
2023-01-12,37.90594482421875,176.63999938964844,178.21868896484375,273.4621276855469,379.5667724609375,92.9149398803711,68.61000061035156,77.13700103759766
2023-01-13,38.15538024902344,178.75999450683594,179.38868713378906,275.3437194824219,381.0393371582031,92.0440444946289,70.05000305175781,76.65886688232422
2023-01-17,37.942893981933594,177.58999633789062,179.1681365966797,275.9023132324219,380.3412170410156,91.44911193847656,70.86000061035156,76.87620544433594
2023-01-18,37.6842155456543,177.0800018310547,176.27182006835938,272.3155212402344,374.33648681640625,93.66507720947266,69.51000213623047,75.75474548339844
2023-01-19,37.970611572265625,179.88999938964844,174.5839080810547,269.6402587890625,371.6113586425781,93.07874298095703,70.58999633789062,75.33745574951172
2023-01-20,38.55263900756836,179.2899932861328,177.4610137939453,277.0194396972656,378.5341796875,91.56983947753906,71.55000305175781,76.2328872680664
2023-01-23,38.829803466796875,179.6300048828125,179.6572265625,283.1736755371094,383.07598876953125,91.13871765136719,71.5,76.58060455322266
2023-01-24,38.85751724243164,180.27999877929688,179.27362060546875,282.595458984375,382.664794921875,92.4493179321289,70.22000122070312,76.77188110351562
2023-01-25,38.89447021484375,181.11000061035156,179.77230834960938,281.9683837890625,382.8082580566406,92.67351531982422,70.51000213623047,76.80664825439453
2023-01-26,39.26401901245117,179.47000122070312,180.83685302734375,287.4659423828125,387.01544189453125,92.24238586425781,70.93000030517578,77.66729736328125
2023-01-27,39.07924270629883,179.22000122070312,181.81507873535156,290.3274841308594,387.9046936035156,92.00956726074219,69.5,78.5366439819336
2023-01-30,38.29396438598633,178.75999450683594,179.2832489013672,284.4574890136719,383.0377502441406,91.67330932617188,68.0999984741211,77.53689575195312
2023-01-31,38.2108154296875,179.41000366210938,183.63726806640625,288.72039794921875,388.669677734375,92.40617370605469,69.31999969482422,79.1625747680664
2023-02-01,38.68198776245117,181.6699981689453,186.5239715576172,294.8942565917969,392.80029296875,93.51700592041016,67.36000061035156,79.64940643310547
2023-02-02,38.451019287109375,177.89999389648438,190.1970977783203,305.47796630859375,398.5183410644531,93.63806915283203,66.56999969482422,81.4576416015625
2023-02-03,37.76736831665039,173.4600067138672,188.92156982421875,300.0487976074219,394.2824401855469,92.2376480102539,64.4000015258789,79.92759704589844
2023-02-06,37.21304702758789,173.82000732421875,186.18829345703125,297.5107727050781,391.87286376953125,91.55472564697266,65.5,79.34513092041016
2023-02-07,37.36086654663086,173.97999572753906,187.56930541992188,303.67474365234375,396.99798583984375,90.8199234008789,67.76000213623047,79.1712646484375
2023-02-08,37.31467056274414,174.41000366210938,184.8264617919922,298.2751159667969,392.65692138671875,91.25216674804688,68.68000030517578,78.79743957519531
2023-02-09,37.490211486816406,173.02999877929688,182.15074157714844,295.6389465332031,389.2529602050781,90.38768005371094,67.91999816894531,77.93679809570312
2023-02-10,37.1298942565918,173.36000061035156,182.51515197753906,293.6986389160156,390.16131591796875,89.37628936767578,69.87000274658203,78.206298828125
2023-02-13,37.434776306152344,172.47999572753906,184.71141052246094,298.40252685546875,394.74139404296875,90.12836456298828,69.5,78.90177917480469
2023-02-14,37.37010192871094,172.61000061035156,184.6250762939453,300.60748291015625,394.55975341796875,89.92091369628906,69.4000015258789,78.27583312988281
2023-02-15,37.055992126464844,170.88999938964844,186.49520874023438,302.9104309082031,395.8409729003906,89.08238983154297,69.0199966430664,78.58880615234375
2023-02-16,37.06523132324219,170.75,184.71141052246094,297.2265930175781,390.3907775878906,87.82025146484375,68.44999694824219,77.82377624511719
2023-02-17,36.65873336791992,171.25999450683594,185.2196807861328,295.12939453125,389.4154968261719,88.50318145751953,67.0199966430664,77.51951599121094
2023-02-21,36.19680404663086,170.6199951171875,179.75314331054688,288.1422424316406,381.6034240722656,86.78289794921875,66.69000244140625,75.96337127685547
2023-02-22,36.021270751953125,169.66000366210938,180.24224853515625,288.3577575683594,381.0776062011719,87.57820129394531,64.91999816894531,75.276611328125
2023-02-23,36.19680404663086,169.57000732421875,181.52737426757812,290.8763122558594,383.1045837402344,88.43400573730469,66.37999725341797,75.84166717529297
2023-02-24,35.38380813598633,168.35000610351562,179.829833984375,286.00579833984375,379.0121765136719,87.2842788696289,67.0999984741211,74.51156616210938
2023-02-27,35.568580627441406,169.00999450683594,180.46282958984375,288.0539245605469,380.30303955078125,87.52635955810547,66.25,74.62458038330078
2023-02-28,35.31913375854492,169.77999877929688,180.472412109375,287.68157958984375,378.89739990234375,87.92396545410156,67.20999908447266,74.52027130126953
2023-03-01,36.076698303222656,170.75999450683594,180.70257568359375,285.3688659667969,377.44403076171875,86.97941589355469,68.06999969482422,73.58137512207031
2023-03-02,36.20603942871094,170.66000366210938,181.1341552734375,287.7306213378906,380.3795166015625,86.20816040039062,68.30000305175781,74.44202423095703
2023-03-03,36.52939224243164,172.49000549316406,183.65643310546875,293.67901611328125,386.4800109863281,88.29663848876953,69.86000061035156,75.57218170166016
2023-03-06,36.40005111694336,171.6199951171875,180.9711151123047,294.0122375488281,386.7477111816406,87.61200714111328,70.48999786376953,75.276611328125
2023-03-07,35.790306091308594,168.6199951171875,178.8708038330078,290.4058532714844,380.81939697265625,88.14933013916016,67.8499984741211,73.5205307006836
2023-03-08,35.9381217956543,168.5399932861328,178.95713806152344,291.85626220703125,381.4408874511719,88.23599243164062,67.0999984741211,74.3637924194336
2023-03-09,35.14360809326172,170.1999969482422,173.97970581054688,286.79962158203125,374.40338134765625,88.45262908935547,66.23999786376953,72.65988159179688
2023-03-10,34.958831787109375,173.8699951171875,168.9639129638672,282.7718811035156,369.0009460449219,91.50302124023438,67.13999938964844,70.25177001953125
2023-03-13,35.01426315307617,177.86000061035156,166.2114715576172,284.86907958984375,368.47503662109375,91.71096801757812,65.25,71.17329406738281
2023-03-14,35.032745361328125,176.8300018310547,169.29000854492188,291.4152526855469,374.5659484863281,90.203125,62.93000030517578,71.8600845336914
2023-03-15,34.43223190307617,178.2100067138672,166.49920654296875,292.9440612792969,372.2232666015625,91.94497680664062,60.02000045776367,71.80790710449219
2023-03-16,34.958831787109375,178.57000732421875,168.77212524414062,300.6662292480469,378.7539978027344,91.22571563720703,60.04999923706055,71.65142822265625
2023-03-17,34.746341705322266,183.77000427246094,164.21665954589844,299.2452697753906,374.3253173828125,92.59491729736328,58.65999984741211,70.0257568359375
2023-03-20,34.87569046020508,183.83999633789062,166.34573364257812,300.3072814941406,377.92474365234375,91.78031921386719,59.790000915527344,70.82554626464844
2023-03-21,35.18980026245117,180.3699951171875,169.41468811035156,304.5964050292969,382.8870849609375,90.99170684814453,61.22999954223633,70.51260375976562
2023-03-22,35.32837677001953,183.44000244140625,164.60987854003906,300.4544982910156,376.3601989746094,92.2049560546875,61.61000061035156,67.87847137451172
2023-03-23,35.818023681640625,185.74000549316406,163.8792724609375,304.017333984375,377.3775634765625,92.2049560546875,60.9900016784668,67.4524917602539
2023-03-24,35.72562789916992,183.64999389648438,165.3616485595703,305.1362609863281,379.8539733886719,92.59491729736328,60.959999084472656,69.18228149414062
2023-03-27,35.531620025634766,181.9499969482422,167.20016479492188,303.0456848144531,380.56427001953125,90.4197769165039,64.1500015258789,69.1032485961914
2023-03-28,36.03974151611328,183.44000244140625,166.9595184326172,301.4360046386719,379.7100830078125,90.58439636230469,64.55000305175781,68.93640899658203
2023-03-29,36.1413688659668,182.52999877929688,168.85581970214844,306.9324035644531,385.22906494140625,90.4024429321289,64.1500015258789,70.46422576904297
2023-03-30,36.50167465209961,184.17999267578125,168.6248016357422,309.83758544921875,387.4847106933594,90.8183822631836,65.31999969482422,71.38619232177734
2023-03-31,36.45547866821289,183.22000122070312,171.7242889404297,314.99041748046875,392.9461669921875,92.1789321899414,66.44000244140625,72.91402435302734
2023-04-03,36.52939224243164,184.5399932861328,171.8013153076172,314.2248229980469,394.4434509277344,92.61245727539062,70.2699966430664,72.33450317382812
2023-04-04,36.52939224243164,187.97999572753906,168.78846740722656,313.1648254394531,392.25506591796875,93.07291412353516,70.2699966430664,72.2379150390625
2023-04-05,36.24299621582031,187.8300018310547,167.13279724121094,310.0731506347656,391.22796630859375,94.0459213256836,70.23999786376953,71.8515625
2023-04-06,36.390811920166016,186.49000549316406,167.38307189941406,312.1636657714844,392.7541198730469,94.28922271728516,70.26000213623047,72.3432846069336
2023-04-10,36.42776870727539,185.11000061035156,169.1734619140625,311.987060546875,393.1572570800781,92.76884460449219,69.76000213623047,72.67694091796875
2023-04-11,36.64949035644531,186.27999877929688,170.51144409179688,309.98480224609375,393.2629089355469,92.95996856689453,71.06999969482422,72.98426818847656
2023-04-12,36.390811920166016,187.19000244140625,169.26007080078125,307.24639892578125,391.6599426269531,92.86441040039062,72.43000030517578,72.63304138183594
2023-04-13,36.88969802856445,189.72000122070312,171.50291442871094,313.2630310058594,396.8623046875,92.1346435546875,71.80000305175781,72.41352081298828
2023-04-14,36.6956901550293,186.36000061035156,169.905029296875,312.6741027832031,395.8927307128906,91.29190826416016,72.08999633789062,71.28961181640625
2023-04-17,36.85274124145508,185.52999877929688,172.09011840820312,312.93902587890625,397.3133544921875,90.2059326171875,70.83999633789062,72.77351379394531
2023-04-18,36.806549072265625,186.25,171.3585662841797,312.9587707519531,397.5724792480469,90.5273666381836,70.7300033569336,72.60670471191406
2023-04-19,36.43700408935547,185.36000061035156,171.57989501953125,312.8114318847656,397.5053405761719,90.44049835205078,69.30000305175781,73.03694915771484
2023-04-20,36.3815803527832,186.08999633789062,170.6943359375,310.42645263671875,395.3360900878906,91.2137222290039,67.5999984741211,72.31693267822266
2023-04-21,36.03974151611328,184.25,170.91574096679688,310.7503356933594,395.6432189941406,90.70113372802734,68.20999908447266,72.32572174072266
2023-04-24,35.95659637451172,184.80999755859375,170.80023193359375,310.10260009765625,396.05596923828125,91.5785903930664,69.25,72.05352020263672
2023-04-25,35.28218460083008,185.75,166.58413696289062,304.25286865234375,389.76904296875,92.92521667480469,67.62000274658203,71.34228515625
2023-04-26,35.48543167114258,184.74000549316406,164.97662353515625,306.0980529785156,388.1181945800781,91.93482208251953,65.36000061035156,70.65741729736328
2023-04-27,35.96583557128906,184.75,167.18092346191406,314.421142578125,395.8448791503906,91.02259826660156,65.80999755859375,72.2554702758789
2023-04-28,36.150611877441406,184.8000030517578,168.64407348632812,316.5901794433594,399.2234191894531,92.49083709716797,67.5,73.1423110961914
2023-05-01,36.0305061340332,183.97000122070312,168.74029541015625,316.22711181640625,398.8203430175781,89.82390594482422,66.55000305175781,72.59790802001953
2023-05-02,35.679447174072266,187.52000427246094,165.27500915527344,313.4690856933594,394.3378601074219,92.06232452392578,63.04999923706055,71.36863708496094
2023-05-03,35.6240119934082,189.11000061035156,165.88143920898438,311.41778564453125,391.63116455078125,92.57618713378906,60.310001373291016,71.08765411376953
2023-05-04,35.910404205322266,190.44000244140625,164.02366638183594,310.31854248046875,388.857177734375,91.66168212890625,60.70000076293945,71.67595672607422
2023-05-05,36.390811920166016,187.4600067138672,167.92210388183594,316.9141540527344,396.05596923828125,91.35682678222656,63.029998779296875,72.87010955810547
2023-05-08,36.40928649902344,187.69000244140625,167.537109375,317.6993713378906,396.1615905761719,90.07646942138672,64.26000213623047,72.44863891601562
2023-05-09,36.187557220458984,189.02000427246094,167.03652954101562,315.6872863769531,394.42425537109375,89.75421905517578,64.87000274658203,72.14131164550781
2023-05-10,36.16909408569336,188.75,167.88360595703125,319.12249755859375,396.26715087890625,90.62520599365234,64.38999938964844,72.83497619628906
2023-05-11,36.03974151611328,187.1300048828125,166.59376525878906,320.162841796875,395.5760803222656,91.5832748413086,63.25,72.03595733642578
2023-05-12,35.61477279663086,186.80999755859375,166.2568359375,319.0144958496094,395.05780029296875,90.81681060791016,62.06999969482422,72.02719116210938
2023-05-15,36.27070617675781,187.2100067138672,168.2879180908203,320.741943359375,396.42071533203125,89.87618255615234,62.9900016784668,71.90425109863281
2023-05-16,36.01203155517578,184.8699951171875,165.83331298828125,321.1051025390625,393.7716064453125,89.60616302490234,62.540000915527344,70.1042251586914
2023-05-17,36.17832565307617,184.22999572753906,169.52963256835938,324.9917907714844,398.55157470703125,89.34485626220703,64.5999984741211,71.05253601074219
2023-05-18,35.984317779541016,181.83999633789062,170.5595703125,331.0279846191406,402.3908386230469,88.68293762207031,64.04000091552734,70.71009063720703
2023-05-19,36.01203155517578,183.63999938964844,169.52000427246094,330.28204345703125,401.80535888671875,88.05581665039062,63.900001525878906,70.595947265625
2023-05-22,36.30766677856445,183.2100067138672,171.5895538330078,331.39117431640625,401.9685974121094,87.74230194091797,63.90999984741211,71.02619934082031
2023-05-23,35.74411392211914,183.42999267578125,170.7809600830078,327.19036865234375,397.45733642578125,87.99486541748047,64.87000274658203,70.35885620117188
2023-05-24,35.47618865966797,181.9499969482422,168.97134399414062,325.5119934082031,394.57781982421875,87.55935668945312,65.66000366210938,68.8486099243164
2023-05-25,35.40228271484375,180.1999969482422,167.65260314941406,333.4326477050781,397.9948425292969,87.34162902832031,64.08999633789062,68.83982849121094
2023-05-26,36.0305061340332,180.9199981689453,169.5584716796875,341.9520263671875,403.14910888671875,88.04710388183594,64.80000305175781,69.63006591796875
2023-05-30,35.61477279663086,182.0399932861328,168.9328155517578,343.5027770996094,403.302734375,88.92679595947266,62.29999923706055,69.89348602294922
2023-05-31,35.28218460083008,182.32000732421875,167.26756286621094,341.5495910644531,401.0662841796875,89.70197296142578,60.630001068115234,70.24471282958984
2023-06-01,35.910404205322266,183.75999450683594,169.07720947265625,345.49517822265625,404.87689208984375,90.05392456054688,62.54999923706055,70.25349426269531
2023-06-02,36.52939224243164,181.0500030517578,175.20884704589844,348.08636474609375,410.7318420410156,89.06710052490234,64.1500015258789,71.96571350097656
2023-06-05,36.52014923095703,182.13999938964844,172.8601531982422,348.33172607421875,409.94482421875,88.90116882324219,64.02999877929688,71.46520233154297
2023-06-06,36.843509674072266,182.33999633789062,177.41317749023438,348.27276611328125,410.83740234375,89.42514038085938,63.790000915527344,72.15011596679688
2023-06-07,36.685218811035156,180.14999389648438,180.73263549804688,342.3642272949219,409.4168395996094,88.09773254394531,64.70999908447266,73.4759750366211
2023-06-08,36.9459228515625,182.52999877929688,180.0569610595703,346.6141052246094,411.89324951171875,89.12821197509766,63.459999084472656,73.01937866210938
2023-06-09,37.113525390625,182.0399932861328,178.59945678710938,347.9391174316406,412.6322937011719,89.00597381591797,62.93000030517578,72.59790802001953
2023-06-12,37.18800735473633,181.8800048828125,179.34266662597656,353.8182373046875,416.3756103515625,89.26795196533203,60.2400016784668,72.61546325683594
2023-06-13,37.560447692871094,180.5399932861328,181.3986358642578,356.5369567871094,419.1207580566406,88.38591003417969,62.13999938964844,73.08084106445312
2023-06-14,37.839778900146484,180.63999938964844,179.44886779785156,359.1281433105469,419.61993408203125,89.09329223632812,61.83000183105469,73.35303497314453
2023-06-15,38.193599700927734,181.91000366210938,180.9256591796875,363.4074401855469,424.82220458984375,89.94911193847656,63.40999984741211,73.7394027709961
2023-06-16,38.06324768066406,181.6300048828125,179.47781372070312,361.1205139160156,423.3751525878906,89.59978485107422,64.3499984741211,73.68671417236328
2023-06-20,37.318363189697266,179.75,178.69595336914062,360.60357666015625,421.1786193847656,90.21981811523438,63.91999816894531,72.81743621826172
2023-06-21,37.141456604003906,179.49000549316406,178.28091430664062,355.6893310546875,419.0205993652344,90.43817138671875,65.04000091552734,72.3783950805664
2023-06-22,37.011104583740234,177.7100067138672,176.95851135253906,359.8861389160156,420.53314208984375,89.34654235839844,62.52000045776367,71.34228515625
2023-06-23,36.47106170654297,178.1999969482422,174.29444885253906,356.31842041015625,417.3538818359375,90.23731994628906,62.41999816894531,70.35885620117188
2023-06-26,36.59210968017578,178.50999450683594,174.4681854248047,351.5417785644531,415.648681640625,90.33336639404297,62.72999954223633,71.9832763671875
2023-06-27,36.96455001831055,177.69000244140625,176.9874725341797,357.58624267578125,420.2055358886719,90.09757995605469,61.29999923706055,72.87010955810547
2023-06-28,36.74108123779297,177.27999877929688,177.85618591308594,358.2840270996094,420.41748046875,90.48182678222656,62.52000045776367,72.9754867553711
2023-06-29,36.545555114746094,177.08999633789062,179.9025421142578,357.5665588378906,422.0745544433594,88.84873962402344,62.959999084472656,73.79064178466797
2023-06-30,36.834197998046875,178.27000427246094,180.7615966796875,363.0803527832031,427.05535888671875,89.89671325683594,63.54999923706055,74.19911193847656
2023-07-03,37.24387741088867,178.47000122070312,181.12841796875,363.9353332519531,427.54669189453125,89.3870620727539,63.38999938964844,74.92724609375
2023-07-05,37.020416259765625,177.83999633789062,179.32339477539062,363.9256286621094,426.9108581542969,88.53768920898438,64.62999725341797,75.09596252441406
2023-07-06,36.26622772216797,177.30999755859375,176.42764282226562,361.15399169921875,423.56781005859375,87.28550720214844,64.44000244140625,74.51879119873047
2023-07-07,36.6759033203125,178.63999938964844,178.29058837890625,359.95489501953125,422.49847412109375,86.76011657714844,65.8499984741211,74.3500747680664
2023-07-10,36.7038459777832,178.77999877929688,181.34071350097656,360.0728759765625,423.56781005859375,86.87395477294922,65.54000091552734,74.66973114013672
2023-07-11,37.07627868652344,179.4499969482422,183.20367431640625,361.85186767578125,426.2653503417969,87.32052612304688,67.02999877929688,75.73532104492188
2023-07-12,37.90495681762695,181.8800048828125,185.2017059326172,366.4219665527344,429.695068359375,88.29248809814453,67.87000274658203,76.14376831054688
2023-07-13,38.3984375,182.00999450683594,186.69784545898438,372.64337158203125,433.10546875,89.22071838378906,69.08999633789062,76.63217163085938
2023-07-14,38.18428039550781,181.42999267578125,184.87350463867188,372.5647277832031,432.835693359375,88.69530487060547,67.47000122070312,76.481201171875
2023-07-17,38.230838775634766,181.55999755859375,186.85231018066406,376.0439453125,434.33856201171875,88.73912811279297,66.58000183105469,75.98393249511719
2023-07-18,37.95151138305664,183.63999938964844,189.15924072265625,379.12030029296875,437.5660400390625,89.14191436767578,67.95999908447266,75.56658935546875
2023-07-19,37.87702560424805,183.6699981689453,189.96035766601562,379.0318298339844,438.5390625,90.14889526367188,67.69000244140625,76.41903686523438
2023-07-20,37.59769058227539,182.74000549316406,188.30015563964844,370.29443359375,435.6295471191406,89.0543212890625,68.05000305175781,76.17041778564453
2023-07-21,37.541831970214844,182.17999267578125,187.70172119140625,369.1837463378906,435.6295471191406,89.08061218261719,68.98999786376953,76.52559661865234
2023-07-24,38.053932189941406,181.39999389648438,188.1650390625,369.77349853515625,437.5757141113281,88.75659942626953,70.69000244140625,77.15607452392578
2023-07-25,38.37050247192383,182.41000366210938,188.145751953125,372.27972412109375,438.7702941894531,88.59024810791016,71.16000366210938,76.60551452636719
2023-07-26,38.593971252441406,183.3000030517578,189.63221740722656,371.0412902832031,438.83770751953125,88.67778778076172,70.66000366210938,76.95182800292969
2023-07-27,38.119102478027344,180.4199981689453,187.18048095703125,370.1567687988281,435.92822265625,86.95276641845703,71.43000030517578,75.28243255615234
2023-07-28,39.040889739990234,181.86000061035156,189.60324096679688,376.89910888671875,440.19610595703125,87.39933013916016,72.08999633789062,75.22026824951172
2023-07-31,39.05951690673828,182.35000610351562,191.8040313720703,377.09564208984375,441.03424072265625,87.60951232910156,73.16999816894531,75.70867919921875
2023-08-01,38.56603240966797,180.4600067138672,190.92562866210938,376.22088623046875,439.77215576171875,86.17385864257812,72.95999908447266,75.58435821533203
2023-08-02,37.64425277709961,179.60000610351562,188.32913208007812,367.9650573730469,433.65460205078125,85.25190734863281,71.4800033569336,75.14924621582031
2023-08-03,37.79322814941406,179.5399932861328,187.79824829101562,367.37542724609375,432.41180419921875,83.28497314453125,73.13999938964844,74.3322982788086
2023-08-04,37.74666976928711,180.19000244140625,187.4217987060547,365.6553649902344,430.45611572265625,84.76013946533203,73.79000091552734,73.7284927368164
2023-08-07,37.69080352783203,179.77999877929688,187.5472869873047,368.75128173828125,434.21331787109375,83.92599487304688,73.81999969482422,74.6519775390625
2023-08-08,37.23456954956055,178.63999938964844,186.36964416503906,365.6160888671875,432.3251037597656,84.9006576538086,74.05999755859375,74.17247009277344
2023-08-09,37.327674865722656,177.7899932861328,184.91217041015625,361.59625244140625,429.4349060058594,85.33969116210938,75.0999984741211,74.16358947753906
2023-08-10,37.383548736572266,177.60000610351562,184.09169006347656,362.2645263671875,429.5890808105469,83.93479919433594,74.19999694824219,73.87944030761719
2023-08-11,36.834197998046875,177.60000610351562,184.35232543945312,359.95489501953125,429.33856201171875,83.74159240722656,74.25,73.99488067626953
2023-08-14,36.657283782958984,177.05999755859375,184.03379821777344,363.994384765625,431.70855712890625,83.55718994140625,73.80999755859375,73.50650024414062
2023-08-15,36.23828887939453,176.58999633789062,181.6013641357422,360.13189697265625,426.6795959472656,83.04791259765625,72.62000274658203,72.6806869506836
2023-08-16,35.91240692138672,175.57000732421875,179.38128662109375,356.31842041015625,423.548583984375,82.39816284179688,71.37000274658203,71.7838134765625
2023-08-17,35.9962043762207,175.3000030517578,177.2673797607422,352.4263916015625,420.3211669921875,82.04691314697266,71.9800033569336,71.20664978027344
2023-08-18,35.75411605834961,175.3300018310547,178.23263549804688,351.98406982421875,420.52349853515625,82.33667755126953,72.79000091552734,71.42862701416016
2023-08-21,35.837921142578125,175.80999755859375,177.97203063964844,357.6550598144531,423.259521484375,81.23910522460938,72.58000183105469,70.77152252197266
2023-08-22,35.763431549072266,176.10000610351562,177.441162109375,357.1439514160156,422.1130676269531,81.86254119873047,72.27999877929688,70.97576904296875
2023-08-23,36.33140182495117,177.88999938964844,179.3330078125,362.775634765625,426.814453125,83.890869140625,71.36000061035156,72.09461975097656
2023-08-24,36.19173812866211,177.85000610351562,176.8523406982422,355.02105712890625,420.89923095703125,83.33769989013672,71.41000366210938,71.8193359375
2023-08-25,36.228981018066406,177.6199951171875,177.60525512695312,357.7730712890625,423.86651611328125,83.60990142822266,72.44999694824219,71.87260437011719
2023-08-28,36.582801818847656,178.1300048828125,179.18824768066406,360.4659729003906,426.5543518066406,83.69766998291016,72.41000366210938,72.5474853515625
2023-08-29,37.048343658447266,179.8699951171875,181.688232421875,368.3385009765625,432.7200927734375,84.56698608398438,73.31999969482422,73.42658233642578
2023-08-30,36.927303314208984,180.32000732421875,182.37355041503906,370.3926086425781,434.5024108886719,84.47917175292969,73.66000366210938,73.69296264648438
2023-08-31,36.47106170654297,180.02000427246094,182.05502319335938,371.5032653808594,433.8665466308594,84.85675048828125,75.05999755859375,73.15130615234375
2023-09-01,36.89936828613281,180.11000061035156,184.21717834472656,371.1101379394531,434.6758117675781,83.5348129272461,76.91999816894531,73.27561950683594
2023-09-05,36.60142517089844,178.63999938964844,180.33688354492188,371.5819396972656,432.7972106933594,82.36346435546875,77.76000213623047,72.42314147949219
2023-09-06,36.39657974243164,177.8300018310547,179.66123962402344,368.3090515136719,429.88775634765625,82.56604766845703,78.5199966430664,72.27220153808594
2023-09-07,35.9682731628418,178.02000427246094,177.92376708984375,365.67498779296875,428.56787109375,82.79502868652344,77.94999694824219,72.7250747680664
2023-09-08,36.042762756347656,178.0800018310547,177.5280303955078,366.1861267089844,429.2133483886719,83.11206817626953,78.30000305175781,72.44091796875
2023-09-11,36.48968505859375,178.41000366210938,177.95274353027344,370.500732421875,432.0361022949219,82.51319885253906,78.37000274658203,72.44979858398438
2023-09-12,36.377952575683594,177.49000549316406,177.7789764404297,366.3924865722656,429.66607666015625,82.98878479003906,79.69999694824219,72.41429901123047
2023-09-13,36.33140182495117,177.0800018310547,176.6110382080078,367.7881164550781,430.16717529296875,82.97113037109375,79.68000030517578,71.62399291992188
2023-09-14,36.573486328125,177.1699981689453,179.10137939453125,370.7956237792969,433.87615966796875,82.37228393554688,81.12000274658203,72.92042541503906
2023-09-15,36.4338264465332,178.33999633789062,177.22879028320312,364.4465637207031,428.64874267578125,81.87027740478516,81.29000091552734,72.64515686035156
2023-09-18,36.38726806640625,179.38999938964844,176.05117797851562,364.8263854980469,428.90008544921875,82.33705139160156,81.44999694824219,71.99693298339844
2023-09-19,36.17311096191406,179.22000122070312,175.36585998535156,364.04876708984375,428.0106201171875,81.7293930053711,81.5,71.66838836669922
2023-09-20,36.024139404296875,179.35000610351562,173.609130859375,358.80267333984375,424.0758056640625,81.98473358154297,80.13999938964844,71.73054504394531
2023-09-21,35.40031051635742,178.0500030517578,170.91610717773438,352.22784423828125,417.0665283203125,79.87987518310547,80.41000366210938,69.28861236572266
2023-09-22,35.819297790527344,178.6199951171875,170.5299835205078,352.2770690917969,416.12872314453125,80.52279663085938,80.62999725341797,68.76471710205078
2023-09-25,35.661014556884766,177.6999969482422,171.2925567626953,353.9502868652344,417.8786315917969,78.5412368774414,80.38999938964844,68.70255279541016
2023-09-26,35.15822219848633,176.27999877929688,169.09017944335938,348.63531494140625,411.73944091796875,78.26819610595703,80.87999725341797,67.45050811767578
2023-09-27,35.21408462524414,174.10000610351562,170.6708984375,349.4522399902344,411.90380859375,77.86306762695312,82.9000015258789,66.99764251708984
2023-09-28,35.30719757080078,173.22999572753906,172.2128448486328,352.3755187988281,414.291748046875,78.10086059570312,81.56999969482422,67.6405029296875
2023-09-29,35.33512878417969,171.4499969482422,171.39825439453125,352.6313781738281,413.2862854003906,78.10966491699219,80.86000061035156,67.83778381347656
2023-10-02,35.15822219848633,169.64999389648438,168.8089141845703,355.5743408203125,413.1219787597656,76.80209350585938,79.38999938964844,66.59146118164062
2023-10-03,34.692665100097656,169.16000366210938,165.96746826171875,349.3341064453125,407.5918273925781,75.14994049072266,79.93000030517578,65.29137420654297
2023-10-04,34.59025955200195,169.13999938964844,166.04505920410156,354.0881042480469,410.5599365234375,76.21016693115234,75.58999633789062,66.0893783569336
2023-10-05,34.72060775756836,168.8300018310547,166.17112731933594,353.0447998046875,410.40521240234375,75.83026885986328,73.98999786376953,66.45698547363281
2023-10-06,35.22339630126953,169.6999969482422,167.77127075195312,358.960205078125,415.2779235839844,74.91143035888672,74.16000366210938,66.63630676269531
2023-10-09,35.0557975769043,172.82000732421875,168.7410430908203,360.7909240722656,417.9366455078125,76.66957092285156,77.12999725341797,67.36256408691406
2023-10-10,35.55859375,172.52999877929688,170.6514892578125,362.7890319824219,420.1119689941406,76.5635757446289,76.70999908447266,67.68534088134766
2023-10-11,35.78205871582031,173.7899932861328,170.36058044433594,365.37762451171875,421.83282470703125,78.16265106201172,75.66999816894531,68.85990905761719
2023-10-12,35.38167953491211,173.25999450683594,166.51055908203125,364.10784912109375,419.2611389160156,76.04227447509766,75.41999816894531,67.85570526123047
2023-10-13,35.2513313293457,178.8300018310547,165.12376403808594,359.531005859375,417.1728210449219,77.40288543701172,78.98999786376953,67.68534088134766
2023-10-16,35.51203918457031,177.9600067138672,167.79067993164062,363.5960998535156,421.5621032714844,76.15715789794922,78.38999938964844,68.49229431152344
2023-10-17,35.41893005371094,178.2899932861328,169.66232299804688,362.4051208496094,421.5427551269531,75.31783294677734,78.80000305175781,68.39366912841797
2023-10-18,34.87889099121094,180.8699951171875,166.17112731933594,357.6511535644531,415.9256286621094,74.65522766113281,79.83999633789062,66.94115447998047
2023-10-19,34.67405319213867,183.08999633789062,163.52365112304688,354.3046875,412.27117919921875,73.12674713134766,81.68000030517578,65.35414123535156
2023-10-20,34.25505447387695,183.58999633789062,161.4095458984375,349.0191955566406,407.2052001953125,73.5420150756836,80.69999694824219,64.91481018066406
2023-10-23,34.22712326049805,182.97000122070312,160.04217529296875,350.072265625,406.4993591308594,74.42550659179688,78.88999938964844,64.27822875976562
2023-10-24,34.66473388671875,182.9499969482422,161.43862915039062,353.4778747558594,409.5641174316406,75.40619659423828,76.93000030517578,65.10308074951172
2023-10-25,34.20850372314453,183.72000122070312,158.77175903320312,344.82623291015625,403.68603515625,73.7275619506836,78.45999908447266,63.704383850097656
2023-10-26,34.04090118408203,184.00999450683594,159.1790771484375,338.2513732910156,398.85205078125,74.85840606689453,76.88999938964844,64.92377471923828
2023-10-27,34.01296615600586,186.14999389648438,157.30738830566406,339.8753662109375,397.0441589355469,74.54036712646484,78.36000061035156,63.88370132446289
2023-10-30,34.366790771484375,185.10000610351562,158.18019104003906,343.70416259765625,401.79107666015625,74.20462799072266,76.05000305175781,64.28717041015625
2023-10-31,34.17125701904297,184.08999633789062,159.5475616455078,345.34783935546875,404.31451416015625,73.84239959716797,75.0199966430664,65.38105010986328
2023-11-01,34.487831115722656,183.50999450683594,160.4591827392578,351.3420715332031,408.6263732910156,75.44347381591797,74.75,65.78451538085938
2023-11-02,35.09304428100586,184.1199951171875,164.73587036132812,357.7200012207031,416.4574279785156,77.163330078125,76.18000030517578,67.94535827636719
2023-11-03,35.80998611450195,184.7899932861328,169.21624755859375,361.9228210449219,420.25689697265625,77.68636322021484,74.8499984741211,69.56822204589844
2023-11-06,36.098628997802734,183.35000610351562,167.10211181640625,363.3992004394531,421.2237243652344,76.93283081054688,74.91000366210938,68.56402587890625
2023-11-07,36.0334587097168,182.58999633789062,166.51055908203125,366.8343200683594,422.4225769042969,78.06757354736328,71.80000305175781,67.99915313720703
2023-11-08,35.79136657714844,180.77000427246094,164.73587036132812,367.0705261230469,422.7319030761719,79.39737701416016,70.19000244140625,68.22330474853516
2023-11-09,35.45616912841797,181.49000549316406,162.18536376953125,364.2456970214844,419.4351806640625,77.57112121582031,70.25,67.14737701416016
2023-11-10,35.70756530761719,179.50999450683594,163.9988250732422,372.4347229003906,425.9803466796875,78.00552368164062,71.79000091552734,67.77500915527344
2023-11-13,35.6982536315918,180.50999450683594,164.0570526123047,371.2732849121094,425.5743103027344,77.8282470703125,72.91999816894531,67.21013641357422
2023-11-14,36.64797592163086,182.1199951171875,173.0662384033203,379.2654724121094,433.8307800292969,79.59242248535156,72.69000244140625,70.94005584716797
2023-11-15,36.955238342285156,181.63999938964844,173.36688232421875,379.5509033203125,434.74920654296875,78.47537231445312,71.33999633789062,71.14627838134766
2023-11-16,36.60142517089844,183.69000244140625,170.564208984375,379.8758239746094,435.2808837890625,79.45055389404297,68.05000305175781,70.99383544921875
2023-11-17,36.64797592163086,183.6699981689453,172.90139770507812,379.9643249511719,435.82232666015625,79.8228988647461,70.75,70.94005584716797
2023-11-20,37.104209899902344,183.3699951171875,173.90994262695312,384.59033203125,439.1771545410156,80.31048583984375,72.30000305175781,71.46009063720703
2023-11-21,36.871437072753906,185.35000610351562,171.66978454589844,382.3560485839844,438.2200012207031,80.27505493164062,72.52999877929688,70.9579849243164
2023-11-22,36.79694747924805,184.55999755859375,172.74623107910156,383.92108154296875,439.911865234375,80.5587387084961,71.61000061035156,71.30766296386719
2023-11-24,36.81557083129883,185.52000427246094,173.90994262695312,383.3797607421875,440.1825866699219,79.61014556884766,70.81999969482422,71.51387786865234
2023-11-27,36.66659927368164,186.77000427246094,173.3280792236328,383.0451354980469,439.3898620605469,80.93995666503906,69.95999908447266,71.77389526367188
2023-11-28,36.97385787963867,189.25999450683594,172.65892028808594,384.04901123046875,439.82489013671875,81.0994873046875,71.26000213623047,72.24910736083984
2023-11-29,36.75970458984375,189.5399932861328,173.57054138183594,383.67498779296875,439.5155334472656,82.1190414428711,72.5199966430664,72.75120544433594
2023-11-30,36.834197998046875,188.75,174.22999572753906,382.71051025390625,441.2460632324219,81.17044067382812,70.13999938964844,73.28021240234375
2023-12-01,36.99247741699219,192.00999450683594,179.32131958007812,383.80303955078125,443.8564147949219,82.69918060302734,69.23999786376953,75.0823974609375
2023-12-04,36.573486328125,187.86000061035156,181.24148559570312,380.239990234375,441.5264587402344,82.3701400756836,68.47000122070312,75.62934112548828
2023-12-05,36.35002899169922,187.14999389648438,178.81700134277344,381.1946716308594,441.439453125,84.13990020751953,67.58000183105469,75.12723541259766
2023-12-06,36.303470611572266,187.83999633789062,178.49700927734375,378.9898986816406,439.6605529785156,85.260498046875,64.76000213623047,74.90306854248047
2023-12-07,36.480377197265625,188.14999389648438,179.7867889404297,384.2852478027344,443.0153503417969,84.77132415771484,65.11000061035156,75.11825561523438
2023-12-08,36.322086334228516,185.63999938964844,181.1541748046875,385.9978332519531,444.9198913574219,84.0776596069336,66.52999877929688,74.99273681640625
2023-12-11,36.5362434387207,183.58999633789062,181.53240966796875,389.2951354980469,446.6504211425781,83.8998031616211,66.80000305175781,75.198974609375
2023-12-12,36.545555114746094,183.49000549316406,181.34812927246094,392.39556884765625,448.6904296875,84.1488037109375,64.25,75.15413665771484
2023-12-13,36.90868377685547,187.6300048828125,187.48680114746094,397.3857727050781,454.8778991699219,86.12313842773438,65.33000183105469,78.03225708007812
2023-12-14,37.4487190246582,188.72999572753906,192.70423889160156,397.04132080078125,456.33782958984375,88.36344909667969,67.16000366210938,80.28276062011719
2023-12-15,37.225257873535156,187.0,191.0846710205078,398.96063232421875,455.5863952636719,88.46158599853516,67.1500015258789,79.15302276611328
2023-12-18,37.20663070678711,187.85000610351562,191.15255737304688,401.4734802246094,458.14910888671875,87.7567367553711,68.08999633789062,78.97371673583984
2023-12-19,37.5232048034668,189.1300048828125,194.85711669921875,403.52484130859375,460.93505859375,88.22960662841797,69.36000061035156,79.57444763183594
2023-12-20,36.84772872924805,188.10000610351562,191.0455322265625,397.5285949707031,454.54779052734375,88.82740783691406,68.79000091552734,78.60608673095703
2023-12-21,37.540283203125,189.42999267578125,194.2964630126953,402.15399169921875,458.8577880859375,88.26530456542969,69.02999877929688,79.3031997680664
2023-12-22,37.36003112792969,190.27000427246094,196.10687255859375,402.755615234375,459.7799377441406,87.86382293701172,68.69000244140625,79.6117935180664
2023-12-26,37.65412902832031,191.72000122070312,198.6570281982422,405.2211608886719,461.72137451171875,88.11363220214844,70.20999908447266,80.2017822265625
2023-12-27,37.8723258972168,192.58999633789062,199.35781860351562,406.04608154296875,462.55615234375,89.67498016357422,68.91999816894531,80.59207916259766
2023-12-28,38.16642761230469,191.47000122070312,198.5985870361328,405.8487243652344,462.7308654785156,89.02367401123047,67.18000030517578,81.1639175415039
2023-12-29,38.1474494934082,191.1699981689453,195.35740661621094,404.0923156738281,461.391357421875,88.22071075439453,66.6500015258789,80.2017822265625
2024-01-02,37.70156478881836,190.72000122070312,194.1991424560547,397.25421142578125,458.8092041015625,87.7121353149414,65.7699966430664,80.8916015625
2024-01-03,37.49284744262695,189.1300048828125,189.02099609375,393.0506591796875,455.0622253417969,88.07794952392578,68.19000244140625,78.95826721191406
2024-01-04,37.369510650634766,189.32000732421875,188.65115356445312,391.02783203125,453.596435546875,86.7396469116211,67.56999969482422,78.81304168701172
2024-01-05,37.41694259643555,189.35000610351562,188.0963592529297,391.4916076660156,454.21771240234375,85.90990447998047,69.02999877929688,78.61335754394531
2024-01-08,37.52130889892578,187.8699951171875,191.4835205078125,399.58294677734375,460.7021179199219,86.75747680664062,66.4000015258789,79.7388687133789
2024-01-09,36.99003219604492,187.92999267578125,189.7704620361328,400.372314453125,460.00323486328125,86.204345703125,67.38999938964844,79.20333862304688
2024-01-10,36.90464782714844,187.5,189.87754821777344,403.0858459472656,462.6047058105469,85.8028335571289,66.55999755859375,79.29410552978516
2024-01-11,37.05644607543945,187.8699951171875,188.38833618164062,403.9245910644531,462.4008483886719,86.28459930419922,67.6500015258789,78.55889892578125
2024-01-12,37.18926239013672,189.7100067138672,188.07688903808594,404.1318359375,462.7211608886719,86.1151123046875,68.0199966430664,79.03087615966797
2024-01-16,36.28799057006836,187.91000366210938,185.7506103515625,404.0923156738281,461.0224304199219,84.5983657836914,67.25,78.4499740600586
2024-01-17,35.74722671508789,185.83999633789062,184.4268798828125,401.8129577636719,458.45977783203125,84.46453094482422,67.94000244140625,77.01585388183594
2024-01-18,36.04132843017578,187.3699951171875,185.51705932617188,407.5163269042969,462.5367431640625,83.67938995361328,69.05999755859375,76.59833526611328
2024-01-19,36.420806884765625,187.92999267578125,187.2982177734375,415.59783935546875,468.3028259277344,83.94705200195312,68.81999969482422,77.51508331298828
2024-01-22,36.09824752807617,187.22000122070312,191.29861450195312,416.1405334472656,469.2929992675781,84.4466781616211,69.69000244140625,77.97798156738281
2024-01-23,36.41132354736328,187.9499969482422,190.74383544921875,417.8673400878906,470.66162109375,83.77752685546875,69.66000366210938,77.44245910644531
2024-01-24,36.81926345825195,186.39999389648438,189.17674255371094,420.1861877441406,471.1761779785156,83.28682708740234,70.54000091552734,76.33509826660156
2024-01-25,36.866703033447266,187.13999938964844,190.74383544921875,420.6993103027344,473.7388610839844,83.83106231689453,72.2300033569336,77.31538391113281
2024-01-26,36.895164489746094,187.00999450683594,190.75352478027344,418.19287109375,473.1369934082031,83.67047119140625,73.0999984741211,77.09754943847656
2024-01-29,36.91413879394531,188.3300018310547,194.0920867919922,422.47540283203125,476.8839111328125,84.634033203125,72.05000305175781,77.60584259033203
2024-01-30,36.620033264160156,188.58999633789062,192.4374237060547,419.6631774902344,476.5151062011719,85.4013671875,72.80999755859375,76.87969207763672
2024-01-31,36.420806884765625,188.4499969482422,187.7362060546875,411.4435729980469,468.7396545410156,86.23999786376953,70.91999816894531,76.14449310302734
2024-02-01,36.771827697753906,190.41000366210938,190.22793579101562,416.28857421875,474.87457275390625,87.93169403076172,69.06999969482422,77.52415466308594
2024-02-02,36.66747283935547,188.61000061035156,189.2254180908203,423.32403564453125,479.87384033203125,85.98941040039062,67.51000213623047,76.56202697753906
2024-02-05,36.71491241455078,187.57000732421875,186.82130432128906,422.771484375,478.12652587890625,84.25296020507812,68.18000030517578,74.95543670654297
2024-02-06,37.54977035522461,188.5500030517578,188.50514221191406,421.9228515625,479.5145568847656,85.07640075683594,68.80999755859375,75.96296691894531
2024-02-07,37.59720230102539,188.5,188.06715393066406,426.2645568847656,483.51397705078125,84.66468811035156,69.41999816894531,75.85401916503906
2024-02-08,37.388484954833984,188.3300018310547,190.91900634765625,427.053955078125,483.72747802734375,84.17240905761719,71.5199966430664,76.47126007080078
2024-02-09,37.54977035522461,187.60000610351562,194.02395629882812,431.2574462890625,486.5231628417969,84.00233459472656,71.66999816894531,76.58924102783203
2024-02-12,37.843868255615234,187.11000061035156,197.54739379882812,429.5701599121094,486.3096008300781,84.10079956054688,72.11000061035156,76.60741424560547
2024-02-13,37.1323356628418,184.52999877929688,189.4200897216797,422.8701171875,479.61163330078125,82.65973663330078,72.6500015258789,75.02806854248047
2024-02-14,37.663612365722656,184.4199981689453,193.81954956054688,427.47821044921875,483.97015380859375,83.08041381835938,71.55000305175781,75.61803436279297
2024-02-15,37.843868255615234,185.66000366210938,198.9879150390625,428.7510986328125,487.3094482421875,83.51005554199219,72.83999633789062,77.37892150878906
2024-02-16,38.02412414550781,186.33999633789062,196.28207397460938,424.8633728027344,484.8826904296875,83.02672576904297,73.41000366210938,76.58016967773438
2024-02-20,38.08103942871094,187.47000122070312,193.57623291015625,421.65643310546875,482.2131652832031,83.09832763671875,72.41999816894531,76.44402313232422
2024-02-21,38.1474494934082,187.47999572753906,192.66127014160156,419.9691162109375,482.6500244140625,82.50758361816406,73.19999694824219,76.87063598632812
2024-02-22,38.53642272949219,187.55999755859375,194.12127685546875,432.26397705078125,492.63873291015625,82.91033935546875,73.5999984741211,77.01585388183594
2024-02-23,38.5174446105957,188.6199951171875,194.5592803955078,430.99102783203125,492.9784240722656,84.0202407836914,71.91999816894531,76.97954559326172
2024-02-26,38.346683502197266,188.1999969482422,195.78564453125,430.7640686035156,491.1729431152344,83.76962280273438,72.79000091552734,76.13541412353516
2024-02-27,38.42258071899414,188.0,198.55966186523438,431.8001708984375,492.08538818359375,83.17887115478516,73.8499984741211,76.2261962890625
2024-02-28,37.919761657714844,188.33999633789062,196.92445373535156,429.50103759765625,491.43499755859375,83.70695495605469,73.62000274658203,76.99769592285156
2024-02-29,37.93873977661133,189.30999755859375,198.296875,433.1816711425781,493.20172119140625,84.29773712158203,73.36000061035156,77.6512222290039
2024-03-01,38.403602600097656,192.88999938964844,200.39927673339844,439.7040100097656,497.83197021484375,84.82296752929688,74.95999908447266,78.57704162597656
2024-03-04,38.31821823120117,196.00999450683594,200.21432495117188,438.1351013183594,497.2981262207031,84.48178100585938,74.01000213623047,79.31226348876953
2024-03-05,37.976688385009766,197.19000244140625,198.296875,430.27069091796875,492.32806396484375,85.68495178222656,73.44999694824219,78.3501205444336
2024-03-06,38.52693557739258,198.80999755859375,199.77633666992188,432.97442626953125,494.8227844238281,86.187744140625,74.33999633789062,78.74042510986328
2024-03-07,38.76411437988281,199.94000244140625,201.44073486328125,439.5461730957031,499.7346496582031,86.10696411132812,74.2300033569336,78.72228240966797
2024-03-08,38.726165771484375,201.6300048828125,201.31417846679688,433.2013854980469,496.7351379394531,85.95431518554688,73.36000061035156,79.62994384765625
2024-03-11,38.811546325683594,202.0,199.71791076660156,431.59295654296875,496.3079833984375,85.90941619873047,73.62000274658203,79.24871063232422
2024-03-12,39.238468170166016,199.7899932861328,199.44540405273438,437.7798156738281,501.6469421386719,85.19110107421875,73.3499984741211,79.07626342773438
2024-03-13,39.11513137817383,201.19000244140625,200.2240753173828,434.4150695800781,500.8606262207031,84.77806091308594,75.08999633789062,78.67689514160156
2024-03-14,38.91590881347656,200.35000610351562,196.64224243164062,433.31982421875,499.8706359863281,83.47615051269531,76.30000305175781,77.49691772460938
2024-03-15,38.67873001098633,199.7100067138672,197.01206970214844,428.16900634765625,496.4381408691406,83.44921112060547,76.33000183105469,77.32447052001953
2024-03-18,38.745140075683594,200.02999877929688,195.88299560546875,432.2525939941406,499.3885192871094,83.19780731201172,77.9800033569336,77.36076354980469
2024-03-19,38.555397033691406,199.8000030517578,196.71034240722656,433.3295593261719,502.1636962890625,83.43126678466797,78.43000030517578,77.33354949951172
2024-03-20,38.991798400878906,202.17999267578125,200.60366821289062,438.4673767089844,506.8083190917969,83.40432739257812,77.25,77.84183502197266
2024-03-21,39.03923797607422,201.97000122070312,202.9085235595703,440.54229736328125,508.483154296875,83.58389282226562,76.81999969482422,78.40458679199219
2024-03-22,38.76411437988281,200.35000610351562,200.10797119140625,441.04620361328125,507.51922607421875,84.38302612304688,76.68000030517578,77.41773986816406
2024-03-25,38.792572021484375,200.99000549316406,200.56658935546875,439.4456481933594,506.1170349121094,83.96098327636719,77.76000213623047,76.94173431396484
2024-03-26,38.76411437988281,201.63999938964844,200.20555114746094,438.02276611328125,505.1822204589844,84.19445037841797,77.29000091552734,76.63047790527344
2024-03-27,38.83052062988281,203.10000610351562,204.5673828125,439.51470947265625,509.427734375,85.02947998046875,77.51000213623047,78.60782623291016
2024-03-28,38.97282791137695,205.72000122070312,205.21142578125,438.7045593261719,509.33026123046875,84.95765686035156,78.7300033569336,79.16622161865234
2024-04-01,39.03923797607422,207.82000732421875,203.2793426513672,439.63336181640625,508.4442138671875,83.37396240234375,79.66999816894531,77.8388442993164
2024-04-02,39.16257095336914,210.88999938964844,199.54200744628906,435.83917236328125,505.21148681640625,82.91451263427734,80.79000091552734,76.85934448242188
2024-04-03,39.19103240966797,212.74000549316406,200.8495635986328,436.8173522949219,505.7664489746094,82.89651489257812,81.25,76.94173431396484
2024-04-04,39.04872512817383,211.52000427246094,198.8394317626953,430.13818359375,499.593017578125,83.49105834960938,82.2699966430664,76.4474105834961
2024-04-05,39.13410568237305,215.13999938964844,199.5029754638672,435.20684814453125,504.8121643066406,82.3289794921875,82.4000015258789,76.8410415649414
2024-04-08,39.3902587890625,216.47999572753906,200.5958709716797,435.3352966308594,505.094482421875,82.31996154785156,82.19999694824219,77.66492462158203
2024-04-09,39.65589141845703,217.6699981689453,201.3862762451172,436.9458312988281,505.6788330078125,83.08570098876953,81.1500015258789,78.69935607910156
2024-04-10,39.11513137817383,215.61000061035156,196.06813049316406,433.1319274902344,500.61541748046875,81.27499389648438,82.08999633789062,75.4404296875
2024-04-11,39.35231018066406,219.8000030517578,197.39520263671875,440.04827880859375,504.3934631347656,80.90562438964844,81.55000305175781,75.69676208496094
2024-04-12,38.4510383605957,216.88999938964844,193.88232421875,433.03314208984375,497.4313659667969,81.33802795410156,81.52999877929688,74.79962921142578
2024-04-15,38.20437240600586,220.9499969482422,191.04275512695312,425.9093017578125,491.199462890625,80.07682037353516,81.6500015258789,73.52718353271484
2024-04-16,37.70156478881836,221.22000122070312,190.34017944335938,425.9488220214844,490.3036193847656,79.54533386230469,81.33000183105469,72.49275970458984
2024-04-17,37.673095703125,219.58999633789062,188.3300323486328,420.7516784667969,487.40191650390625,80.42816925048828,78.91000366210938,71.96180725097656
2024-04-18,37.82489013671875,220.33999633789062,188.1738739013672,418.35076904296875,486.39892578125,80.02278900146484,78.77999877929688,71.97097778320312
2024-04-19,37.673095703125,221.02999877929688,188.4666290283203,409.69537353515625,482.15350341796875,80.3110580444336,78.8499984741211,72.3188247680664
2024-04-22,38.08103942871094,215.57000732421875,190.5743865966797,413.8155517578125,486.5937194824219,80.17591857910156,78.77999877929688,72.9596176147461
2024-04-23,38.39411544799805,215.0399932861328,193.76524353027344,419.99090576171875,492.367919921875,80.20292663574219,79.9800033569336,73.62788391113281
2024-04-24,38.52693557739258,214.63999938964844,192.89675903320312,421.4136962890625,492.13427734375,79.63541412353516,79.63999938964844,73.76520538330078
2024-04-25,38.61232376098633,215.9199981689453,191.72581481933594,419.3782653808594,490.26458740234375,79.07689666748047,80.44000244140625,73.3441162109375
2024-04-26,39.058204650878906,216.6199951171875,193.5603485107422,425.85003662109375,494.9093933105469,79.49126434326172,80.38999938964844,73.38072204589844
2024-04-29,39.43769454956055,216.17999267578125,195.12159729003906,427.5791015625,496.6620788574219,80.15792083740234,79.5,74.13137817382812
2024-04-30,38.88744354248047,211.8699951171875,191.1598663330078,419.5165710449219,488.79437255859375,79.47325897216797,78.37999725341797,72.87723541259766
2024-05-01,38.925392150878906,213.7899932861328,191.55992126464844,416.4832763671875,487.2071533203125,80.05903625488281,75.93000030517578,72.90470123291016
2024-05-02,39.9310188293457,213.1300048828125,195.0825653076172,421.79901123046875,491.7641296386719,80.402587890625,75.93000030517578,73.92997741699219
2024-05-03,40.29153060913086,212.9600067138672,197.0146484375,430.2764892578125,497.8597717285156,81.21620178222656,75.12999725341797,74.42431640625
2024-05-06,40.329471588134766,215.1999969482422,199.5615234375,434.9894714355469,503.00103759765625,81.53260040283203,75.66000366210938,74.48839569091797
2024-05-07,40.10177993774414,214.2100067138672,200.01036071777344,435.0586242675781,503.5561828613281,82.02980041503906,75.5,75.19327545166016
2024-05-08,40.11127471923828,213.5800018310547,198.84918212890625,434.8017272949219,503.6047058105469,81.53260040283203,76.11000061035156,74.56161499023438
2024-05-09,40.23460388183594,216.9499969482422,200.87884521484375,435.75030517578125,506.5064697265625,81.93037414550781,76.5199966430664,76.09039306640625
2024-05-10,40.31999206542969,218.7100067138672,199.36634826660156,436.7778625488281,507.1589660644531,81.46931457519531,75.30000305175781,75.87983703613281
2024-05-13,40.62357711791992,216.25999450683594,199.78594970703125,437.78564453125,507.2270202636719,81.67725372314453,76.12999725341797,76.12699890136719
2024-05-14,40.841773986816406,218.08999633789062,201.8546142578125,440.6015930175781,509.5542907714844,82.13829803466797,75.20999908447266,76.71288299560547
2024-05-15,41.27818298339844,220.88999938964844,204.3722381591797,447.48834228515625,515.8641357421875,83.25926208496094,75.87999725341797,77.7747802734375
2024-05-16,41.363563537597656,220.02999877929688,202.8987579345703,446.579345703125,514.8027954101562,83.17788696289062,76.25,77.7198486328125
2024-05-17,41.543819427490234,223.66000366210938,203.045166015625,446.36199951171875,515.5427856445312,82.61741638183594,76.97000122070312,77.71070098876953
2024-05-20,41.39202880859375,224.55999755859375,203.49400329589844,449.47430419921875,516.13671875,82.37332916259766,76.7300033569336,77.25299072265625
2024-05-21,41.13587951660156,224.22999572753906,203.29884338378906,450.3536682128906,517.402587890625,82.79821014404297,76.16000366210938,77.22551727294922
2024-05-22,41.00305938720703,220.11000061035156,201.58140563964844,450.2647705078125,515.9127807617188,82.89765930175781,74.87000274658203,76.52979278564453
2024-05-23,40.69947052001953,215.72000122070312,198.27349853515625,448.2392883300781,512.1444702148438,82.3642807006836,74.44999694824219,74.88201904296875
2024-05-24,40.813316345214844,215.9199981689453,200.46902465820312,452.4779968261719,515.5330200195312,82.60836791992188,75.3499984741211,74.93695831298828
2024-05-28,40.75639343261719,218.19000244140625,200.19580078125,454.1872863769531,515.8932495117188,81.42411804199219,77.66000366210938,74.442626953125
2024-05-29,40.14922332763672,216.16000366210938,197.23910522460938,450.9859924316406,512.28076171875,80.4387435913086,76.56999969482422,73.71942138671875
2024-05-30,40.035377502441406,216.57000732421875,199.11264038085938,446.1543884277344,508.8824157714844,81.21620178222656,75.52999877929688,74.79962921142578
2024-05-31,39.64641189575195,215.3000030517578,200.791015625,445.32452392578125,513.5173950195312,81.76763153076172,74.81999969482422,76.20023345947266
2024-06-03,40.0638427734375,217.22000122070312,199.65908813476562,447.715576171875,513.9360961914062,83.09017944335938,71.83000183105469,76.02630615234375
2024-06-04,39.50410079956055,215.27000427246094,197.08297729492188,448.94073486328125,514.5106201171875,84.06077575683594,71.08999633789062,76.61219024658203
2024-06-05,40.13973617553711,217.82000732421875,200.09820556640625,457.99127197265625,520.6256103515625,84.67760467529297,71.88999938964844,76.52063751220703
2024-06-06,40.33896255493164,219.42999267578125,198.6637725830078,457.8332214355469,520.6158447265625,84.55059814453125,73.26000213623047,76.66710662841797
2024-06-07,39.88358688354492,211.60000610351562,196.3315887451172,457.4280700683594,519.9830322265625,82.99947357177734,73.0199966430664,75.94391632080078
2024-06-10,40.12076187133789,213.5399932861328,197.00491333007812,459.2757568359375,521.589599609375,82.4461441040039,75.45999908447266,76.20023345947266
2024-06-11,39.98702621459961,214.14999389648438,196.33168029785156,462.4276123046875,522.8457641601562,83.29881286621094,75.51000213623047,75.92560577392578
2024-06-12,40.38823318481445,214.72000122070312,199.3455352783203,468.484375,527.139892578125,83.92473602294922,75.9800033569336,76.60302734375
2024-06-13,40.292701721191406,212.97000122070312,197.60377502441406,471.023681640625,528.2012939453125,85.15837097167969,75.73999786376953,76.91426849365234
2024-06-14,40.34046936035156,215.72999572753906,194.4626922607422,473.46417236328125,528.5227661132812,85.87496948242188,76.08000183105469,76.89596557617188
2024-06-17,40.598388671875,214.61000061035156,196.0968475341797,479.2640380859375,532.7291870117188,85.02232360839844,77.79000091552734,76.59387969970703
2024-06-18,40.97093963623047,215.47000122070312,196.43931579589844,479.4122619628906,534.0825805664062,85.80239868164062,78.66999816894531,76.89596557617188
2024-06-20,40.90407180786133,218.16000366210938,195.60755920410156,475.7169189453125,532.6317749023438,85.2309341430664,79.41000366210938,76.67626953125
2024-06-21,40.76077651977539,214.77999877929688,196.04791259765625,474.4423828125,531.917724609375,85.2309341430664,78.6500015258789,76.86849975585938
2024-06-24,40.76077651977539,215.6300048828125,196.8992462158203,469.0409851074219,530.1886596679688,85.57561492919922,79.69999694824219,77.46353149414062
2024-06-25,40.66525650024414,214.55999755859375,196.25341796875,474.4047546386719,532.2302856445312,85.72077178955078,78.9000015258789,76.51148986816406
2024-06-26,40.57928466796875,212.5800018310547,195.73480224609375,475.3844909667969,532.89453125,84.4961929321289,78.75,76.27348327636719
2024-06-27,40.607940673828125,214.99000549316406,197.72120666503906,476.611572265625,533.7346801757812,84.8318099975586,79.91999816894531,77.01497650146484
2024-06-28,40.68436050415039,215.00999450683594,198.5333709716797,474.1375427246094,531.6343383789062,83.25347137451172,79.58999633789062,77.62944793701172
2024-07-01,40.77988815307617,215.57000732421875,196.86985778808594,476.91839599609375,532.7285766601562,81.81660461425781,81.54000091552734,76.89726257324219
2024-07-02,40.90407180786133,215.55999755859375,197.54505920410156,481.9259338378906,536.3135375976562,82.4535903930664,81.11000061035156,77.25871276855469
2024-07-03,41.50588607788086,217.99000549316406,197.4961395263672,485.94378662109375,538.70703125,83.5364761352539,81.2699966430664,77.18457794189453
2024-07-05,41.67782974243164,220.92999267578125,196.5567626953125,491.0106201171875,541.8134765625,84.2280502319336,81.30999755859375,77.39775085449219
2024-07-08,41.6873779296875,218.19000244140625,197.93646240234375,492.1783752441406,542.438720703125,84.41004180908203,80.41999816894531,77.64797973632812
2024-07-09,41.85932540893555,218.55999755859375,197.07537841796875,492.6038818359375,542.9661254882812,84.03695678710938,79.7699966430664,77.62944793701172
2024-07-10,42.09813690185547,219.36000061035156,199.00308227539062,497.739990234375,548.3388671875,84.30086517333984,80.4800033569336,78.20406341552734
2024-07-11,42.34650802612305,223.25,206.15609741210938,486.8244934082031,543.61083984375,85.11983489990234,80.94000244140625,80.44694519042969
2024-07-12,42.51844787597656,223.11000061035156,208.5633087158203,489.68450927734375,547.0397338867188,85.48382568359375,80.25,81.05862426757812
2024-07-15,42.06948471069336,223.8300018310547,212.52630615234375,491.0007019042969,548.5440673828125,84.50106048583984,80.12000274658203,81.60545349121094
2024-07-16,42.30830001831055,228.2899932861328,219.77719116210938,491.188720703125,551.7969970703125,85.69314575195312,79.05999755859375,82.60640716552734
2024-07-17,41.62051010131836,227.22999572753906,217.47764587402344,476.7698974609375,544.0601806640625,85.71134185791016,80.62000274658203,83.17174530029297
2024-07-18,41.22885513305664,225.77999877929688,213.26998901367188,474.51361083984375,539.879150390625,85.05613708496094,79.9000015258789,82.4395751953125
2024-07-19,40.8276481628418,221.72999572753906,212.18382263183594,470.3077697753906,536.2940063476562,84.55564880371094,78.0,82.29129791259766
2024-07-22,41.17153549194336,221.8000030517578,215.5597381591797,477.31427001953125,541.8232421875,84.30994415283203,77.62000274658203,83.14395141601562
2024-07-23,40.80854415893555,222.5800018310547,217.84950256347656,475.63189697265625,540.973388671875,84.19165802001953,76.62000274658203,83.07906341552734
2024-07-24,40.21628189086914,221.8000030517578,213.17214965820312,458.5708312988281,528.7135009765625,83.28166961669922,76.80999755859375,81.85568237304688
2024-07-25,40.053890228271484,218.3300018310547,215.83372497558594,453.51385498046875,525.958740234375,83.96414184570312,77.45999908447266,81.5869140625
2024-07-26,40.46465301513672,220.6300048828125,219.40536499023438,458.16510009765625,531.849365234375,84.61934661865234,76.11000061035156,83.01419830322266
2024-07-29,40.33091735839844,220.32000732421875,216.9688262939453,459.08538818359375,532.161865234375,85.07433319091797,75.19000244140625,83.44053649902344
2024-07-30,40.14942169189453,222.52000427246094,217.79080200195312,452.7815246582031,529.4657592773438,85.40192413330078,74.45999908447266,84.08930206298828
2024-07-31,41.02825927734375,226.5500030517578,219.05308532714844,466.1810607910156,538.0719604492188,86.2755126953125,77.73999786376953,83.79271697998047
2024-08-01,40.31181335449219,225.77000427246094,211.9293975830078,454.8894348144531,530.4523315429688,87.01962280273438,76.29000091552734,84.63611602783203
2024-08-02,39.73866271972656,225.33999633789062,204.43389892578125,444.0926818847656,520.5762939453125,89.73128509521484,73.38999938964844,84.58975982666016
2024-08-05,38.6114501953125,222.47999572753906,197.85818481445312,430.8515319824219,505.41510009765625,90.2060546875,73.22000122070312,82.17081451416016
2024-08-06,38.8311653137207,220.6999969482422,200.0109405517578,434.96832275390625,510.0747985839844,88.18827819824219,72.44999694824219,83.79271697998047
2024-08-07,39.069976806640625,220.5500030517578,197.64291381835938,430.25775146484375,506.6654357910156,87.56743621826172,74.69000244140625,83.21810150146484
2024-08-08,39.95836639404297,224.00999450683594,202.4474639892578,443.4197082519531,518.3782958984375,87.02877044677734,75.36000061035156,84.03369140625
2024-08-09,40.178077697753906,224.55999755859375,202.02670288085938,445.7353820800781,520.6640625,87.88701629638672,76.22000122070312,84.42292785644531
2024-08-12,40.31181335449219,228.41000366210938,200.20664978027344,446.69537353515625,520.9376220703125,88.20653533935547,78.62999725341797,83.80199432373047
2024-08-13,40.76077651977539,228.05999755859375,203.50428771972656,457.7790832519531,529.5047607421875,88.81826782226562,77.63999938964844,84.53416442871094
2024-08-14,40.541072845458984,226.1999969482422,202.2419891357422,457.9276123046875,531.17529296875,89.37519836425781,76.58999633789062,84.75659942626953
2024-08-15,40.99004364013672,226.91000366210938,207.4868927001953,469.4962463378906,540.27978515625,88.65391540527344,77.41000366210938,84.69171905517578
2024-08-16,41.46767044067383,231.99000549316406,208.03489685058594,470.09991455078125,541.4910278320312,88.96436309814453,76.31999969482422,84.6453857421875
2024-08-19,41.86888122558594,231.61000061035156,210.57904052734375,476.275146484375,546.66845703125,89.37519836425781,74.37999725341797,85.34974670410156
2024-08-20,41.54409408569336,232.4600067138672,208.1229248046875,475.275634765625,545.7796020507812,90.08736419677734,73.83000183105469,85.24781036376953
2024-08-21,41.70648193359375,232.14999389648438,210.83348083496094,477.4923400878906,547.6550903320312,90.14213562011719,72.5999984741211,85.70194244384766
2024-08-22,41.19064712524414,229.3699951171875,208.97427368164062,469.9217529296875,543.3567504882812,89.24738311767578,73.58000183105469,85.95218658447266
2024-08-23,41.8784294128418,232.02000427246094,215.64781188964844,475.018310546875,549.1301879882812,89.83171081542969,75.55000305175781,87.8428726196289
2024-08-26,41.52499008178711,232.75999450683594,215.71629333496094,470.4067077636719,547.8211059570312,89.60346984863281,77.83000183105469,87.80580139160156
2024-08-27,41.582298278808594,233.38999938964844,214.0430145263672,471.81195068359375,548.573486328125,89.44825744628906,76.48999786376953,87.935546875
2024-08-28,41.324378967285156,231.75,212.59478759765625,466.45806884765625,545.3887329101562,89.33869171142578,75.4800033569336,87.5926284790039
2024-08-29,41.34348678588867,232.9499969482422,214.1115264892578,465.7752990722656,545.4376220703125,89.04651641845703,76.7699966430664,87.3238525390625
2024-08-30,41.42946243286133,231.2899932861328,215.35426330566406,471.3270568847656,550.6443481445312,88.09698486328125,74.33999633789062,88.16725158691406
2024-09-03,40.607940673828125,230.2899932861328,208.7687530517578,457.0171203613281,539.3126220703125,89.53785705566406,71.08999633789062,88.12091064453125
2024-09-04,40.598388671875,230.42999267578125,208.41648864746094,455.82952880859375,538.2088012695312,90.69197845458984,69.61000061035156,88.37115478515625
2024-09-05,40.65570068359375,232.35000610351562,207.37924194335938,456.2550964355469,536.8997802734375,91.2049331665039,69.88999938964844,88.0838394165039
2024-09-06,39.910606384277344,230.6300048828125,203.43576049804688,444.03326416015625,527.8635864257812,91.1957778930664,68.93000030517578,88.00042724609375
2024-09-09,40.24494171142578,231.60000610351562,204.00331115722656,449.743408203125,533.773681640625,91.58965301513672,69.2699966430664,88.98284912109375
2024-09-10,40.092105865478516,232.6199951171875,203.83700561523438,453.89984130859375,536.0986328125,92.23085021972656,66.95999908447266,90.2710952758789
2024-09-11,40.38823318481445,232.25,204.43389892578125,463.7563781738281,541.5985107421875,92.15755462646484,67.8499984741211,90.09501647949219
2024-09-12,40.722572326660156,236.3300018310547,207.06613159179688,468.3086853027344,546.1605224609375,91.72703552246094,69.88999938964844,90.47500610351562
2024-09-13,40.91362380981445,238.67999267578125,212.17401123046875,470.4067077636719,549.0130615234375,91.97437286376953,69.83999633789062,91.42035675048828
2024-09-16,41.047359466552734,238.66000366210938,212.93728637695312,468.3284912109375,549.8237915039062,92.81707763671875,70.87999725341797,91.7261962890625
2024-09-17,41.09511947631836,237.33999633789062,214.69866943359375,468.57586669921875,550.0484619140625,92.36822509765625,71.72000122070312,91.08668518066406
2024-09-18,40.95183563232422,235.50999450683594,214.73776245117188,466.5472106933594,548.4171752929688,91.22325134277344,70.66000366210938,90.9754867553711
2024-09-19,41.82111740112305,239.1699981689453,219.1607208251953,478.3434753417969,557.7755126953125,90.92098236083984,72.75,90.9940185546875
2024-09-20,41.73514175415039,242.2100067138672,216.81228637695312,477.4330139160156,556.8114013671875,90.5728988647461,72.91999816894531,90.63256072998047
2024-09-23,42.059932708740234,242.67999267578125,216.01963806152344,478.69854736328125,558.2027587890625,90.38053894042969,72.25,91.53157043457031
2024-09-24,43.4928092956543,246.07000732421875,216.3817138671875,481.007568359375,559.7999267578125,90.36221313476562,73.29000091552734,91.66131591796875
2024-09-25,43.0342903137207,245.72999572753906,213.74244689941406,481.45355224609375,558.5653076171875,89.61112976074219,71.4800033569336,91.04961395263672
2024-09-26,44.6104621887207,246.97999572753906,214.88143920898438,485.07073974609375,560.7797241210938,89.82179260253906,69.01000213623047,90.22477722167969
2024-09-27,44.52449035644531,245.02000427246094,216.33457946777344,482.37518310546875,559.966552734375,90.28894805908203,70.2699966430664,90.3397216796875
2024-09-30,43.808048248291016,243.05999755859375,216.8844451904297,483.68328857421875,562.2105102539062,89.8584213256836,69.91999816894531,91.05004119873047
2024-10-01,44.12328338623047,245.61000061035156,213.9388427734375,476.9444274902344,557.1738891601562,90.50720977783203,72.11000061035156,90.46122741699219
2024-10-02,44.9925651550293,245.66000366210938,213.64427185058594,477.61834716796875,557.4090576171875,89.74449157714844,72.76000213623047,90.14344787597656
2024-10-03,44.45762252807617,245.49000549316406,212.2107696533203,477.2615661621094,556.3899536132812,88.8990478515625,75.7300033569336,89.32099914550781
2024-10-04,44.868385314941406,245.0,215.17596435546875,482.94012451171875,561.4461669921875,87.80550384521484,76.3499984741211,88.89107513427734
2024-10-07,45.24093246459961,244.1699981689453,213.48715209960938,477.7669982910156,556.3704223632812,87.14385223388672,79.19999694824219,88.10600280761719
2024-10-08,44.12328338623047,242.3699951171875,213.63446044921875,484.90228271484375,561.63232421875,87.2908935546875,75.79000091552734,88.2835693359375
2024-10-09,43.88446807861328,241.0500030517578,214.10574340820312,488.7176208496094,565.5224609375,86.79463195800781,75.25,88.37702941894531
2024-10-10,43.97043991088867,242.82000732421875,212.9176788330078,488.1626892089844,564.53271484375,86.45466613769531,77.7699966430664,87.59196472167969
2024-10-11,44.285675048828125,245.47000122070312,217.24771118164062,488.9257507324219,567.9133911132812,86.1054458618164,77.48999786376953,88.58264923095703
2024-10-14,44.10417938232422,245.07000732421875,218.84815979003906,493.028564453125,572.557861328125,86.16976928710938,75.93000030517578,89.1153793334961
2024-10-15,43.168025970458984,245.9199981689453,219.02488708496094,486.4383544921875,568.1093139648438,87.21737670898438,72.76000213623047,90.190185546875
2024-10-16,43.50236892700195,247.14999389648438,222.62835693359375,486.497802734375,570.5785522460938,87.5849380493164,72.4000015258789,91.18087005615234
2024-10-17,43.43550109863281,248.6300048828125,222.0195770263672,486.8346862792969,570.6276245117188,86.19735717773438,72.62000274658203,90.46122741699219
2024-10-18,43.86536407470703,251.27000427246094,221.55810546875,490.02581787109375,572.8223876953125,86.26168060302734,71.37999725341797,91.13414764404297
2024-10-21,43.55967712402344,251.22000122070312,218.07247924804688,490.96728515625,571.8817749023438,84.75460052490234,72.26000213623047,89.34902954101562
2024-10-22,43.46415710449219,253.92999267578125,217.24771118164062,491.50238037109375,571.5780639648438,84.83729553222656,73.9800033569336,89.47987365722656
2024-10-23,43.20623779296875,250.8699951171875,215.2643585205078,483.97064208984375,566.355224609375,84.60755920410156,73.55000305175781,90.13411712646484
2024-10-24,43.13936996459961,252.8000030517578,215.73565673828125,487.8951110839844,567.5801391601562,85.14974212646484,73.05999755859375,90.33037567138672
2024-10-25,43.101158142089844,253.32000732421875,214.9207000732422,490.8681335449219,567.3840942382812,84.67189025878906,74.2300033569336,89.47987365722656
2024-10-28,43.292213439941406,253.3300018310547,218.4259796142578,490.9473876953125,569.1380615234375,84.44214630126953,70.43000030517578,89.76026153564453
2024-10-29,43.15847396850586,256.0899963378906,217.71902465820312,495.6646728515625,570.0592651367188,84.57079315185547,69.66000366210938,89.1153793334961
2024-10-30,42.738162994384766,257.5,217.42446899414062,491.9186096191406,568.3346557617188,84.81892395019531,71.36000061035156,89.50791931152344
2024-10-31,42.46113586425781,253.50999450683594,213.81118774414062,479.5012512207031,557.193603515625,84.95675659179688,73.08000183105469,87.99384307861328
2024-11-01,42.49934768676758,252.47000122070312,215.00906372070312,483.049072265625,559.545166015625,83.7590103149414,72.0199966430664,87.02184295654297
2024-11-04,42.738162994384766,252.8300018310547,216.0989532470703,481.641845703125,558.3399658203125,85.05911254882812,74.29000091552734,87.97514343261719
2024-11-05,43.32086181640625,253.39999389648438,220.1638641357422,487.7861022949219,565.0911865234375,85.5108871459961,74.7300033569336,89.1434097290039
2024-11-06,42.785926818847656,245.6999969482422,232.91830444335938,501.0359802246094,579.1426391601562,83.16889953613281,74.54000091552734,87.24615478515625
2024-11-07,43.731624603271484,249.64999389648438,232.0935516357422,508.92437744140625,583.62060546875,84.21082305908203,74.66000366210938,88.29292297363281
2024-11-08,42.652191162109375,247.9600067138672,233.80197143554688,509.5190124511719,586.148681640625,85.28040313720703,73.12999725341797,89.61072540283203
2024-11-11,42.3274040222168,242.13999938964844,237.31704711914062,509.2216796875,586.7072143554688,84.86548614501953,70.94000244140625,89.16211700439453
2024-11-12,41.52499008178711,240.0500030517578,233.15396118164062,508.3000183105469,584.8846435546875,83.59305572509766,70.69000244140625,87.92842102050781
2024-11-13,41.25751495361328,237.6300048828125,230.84657287597656,507.64599609375,585.1687622070312,82.80010986328125,70.7300033569336,88.4144287109375
2024-11-14,41.02825927734375,237.00999450683594,227.7340545654297,504.11798095703125,581.4060668945312,83.2795639038086,71.29000091552734,87.62000274658203
2024-11-15,41.02825927734375,236.58999633789062,224.33682250976562,492.1069030761719,573.9590454101562,83.05825805664062,69.75,87.66673278808594
2024-11-18,41.4963264465332,241.08999633789062,224.77862548828125,495.52587890625,576.310791015625,83.20578002929688,72.06999969482422,88.30227661132812
2024-11-19,41.46767044067383,243.25,226.44781494140625,498.9349670410156,578.41748046875,83.62992095947266,72.30999755859375,88.73219299316406
2024-11-20,41.41991424560547,244.6199951171875,226.7423553466797,498.6476135253906,578.6134033203125,83.36254119873047,72.0199966430664,88.62004852294922
2024-11-21,41.33393478393555,246.66000366210938,230.188720703125,500.44134521484375,581.7196655273438,83.29801177978516,73.19999694824219,89.2742691040039
2024-11-22,41.34348678588867,249.83999633789062,234.44020080566406,501.2440490722656,583.5225830078125,83.34410095214844,74.25,89.94718170166016
2024-11-25,41.37215042114258,242.47999572753906,238.00437927246094,502.036865234375,585.501953125,85.50170135498047,72.0999984741211,91.1995620727539
2024-11-26,41.20020294189453,242.9499969482422,236.25662231445312,504.732421875,588.5592041015625,85.16975402832031,71.61000061035156,91.56407165527344
2024-11-27,41.25751495361328,243.49000549316406,236.58065795898438,500.7583923339844,586.7757568359375,85.75987243652344,71.72000122070312,92.15287017822266
2024-11-29,41.324378967285156,245.58999633789062,237.4839630126953,505.15850830078125,590.4208984375,86.64503479003906,71.61000061035156,91.74164581298828
2024-12-02,41.486778259277344,243.44000244140625,237.3661346435547,510.6585998535156,591.4791870117188,86.85321044921875,71.04000091552734,90.4051513671875
2024-12-03,41.57274627685547,243.92999267578125,235.67733764648438,512.2244873046875,591.75341796875,86.10376739501953,73.04000091552734,89.94718170166016
2024-12-04,41.67782974243164,244.6699981689453,236.52175903320312,518.5570068359375,595.427978515625,87.02901458740234,71.87999725341797,89.70418548583984
2024-12-05,41.95485305786133,242.86000061035156,233.76271057128906,517.1200561523438,594.4482421875,87.2048110961914,71.47000122070312,89.4892349243164
2024-12-06,41.88798522949219,242.9499969482422,234.5972900390625,521.748046875,595.5750122070312,87.3343505859375,70.23999786376953,89.35838317871094
2024-12-09,42.74771499633789,245.36000061035156,233.4190673828125,517.6848754882812,592.5079956054688,86.52937316894531,71.16999816894531,89.61072540283203
2024-12-10,42.059932708740234,248.58999633789062,232.40773010253906,515.9208984375,590.6658935546875,86.12226867675781,71.4000015258789,88.31161499023438
2024-12-11,42.231876373291016,250.9600067138672,233.45834350585938,525.1571655273438,595.2319946289062,85.30803680419922,73.33000183105469,88.10600280761719
2024-12-12,42.02172088623047,247.27999877929688,230.4243621826172,521.7678833007812,592.1650390625,84.27176666259766,73.20999908447266,87.96581268310547
2024-12-13,42.059932708740234,244.2899932861328,228.84356689453125,525.7616577148438,592.0475463867188,83.41128540039062,74.20999908447266,87.71345520019531
2024-12-16,41.83067321777344,244.8800048828125,230.188720703125,533.3330078125,594.5755615234375,83.66111755371094,73.69999694824219,87.405029296875
2024-12-17,41.73061752319336,243.94000244140625,227.55345153808594,530.9843139648438,592.1258544921875,83.86466979980469,73.30000305175781,86.98446655273438
2024-12-18,40.75923538208008,239.25999450683594,217.47914123535156,511.8280334472656,574.4784545898438,82.81599426269531,72.94000244140625,83.39555358886719
2024-12-19,40.895225524902344,239.60000610351562,216.51405334472656,509.5487060546875,574.3019409179688,81.56204223632812,72.61000061035156,82.10577392578125
2024-12-20,41.060359954833984,242.10000610351562,218.54269409179688,513.9984130859375,581.199951171875,82.02645874023438,73.0999984741211,83.489013671875
2024-12-23,41.293495178222656,240.9600067138672,218.0404510498047,519.0060424804688,584.6803588867188,81.27409362792969,73.05999755859375,83.81551361083984
2024-12-24,41.41977310180664,241.44000244140625,219.99032592773438,526.0436401367188,591.1790771484375,81.61779022216797,73.6500015258789,84.37226867675781
2024-12-26,41.274070739746094,243.07000732421875,222.24546813964844,525.6864013671875,591.218505859375,81.57132720947266,73.12999725341797,84.5987548828125
2024-12-27,41.08950424194336,241.39999389648438,219.0055389404297,518.6983642578125,584.9949951171875,80.90258026123047,73.8499984741211,83.74946594238281
2024-12-30,40.75923538208008,240.6300048828125,217.32154846191406,511.7997741699219,578.3192138671875,81.55274200439453,74.81999969482422,83.33424377441406
2024-12-31,40.62323760986328,242.1300048828125,217.5973358154297,507.4521484375,576.2152099609375,81.1161880493164,75.55000305175781,84.06086730957031
2025-01-02,40.56495666503906,245.4199981689453,217.77456665039062,506.45947265625,574.7994995117188,81.33912658691406,76.93000030517578,83.31537628173828
2025-01-03,40.94379806518555,243.49000549316406,221.01449584960938,514.7477416992188,581.9865112304688,81.07907104492188,77.91999816894531,84.4100112915039
2025-01-06,41.08950424194336,243.19000244140625,221.10313415527344,520.663818359375,585.3390502929688,80.71678924560547,77.30000305175781,83.32482147216797
2025-01-07,40.79808807373047,244.55999755859375,219.3305206298828,511.3728332519531,578.7223510742188,79.80653381347656,78.16999816894531,82.53214263916016
2025-01-08,40.60380935668945,245.86000061035156,218.3358917236328,511.4622497558594,579.56787109375,79.90869140625,77.30000305175781,82.74918365478516
2025-01-10,39.91413116455078,248.2100067138672,213.5301513671875,503.4419860839844,570.7193603515625,79.3792495727539,80.63999938964844,80.72976684570312
2025-01-13,39.64214324951172,245.74000549316406,213.9437713623047,501.8240051269531,571.604248046875,79.35138702392578,82.2300033569336,81.7206039428711
2025-01-14,40.0889778137207,247.02999877929688,216.3761749267578,501.3475341796875,572.3907470703125,79.22135925292969,81.66999816894531,82.46607971191406
2025-01-15,40.613529205322266,248.8800048828125,220.63043212890625,512.8817138671875,582.8025512695312,80.58675384521484,84.33999633789062,82.93791198730469
2025-01-16,40.56495666503906,250.60000610351562,221.07359313964844,509.2884521484375,581.6817016601562,80.84684753417969,82.94000244140625,84.6553726196289
2025-01-17,40.8855094909668,249.27000427246094,222.02883911132812,517.8844604492188,587.521728515625,80.98616027832031,82.5199966430664,84.5987548828125
2025-01-21,41.322635650634766,253.1300048828125,226.2929229736328,520.9217529296875,592.899658203125,81.71064758300781,81.11000061035156,86.18409729003906
2025-01-22,41.351776123046875,254.42999267578125,224.81573486328125,527.582275390625,596.2326049804688,81.28341674804688,80.43000030517578,84.68367004394531
2025-01-23,41.44891357421875,254.07000732421875,225.83993530273438,528.703857421875,599.4868774414062,80.65178680419922,79.20999908447266,85.30648803710938
2025-01-24,41.72090530395508,255.64999389648438,225.20968627929688,525.716064453125,597.73681640625,81.01402282714844,79.5999984741211,85.5990219116211
2025-01-27,40.96322250366211,252.99000549316406,223.05300903320312,510.4100646972656,589.2816162109375,81.9707260131836,77.93000030517578,86.74085235595703
2025-01-28,41.26435470581055,255.17999267578125,223.2991943359375,517.9539184570312,594.3449096679688,81.91499328613281,78.86000061035156,85.69338989257812
2025-01-29,41.274070739746094,254.1999969482422,222.78709411621094,516.9812622070312,591.6805419921875,81.74781799316406,77.77999877929688,84.56100463867188
2025-01-30,41.97346115112305,258.04998779296875,225.05209350585938,519.1847534179688,594.8561401367188,82.05431365966797,77.75,85.63677215576172
2025-01-31,41.49748611450195,258.55999755859375,223.03329467773438,518.4302978515625,591.6903076171875,81.51560974121094,78.0199966430664,85.44803619384766
2025-02-03,41.19635772705078,259.94000244140625,220.4236297607422,514.2813110351562,587.70849609375,82.17931365966797,77.81999969482422,85.26874542236328
2025-02-04,41.93460464477539,262.5,223.47645568847656,520.5941772460938,591.6510009765625,82.43099212646484,77.51000213623047,85.33480072021484
2025-02-05,41.827754974365234,264.1300048828125,225.90884399414062,522.9566040039062,594.0499267578125,83.79193878173828,76.08999633789062,86.53323364257812
2025-02-06,42.00260925292969,263.42999267578125,225.17027282714844,525.6864013671875,596.1146240234375,83.7546615600586,75.44999694824219,86.75028228759766
2025-02-07,41.963748931884766,263.8999938964844,222.56060791015625,519.0556640625,590.6580810546875,83.21400451660156,75.86000061035156,86.46717834472656
2025-02-10,42.468868255615234,268.3699951171875,223.5650634765625,525.3388671875,594.6693115234375,82.96232604980469,77.4000015258789,86.42943572998047
2025-02-11,42.30373001098633,267.3900146484375,222.26516723632812,524.0881958007812,595.12158203125,82.43099212646484,78.2699966430664,86.80690002441406
2025-02-12,42.536865234375,267.6700134277344,220.21682739257812,524.3959350585938,593.2044677734375,81.31240844726562,76.31999969482422,86.00479888916016
2025-02-13,42.8088493347168,270.30999755859375,222.69847106933594,531.9397583007812,599.4671630859375,82.66401672363281,76.38999938964844,86.86353302001953
2025-02-14,43.139122009277344,266.2900085449219,222.5310516357422,534.1732177734375,599.437744140625,83.10215759277344,75.81999969482422,86.46717834472656
2025-02-18,43.411109924316406,270.70001220703125,223.752197265625,535.3841552734375,601.1975708007812,82.12338256835938,76.95999908447266,86.85409545898438
2025-02-19,43.34311294555664,270.8500061035156,222.9840545654297,535.5330810546875,602.6133422851562,82.22591400146484,77.44999694824219,86.9201431274414
2025-02-20,43.74137878417969,270.989990234375,220.8470916748047,533.260009765625,600.1062622070312,82.53353118896484,77.76000213623047,87.3353500366211
2025-02-21,43.61509704589844,270.739990234375,214.4853973388672,522.1923828125,589.8419799804688,83.53092956542969,75.3499984741211,86.47663116455078
2025-02-24,42.944847106933594,272.2099914550781,212.93927001953125,516.0282592773438,587.1580200195312,83.77330780029297,75.97000122070312,86.81634521484375
2025-02-25,42.9739875793457,268.6199951171875,212.13177490234375,509.5267028808594,584.2379150390625,85.21814727783203,74.12999725341797,87.88267517089844
2025-02-26,43.401397705078125,269.0299987792969,212.39764404296875,510.7574768066406,584.5328369140625,85.72151947021484,73.8499984741211,87.5146484375
2025-02-27,42.55629348754883,264.92999267578125,209.15771484375,496.5731201171875,575.2026977539062,85.11563110351562,75.27999877929688,87.8637924194336
2025-02-28,41.97346115112305,263.2699890136719,211.38333129882812,504.41473388671875,584.1788940429688,86.15963745117188,75.22000122070312,88.60929107666016
2025-03-03,41.604339599609375,266.739990234375,205.60267639160156,493.37689208984375,573.9442138671875,86.56172943115234,73.31999969482422,89.02449798583984
2025-03-04,41.95403289794922,269.05999755859375,203.27857971191406,491.88800048828125,567.1504516601562,85.4957275390625,73.30999755859375,87.99590301513672
2025-03-05,43.20711898803711,269.6199951171875,205.29739379882812,498.30023193359375,573.2460327148438,84.8131103515625,71.41999816894531,88.97731018066406
2025-03-06,42.93513107299805,268.25,202.1559295654297,484.59228515625,563.0703125,84.53256225585938,71.12999725341797,86.69367218017578
2025-03-07,43.148834228515625,268.3900146484375,202.81573486328125,488.15576171875,566.2262573242188,84.26140594482422,72.08999633789062,87.2126693725586
2025-03-10,42.119171142578125,266.0400085449219,197.7145538330078,469.23663330078125,551.14453125,85.140380859375,70.88999938964844,86.3728256225586
2025-03-11,42.468868255615234,269.1600036621094,197.69488525390625,468.1149597167969,546.5628662109375,84.53256225585938,71.44999694824219,85.36311340332031
2025-03-12,42.70199966430664,270.3299865722656,198.03955078125,473.3956604003906,549.4632568359375,84.02761840820312,72.80000305175781,85.09889221191406
2025-03-13,42.52715301513672,275.1300048828125,195.085205078125,464.8790283203125,542.1385498046875,84.76632690429688,71.62000274658203,83.41918182373047
2025-03-14,43.30426025390625,275.239990234375,199.80230712890625,476.1153869628906,553.3369140625,84.31749725341797,72.27999877929688,85.08944702148438
2025-03-17,44.04250717163086,276.7300109863281,202.32334899902344,479.2023620605469,557.6039428710938,84.73829650878906,72.70999908447266,86.54267883300781
2025-03-18,43.819091796875,279.9599914550781,200.56651306152344,471.0332336425781,551.5770263671875,84.82244873046875,72.20999908447266,86.0897216796875
2025-03-19,43.92594528198242,281.1099853515625,203.68536376953125,477.3363342285156,557.5842895507812,85.26195526123047,72.41999816894531,86.19351196289062
2025-03-20,43.51796340942383,280.75,202.39242553710938,475.7183837890625,555.9718627929688,85.31803131103516,73.7300033569336,86.13690948486328
2025-03-21,43.30426025390625,278.489990234375,201.1389617919922,477.28668212890625,556.1552734375,84.8131103515625,73.79000091552734,85.18380737304688
2025-03-24,43.49853515625,277.25,206.14300537109375,487.76043701171875,566.1151733398438,83.94345092773438,74.87999725341797,86.49549865722656
2025-03-25,43.37225341796875,278.4700012207031,204.99810791015625,490.5438537597656,567.4760131835938,83.93412017822266,74.81999969482422,85.52498626708984
2025-03-26,43.109981536865234,278.239990234375,202.91554260253906,481.51751708984375,560.7013549804688,83.38240814208984,75.41999816894531,85.85865783691406
2025-03-27,43.32368469238281,281.9700012207031,201.9482879638672,478.77386474609375,559.2122802734375,83.13928985595703,75.4800033569336,85.63939666748047
2025-03-28,42.51743698120117,284.05999755859375,197.84239196777344,466.16876220703125,547.9507446289062,84.28943634033203,74.7699966430664,85.52498626708984
2025-03-31,42.449440002441406,288.1400146484375,196.89488220214844,466.1488952636719,551.6289672851562,85.12167358398438,77.33000183105469,86.3162612915039
2025-04-01,42.58543395996094,287.57000732421875,196.9146270751953,469.9065856933594,553.18701171875,85.85930633544922,77.08000183105469,86.35440826416016
2025-04-02,42.64371871948242,288.1600036621094,200.02365112304688,473.336181640625,556.6878051757812,85.8030014038086,77.73999786376953,86.87873077392578
2025-04-03,41.74032974243164,286.4200134277344,187.18287658691406,447.99676513671875,529.2537841796875,86.1971435546875,72.25,83.91382598876953
2025-04-04,39.41872787475586,279.7200012207031,178.83297729492188,420.1722106933594,498.2696838378906,87.1355972290039,67.91999816894531,80.27202606201172
2025-04-07,37.951934814453125,273.7099914550781,177.2143096923828,421.1861572265625,497.3821716308594,84.50792694091797,65.9800033569336,78.16513061523438
2025-04-08,37.41767883300781,275.20001220703125,172.5458221435547,413.60125732421875,489.591796875,82.91255187988281,63.34000015258789,76.06775665283203
2025-04-09,40.01126480102539,285.3800048828125,187.21250915527344,463.24615478515625,541.0084228515625,83.40058135986328,67.58000183105469,80.60570526123047
2025-04-10,39.32158660888672,292.3500061035156,179.34619140625,443.54327392578125,517.3019409179688,81.1013412475586,65.31999969482422,78.76573944091797
2025-04-11,40.555240631103516,297.92999267578125,181.9617156982422,451.71466064453125,526.5320434570312,81.54240417480469,66.45999908447266,79.72862243652344
2025-04-14,40.92436981201172,296.2300109863281,184.10350036621094,454.7764892578125,531.6401977539062,82.1242446899414,66.66000366210938,81.37791442871094
2025-04-15,40.8855094909668,297.7799987792969,184.3304901123047,455.2834777832031,530.1510620117188,82.41517639160156,66.4800033569336,81.62579345703125
2025-04-16,40.40953826904297,307.4700012207031,182.56378173828125,441.5550842285156,518.3668823242188,82.875,67.75,81.56858825683594
2025-04-17,40.72037887573242,306.1199951171875,184.0541229248047,441.4755859375,519.1064453125,82.14303588867188,69.4800033569336,82.78887176513672
2025-04-21,40.710662841796875,315.5899963378906,180.36279296875,430.5505065917969,506.7503662109375,80.7071762084961,68.62000274658203,81.06330871582031
2025-04-22,41.322635650634766,311.1099853515625,185.03128051757812,441.85333251953125,519.9348754882812,81.15764617919922,69.37000274658203,82.6363525390625
2025-04-23,41.79861068725586,303.6499938964844,187.77508544921875,451.8737487792969,527.991455078125,81.9459457397461,68.05000305175781,82.78887176513672
2025-04-24,42.2843017578125,308.07000732421875,191.5355224609375,464.58819580078125,539.1051635742188,82.80931091308594,68.45999908447266,83.09394836425781
2025-04-25,42.20659637451172,304.7300109863281,191.59474182128906,469.7673645019531,543.0004272460938,83.41932678222656,69.02999877929688,82.9509506225586
2025-04-28,42.2843017578125,309.07000732421875,192.40406799316406,469.61822509765625,543.2073974609375,83.94483947753906,67.76000213623047,83.46575927734375
2025-04-29,42.400875091552734,306.05999755859375,193.53912353515625,472.7198486328125,546.6293334960938,84.6487045288086,65.8499984741211,83.91382598876953
2025-04-30,42.50772476196289,303.7699890136719,192.32513427734375,472.6601867675781,546.8462524414062,83.96363067626953,63.560001373291016,84.20936584472656
2025-05-01,42.498008728027344,297.4599914550781,193.51937866210938,478.8334655761719,550.7216796875,83.53787994384766,64.5199966430664,84.48584747314453
2025-05-02,43.71223831176758,297.9800109863281,197.8720245361328,485.9411926269531,558.8966674804688,82.63365936279297,64.01000213623047,85.52498626708984
2025-05-05,44.04250717163086,306.8800048828125,196.35205078125,483.058349609375,555.6917114257812,82.172119140625,62.369998931884766,85.33431243896484
2025-05-06,43.86766052246094,315.4800109863281,194.2102813720703,478.5650634765625,551.047119140625,82.44528198242188,64.5999984741211,84.67650604248047
2025-05-07,43.36254119873047,310.75,194.85182189941406,480.4438781738281,553.3645629882812,82.79375457763672,63.5099983215332,84.77183532714844
2025-05-08,43.333396911621094,304.6300048828125,198.56289672851562,485.4044189453125,557.2202758789062,81.8707046508789,65.5999984741211,84.43817138671875
2025-05-09,43.624813079833984,306.8399963378906,198.19772338867188,485.0863037109375,556.51025390625,81.9931411743164,66.61000061035156,85.00065612792969
2025-05-12,44.567054748535156,298.19000244140625,205.16587829589844,504.8488464355469,574.9015502929688,81.23021697998047,67.5999984741211,85.42011260986328
2025-05-13,44.64476776123047,299.4599914550781,205.91600036621094,512.5431518554688,578.6981811523438,80.90055084228516,69.58999633789062,84.33329772949219
2025-05-14,44.98474884033203,293.1600036621094,204.09005737304688,515.6148071289062,579.437744140625,80.36366271972656,68.7300033569336,83.5038833618164
2025-05-15,44.9653205871582,297.8399963378906,205.4224853515625,516.1815185546875,582.2678833007812,81.0700912475586,67.58999633789062,85.02924346923828
2025-05-16,44.936180114746094,294.239990234375,207.12013244628906,518.4280395507812,585.9559936523438,81.28671264648438,68.0999984741211,86.08746337890625
2025-05-19,45.03331756591797,298.0299987792969,206.25157165527344,518.9251098632812,586.596923828125,81.05126190185547,68.51000213623047,86.10652923583984
2025-05-20,44.98474884033203,303.5799865722656,206.36013793945312,517.1954345703125,584.6246948242188,80.46726989746094,68.66000366210938,85.60125732421875
2025-05-21,44.868186950683594,305.82000732421875,200.56651306152344,510.0081481933594,574.7733154296875,79.09207916259766,67.58999633789062,83.32274627685547
2025-05-22,44.722476959228516,303.1099853515625,200.55662536621094,510.9624938964844,575.0001831054688,79.50653076171875,67.13999938964844,82.94140625
2025-05-23,44.90704345703125,309.75,199.9249725341797,506.2306213378906,571.0753173828125,79.63837432861328,67.98999786376953,83.02721405029297
2025-05-27,44.80018997192383,304.5,204.99810791015625,518.1397705078125,582.9483642578125,80.74982452392578,67.27999877929688,84.47630310058594
2025-05-28,44.596195220947266,303.80999755859375,202.8365936279297,515.8434448242188,579.5757446289062,80.40132904052734,67.88999938964844,84.3905029296875
2025-05-29,44.76133346557617,305.6099853515625,203.43862915039062,516.8574829101562,581.8635864257812,81.14544677734375,67.19000244140625,85.1531753540039
2025-05-30,44.21735763549805,303.6000061035156,202.40231323242188,516.042236328125,581.2128295898438,81.26786804199219,67.1500015258789,85.1531753540039
2025-06-02,44.53791427612305,311.6700134277344,203.0339813232422,520.1181030273438,584.4866943359375,80.51154327392578,69.55000305175781,85.26758575439453
2025-06-03,44.64476776123047,308.9100036621094,206.31080627441406,524.183837890625,587.8197631835938,80.36974334716797,69.88999938964844,85.09598541259766
2025-06-04,45.198455810546875,310.8999938964844,205.7284698486328,525.6452026367188,587.6619262695312,81.67439270019531,69.33999633789062,85.33431243896484
2025-06-05,45.43158721923828,309.3299865722656,205.8173065185547,521.688720703125,584.8219604492188,81.73114013671875,69.93000030517578,85.26758575439453
2025-06-06,45.57728958129883,305.17999267578125,209.14344787597656,526.7883911132812,590.8274536132812,80.69116973876953,71.37999725341797,85.67752838134766
2025-06-09,45.96584701538086,306.6199951171875,210.58447265625,527.5638427734375,591.3599243164062,80.7762680053711,72.05000305175781,85.79192352294922
2025-06-10,46.22812271118164,306.7099914550781,211.719482421875,531.0530395507812,594.7127685546875,81.19224548339844,71.5999984741211,86.5260009765625
2025-06-11,46.42239761352539,308.3699951171875,210.85096740722656,529.2636108398438,593.0166625976562,81.43804931640625,74.81999969482422,86.05885314941406
2025-06-12,46.50010299682617,312.20001220703125,210.01202392578125,530.5062866210938,595.3734741210938,82.41182708740234,75.05000305175781,86.47833251953125
2025-06-13,45.76185989379883,316.2900085449219,206.172607421875,523.8458862304688,588.7171020507812,81.61767578125,80.22000122070312,85.63939666748047
2025-06-16,46.32286834716797,311.7799987792969,208.60336303710938,531.132568359375,594.318359375,80.795166015625,78.58999633789062,85.70612335205078
2025-06-17,45.714778900146484,311.94000244140625,206.40618896484375,525.9533081054688,589.2398681640625,81.77838897705078,82.30000305175781,85.40106201171875
2025-06-18,45.7049674987793,310.260009765625,207.494873046875,525.8638305664062,589.1510620117188,81.92023468017578,82.2699966430664,85.69659423828125
2025-06-20,45.44015884399414,310.1300048828125,207.05941772460938,523.7167358398438,587.7673950195312,81.76896667480469,83.12000274658203,85.63939666748047
2025-06-23,45.81285858154297,311.0799865722656,209.59307861328125,529.1017456054688,593.572998046875,82.03367614746094,76.41000366210938,86.9264144897461
2025-06-24,46.99961853027344,306.19000244140625,212.2653350830078,537.1928100585938,600.1304321289062,82.6292724609375,73.0,87.15521240234375
2025-06-25,47.03884506225586,307.1199951171875,209.79103088378906,538.566162109375,600.4667358398438,82.73328399658203,73.30999755859375,85.05784606933594
2025-06-26,47.35270309448242,306.7799987792969,213.1956787109375,543.6018676757812,605.1646118164062,83.14926147460938,73.58999633789062,84.97889709472656
2025-06-27,47.166351318359375,301.2200012207031,213.26495361328125,545.4629516601562,608.1713256835938,82.61981201171875,73.27999877929688,85.19070434570312
2025-06-30,47.313472747802734,304.8299865722656,213.5717315673828,548.9959716796875,611.0791015625,83.43287658691406,73.11000061035156,85.73944854736328
2025-07-01,47.4017448425293,307.54998779296875,215.76895141601562,544.3682250976562,610.8812255859375,83.63975524902344,73.93000030517578,86.36521911621094
2025-07-02,47.60770797729492,309.25,218.7578887939453,548.1599731445312,613.6505737304688,83.10833740234375,75.58999633789062,86.56739044189453
2025-07-03,47.823482513427734,307.1400146484375,220.78683471679688,553.5538940429688,618.4869995117188,82.52950286865234,75.19000244140625,86.66365051269531
2025-07-07,47.14673614501953,307.3699951171875,217.47125244140625,549.3841552734375,613.8780517578125,81.74186706542969,76.4800033569336,85.92236328125
2025-07-08,47.440975189208984,304.1600036621094,218.9756317138672,549.6925659179688,613.5418701171875,81.63748931884766,76.95999908447266,85.7972183227539
2025-07-09,47.362510681152344,305.5199890136719,221.35096740722656,553.5838623046875,617.220947265625,82.49153137207031,76.93000030517578,85.8646011352539
2025-07-10,47.490013122558594,306.20001220703125,222.48915100097656,552.7876586914062,618.9617309570312,82.54847717285156,75.38999938964844,86.40372467041016
2025-07-11,47.33308792114258,309.1400146484375,219.42100524902344,551.5436401367188,616.7857666015625,81.40972900390625,77.29000091552734,86.4133529663086
2025-07-14,47.4017448425293,308.010009765625,220.89569091796875,553.5440063476562,617.9627685546875,81.23892974853516,75.62000274658203,86.97172546386719
2025-07-15,47.745018005371094,306.7300109863281,216.57061767578125,554.051513671875,615.322021484375,80.66956329345703,75.26000213623047,85.69131469726562
2025-07-16,47.970603942871094,308.260009765625,218.74801635742188,554.6187744140625,617.3792724609375,80.78343200683594,75.19000244140625,86.49999237060547
2025-07-17,48.24522399902344,307.5899963378906,221.61819458007812,559.1072387695312,621.1573486328125,80.76446533203125,76.16000366210938,86.40372467041016
2025-07-18,48.13733673095703,308.3900146484375,220.04452514648438,558.5698852539062,620.7025146484375,80.88782501220703,75.93000030517578,86.5866470336914
2025-07-21,48.451194763183594,313.1300048828125,219.15377807617188,561.4658203125,621.8794555664062,81.60901641845703,75.58999633789062,86.9428482055664
2025-07-22,48.48061752319336,316.1000061035156,220.97488403320312,558.5598754882812,621.9684448242188,82.10245513916016,75.3499984741211,88.43505859375
2025-07-23,48.971012115478516,312.17999267578125,224.3498077392578,561.1075439453125,627.259765625,81.64698028564453,75.27999877929688,88.60835266113281
2025-07-24,48.70619583129883,310.2699890136719,221.2519989013672,562.3018798828125,627.4674072265625,81.50463104248047,76.08999633789062,88.30027770996094
2025-07-25,48.55907440185547,307.3999938964844,222.07347106933594,563.6553955078125,630.1181030273438,82.01705932617188,74.8499984741211,88.30990600585938
2025-07-28,48.23542022705078,305.4100036621094,221.81614685058594,565.4168701171875,629.9598999023438,81.48564910888672,77.16999816894531,86.89470672607422
2025-07-29,48.255035400390625,306.25,220.40084838867188,564.5410766601562,628.2982788085938,82.86162567138672,79.80000305175781,88.2906494140625
2025-07-30,47.90195083618164,300.9599914550781,219.28244018554688,565.2974853515625,627.5070190429688,82.43460083007812,81.04000091552734,87.03912353515625
2025-07-31,47.62732696533203,302.9599914550781,217.13475036621094,562.3018798828125,625.1531372070312,82.4820327758789,79.58999633789062,85.81646728515625
2025-08-01,47.27423858642578,309.1099853515625,212.71070861816406,551.2252197265625,614.9066162109375,83.65465545654297,77.45999908447266,85.60467529296875
2025-08-04,47.7646369934082,310.9100036621094,217.47125244140625,561.3961181640625,624.2530517578125,83.88326263427734,76.11000061035156,86.48075103759766
2025-08-05,47.90195083618164,311.1600036621094,218.57974243164062,557.5845336914062,621.0880737304688,84.14046478271484,75.0199966430664,86.87545776367188
2025-08-06,48.12752914428711,310.5,218.292724609375,564.600830078125,625.845458984375,83.65465545654297,73.79000091552734,86.20155334472656
2025-08-07,48.52965545654297,313.1199951171875,217.5801239013672,566.511474609375,625.3211669921875,83.51175689697266,73.41999816894531,86.45185852050781
2025-08-08,48.490421295166016,313.04998779296875,218.05519104003906,571.796142578125,630.197265625,83.14979553222656,73.30000305175781,85.73944854736328
2025-08-11,48.353111267089844,308.54998779296875,218.00570678710938,570.104248046875,628.9509887695312,83.24503326416016,73.80000305175781,85.17145538330078
2025-08-12,48.94158935546875,308.2699890136719,224.4784698486328,577.269775390625,635.6468505859375,82.825927734375,72.94999694824219,85.6528091430664
2025-08-13,49.53006362915039,309.2099914550781,228.84315490722656,577.558349609375,637.82275390625,83.51175689697266,72.45999908447266,86.45185852050781
2025-08-14,48.921974182128906,307.25,225.89376831054688,577.1105346679688,637.882080078125,82.89259338378906,73.73999786376953,85.83573150634766
2025-08-15,48.98081970214844,307.42999267578125,224.79519653320312,574.57275390625,636.388671875,82.30200958251953,72.80000305175781,86.32670593261719
2025-08-18,49.2652473449707,306.95001220703125,225.61666870117188,574.34375,636.2501831054688,82.06387329101562,73.16999816894531,85.59504699707031
2025-08-19,48.86312484741211,305.2699890136719,223.88465881347656,566.5514526367188,632.7984008789062,82.5401611328125,72.30000305175781,87.06800079345703
2025-08-20,48.79446792602539,308.3599853515625,223.09288024902344,563.1876220703125,631.1170043945312,82.72113037109375,73.5199966430664,87.31830596923828
2025-08-21,48.686580657958984,307.2900085449219,223.64710998535156,560.5801391601562,628.5850830078125,82.31153106689453,74.12999725341797,87.0583724975586
2025-08-22,49.65756607055664,310.5799865722656,232.41604614257812,569.2284545898438,638.2381591796875,82.92117309570312,74.63999938964844,88.74312591552734
2025-08-25,49.37313461303711,309.8299865722656,229.971435546875,567.58642578125,635.42919921875,82.68302917480469,75.75,88.2328872680664
2025-08-26,49.245635986328125,312.0799865722656,231.8717041015625,569.8654174804688,638.0897216796875,82.63540649414062,74.05000305175781,88.00183868408203
2025-08-27,48.95139694213867,312.7099914550781,233.51463317871094,570.7412109375,639.543701171875,82.5401611328125,74.68000030517578,88.55059051513672
2025-08-28,49.13774871826172,315.0299987792969,233.79176330566406,574.3140258789062,641.8085327148438,83.08311462402344,75.23999786376953,88.31953430175781
2025-08-29,48.90235900878906,318.07000732421875,232.75254821777344,567.666015625,637.98095703125,82.49251556396484,74.83999633789062,88.80088806152344
2025-09-02,48.86312484741211,325.5899963378906,231.49559020996094,562.9088745117188,633.2533569335938,81.8786392211914,76.76000213623047,87.32793426513672
2025-09-03,49.049476623535156,328.1400146484375,231.26795959472656,567.3375854492188,636.685302734375,82.77745819091797,74.83000183105469,87.37606811523438
2025-09-04,48.892547607421875,326.69000244140625,234.15794372558594,572.4728393554688,642.00634765625,83.40855407714844,74.18000030517578,88.03071594238281
2025-09-05,49.48102569580078,331.04998779296875,235.32582092285156,573.298828125,640.1469116210938,84.68028259277344,72.62999725341797,89.0223159790039
2025-09-08,49.93218994140625,334.82000732421875,235.80088806152344,576.0953979492188,641.719482421875,85.80859375,73.04000091552734,88.50244140625
2025-09-09,50.206809997558594,334.05999755859375,234.41529846191406,577.7275390625,643.203125,85.32091522216797,73.38999938964844,88.30027770996094
2025-09-10,50.55009078979492,335.260009765625,233.99957275390625,577.9166870117188,645.0624389648438,85.80859375,74.70999908447266,88.15587615966797
2025-09-11,51.28568649291992,334.760009765625,238.32467651367188,581.2804565429688,650.4231567382812,86.3823013305664,73.0,89.76359558105469
2025-09-12,51.25625991821289,335.4200134277344,235.8899688720703,583.8480224609375,650.20556640625,86.00938415527344,73.30999755859375,89.3496322631836
2025-09-15,51.628963470458984,338.9100036621094,236.88958740234375,588.843994140625,653.6671142578125,86.21018981933594,74.2300033569336,89.20523834228516
2025-09-16,52.011470794677734,339.5899963378906,236.49951171875,588.3463745117188,652.76708984375,86.39186096191406,75.66999816894531,88.73348999023438
2025-09-17,52.23705291748047,336.9700012207031,237.10494995117188,587.1720581054688,651.9561767578125,86.17193603515625,74.97000122070312,88.61797332763672
2025-09-18,52.10955047607422,335.6199951171875,243.010498046875,592.4666137695312,655.0023803710938,85.2826919555664,74.69000244140625,88.81051635742188
2025-09-19,51.991851806640625,339.17999267578125,241.16436767578125,596.4772338867188,658.2465209960938,85.1201400756836,73.5199966430664,88.2328872680664
2025-09-22,52.246864318847656,345.04998779296875,242.56385803222656,600.0083618164062,661.3607177734375,84.81415557861328,73.44999694824219,88.25213623046875
2025-09-23,52.276283264160156,346.4599914550781,242.01795959472656,596.0228881835938,657.7605590820312,85.40697479248047,75.05000305175781,88.73348999023438
2025-09-24,52.0997428894043,343.32000732421875,239.79470825195312,593.9305419921875,655.6678466796875,85.08187866210938,76.38999938964844,87.8607177734375
2025-09-25,51.79569625854492,344.75,237.501953125,591.3699340820312,652.6429443359375,85.08187866210938,76.98999786376953,87.59830474853516
2025-09-26,51.69761657714844,346.739990234375,239.53663635253906,593.8009643554688,656.3818969726562,85.0053939819336,77.0199966430664,88.46330261230469
2025-09-29,52.16839599609375,352.4599914550781,239.81454467773438,596.5509643554688,658.2266845703125,85.70339965820312,74.58999633789062,88.49246978759766
2025-09-30,52.374366760253906,355.4700012207031,240.1520233154297,598.1849975585938,660.7060546875,85.45480346679688,73.75,88.85206604003906
2025-10-01,52.78629684448242,356.0299987792969,240.67803955078125,601.0545043945312,662.9574584960938,85.67549133300781,73.13999938964844,88.9881362915039
2025-10-02,53.031494140625,354.7900085449219,242.19662475585938,603.5255126953125,663.7210693359375,85.92497253417969,71.54000091552734,88.52162170410156
2025-10-03,53.18842315673828,357.6400146484375,243.9930877685547,600.9848022460938,663.7113037109375,85.76184844970703,71.70999908447266,88.85206604003906
2025-10-06,53.433624267578125,364.3800048828125,244.96575927734375,605.498291015625,666.0914916992188,85.0805892944336,72.87000274658203,88.01622772216797
2025-10-07,53.021690368652344,366.260009765625,242.3355712890625,602.3099975585938,663.6220092773438,85.56993103027344,73.19999694824219,87.69550323486328
2025-10-08,53.44343185424805,372.29998779296875,244.87644958496094,609.2147216796875,667.5791625976562,85.63711547851562,73.52999877929688,87.23870849609375
2025-10-09,52.89418411254883,365.42999267578125,243.29832458496094,608.4774169921875,665.6452026367188,85.56993103027344,72.51000213623047,86.76245880126953
2025-10-10,50.942405700683594,369.1199951171875,236.01315307617188,587.3545532226562,647.6542358398438,86.95166015625,69.38999938964844,85.65448760986328
2025-10-13,52.42340850830078,378.0899963378906,242.5836944580078,599.8190307617188,657.5919189453125,86.90367889404297,70.27999877929688,86.19876098632812
2025-10-14,51.9526252746582,380.7900085449219,246.04762268066406,595.8236694335938,656.78857421875,87.18192291259766,69.0,87.08319091796875
2025-10-15,52.80591583251953,387.3900146484375,248.45947265625,600.0282592773438,659.7044067382812,86.99002075195312,68.98999786376953,88.34668731689453
2025-10-16,53.149192810058594,396.45001220703125,243.22885131835938,597.806396484375,655.211669921875,87.64250183105469,67.80999755859375,88.0356674194336
2025-10-17,53.13938522338867,388.989990234375,241.5911865234375,601.7320556640625,658.9308471679688,87.50817108154297,67.9800033569336,88.60910034179688
2025-10-20,53.865169525146484,403.1499938964844,246.3056640625,609.3143310546875,665.7840576171875,87.843994140625,67.83000183105469,89.50325012207031
2025-10-21,53.26688766479492,377.239990234375,245.14443969726562,609.1549072265625,665.7741088867188,88.27579498291016,68.2699966430664,89.25055694580078
2025-10-22,53.21784591674805,377.2799987792969,241.52169799804688,603.286376953125,662.312744140625,88.3333511352539,70.62999725341797,89.62960052490234
2025-10-23,53.688629150390625,378.7900085449219,244.5786895751953,608.35791015625,666.2402954101562,87.72887420654297,73.29000091552734,89.5712890625
2025-10-24,54.04171371459961,377.5199890136719,247.56617736816406,614.8540649414062,671.6851806640625,87.76722717285156,73.18000030517578,89.83370208740234
2025-10-27,54.63999557495117,367.010009765625,248.4296875,625.80419921875,679.6094970703125,88.06468963623047,73.12000274658203,90.0864028930664
2025-10-28,54.62038040161133,364.3800048828125,247.09970092773438,630.6165161132812,681.41455078125,88.29496765136719,71.38999938964844,88.31752014160156
2025-10-29,54.934234619140625,363.0,244.9955291748047,633.4561767578125,681.7418212890625,87.40261840820312,71.80000305175781,86.04325103759766
2025-10-30,54.36537551879883,370.1300048828125,243.02041625976562,623.7715454101562,674.2440185546875,86.89408874511719,71.70999908447266,86.45145416259766
2025-10-31,54.23787307739258,368.1199951171875,244.3900909423828,626.7805786132812,676.4556884765625,86.63500213623047,72.55999755859375,86.67499542236328
2025-11-03,54.581153869628906,368.7799987792969,243.60601806640625,629.7796630859375,677.7251586914062,86.4183349609375,72.73999786376953,86.54864501953125
2025-11-04,53.58074188232422,362.32000732421875,239.39768981933594,616.996337890625,669.691650390625,86.61092376708984,71.93000030517578,86.69442749023438
2025-11-05,54.06132888793945,366.510009765625,242.8516845703125,621.0116577148438,672.012451171875,85.6672134399414,71.02999877929688,86.77217864990234
2025-11-06,53.65920639038086,366.07000732421875,238.55404663085938,609.44384765625,664.80224609375,86.43760681152344,70.87999725341797,86.35425567626953
2025-11-07,53.50227737426758,368.30999755859375,239.80462646484375,607.5209350585938,665.4567260742188,86.254638671875,71.26000213623047,87.69550323486328
2025-11-10,54.4438362121582,378.3800048828125,242.20652770996094,620.9617919921875,675.8406982421875,86.23538208007812,71.68000030517578,87.64690399169922
2025-11-11,54.502685546875,379.8699951171875,242.4149932861328,619.307861328125,677.387939453125,86.63020324707031,72.72000122070312,88.6285400390625
2025-11-12,54.51249313354492,385.989990234375,241.81944274902344,618.8196411132812,677.7647705078125,86.78426361083984,69.79000091552734,87.96764373779297
2025-11-13,53.87498092651367,382.8699951171875,235.0206298828125,606.1858520507812,666.5180053710938,86.0716552734375,69.8499984741211,86.88880920410156
2025-11-14,53.90440368652344,375.9599914550781,235.70547485351562,606.64404296875,666.4088134765625,85.58055114746094,71.37999725341797,87.07347106933594
2025-11-17,53.26688766479492,371.6499938964844,231.020751953125,601.4630126953125,660.2003173828125,85.79238891601562,71.30000305175781,86.35425567626953
2025-11-18,53.0020751953125,374.3500061035156,231.72544860839844,594.1397705078125,654.65625,85.76350402832031,72.5,86.70414733886719
2025-11-19,52.81571960449219,374.9599914550781,231.6857452392578,597.6868286132812,657.185302734375,85.59017181396484,70.87999725341797,86.02381134033203
2025-11-20,52.08993911743164,374.8500061035156,227.3980255126953,583.5385131835938,647.1683349609375,85.92721557617188,70.1500015258789,85.66419982910156
2025-11-21,52.08012390136719,374.2699890136719,233.83953857421875,587.9224853515625,653.6148681640625,86.18721008300781,69.30000305175781,87.05403900146484
2025-11-24,52.629371643066406,380.20001220703125,238.10739135742188,602.9575805664062,663.2351684570312,86.67835998535156,70.41999816894531,87.28729248046875
2025-11-25,52.81571960449219,380.0799865722656,243.29832458496094,606.674072265625,669.4735107421875,86.89982604980469,69.25,88.09398651123047
2025-11-26,53.19823455810547,383.1199951171875,245.4521026611328,612.034423828125,674.09521484375,87.28501892089844,70.04000091552734,88.48274993896484
2025-11-28,53.27669143676758,387.8800048828125,246.8912811279297,616.996337890625,677.7747192382812,86.87094116210938,71.06999969482422,88.7743148803711
2025-12-01,53.237464904785156,389.75,243.78466796875,614.923828125,674.6803588867188,85.78951263427734,71.05999755859375,87.7538070678711
2025-12-02,53.257080078125,387.239990234375,243.33802795410156,619.7362670898438,675.9299926757812,85.82816314697266,70.19999694824219,87.44280242919922
2025-12-03,53.29631042480469,386.8800048828125,247.7646942138672,621.2507934570312,678.2706298828125,86.06975555419922,70.66000366210938,87.66633605957031
2025-12-04,53.28650665283203,387.1300048828125,249.93832397460938,620.6728515625,678.7665405273438,85.60589599609375,71.38999938964844,87.45252227783203
2025-12-05,53.688629150390625,386.44000244140625,248.89617919921875,623.2036743164062,680.0557861328125,85.20965576171875,71.91999816894531,87.35533142089844
2025-12-08,53.5709342956543,385.4200134277344,248.99542236328125,622.0079956054688,678.0127563476562,84.92939758300781,70.48999786376953,86.6847152709961
2025-12-09,53.482662200927734,387.3999938964844,249.51153564453125,622.7752075195312,677.4276123046875,85.01636505126953,69.86000061035156,86.35425567626953
2025-12-10,54.0809440612793,389.04998779296875,252.90597534179688,625.3258666992188,681.9203491210938,85.34495544433594,70.54000091552734,86.66526794433594
2025-12-11,53.8259391784668,393.239990234375,255.87364196777344,623.3033447265625,683.5072021484375,85.22897338867188,69.25,87.04431915283203
2025-12-12,53.19823455810547,395.44000244140625,251.95315551757812,611.3867797851562,676.1581420898438,84.40751647949219,68.80999755859375,86.93740844726562
2025-12-15,53.04130935668945,395.79998779296875,250.04750061035156,608.3179931640625,675.1365966796875,84.46549987792969,67.88999938964844,87.20954895019531
2025-12-16,52.70604705810547,395.8900146484375,248.8644256591797,609.5235595703125,673.2918701171875,84.92939758300781,66.16999816894531,86.56808471679688
2025-12-17,52.32801055908203,399.2900085449219,246.2154541015625,598.2247924804688,665.8832397460938,84.8520736694336,67.9800033569336,86.88880920410156
2025-12-18,52.92491149902344,398.57000732421875,247.6793670654297,606.8931884765625,670.9114990234375,85.25798034667969,67.19000244140625,86.43201446533203
2025-12-19,53.442222595214844,399.0199890136719,249.750732421875,614.8042602539062,676.9923095703125,84.93976593017578,68.02999877929688,86.1015625
2025-12-22,53.73072052001953,408.2300109863281,252.52919006347656,617.7513427734375,681.2098388671875,84.75542449951172,69.7300033569336,86.54389953613281
2025-12-23,54.029170989990234,413.6400146484375,251.035400390625,620.6444702148438,684.3233032226562,84.89124298095703,70.30000305175781,86.48505401611328
2025-12-24,54.13859939575195,411.92999267578125,251.6627960205078,622.460205078125,686.7305297851562,85.40544128417969,70.19999694824219,87.05390930175781
2025-12-26,54.51663589477539,416.739990234375,250.37814331054688,622.4203491210938,686.660888671875,85.12409973144531,68.4800033569336,87.1519775390625
2025-12-29,54.37736129760742,398.6000061035156,248.8445281982422,619.4074096679688,684.2138671875,85.44425201416016,69.61000061035156,87.32852172851562
2025-12-30,54.596221923828125,398.8900146484375,247.00218200683594,617.9707641601562,683.3782958984375,85.24051666259766,69.73999786376953,87.50506591796875
2025-12-31,54.427101135253906,396.30999755859375,245.1399383544922,612.8628540039062,678.3152465820312,84.56138610839844,69.16000366210938,86.78909301757812
2026-01-02,55.94919204711914,398.2799987792969,247.7490692138672,611.6756591796875,679.55859375,84.43526458740234,68.95999908447266,86.81851196289062
2026-01-05,56.565982818603516,408.760009765625,251.68270874023438,616.5341796875,684.0845947265625,84.85244750976562,70.22000122070312,87.0146713256836
2026-01-06,56.98381042480469,413.17999267578125,255.01881408691406,621.951416015625,688.1529541015625,84.67779541015625,68.51000213623047,87.65218353271484
2026-01-07,56.556034088134766,409.2300109863281,254.4213104248047,622.550048828125,685.9347534179688,85.17259979248047,67.79000091552734,86.79889678955078
2026-01-08,56.575931549072266,411.489990234375,257.1997375488281,619.0083618164062,685.8651123046875,84.74571990966797,70.54000091552734,87.57372283935547
2026-01-09,56.84453582763672,414.4700012207031,259.1516418457031,625.173828125,690.4010009765625,85.30841827392578,70.77999877929688,87.75025177001953
2026-01-12,57.64039611816406,422.2300109863281,260.4163513183594,625.6925659179688,691.4852294921875,85.0561752319336,71.6500015258789,87.8679428100586
2026-01-13,57.21261978149414,421.6300048828125,260.2669982910156,624.7647705078125,690.1026000976562,85.20170593261719,73.4800033569336,88.35832977294922
2026-01-14,57.45138168334961,425.94000244140625,262.099365234375,618.0905151367188,686.7105712890625,85.6965103149414,72.61000061035156,89.12334442138672
2026-01-15,57.78962326049805,423.3299865722656,264.4097595214844,620.3153076171875,688.5806884765625,85.67709350585938,71.12999725341797,89.74124145507812
2026-01-16,57.57075881958008,421.2900085449219,264.6587219238281,619.7965087890625,688.0037231445312,85.18230438232422,71.6500015258789,90.83970642089844
2026-01-20,57.01365661621094,437.2300109863281,261.49188232421875,606.6276245117188,673.9981689453125,84.06659698486328,71.86000061035156,89.15277099609375
2026-01-21,57.958744049072266,443.6000061035156,266.6802978515625,614.8282470703125,681.77685546875,84.7069091796875,73.33999633789062,89.50585174560547
2026-01-22,58.39646911621094,451.7900085449219,268.6720275878906,619.2976684570312,685.3379516601562,85.07557678222656,71.81999969482422,88.6231460571289
2026-01-23,58.764556884765625,458.0,263.712646484375,621.2530517578125,685.5865478515625,85.30841827392578,73.94999694824219,88.79969024658203
2026-01-26,58.864036560058594,464.70001220703125,262.8861083984375,623.9866333007812,689.068115234375,85.71590423583984,73.4800033569336,88.68199920654297
2026-01-27,60.02798843383789,476.1000061035156,263.63299560546875,629.6432495117188,691.8134765625,85.18230438232422,75.66000366210938,88.65257263183594
2026-01-28,60.43586730957031,494.55999755859375,262.2088928222656,631.728271484375,691.7438354492188,84.98826599121094,76.62000274658203,87.74044799804688
2026-01-29,60.127471923828125,495.8999938964844,262.27862548828125,627.9472045898438,690.3711547851562,85.00768280029297,79.13999938964844,88.96641540527344
2026-01-30,58.79439926147461,444.95001220703125,258.57403564453125,620.405029296875,688.3121337890625,84.53227996826172,79.5199966430664,89.05469512939453
2026-02-02,58.97346878051758,427.1300048828125,261.0935363769531,624.6650390625,691.73388671875,84.29075622558594,75.33000183105469,88.13275909423828
2026-02-03,59.291812896728516,454.2900085449219,261.6910705566406,615.0676879882812,685.885009765625,84.49526977539062,77.47000122070312,87.93660736083984
2026-02-04,58.49595260620117,453.9700012207031,259.4404296875,604.322998046875,682.5626831054688,84.28101348876953,77.87999725341797,89.2018051147461
2026-02-05,58.22734832763672,441.8800048828125,254.76986694335938,595.6235961914062,674.0379638671875,85.19648742675781,76.69000244140625,89.07430267333984
2026-02-06,59.75938415527344,455.4599914550781,263.9217834472656,608.2138671875,686.96923828125,85.2549057006836,76.98999786376953,90.47682189941406
2026-02-09,60.19710922241211,467.0299987792969,265.7740783691406,612.8728637695312,690.2816162109375,85.23542785644531,78.0199966430664,90.85932159423828
2026-02-10,60.286643981933594,462.3999938964844,265.0570373535156,610.029541015625,688.4613037109375,86.21906280517578,78.02999877929688,92.07548522949219
2026-02-11,61.24168014526367,467.6300048828125,263.8520812988281,611.6657104492188,688.3021850585938,85.76133728027344,78.88999938964844,91.56548309326172
2026-02-12,60.5452995300293,451.3900146484375,258.4645080566406,599.22509765625,677.668701171875,86.90078735351562,76.37999725341797,91.45760345458984
2026-02-13,60.803955078125,462.6199951171875,261.8703308105469,600.5020141601562,678.1461181640625,87.37801361083984,76.22000122070312,92.77183532714844
2026-02-17,60.55524826049805,448.20001220703125,261.95001220703125,599.8834838867188,679.2402954101562,87.52410125732422,75.7300033569336,93.654541015625
2026-02-18,60.873592376708984,458.2799987792969,262.89605712890625,604.3629760742188,682.662109375,87.19296264648438,79.4000015258789,92.55607604980469
2026-02-19,60.724369049072266,459.55999755859375,263.5035095214844,602.04833984375,680.8616943359375,87.2806167602539,81.19000244140625,92.35990905761719
2026-02-20,62.01764678955078,468.6199951171875,263.51348876953125,607.3757934570312,685.7855834960938,87.07609558105469,80.8499984741211,93.05626678466797
2026-02-23,61.331214904785156,481.2799987792969,259.4105224609375,599.9932250976562,678.7827758789062,87.3974838256836,80.9000015258789,93.06607818603516
2026-02-24,62.296199798583984,474.6099853515625,262.23876953125,606.4380493164062,683.7164916992188,87.55331420898438,80.76000213623047,93.30146026611328
2026-02-25,62.98263168334961,473.4200134277344,263.48358154296875,615.227294921875,689.4859008789062,87.56305694580078,79.7300033569336,93.04646301269531
2026-02-26,62.38573455810547,477.4800109863281,264.88775634765625,607.8048095703125,685.6561889648438,87.91365051269531,79.7699966430664,93.6839599609375
2026-02-27,62.25640869140625,483.75,260.3267517089844,605.8594360351562,682.3637084960938,88.44928741455078,81.94999694824219,93.8507080078125
2026-03-02,61.18199157714844,490.0,262.716796875,606.6575317382812,682.7516479492188,87.56108093261719,87.19000244140625,94.08609008789062
2026-03-03,58.117916107177734,468.1400146484375,258.16571044921875,600.162841796875,676.7337036132812,87.38519287109375,90.19999694824219,93.58589172363281
2026-03-04,58.744659423828125,471.79998779296875,260.67529296875,609.3112182617188,681.50830078125,87.1115951538086,91.55999755859375,93.70358276367188
2026-03-05,57.33200454711914,466.1300048828125,255.69601440429688,607.4755859375,677.7084350585938,86.75982666015625,96.30999755859375,92.76203918457031
2026-03-06,57.02360534667969,473.510009765625,249.850341796875,598.337158203125,668.8256225585938,86.43737030029297,108.7699966430664,91.7518310546875
2026-03-09,58.147762298583984,472.5299987792969,252.5690155029297,606.3283081054688,674.6845092773438,87.18975830078125,104.33000183105469,91.95780181884766
2026-03-10,58.37657165527344,477.8599853515625,252.31008911132812,606.3383178710938,673.6002807617188,86.26148223876953,105.86000061035156,91.82048797607422
2026-03-11,58.52579879760742,476.239990234375,251.80223083496094,606.2584228515625,672.7548217773438,85.14755249023438,108.05000305175781,90.86913299560547
2026-03-12,56.655517578125,466.8800048828125,246.384765625,595.85302734375,662.5390625,84.98143005371094,118.38999938964844,90.24143981933594
2026-03-13,56.50629425048828,460.8399963378906,245.56814575195312,592.3213500976562,658.7890014648438,84.56127166748047,119.88999938964844,90.38855743408203
2026-03-16,58.078125,460.42999267578125,247.8885040283203,598.9656982421875,665.493408203125,85.21595764160156,115.02999877929688,91.14374542236328
2026-03-17,58.44620895385742,459.2699890136719,249.45677185058594,601.8887939453125,667.2440185546875,85.4504623413086,118.83999633789062,91.54586791992188
2026-03-18,57.262367248535156,444.739990234375,245.43634033203125,593.4986572265625,657.9335327148438,84.97166442871094,121.66999816894531,90.19239044189453
2026-03-19,57.322052001953125,426.4100036621094,247.04251098632812,591.623046875,656.3121337890625,85.48954010009766,117.36000061035156,89.82950592041016
2026-03-20,55.352291107177734,413.3800048828125,241.64535522460938,580.6888427734375,646.9034423828125,83.86750030517578,121.43000030517578,87.04409790039062
2026-03-23,57.01365661621094,404.0400085449219,246.86293029785156,587.3545532226562,653.6959228515625,84.41470336914062,110.55999755859375,87.72083282470703
2026-03-24,56.22774124145508,404.1300048828125,248.18978881835938,583.3389282226562,651.5015869140625,84.04339599609375,114.54000091552734,87.14193725585938
2026-03-25,57.123085021972656,416.2900085449219,251.2225799560547,587.1747436523438,655.1322021484375,84.85440826416016,113.38999938964844,87.07254028320312
2026-03-26,55.18317413330078,400.6400146484375,246.85296630859375,573.1600952148438,643.432373046875,84.14110565185547,117.26000213623047,86.95359802246094
2026-03-27,54.91456985473633,414.70001220703125,242.5232696533203,561.9624633789062,632.4606323242188,83.68184661865234,124.19999694824219,86.23988342285156
2026-03-30,54.466896057128906,414.5799865722656,239.04153442382812,557.6671752929688,630.3460693359375,84.79579162597656,129.8300018310547,86.56700134277344
2026-03-31,56.49634552001953,430.2900085449219,247.41163635253906,576.54638671875,648.6688842773438,84.70784759521484,127.25,87.9250259399414
2026-04-01,56.9340705871582,437.82000732421875,248.96792602539062,583.6685791015625,653.5562744140625,84.62445831298828,124.08999633789062,88.24223327636719
2026-04-02,56.29737854003906,429.4100036621094,250.69381713867188,584.3378295898438,654.144775390625,85.1444091796875,137.9199981689453,89.44166564941406
2026-04-06,56.814693450927734,427.6499938964844,251.76129150390625,587.85400390625,657.23681640625,85.0070571899414,138.94000244140625,89.57052612304688
2026-04-07,57.01365661621094,431.80999755859375,252.3099822998047,587.9439086914062,657.5260009765625,84.99724578857422,138.0800018310547,89.69938659667969
2026-04-08,60.127471923828125,434.5299987792969,259.85205078125,605.4246826171875,674.27294921875,85.27193450927734,124.58000183105469,91.31515502929688
2026-04-09,59.968299865722656,437.9100036621094,261.3385009765625,609.5202026367188,678.162841796875,85.05610656738281,126.95999908447266,91.9693832397461
2026-04-10,60.24685287475586,437.1300048828125,260.6800537109375,610.3992309570312,677.7140502929688,84.85008239746094,124.81999969482422,92.16764068603516
2026-04-13,60.754215240478516,435.3599853515625,264.4411315917969,616.7122802734375,684.3369750976562,85.10516357421875,128.47000122070312,92.51457977294922
2026-04-14,61.91816711425781,445.0899963378906,268.0824890136719,627.909912109375,692.675537109375,85.55644226074219,123.8499984741211,93.39680480957031
2026-04-15,61.87837219238281,440.4599914550781,268.75091552734375,636.7003173828125,698.1414184570312,85.18365478515625,122.58999633789062,93.46619415283203
2026-04-16,62.127079010009766,440.0799865722656,269.3095703125,639.7669067382812,699.8569946289062,84.64407348632812,125.83999633789062,94.3285903930664
2026-04-17,63.3109245300293,445.92999267578125,275.125732421875,648.1376953125,708.3152465820312,85.41909790039062,116.04000091552734,95.83531188964844
2026-04-20,62.85330581665039,442.0899963378906,276.6920166015625,646.0799560546875,706.8988037109375,85.39946746826172,121.31999969482422,96.1822509765625
2026-04-21,61.9281120300293,429.57000732421875,273.8587646484375,643.6226806640625,702.2708129882812,84.92857360839844,128.25,94.47727966308594
2026-04-22,63.052268981933594,435.260009765625,275.8240661621094,654.390869140625,709.3825073242188,85.09535217285156,129.39999389648438,93.69417572021484
2026-04-23,62.02759552001953,431.0400085449219,274.8663330078125,650.7048950195312,706.6295776367188,84.9089584350586,134.72000122070312,94.65570831298828
2026-04-24,63.41040802001953,433.25,275.99365234375,663.1512451171875,712.10546875,85.06591796875,132.39999389648438,94.46736907958984
2026-04-27,63.3109245300293,429.8900146484375,276.4825134277344,663.5008544921875,713.332275390625,84.64407348632812,134.72000122070312,93.95191192626953
2026-04-28,62.66428756713867,421.9100036621094,273.2601623535156,656.8281860351562,709.8612060546875,84.73236846923828,139.60000610351562,94.8143081665039
2026-04-29,62.36583709716797,417.4100036621094,271.4344787597656,660.84375,709.7515258789062,84.07506561279297,150.6300048828125,94.07086181640625
2026-04-30,63.65911865234375,423.6600036621094,277.310546875,667.0069580078125,716.8132934570312,83.99658966064453,147.08999633789062,95.48837280273438
2026-05-01,63.79838943481445,423.17999267578125,278.617431640625,673.4099731445312,718.7982177734375,84.29690551757812,142.8000030517578,95.2207260131836
2026-05-04,63.7685432434082,414.7099914550781,277.22076416015625,672.141357421875,716.1649780273438,83.65687561035156,147.61000061035156,94.62596893310547
2026-05-05,65.06182861328125,418.2699890136719,281.8896484375,680.8617553710938,721.9102172851562,84.11967468261719,144.1699981689453,94.92334747314453
2026-05-06,67.1410140991211,430.9599914550781,286.11956787109375,695.0062255859375,731.9443359375,84.75970458984375,133.9499969482422,96.2417221069336
2026-05-07,66.24566650390625,431.67999267578125,281.5903625488281,694.1771240234375,729.7001342773438,84.33629608154297,134.97000122070312,95.54784393310547
2026-05-08,67.58869171142578,433.7699890136719,283.495849609375,710.44921875,735.724609375,84.75970458984375,133.58999633789062,95.77583312988281
2026-05-11,67.53894805908203,434.6499938964844,284.6530456542969,712.5069580078125,737.4002685546875,84.24767303466797,138.66000366210938,95.84522247314453
2026-05-12,65.47965240478516,432.92999267578125,281.8996276855469,706.463623046875,736.2831420898438,83.68641662597656,144.3000030517578,95.84522247314453
2026-05-13,66.86246490478516,430.5,281.9993896484375,713.9254760742188,740.4025268554688,83.49932861328125,142.0399932861328,95.05220794677734
2026-05-14,67.03158569335938,427.2099914550781,283.7751770019531,718.9998168945312,746.2474975585938,83.61749267578125,143.0,94.48719024658203
2026-05-15,64.73352813720703,417.2900085449219,276.94140625,708.1517944335938,737.2706298828125,82.37682342529297,148.22999572753906,93.08951568603516
2026-05-18,64.63404846191406,418.42999267578125,275.3152770996094,705.1051025390625,736.751953125,82.2783432006836,149.2899932861328,94.17990112304688
2026-05-19,63.9277229309082,411.5,272.3523254394531,700.7599487304688,731.8446044921875,81.74663543701172,152.9600067138672,94.44754028320312
2026-05-20,65.12151336669922,417.3999938964844,279.2060241699219,712.3671875,739.3452758789062,82.62297821044922,144.27000427246094,95.64696502685547
2026-05-21,65.68856811523438,416.989990234375,281.8197937011719,713.7256469726562,740.8114624023438,82.92823028564453,142.5399932861328,95.82539367675781
2026-05-22,65.53933715820312,413.82000732421875,284.4435729980469,716.7523193359375,743.7239990234375,83.38117218017578,140.9199981689453,95.92452239990234
2026-05-26,68.04631042480469,414.0,289.82080078125,729.4783935546875,748.6613159179688,83.79472351074219,137.0,96.37059020996094
2026-05-27,68.03636169433594,408.489990234375,289.6811218261719,728.6492919921875,748.5316162109375,83.99166870117188,131.02999877929688,96.07321166992188
2026-05-28,68.2552261352539,412.7699890136719,291.3371887207031,734.79248046875,752.6609497070312,84.42491149902344,130.77999877929688,95.70645141601562
2026-05-29,68.24527740478516,417.1199951171875,289.740966796875,737.49951171875,754.5361328125,84.44461059570312,129.08999633789062,94.8638687133789
2026-06-01,69.7176284790039,411.260009765625,288.29443359375,741.9246826171875,756.5908203125,84.4900894165039,135.5,93.26793670654297
2026-06-02,70.43390655517578,411.95001220703125,290.9680480957031,745.3408813476562,757.6182250976562,84.66801452636719,137.27000427246094,93.69417572021484
2026-06-03,69.5584487915039,407.8699951171875,286.9875183105469,743.39306640625,752.3018798828125,84.33191680908203,140.86000061035156,93.58514404296875
2026-06-04,68.74269104003906,411.2699890136719,291.3172302246094,739.7969970703125,755.1445922851562,84.51973724365234,136.74000549316406,95.2603759765625
2026-06-05,64.25601196289062,396.239990234375,280.9817810058594,704.2860107421875,735.65478515625,84.08477783203125,133.02000427246094,95.94435119628906
2026-06-08,65.4100112915039,397.2699890136719,283.4359436035156,715.283935546875,737.3204345703125,83.64982604980469,135.14999389648438,94.63587951660156
2026-06-09,65.47965240478516,390.7799987792969,284.3437805175781,707.052978515625,735.1560668945312,84.14409637451172,131.3000030517578,96.81665802001953
2026-06-10,64.32565307617188,374.5799865722656,281.3808288574219,692.9285278320312,723.56591796875,83.90684509277344,134.3000030517578,96.82657623291016
2026-06-11,67.15096282958984,386.32000732421875,289.72100830078125,716.332763671875,735.8642578125,84.9942398071289,128.8300018310547,96.75718688964844
2026-06-12,67.52899932861328,386.5400085449219,292.2550048828125,720.5481567382812,739.843994140625,84.78663635253906,125.43000030517578,97.64932250976562
2026-06-15,69.75,396.54998779296875,294.6400146484375,743.1832885742188,752.890380859375,84.73721313476562,121.20999908447266,96.96534729003906
2026-06-16,68.63999938964844,397.6300048828125,292.0799865722656,729.0587768554688,748.4019775390625,85.20182800292969,115.47000122070312,97.2032470703125
2026-06-17,68.55999755859375,388.6000061035156,289.8800048828125,721.7168579101562,739.0560302734375,85.34022521972656,114.2300033569336,94.774658203125
2026-06-18,70.79000091552734,387.1199951171875,295.5899963378906,739.8070068359375,746.739990234375,85.75540924072266,114.87000274658203,94.72509002685547
2026-06-22,71.20999908447266,384.5899963378906,298.17999267578125,737.9500122070312,744.3900146484375,85.10297393798828,112.69000244140625,95.74609375
2026-06-23,67.16999816894531,377.32000732421875,295.32000732421875,713.6500244140625,733.5800170898438,85.21170806884766,111.26000213623047,97.00499725341797
2026-06-24,67.25,365.9200134277344,296.69000244140625,710.6199951171875,733.239990234375,86.37818145751953,106.29000091552734,97.01000213623047
2026-06-25,67.95999908447266,369.4599914550781,298.9100036621094,716.3800048828125,734.2999877929688,86.34852600097656,109.30999755859375,97.19000244140625
2026-06-26,67.19000244140625,373.6300048828125,299.8299865722656,706.52001953125,728.989990234375,86.35841369628906,105.4800033569336,98.66999816894531
2026-06-29,67.43000030517578,368.5799865722656,298.9700012207031,724.0800170898438,741.0,86.44738006591797,107.08000183105469,98.1500015258789
2026-06-30,68.41000366210938,368.3800048828125,300.45001220703125,736.4000244140625,746.77001953125,85.42918395996094,106.44000244140625,96.43000030517578
2026-07-01,66.4800033569336,370.6000061035156,299.32000732421875,725.1699829101562,745.760009765625,84.85173797607422,103.2699966430664,96.81999969482422
2026-07-02,65.69999694824219,378.1300048828125,297.5799865722656,712.5999755859375,744.780029296875,84.8418197631836,103.9800033569336,98.0199966430664
2026-07-06,67.56999969482422,382.1300048828125,298.8999938964844,722.8200073242188,751.280029296875,84.78227996826172,104.3499984741211,97.23999786376953
2026-07-07,65.72000122070312,377.489990234375,296.19000244140625,709.4299926757812,747.7100219726562,83.88932037353516,108.91999816894531,98.4000015258789
2026-07-08,66.2300033569336,374.45001220703125,293.4800109863281,711.4400024414062,745.4000244140625,83.7008056640625,112.20999908447266,96.80000305175781
2026-07-09,66.77999877929688,378.17999267578125,297.239990234375,723.280029296875,751.7100219726562,83.82978057861328,109.01000213623047,97.08999633789062
2026-07-10,66.9000015258789,377.010009765625,295.989990234375,725.510009765625,754.9500122070312,83.80994415283203,108.69999694824219,97.31999969482422
2026-07-13,64.5,367.1300048828125,293.4800109863281,711.739990234375,749.1699829101562,83.31385040283203,117.79000091552734,97.83000183105469
2026-07-14,65.66999816894531,372.1499938964844,294.510009765625,719.6900024414062,751.8300170898438,83.4229965209961,120.16999816894531,97.56999969482422
2026-07-15,65.56999969482422,372.3500061035156,295.7699890136719,717.739990234375,754.8099975585938,83.58174133300781,121.37999725341797,97.86000061035156
2026-07-16,64.19000244140625,364.9599914550781,295.5899963378906,705.9400024414062,750.719970703125,83.55197143554688,119.30000305175781,100.06999969482422
2026-07-17,63.290000915527344,368.4100036621094,294.0400085449219,695.3300170898438,743.2899780273438,83.85954284667969,123.95999908447266,100.0199966430664
2026-07-20,63.560001373291016,367.6000061035156,292.30999755859375,696.0599975585938,742.0900268554688,83.2344741821289,125.51000213623047,99.4800033569336
2026-07-21,65.33999633789062,374.80999755859375,296.5400085449219,708.969970703125,748.280029296875,83.00627899169922,128.85000610351562,99.5199966430664
2026-07-22,64.98999786376953,379.1199951171875,293.7900085449219,705.3499755859375,747.4099731445312,82.7879867553711,131.67999267578125,99.0199966430664
2026-07-23,64.5999984741211,371.5199890136719,292.0899963378906,691.9600219726562,738.1799926757812,82.52009582519531,139.49000549316406,98.69000244140625
2026-07-24,63.33000183105469,371.8999938964844,291.1700134277344,684.22998046875,738.9299926757812,82.59947204589844,136.69000244140625,100.80999755859375
2026-07-27,63.619998931884766,374.6300048828125,292.9100036621094,682.1199951171875,739.0900268554688,83.09556579589844,124.76000213623047,100.54000091552734
2026-07-28,62.36000061035156,369.3699951171875,293.3699951171875,675.489990234375,740.8599853515625,83.58174133300781,120.48999786376953,100.94999694824219
2026-07-29,61.06999969482422,371.0799865722656,288.57000732421875,661.72998046875,729.4600219726562,82.20259857177734,129.30999755859375,100.66000366210938
2026-07-30,63.59000015258789,377.1600036621094,292.5899963378906,683.5499877929688,741.6900024414062,82.15299224853516,127.4800033569336,99.48999786376953
2026-07-31,64.08999633789062,371.5400085449219,291.20001220703125,687.989990234375,747.030029296875,81.60728454589844,129.1699981689453,98.94999694824219
2026-08-03,64.31999969482422,371.7099914550781,296.2200012207031,700.0700073242188,757.6699829101562,81.87625885009766,122.12000274658203,99.06999969482422
2026-08-04,66.0,374.1600036621094,301.7099914550781,723.8499755859375,771.3300170898438,82.50385284423828,115.77999877929688,98.91999816894531
2026-08-05,65.72000122070312,389.6400146484375,299.7699890136719,717.2999877929688,769.7899780273438,82.68316650390625,114.87999725341797,98.91999816894531
2026-08-06,65.0199966430664,389.6700134277344,298.25,714.6500244140625,768.5599975585938,82.20499420166016,118.87000274658203,98.04000091552734
2026-08-07,65.63999938964844,398.4700012207031,301.55999755859375,723.030029296875,773.260009765625,82.44408416748047,117.9800033569336,98.43000030517578
2026-08-10,65.16999816894531,402.5400085449219,299.9800109863281,720.8699951171875,773.030029296875,81.74674987792969,125.91999816894531,97.11000061035156
2026-08-11,65.43000030517578,400.9599914550781,300.989990234375,718.4500122070312,770.5599975585938,81.87625885009766,127.61000061035156,96.37999725341797
2026-08-12,66.45999908447266,404.9200134277344,302.7099914550781,723.7000122070312,772.489990234375,81.79656219482422,127.30000305175781,97.30999755859375
2026-08-13,66.68000030517578,398.9599914550781,303.5,732.0700073242188,777.8800048828125,82.27472686767578,125.02999877929688,98.58000183105469
2026-08-14,66.61000061035156,401.4800109863281,305.0899963378906,731.0700073242188,776.3400268554688,81.7268295288086,126.5999984741211,98.83000183105469
2026-08-17,67.31999969482422,405.489990234375,304.05999755859375,729.8699951171875,772.6699829101562,81.03946685791016,130.2899932861328,97.9800033569336
2026-08-18,65.33999633789062,398.54998779296875,300.2300109863281,717.510009765625,767.4500122070312,81.3482894897461,130.66000366210938,97.62000274658203
2026-08-19,66.11000061035156,413.8399963378906,301.7200012207031,716.0800170898438,769.0599975585938,82.70308685302734,130.91000366210938,98.61000061035156
2026-08-20,66.62000274658203,415.260009765625,297.6700134277344,710.9299926757812,762.5999755859375,82.02568054199219,134.5399932861328,98.5999984741211
2026-08-21,67.12000274658203,423.3599853515625,299.9599914550781,713.4400024414062,765.719970703125,81.7367935180664,134.63999938964844,98.5
2026-08-24,66.11000061035156,426.69000244140625,297.9700012207031,706.3200073242188,763.469970703125,82.24484252929688,132.2100067138672,99.0999984741211
2026-08-25,67.25,428.07000732421875,299.2300109863281,710.719970703125,765.9099731445312,83.15137481689453,126.1500015258789,99.25
2026-08-26,67.16999816894531,421.32000732421875,298.92999267578125,711.3699951171875,766.0800170898438,82.98202514648438,127.3499984741211,98.61000061035156
2026-08-27,67.61000061035156,422.6000061035156,299.80999755859375,721.1099853515625,771.0999755859375,82.81266784667969,130.00999450683594,97.6500015258789
2026-08-28,67.13999938964844,408.8900146484375,295.75,716.4299926757812,769.3499755859375,82.5636215209961,129.6999969482422,97.23999786376953
2026-08-31,67.0199966430664,408.4200134277344,293.92999267578125,716.760009765625,767.0499877929688,82.20499420166016,133.6999969482422,96.44000244140625
